player_id,player_code,gameweek,fixture_id,name,web_name,position_id,selected_by_percent,value,team_id,opponent_id,h_a,kickoff_time,team_score,opponent_score,minutes,goals_scored,assists,clean_sheets,goals_conceded,yellow_cards,red_cards,bonus,bps,total_points,xG,xA,xGI,xGC,DefCon,ict_index,influence,creativity,threat,in_dreamteam,status,news,corners_indirect_freekicks_order,direct_freekicks_order,penalties_order,season
1,154561,21,201,David Raya Martín,Raya,1,34.4,6.0,1,12,Home,2026-01-08T20:00:00Z,0,0,90,0,0,1,0,0,0,0,19,6,0.0,0.0,0.0,0.36,0,0.4,4.4,0.0,0.0,False,a,,,,,2526
2,109745,21,201,Kepa Arrizabalaga Revuelta,Arrizabalaga,1,0.4,4.1,1,12,Home,2026-01-08T20:00:00Z,0,0,0,0,0,0,0,0,0,0,0,0,0.0,0.0,0.0,0.0,0,0.0,0.0,0.0,0.0,False,a,,,,,2526
3,463748,21,201,Karl Hein,Hein,1,0.2,4.0,1,12,Home,2026-01-08T20:00:00Z,0,0,0,0,0,0,0,0,0,0,0,0,0.0,0.0,0.0,0.0,0,0.0,0.0,0.0,0.0,False,u,Has joined Werder Bremen on loan for the rest of the season.,,,,2526
4,551221,21,201,Tommy Setford,Setford,1,0.2,3.9,1,12,Home,2026-01-08T20:00:00Z,0,0,0,0,0,0,0,0,0,0,0,0,0.0,0.0,0.0,0.0,0,0.0,0.0,0.0,0.0,False,a,,,,,2526
5,226597,21,201,Gabriel dos Santos Magalhães,Gabriel,2,42.7,7.1,1,12,Home,2026-01-08T20:00:00Z,0,0,90,0,0,1,0,0,0,0,25,6,0.14,0.05,0.19,0.36,6,4.1,21.8,7.3,12.0,False,a,,,,,2526
6,462424,21,201,William Saliba,Saliba,2,13.7,6.1,1,12,Home,2026-01-08T20:00:00Z,0,0,90,0,0,1,0,0,0,1,28,7,0.0,0.15,0.15,0.36,5,3.3,13.8,19.3,0.0,False,a,,,,,2526
7,466075,21,201,Riccardo Calafiori,Calafiori,2,6.3,5.6,1,12,Home,2026-01-08T20:00:00Z,0,0,0,0,0,0,0,0,0,0,0,0,0.0,0.0,0.0,0.0,0,0.0,0.0,0.0,0.0,False,a,,,,,2526
8,445122,21,201,Jurriën Timber,J.Timber,2,28.7,6.4,1,12,Home,2026-01-08T20:00:00Z,0,0,90,0,0,1,0,0,0,0,24,6,0.0,0.02,0.02,0.36,5,2.3,11.0,3.7,8.0,False,a,,,,,2526
9,440854,21,201,Jakub Kiwior,Kiwior,2,0.0,5.4,1,12,Home,2026-01-08T20:00:00Z,0,0,0,0,0,0,0,0,0,0,0,0,0.0,0.0,0.0,0.0,0,0.0,0.0,0.0,0.0,False,u,has joined Porto on loan for the rest of the season.,,,,2526
10,499169,21,201,Myles Lewis-Skelly,Lewis-Skelly,2,1.4,5.1,1,12,Home,2026-01-08T20:00:00Z,0,0,33,0,0,0,0,0,0,0,5,1,0.0,0.0,0.0,0.22,1,1.4,4.2,10.1,0.0,False,a,,,,,2526
11,198869,21,201,Benjamin White,White,2,0.5,5.1,1,12,Home,2026-01-08T20:00:00Z,0,0,0,0,0,0,0,0,0,0,0,0,0.0,0.0,0.0,0.0,0,0.0,0.0,0.0,0.0,False,d,Knock - 75% chance of playing,,,,2526
12,206325,21,210,Oleksandr Zinchenko,Zinchenko,2,0.2,4.9,16,19,Away,2026-01-06T20:00:00Z,2,1,0,0,0,0,0,0,0,0,0,0,0.0,0.0,0.0,0.0,0,0.0,0.0,0.0,0.0,False,u,has joined Ajax permanently.,,,,2526
13,563324,21,201,Brayden Clarke,Clarke,2,0.4,3.8,1,12,Home,2026-01-08T20:00:00Z,0,0,0,0,0,0,0,0,0,0,0,0,0.0,0.0,0.0,0.0,0,0.0,0.0,0.0,0.0,False,a,,,,,2526
14,588793,21,201,Maldini Kacurri,Kacurri,2,0.1,3.9,1,12,Home,2026-01-08T20:00:00Z,0,0,0,0,0,0,0,0,0,0,0,0,0.0,0.0,0.0,0.0,0,0.0,0.0,0.0,0.0,False,u,has joined Morecambe on loan for the rest of the season.,,,,2526
15,499167,21,201,Josh Nichols,Nichols,2,0.2,3.7,1,12,Home,2026-01-08T20:00:00Z,0,0,0,0,0,0,0,0,0,0,0,0,0.0,0.0,0.0,0.0,0,0.0,0.0,0.0,0.0,False,a,,,,,2526
16,223340,21,201,Bukayo Saka,Saka,3,7.6,9.8,1,12,Home,2026-01-08T20:00:00Z,0,0,77,0,0,1,0,0,0,0,6,3,0.13,0.02,0.15,0.3,1,2.7,4.8,3.8,18.0,False,d,Knock - 75% chance of playing,2.0,2.0,1.0,2526
17,184029,21,201,Martin Ødegaard,Ødegaard,3,1.6,7.8,1,12,Home,2026-01-08T20:00:00Z,0,0,77,0,0,1,0,0,0,0,12,3,0.0,0.04,0.04,0.3,2,2.3,4.2,14.7,4.0,False,a,,4.0,,3.0,2526
18,248857,21,201,Noni Madueke,Madueke,3,1.3,6.8,1,12,Home,2026-01-08T20:00:00Z,0,0,12,0,0,0,0,0,0,0,6,1,0.0,0.06,0.06,0.06,0,2.1,2.0,14.5,4.0,False,a,,3.0,,,2526
19,444145,21,201,Gabriel Martinelli Silva,Martinelli,3,1.0,6.8,1,12,Home,2026-01-08T20:00:00Z,0,0,26,0,0,0,0,1,0,0,3,0,0.02,0.01,0.03,0.15,0,2.2,4.2,0.6,17.0,False,a,,,,,2526
20,116216,21,201,Leandro Trossard,Trossard,3,1.1,6.7,1,12,Home,2026-01-08T20:00:00Z,0,0,63,0,0,1,0,1,0,0,7,2,0.09,0.05,0.14,0.21,5,1.3,2.4,1.7,9.0,False,a,,,,4.0,2526
21,204480,21,201,Declan Rice,Rice,3,33.8,7.6,1,12,Home,2026-01-08T20:00:00Z,0,0,90,0,0,1,0,0,0,0,20,3,0.07,0.15,0.22,0.36,9,5.4,18.2,28.8,7.0,False,a,,1.0,1.0,,2526
22,195384,21,201,Mikel Merino Zazón,Merino,3,0.9,5.4,1,12,Home,2026-01-08T20:00:00Z,0,0,0,0,0,0,0,0,0,0,0,0,0.0,0.0,0.0,0.0,0,0.0,0.0,0.0,0.0,False,i,Foot injury - Unknown return date,,,,2526
23,438098,21,201,Fábio Ferreira Vieira,Fábio Vieira,3,0.0,5.4,1,12,Home,2026-01-08T20:00:00Z,0,0,0,0,0,0,0,0,0,0,0,0,0.0,0.0,0.0,0.0,0,0.0,0.0,0.0,0.0,False,u,has joined Hamburger on loan for the rest of the season.,,,,2526
24,128295,21,201,Christian Nørgaard,Nørgaard,3,0.1,5.1,1,12,Home,2026-01-08T20:00:00Z,0,0,0,0,0,0,0,0,0,0,0,0,0.0,0.0,0.0,0.0,0,0.0,0.0,0.0,0.0,False,a,,,,,2526
25,499175,21,201,Ethan Nwaneri,Nwaneri,3,0.1,5.0,1,12,Home,2026-01-08T20:00:00Z,0,0,0,0,0,0,0,0,0,0,0,0,0.0,0.0,0.0,0.0,0,0.0,0.0,0.0,0.0,False,u,has joined Marseille on loan for the rest of the season.,,,,2526
26,481655,21,201,Martín Zubimendi Ibáñez,Zubimendi,3,5.3,5.3,1,12,Home,2026-01-08T20:00:00Z,0,0,90,0,0,1,0,0,0,0,16,5,0.0,0.11,0.11,0.36,12,2.4,17.8,3.8,2.0,False,a,,,,,2526
27,200641,21,203,Reiss Nelson,Nelson,3,0.1,4.8,5,17,Home,2026-01-07T19:30:00Z,3,0,8,0,0,0,0,0,0,0,0,1,0.44,0.02,0.46,0.1,3,0.3,0.0,0.5,4.0,False,a,,,,,2526
28,588796,21,201,Ismeal Kabia,Kabia,3,0.1,4.5,1,12,Home,2026-01-08T20:00:00Z,0,0,0,0,0,0,0,0,0,0,0,0,0.0,0.0,0.0,0.0,0,0.0,0.0,0.0,0.0,False,u,has joined Shrewsbury Town on loan for the rest of the season.,,,,2526
29,437742,21,201,Albert Sambi Lokonga,Sambi,3,0.0,4.5,1,12,Home,2026-01-08T20:00:00Z,0,0,0,0,0,0,0,0,0,0,0,0,0.0,0.0,0.0,0.0,0,0.0,0.0,0.0,0.0,False,u,has joined Hamburger permanently.,,,,2526
30,219847,21,201,Kai Havertz,Havertz,4,0.6,7.3,1,12,Home,2026-01-08T20:00:00Z,0,0,0,0,0,0,0,0,0,0,0,0,0.0,0.0,0.0,0.0,0,0.0,0.0,0.0,0.0,False,d,Muscle injury - 75% chance of playing,,,,2526
31,205651,21,201,Gabriel Fernando de Jesus,G.Jesus,4,0.5,6.4,1,12,Home,2026-01-08T20:00:00Z,0,0,26,0,0,0,0,0,0,0,4,1,0.13,0.0,0.13,0.15,0,2.3,2.0,0.3,21.0,False,a,,,,,2526
32,98980,21,205,Emiliano Martínez Romero,Martinez,1,4.8,5.1,2,8,Away,2026-01-07T19:30:00Z,0,0,45,0,0,0,0,0,0,0,13,1,0.0,0.0,0.0,0.31,0,1.2,12.0,0.0,0.0,False,a,,,,,2526
33,72147,21,205,Marco Bizot,M.Bizot,1,0.4,4.2,2,8,Away,2026-01-07T19:30:00Z,0,0,45,0,0,0,0,0,0,0,17,2,0.0,0.0,0.0,1.19,0,3.5,35.2,0.0,0.0,False,a,,,,,2526
34,462492,21,205,Joe Gauci,Gauci,1,0.1,4.0,2,8,Away,2026-01-07T19:30:00Z,0,0,0,0,0,0,0,0,0,0,0,0,0.0,0.0,0.0,0.0,0,0.0,0.0,0.0,0.0,False,u,Has joined Port Vale on loan for the rest of the season.,,,,2526
35,462381,21,205,Filip Marschall,Marschall,1,0.0,4.0,2,8,Away,2026-01-07T19:30:00Z,0,0,0,0,0,0,0,0,0,0,0,0,0.0,0.0,0.0,0.0,0,0.0,0.0,0.0,0.0,False,u,Has joined Stevenage permanently.,,,,2526
36,199796,21,205,Matty Cash,Cash,2,11.1,4.9,2,8,Away,2026-01-07T19:30:00Z,0,0,90,0,0,1,0,0,0,0,29,6,0.04,0.19,0.23,1.5,8,6.0,25.0,30.5,4.0,False,a,,5.0,,,2526
37,101188,21,205,Lucas Digne,Digne,2,1.5,4.5,2,8,Away,2026-01-07T19:30:00Z,0,0,72,0,0,1,0,0,0,3,33,9,0.03,0.15,0.18,1.5,6,4.3,21.2,17.8,4.0,True,a,,,2.0,,2526
38,199798,21,205,Ezri Konsa Ngoyo,Konsa,2,8.2,4.4,2,8,Away,2026-01-07T19:30:00Z,0,0,90,0,0,1,0,0,0,1,30,7,0.05,0.01,0.06,1.5,8,2.9,18.2,0.6,10.0,False,a,,,,,2526
39,441302,21,205,Ian Maatsen,Maatsen,2,0.6,4.2,2,8,Away,2026-01-07T19:30:00Z,0,0,17,0,0,0,0,0,0,0,5,1,0.04,0.0,0.04,0.0,4,0.9,4.4,0.2,4.0,False,a,,,,,2526
40,149484,21,205,Tyrone Mings,Mings,2,0.7,4.3,2,8,Away,2026-01-07T19:30:00Z,0,0,0,0,0,0,0,0,0,0,0,0,0.0,0.0,0.0,0.0,0,0.0,0.0,0.0,0.0,False,a,,,,,2526
41,244954,21,205,Pau Torres,Pau,2,0.3,4.3,2,8,Away,2026-01-07T19:30:00Z,0,0,0,0,0,0,0,0,0,0,0,0,0.0,0.0,0.0,0.0,0,0.0,0.0,0.0,0.0,False,a,,,,,2526
42,606798,21,205,Andrés García,A.García,2,0.2,3.9,2,8,Away,2026-01-07T19:30:00Z,0,0,0,0,0,0,0,0,0,0,0,0,0.0,0.0,0.0,0.0,0,0.0,0.0,0.0,0.0,False,a,,,,,2526
43,106468,21,205,Álex Moreno Lopera,Alex Moreno,2,1.6,4.0,2,8,Away,2026-01-07T19:30:00Z,0,0,0,0,0,0,0,0,0,0,0,0,0.0,0.0,0.0,0.0,0,0.0,0.0,0.0,0.0,False,u,Has joined Girona permanently.,,,,2526
44,515597,21,205,Lamare Bogarde,Bogarde,2,0.6,4.0,2,8,Away,2026-01-07T19:30:00Z,0,0,8,0,0,0,0,0,0,0,3,1,0.0,0.01,0.01,0.0,1,0.3,2.2,0.3,0.0,False,a,,,,,2526
45,514315,21,205,Lino da Cruz Sousa,Sousa,2,0.3,3.8,2,8,Away,2026-01-07T19:30:00Z,0,0,0,0,0,0,0,0,0,0,0,0,0.0,0.0,0.0,0.0,0,0.0,0.0,0.0,0.0,False,u,has joined Rotherham on loan for the rest of the season.,,,,2526
46,587178,21,205,Yasin Özcan,Yasin,2,0.1,4.0,2,8,Away,2026-01-07T19:30:00Z,0,0,0,0,0,0,0,0,0,0,0,0,0.0,0.0,0.0,0.0,0,0.0,0.0,0.0,0.0,False,u,has joined Anderlecht on loan for the rest of the season.,,,,2526
47,244850,21,205,Morgan Rogers,Rogers,3,31.5,7.7,2,8,Away,2026-01-07T19:30:00Z,0,0,90,0,0,1,0,0,0,0,13,3,0.2,0.09,0.29,1.5,4,8.1,16.0,24.8,40.0,False,a,,,1.0,,2526
48,166989,21,205,Youri Tielemans,Tielemans,3,0.6,5.9,2,8,Away,2026-01-07T19:30:00Z,0,0,90,0,0,1,0,0,0,0,13,3,0.24,0.25,0.49,1.5,5,3.5,8.2,17.6,9.0,False,i,Ankle injury - Expected back 11 Apr,3.0,,,2526
49,215711,21,205,Leon Bailey,Bailey,3,0.1,5.5,2,8,Away,2026-01-07T19:30:00Z,0,0,0,0,0,0,0,0,0,0,0,0,0.0,0.0,0.0,0.0,0,0.0,0.0,0.0,0.0,False,a,,2.0,,,2526
50,195546,21,205,Emiliano Buendía Stati,Buendía,3,0.6,5.3,2,8,Away,2026-01-07T19:30:00Z,0,0,25,0,0,0,0,0,0,0,2,1,0.1,0.01,0.11,0.59,3,0.8,4.2,0.8,3.0,False,a,,,6.0,2.0,2526
51,469247,21,205,Samuel Iling-Junior,Iling Jr,3,0.0,5.5,2,8,Away,2026-01-07T19:30:00Z,0,0,0,0,0,0,0,0,0,0,0,0,0.0,0.0,0.0,0.0,0,0.0,0.0,0.0,0.0,False,u,has joined Pisa on loan for the rest of the season.,,,,2526
52,232653,21,209,Jacob Ramsey,J.Ramsey,3,0.2,5.3,15,11,Home,2026-01-07T20:15:00Z,4,3,14,0,0,0,1,0,0,0,5,1,0.0,0.01,0.01,0.19,2,1.6,4.6,11.3,0.0,False,d,Hamstring injury - 75% chance of playing,,,,2526
53,204646,21,205,Donyell Malen,Malen,3,0.4,5.1,2,8,Away,2026-01-07T19:30:00Z,0,0,17,0,0,0,0,0,0,0,3,1,0.0,0.0,0.0,0.0,0,0.1,1.0,0.0,0.0,False,u,has joined Roma on loan for the rest of the season.,,,,2526
54,122806,21,205,John McGinn,McGinn,3,0.5,5.4,2,8,Away,2026-01-07T19:30:00Z,0,0,72,0,0,1,0,0,0,0,5,3,0.0,0.13,0.13,1.5,2,3.8,6.0,18.3,14.0,False,i,Knee injury - Expected back 21 Mar,,,,2526
55,88894,21,205,Ross Barkley,Barkley,3,0.0,4.8,2,8,Away,2026-01-07T19:30:00Z,0,0,0,0,0,0,0,0,0,0,0,0,0.0,0.0,0.0,0.0,0,0.0,0.0,0.0,0.0,False,a,,,,,2526
56,491287,21,205,Enzo Barrenechea,Barrenechea,3,0.0,5.0,2,8,Away,2026-01-07T19:30:00Z,0,0,0,0,0,0,0,0,0,0,0,0,0.0,0.0,0.0,0.0,0,0.0,0.0,0.0,0.0,False,u,Season-long loan to Benfica,,,,2526
57,461421,21,205,Lewis Dobbin,Dobbin,3,0.0,5.0,2,8,Away,2026-01-07T19:30:00Z,0,0,0,0,0,0,0,0,0,0,0,0,0.0,0.0,0.0,0.0,0,0.0,0.0,0.0,0.0,False,u,Has joined Preston North End on loan for the rest of the season.,,,,2526
58,226944,21,205,Boubacar Kamara,Kamara,3,0.2,4.9,2,8,Away,2026-01-07T19:30:00Z,0,0,81,0,0,1,0,0,0,0,14,3,0.07,0.07,0.14,1.5,7,5.5,12.2,36.1,7.0,False,i,Knee injury - Expected back 01 Jun,,,,2526
59,449871,21,205,Amadou Onana,Onana,3,0.7,4.8,2,8,Away,2026-01-07T19:30:00Z,0,0,0,0,0,0,0,0,0,0,0,0,0.0,0.0,0.0,0.0,0,0.0,0.0,0.0,0.0,False,a,,,,,2526
60,577731,21,205,Ben Broggio,Broggio,3,0.3,4.4,2,8,Away,2026-01-07T19:30:00Z,0,0,0,0,0,0,0,0,0,0,0,0,0.0,0.0,0.0,0.0,0,0.0,0.0,0.0,0.0,False,u,has joined Falkirk on loan for the rest of the season.,,,,2526
61,151589,21,205,Leander Dendoncker,Dendoncker,3,0.1,4.5,2,8,Away,2026-01-07T19:30:00Z,0,0,0,0,0,0,0,0,0,0,0,0,0.0,0.0,0.0,0.0,0,0.0,0.0,0.0,0.0,False,u,Has joined Real Oviedo permanently.,,,,2526
62,559962,21,205,Jamaldeen Jimoh-Aloba,Jimoh-Aloba,3,0.1,4.5,2,8,Away,2026-01-07T19:30:00Z,0,0,0,0,0,0,0,0,0,0,0,0,0.0,0.0,0.0,0.0,0,0.0,0.0,0.0,0.0,False,u,has joined West Brom on loan for the rest of the season.,,,,2526
63,537403,21,205,Kadan Young,Young,3,0.6,4.3,2,8,Away,2026-01-07T19:30:00Z,0,0,0,0,0,0,0,0,0,0,0,0,0.0,0.0,0.0,0.0,0,0.0,0.0,0.0,0.0,False,u,has joined Reading on loan for the rest of the season.,,,,2526
64,178301,21,205,Ollie Watkins,Watkins,4,9.0,8.6,2,8,Away,2026-01-07T19:30:00Z,0,0,90,0,0,1,0,0,0,0,4,2,0.95,0.01,0.96,1.5,5,4.9,6.4,2.3,40.0,False,a,,,,3.0,2526
65,576756,21,205,Zépiqueno Redmond,Redmond,4,0.3,4.5,2,8,Away,2026-01-07T19:30:00Z,0,0,0,0,0,0,0,0,0,0,0,0,0.0,0.0,0.0,0.0,0,0.0,0.0,0.0,0.0,False,u,has joined Huddersfield Town on loan for the rest of the season.,,,,2526
66,69752,21,202,Norberto Murara Neto,Neto,1,0.1,4.5,4,18,Home,2026-01-07T19:30:00Z,3,2,0,0,0,0,0,0,0,0,0,0,0.0,0.0,0.0,0.0,0,0.0,0.0,0.0,0.0,False,u,Has joined Botafogo permanently.,,,,2526
67,457569,21,202,Đorđe Petrović,Petrović,1,4.5,4.5,4,18,Home,2026-01-07T19:30:00Z,3,2,90,0,0,0,2,0,0,0,5,1,0.0,0.0,0.0,1.25,0,1.4,14.0,0.0,0.0,False,a,,,,,2526
68,444172,21,202,Will Dennis,Dennis,1,0.7,4.0,4,18,Home,2026-01-07T19:30:00Z,3,2,0,0,0,0,0,0,0,0,0,0,0.0,0.0,0.0,0.0,0,0.0,0.0,0.0,0.0,False,u,has joined Leyton Orient on loan for the rest of the season.,,,,2526
69,568791,21,202,Callan McKenna,McKenna,1,0.3,3.9,4,18,Home,2026-01-07T19:30:00Z,3,2,0,0,0,0,0,0,0,0,0,0,0.0,0.0,0.0,0.0,0,0.0,0.0,0.0,0.0,False,a,,,,,2526
70,495145,21,202,Alex Paulsen,Paulsen,1,0.1,4.0,4,18,Home,2026-01-07T19:30:00Z,3,2,0,0,0,0,0,0,0,0,0,0,0.0,0.0,0.0,0.0,0,0.0,0.0,0.0,0.0,False,u,Has joined Lechia Gdansk on loan for the rest of the season.,,,,2526
71,477580,21,202,Illia Zabarnyi,Zabarnyi,2,0.0,5.0,4,18,Home,2026-01-07T19:30:00Z,3,2,0,0,0,0,0,0,0,0,0,0,0.0,0.0,0.0,0.0,0,0.0,0.0,0.0,0.0,False,u,Has joined Paris Saint-Germain permanently.,,,,2526
72,221466,21,202,Marcos Senesi Barón,Senesi,2,15.9,4.9,4,18,Home,2026-01-07T19:30:00Z,3,2,90,0,1,0,2,0,0,0,22,6,0.0,0.53,0.53,1.25,16,6.7,51.2,13.8,2.0,False,a,,,,,2526
73,54469,21,202,Adam Smith,Smith,2,0.2,4.4,4,18,Home,2026-01-07T19:30:00Z,3,2,0,0,0,0,0,0,0,0,0,0,0.0,0.0,0.0,0.0,0,0.0,0.0,0.0,0.0,False,a,,,,,2526
74,494521,21,202,Adrien Truffert,Truffert,2,2.0,4.5,4,18,Home,2026-01-07T19:30:00Z,3,2,90,0,0,0,2,0,0,0,1,1,0.0,0.02,0.02,1.25,9,2.2,19.6,2.5,0.0,False,a,,,,,2526
75,541462,21,202,Matai Akinmboni,Akinmboni,2,0.2,3.8,4,18,Home,2026-01-07T19:30:00Z,3,2,0,0,0,0,0,0,0,0,0,0,0.0,0.0,0.0,0.0,0,0.0,0.0,0.0,0.0,False,d,Lack of match fitness - 75% chance of playing,,,,2526
76,518906,21,202,Owen Bevan,Bevan,2,0.2,3.8,4,18,Home,2026-01-07T19:30:00Z,3,2,0,0,0,0,0,0,0,0,0,0,0.0,0.0,0.0,0.0,0,0.0,0.0,0.0,0.0,False,a,,,,,2526
77,463981,21,202,James Hill,Hill,2,5.5,4.1,4,18,Home,2026-01-07T19:30:00Z,3,2,90,0,0,0,2,0,0,0,5,3,0.0,0.01,0.01,1.25,11,2.8,24.8,0.8,2.0,False,a,,,,,2526
78,436893,21,202,Julián Araujo Zúñiga,J.Araujo,2,0.5,3.8,4,18,Home,2026-01-07T19:30:00Z,3,2,0,0,0,0,0,0,0,0,0,0,0.0,0.0,0.0,0.0,0,0.0,0.0,0.0,0.0,False,u,has joined Celtic on loan for the rest of the season.,,,,2526
79,223911,21,202,Chris Mepham,Mepham,2,0.1,4.0,4,18,Home,2026-01-07T19:30:00Z,3,2,0,0,0,0,0,0,0,0,0,0,0.0,0.0,0.0,0.0,0,0.0,0.0,0.0,0.0,False,u,has joined West Bromwich Albion permanently.,,,,2526
80,575901,21,202,Julio Soler Barreto,Soler,2,0.2,4.0,4,18,Home,2026-01-07T19:30:00Z,3,2,0,0,0,0,0,0,0,0,0,0,0.0,0.0,0.0,0.0,0,0.0,0.0,0.0,0.0,False,i,Hamstring injury - Expected back 01 Jun,,,,2526
81,222683,21,202,Justin Kluivert,Kluivert,3,0.6,7.0,4,18,Home,2026-01-07T19:30:00Z,3,2,0,0,0,0,0,0,0,0,0,0,0.0,0.0,0.0,0.0,0,0.0,0.0,0.0,0.0,False,i,Knee injury - Expected back 09 May,,3.0,1.0,2526
82,437730,21,202,Antoine Semenyo,Semenyo,3,52.6,8.1,13,4,Away,2026-01-07T19:30:00Z,2,3,90,1,0,0,2,1,0,0,23,6,0.16,0.01,0.17,1.21,7,5.4,35.8,4.3,14.0,False,a,,,,,2526
83,533463,21,203,Dango Ouattara,O.Dango,3,1.7,5.9,5,17,Home,2026-01-07T19:30:00Z,3,0,0,0,0,0,0,0,0,0,0,0,0.0,0.0,0.0,0.0,0,0.0,0.0,0.0,0.0,False,a,,3.0,,,2526
84,201658,21,202,Marcus Tavernier,Tavernier,3,1.1,5.3,4,18,Home,2026-01-07T19:30:00Z,3,2,86,0,1,0,2,0,0,0,19,5,0.04,0.12,0.16,1.21,10,4.6,22.4,22.9,1.0,False,a,,2.0,2.0,4.0,2526
85,200785,21,202,Tyler Adams,Adams,3,0.3,4.9,4,18,Home,2026-01-07T19:30:00Z,3,2,0,0,0,0,0,0,0,0,0,0,0.0,0.0,0.0,0.0,0,0.0,0.0,0.0,0.0,False,a,,,,,2526
86,111317,21,202,David Brooks,Brooks,3,0.2,5.0,4,18,Home,2026-01-07T19:30:00Z,3,2,26,0,1,0,1,0,0,0,10,4,0.09,0.01,0.1,0.98,2,3.1,15.6,10.6,5.0,False,a,,,4.0,,2526
87,158499,21,202,Ryan Christie,Christie,3,0.1,4.9,4,18,Home,2026-01-07T19:30:00Z,3,2,0,0,0,0,0,0,0,0,0,0,0.0,0.0,0.0,0.0,0,0.0,0.0,0.0,0.0,False,a,,,,,2526
88,155408,21,202,Lewis Cook,Cook,3,0.1,4.9,4,18,Home,2026-01-07T19:30:00Z,3,2,90,0,0,0,2,1,0,0,9,3,0.0,0.03,0.03,1.25,15,1.1,9.0,1.5,0.0,False,d,Hamstring injury - 25% chance of playing,1.0,,,2526
89,168991,21,202,Philip Billing,Philip,3,0.0,4.9,4,18,Home,2026-01-07T19:30:00Z,3,2,0,0,0,0,0,0,0,0,0,0,0.0,0.0,0.0,0.0,0,0.0,0.0,0.0,0.0,False,u,has joined Midtjylland permanently.,,,,2526
90,503139,21,202,Alex Scott,Scott,3,1.1,5.0,4,18,Home,2026-01-07T19:30:00Z,3,2,90,0,0,0,2,0,0,0,17,4,0.05,0.22,0.27,1.25,14,2.3,13.8,5.4,4.0,False,a,,4.0,6.0,,2526
91,224995,21,202,Luis Sinisterra Lucumí,Sinisterra,3,0.0,5.0,4,18,Home,2026-01-07T19:30:00Z,3,2,0,0,0,0,0,0,0,0,0,0,0.0,0.0,0.0,0.0,0,0.0,0.0,0.0,0.0,False,u,has joined Cruzeiro on loan for the rest of the season.,,,,2526
92,441240,21,202,Romain Faivre,Faivre,3,0.1,4.5,4,18,Home,2026-01-07T19:30:00Z,3,2,0,0,0,0,0,0,0,0,0,0,0.0,0.0,0.0,0.0,0,0.0,0.0,0.0,0.0,False,u,has joined Auxerre permanently.,,,,2526
93,424044,21,202,Hamed Traorè,H.Traorè,3,0.3,4.5,4,18,Home,2026-01-07T19:30:00Z,3,2,0,0,0,0,0,0,0,0,0,0,0.0,0.0,0.0,0.0,0,0.0,0.0,0.0,0.0,False,u,has joined Marseille on loan for the rest of the season.,,,,2526
94,550596,21,202,Dominic Sadi,Sadi,3,0.0,4.5,4,18,Home,2026-01-07T19:30:00Z,3,2,0,0,0,0,0,0,0,0,0,0,0.0,0.0,0.0,0.0,0,0.0,0.0,0.0,0.0,False,u,has joined Novi Pazar on loan for the rest of the season.,,,,2526
95,530121,21,202,Zain Silcott-Duberry,Silcott-Duberry,3,0.1,4.4,4,18,Home,2026-01-07T19:30:00Z,3,2,0,0,0,0,0,0,0,0,0,0,0.0,0.0,0.0,0.0,0,0.0,0.0,0.0,0.0,False,u,has joined Olympiakos permanently.,,,,2526
96,606775,21,202,Ben Winterburn,Winterburn,3,0.0,4.5,4,18,Home,2026-01-07T19:30:00Z,3,2,0,0,0,0,0,0,0,0,0,0,0.0,0.0,0.0,0.0,0,0.0,0.0,0.0,0.0,False,u,has joined Barnet on loan for the rest of the season.,,,,2526
97,444102,21,202,Francisco Evanilson de Lima Barbosa,Evanilson,4,2.6,6.9,4,18,Home,2026-01-07T19:30:00Z,3,2,63,1,0,0,1,0,0,0,26,6,0.11,0.03,0.14,0.27,2,7.6,35.0,13.0,28.0,False,a,,,,,2526
98,168636,21,202,Enes Ünal,Enes Ünal,4,0.0,5.4,4,18,Home,2026-01-07T19:30:00Z,3,2,26,0,0,0,1,0,0,0,1,1,0.18,0.0,0.18,0.98,1,0.7,0.0,0.0,8.0,False,a,,,1.0,,2526
99,590760,21,202,Daniel Adu-Adjei,Adu-Adjei,4,0.1,4.4,4,18,Home,2026-01-07T19:30:00Z,3,2,0,0,0,0,0,0,0,0,0,0,0.0,0.0,0.0,0.0,0,0.0,0.0,0.0,0.0,False,u,has joined HNK Rijeka permanently.,,,,2526
100,560262,21,202,Junior Kroupi,Kroupi.Jr,4,7.3,4.7,4,18,Home,2026-01-07T19:30:00Z,3,2,63,1,0,0,1,0,0,1,29,7,0.65,0.01,0.66,0.27,2,8.4,34.8,13.8,35.0,False,a,,,,,2526
101,200720,21,203,Caoimhín Kelleher,Kelleher,1,11.3,4.7,5,17,Home,2026-01-07T19:30:00Z,3,0,90,0,0,1,0,0,0,1,38,13,0.0,0.0,0.0,1.72,0,5.5,45.4,10.0,0.0,True,a,,,,,2526
102,235448,21,203,Ellery Balcombe,Balcombe,1,0.3,3.9,5,17,Home,2026-01-07T19:30:00Z,3,0,0,0,0,0,0,0,0,0,0,0,0.0,0.0,0.0,0.0,0,0.0,0.0,0.0,0.0,False,a,,,,,2526
103,503300,21,203,Matthew Cox,Cox,1,0.1,3.9,5,17,Home,2026-01-07T19:30:00Z,3,0,0,0,0,0,0,0,0,0,0,0,0.0,0.0,0.0,0.0,0,0.0,0.0,0.0,0.0,False,u,has joined Shrewsbury Town on loan for the rest of the season.,,,,2526
104,535017,21,203,Julian Eyestone,Eyestone,1,0.1,3.9,5,17,Home,2026-01-07T19:30:00Z,3,0,0,0,0,0,0,0,0,0,0,0,0.0,0.0,0.0,0.0,0,0.0,0.0,0.0,0.0,False,a,,,,,2526
105,507433,21,203,Hákon Rafn Valdimarsson,Valdimarsson,1,0.6,3.9,5,17,Home,2026-01-07T19:30:00Z,3,0,0,0,0,0,0,0,0,0,0,0,0.0,0.0,0.0,0.0,0,0.0,0.0,0.0,0.0,False,a,,,,,2526
106,432830,21,203,Nathan Collins,Collins,2,2.9,5.0,5,17,Home,2026-01-07T19:30:00Z,3,0,90,0,1,1,0,0,0,2,40,13,0.0,0.02,0.02,1.72,10,7.1,46.0,21.3,4.0,True,a,,,,,2526
107,249231,21,203,Keane Lewis-Potter,Lewis-Potter,2,1.7,4.8,5,17,Home,2026-01-07T19:30:00Z,3,0,60,0,0,1,0,0,0,0,19,6,0.07,0.13,0.2,1.43,0,2.3,1.4,16.1,5.0,False,a,,,1.0,,2526
108,191866,21,203,Kristoffer Ajer,Ajer,2,0.2,4.4,5,17,Home,2026-01-07T19:30:00Z,3,0,90,0,0,1,0,0,0,0,19,6,0.0,0.0,0.0,1.72,8,1.2,9.4,0.3,2.0,False,a,,,,,2526
109,194010,21,203,Rico Henry,Henry,2,0.2,4.3,5,17,Home,2026-01-07T19:30:00Z,3,0,90,0,0,1,0,0,0,0,25,6,0.0,0.02,0.02,1.72,3,1.1,9.0,1.8,0.0,False,a,,,,,2526
110,607464,21,203,Michael Kayode,Kayode,2,0.7,4.5,5,17,Home,2026-01-07T19:30:00Z,3,0,81,0,0,1,0,0,0,0,26,6,0.0,0.05,0.05,1.62,6,3.0,13.8,16.0,0.0,False,d,Knock - 75% chance of playing,,,,2526
111,231065,21,203,Ethan Pinnock,Pinnock,2,0.1,4.2,5,17,Home,2026-01-07T19:30:00Z,3,0,0,0,0,0,0,0,0,0,0,0,0.0,0.0,0.0,0.0,0,0.0,0.0,0.0,0.0,False,a,,,,,2526
112,226956,21,203,Mads Roerslev Rasmussen,Roerslev,2,0.0,4.5,5,17,Home,2026-01-07T19:30:00Z,3,0,0,0,0,0,0,0,0,0,0,0,0.0,0.0,0.0,0.0,0,0.0,0.0,0.0,0.0,False,u,Has joined Southampton permanently.,,,,2526
113,444765,21,203,Sepp van den Berg,Van den Berg,2,0.8,4.5,5,17,Home,2026-01-07T19:30:00Z,3,0,0,0,0,0,0,0,0,0,0,0,0.0,0.0,0.0,0.0,0,0.0,0.0,0.0,0.0,False,a,,,,,2526
114,622536,21,203,Benjamin Arthur,Arthur,2,0.2,3.8,5,17,Home,2026-01-07T19:30:00Z,3,0,0,0,0,0,0,0,0,0,0,0,0.0,0.0,0.0,0.0,0,0.0,0.0,0.0,0.0,False,u,has joined Celtic on loan for the rest of the season.,,,,2526
115,612534,21,203,Benjamin Fredrick,Fredrick,2,0.1,4.0,5,17,Home,2026-01-07T19:30:00Z,3,0,0,0,0,0,0,0,0,0,0,0,0.0,0.0,0.0,0.0,0,0.0,0.0,0.0,0.0,False,u,has joined Dender on loan for the rest of the season.,,,,2526
116,472713,21,203,Aaron Hickey,Hickey,2,0.4,4.0,5,17,Home,2026-01-07T19:30:00Z,3,0,8,0,0,0,0,0,0,0,2,1,0.0,0.0,0.0,0.1,0,0.0,0.0,0.7,0.0,False,d,Knock - 75% chance of playing,,,,2526
117,570241,21,203,Kim Ji-soo,Ji-soo,2,0.1,3.9,5,17,Home,2026-01-07T19:30:00Z,3,0,0,0,0,0,0,0,0,0,0,0,0.0,0.0,0.0,0.0,0,0.0,0.0,0.0,0.0,False,u,has joined Kaiserslautern on loan for the rest of the season.,,,,2526
118,499717,21,203,Jayden Meghoma,Meghoma,2,0.0,4.0,5,17,Home,2026-01-07T19:30:00Z,3,0,0,0,0,0,0,0,0,0,0,0,0.0,0.0,0.0,0.0,0,0.0,0.0,0.0,0.0,False,u,Has joined Rangers on loan for the rest of the season.,,,,2526
119,446008,21,204,Bryan Mbeumo,Mbeumo,3,23.3,8.7,14,3,Away,2026-01-07T20:15:00Z,2,2,0,0,0,0,0,0,0,0,0,0,0.0,0.0,0.0,0.0,0,0.0,0.0,0.0,0.0,False,a,,2.0,2.0,,2526
120,513418,21,203,Kevin Schade,Schade,3,1.2,6.9,5,17,Home,2026-01-07T19:30:00Z,3,0,90,0,1,1,0,0,0,0,17,6,0.66,0.39,1.05,1.72,5,10.8,27.8,45.3,35.0,False,a,,,,3.0,2526
121,440089,21,203,Mikkel Damsgaard,Damsgaard,3,0.4,5.6,5,17,Home,2026-01-07T19:30:00Z,3,0,29,0,0,0,0,0,0,0,7,1,0.12,0.36,0.48,0.3,3,3.4,2.4,14.9,17.0,False,a,,,3.0,,2526
122,543295,21,203,Antoni Milambo,Milambo,3,0.0,5.2,5,17,Home,2026-01-07T19:30:00Z,3,0,0,0,0,0,0,0,0,0,0,0,0.0,0.0,0.0,0.0,0,0.0,0.0,0.0,0.0,False,i,Knee injury - Expected back 01 Jun,,,,2526
123,244858,21,203,Fábio Freitas Gouveia Carvalho,Carvalho,3,0.1,4.7,5,17,Home,2026-01-07T19:30:00Z,3,0,0,0,0,0,0,0,0,0,0,0,0.0,0.0,0.0,0.0,0,0.0,0.0,0.0,0.0,False,i,Knee injury - Expected back 01 Jun,,,4.0,2526
124,56979,21,203,Jordan Henderson,Henderson,3,0.3,5.0,5,17,Home,2026-01-07T19:30:00Z,3,0,14,0,0,0,0,0,0,0,3,1,0.0,0.01,0.01,0.1,1,0.4,1.4,2.3,0.0,False,a,,,,,2526
125,204580,21,203,Vitaly Janelt,Janelt,3,0.3,4.9,5,17,Home,2026-01-07T19:30:00Z,3,0,90,0,1,1,0,1,0,0,24,7,0.0,0.17,0.17,1.72,12,5.0,30.6,15.8,4.0,False,a,,2.0,,,2526
126,207283,21,203,Mathias Jensen,Jensen,3,0.1,4.9,5,17,Home,2026-01-07T19:30:00Z,3,0,75,0,0,1,0,0,0,0,9,3,0.09,0.17,0.26,1.62,3,4.4,5.0,23.6,15.0,False,a,,1.0,2.0,5.0,2526
127,626464,21,203,Gustavo Nunes Fernandes Gomes,Nunes,3,0.0,4.9,5,17,Home,2026-01-07T19:30:00Z,3,0,0,0,0,0,0,0,0,0,0,0,0.0,0.0,0.0,0.0,0,0.0,0.0,0.0,0.0,False,u,has joined Swansea City on loan for the rest of the season.,,,,2526
128,428580,21,203,Frank Onyeka,Onyeka,3,0.0,4.8,5,17,Home,2026-01-07T19:30:00Z,3,0,0,0,0,0,0,0,0,0,0,0,0.0,0.0,0.0,0.0,0,0.0,0.0,0.0,0.0,False,u,has joined Coventry City on loan for the rest of the season.,,,,2526
129,508395,21,203,Yehor Yarmoliuk,Yarmoliuk,3,0.1,5.0,5,17,Home,2026-01-07T19:30:00Z,3,0,90,1,0,1,0,0,0,0,30,8,0.38,0.02,0.4,1.72,6,8.1,36.6,5.3,39.0,False,a,,,,,2526
130,606689,21,203,Romelle Donovan,Donovan,3,0.1,4.4,5,17,Home,2026-01-07T19:30:00Z,3,0,0,0,0,0,0,0,0,0,0,0,0.0,0.0,0.0,0.0,0,0.0,0.0,0.0,0.0,False,a,,,,,2526
131,628204,21,203,Yunus Emre Konak,Konak,3,0.2,4.3,5,17,Home,2026-01-07T19:30:00Z,3,0,0,0,0,0,0,0,0,0,0,0,0.0,0.0,0.0,0.0,0,0.0,0.0,0.0,0.0,False,u,has joined Oxford United on loan for the rest of the season.,,,,2526
132,220695,21,203,Paris Maghoma,Maghoma,3,0.0,4.5,5,17,Home,2026-01-07T19:30:00Z,3,0,0,0,0,0,0,0,0,0,0,0,0.0,0.0,0.0,0.0,0,0.0,0.0,0.0,0.0,False,u,has joined Norwich City permanently.,,,,2526
133,450539,21,203,Myles Peart-Harris,Peart-Harris,3,0.0,4.4,5,17,Home,2026-01-07T19:30:00Z,3,0,0,0,0,0,0,0,0,0,0,0,0.0,0.0,0.0,0.0,0,0.0,0.0,0.0,0.0,False,u,has joined Oxford United permanently.,,,,2526
134,591357,21,203,Ryan Trevitt,Trevitt,3,0.0,4.5,5,17,Home,2026-01-07T19:30:00Z,3,0,0,0,0,0,0,0,0,0,0,0,0.0,0.0,0.0,0.0,0,0.0,0.0,0.0,0.0,False,u,Has joined Wigan on loan for the rest of the season,,,,2526
135,216646,21,209,Yoane Wissa,Wissa,4,0.6,7.3,15,11,Home,2026-01-07T20:15:00Z,4,3,15,0,0,0,1,0,0,0,-1,1,0.14,0.0,0.14,0.19,2,0.6,0.0,1.2,9.0,False,a,,,,,2526
136,502500,21,203,Igor Thiago Nascimento Rodrigues,Thiago,4,32.4,7.1,5,17,Home,2026-01-07T19:30:00Z,3,0,81,2,0,1,0,1,0,3,70,12,1.48,0.15,1.63,1.62,8,20.8,76.0,23.1,109.0,True,a,,,,2.0,2526
137,533710,21,203,Iwan Morgan,Morgan,4,0.3,4.4,5,17,Home,2026-01-07T19:30:00Z,3,0,0,0,0,0,0,0,0,0,0,0,0.0,0.0,0.0,0.0,0,0.0,0.0,0.0,0.0,False,u,has joined Shrewsbury on loan for the rest of the season.,,,,2526
138,49262,21,208,Jason Steele,Steele,1,0.2,4.2,6,13,Away,2026-01-07T19:30:00Z,1,1,0,0,0,0,0,0,0,0,0,0,0.0,0.0,0.0,0.0,0,0.0,0.0,0.0,0.0,False,a,,,,,2526
139,489639,21,208,Bart Verbruggen,Verbruggen,1,5.5,4.5,6,13,Away,2026-01-07T19:30:00Z,1,1,90,0,0,0,1,0,0,0,14,3,0.0,0.0,0.0,2.55,0,2.8,27.8,0.0,0.0,False,a,,,,,2526
140,209288,21,208,Tom McGill,McGill,1,0.3,3.9,6,13,Away,2026-01-07T19:30:00Z,1,1,0,0,0,0,0,0,0,0,0,0,0.0,0.0,0.0,0.0,0,0.0,0.0,0.0,0.0,False,a,,,,,2526
141,472739,21,208,Carl Rushworth,Rushworth,1,0.0,4.0,6,13,Away,2026-01-07T19:30:00Z,1,1,0,0,0,0,0,0,0,0,0,0,0.0,0.0,0.0,0.0,0,0.0,0.0,0.0,0.0,False,u,Has joined Coventry City on loan for the rest of the season.,,,,2526
142,240514,21,208,Kjell Scherpen,Scherpen,1,0.0,4.0,6,13,Away,2026-01-07T19:30:00Z,1,1,0,0,0,0,0,0,0,0,0,0,0.0,0.0,0.0,0.0,0,0.0,0.0,0.0,0.0,False,u,Has joined Union SG permanently,,,,2526
143,204120,21,208,Olivier Boscagli,Boscagli,2,0.1,4.2,6,13,Away,2026-01-07T19:30:00Z,1,1,0,0,0,0,0,0,0,0,0,0,0.0,0.0,0.0,0.0,0,0.0,0.0,0.0,0.0,False,a,,,,,2526
144,550090,21,208,Diego Coppola,Coppola,2,0.0,4.2,6,13,Away,2026-01-07T19:30:00Z,1,1,0,0,0,0,0,0,0,0,0,0,0.0,0.0,0.0,0.0,0,0.0,0.0,0.0,0.0,False,u,has joined Paris FC on loan for the rest of the season.,,,,2526
145,465730,21,208,Maxim De Cuyper,De Cuyper,2,1.8,4.3,6,13,Away,2026-01-07T19:30:00Z,1,1,90,0,0,0,1,1,0,0,5,1,0.0,0.01,0.01,2.55,5,2.5,7.8,15.3,2.0,False,a,,3.0,1.0,,2526
146,83299,21,208,Lewis Dunk,Dunk,2,1.0,4.5,6,13,Away,2026-01-07T19:30:00Z,1,1,90,0,0,0,1,1,0,0,8,3,0.0,0.0,0.0,2.55,12,3.4,33.0,0.6,0.0,False,a,,,3.0,,2526
147,204214,21,208,Pervis Estupiñán Tenorio,Estupiñan,2,0.0,4.5,6,13,Away,2026-01-07T19:30:00Z,1,1,0,0,0,0,0,0,0,0,0,0,0.0,0.0,0.0,0.0,0,0.0,0.0,0.0,0.0,False,u,Has joined AC Milan permanently,,,,2526
148,231416,21,208,Ferdi Kadıoğlu,F.Kadıoğlu,2,0.3,4.4,6,13,Away,2026-01-07T19:30:00Z,1,1,90,0,0,0,1,0,0,0,15,2,0.21,0.02,0.23,2.55,5,4.3,18.8,6.8,17.0,False,a,,,,,2526
149,223434,21,210,Igor Julio dos Santos de Paulo,Igor,2,0.1,4.5,6,19,Away,2026-01-06T20:00:00Z,2,1,0,0,0,0,0,0,0,0,0,0,0.0,0.0,0.0,0.0,0,0.0,0.0,0.0,0.0,False,a,,,,,2526
150,232792,21,208,Tariq Lamptey,Lamptey,2,0.1,4.4,6,13,Away,2026-01-07T19:30:00Z,1,1,0,0,0,0,0,0,0,0,0,0,0.0,0.0,0.0,0.0,0,0.0,0.0,0.0,0.0,False,u,has joined Fiorentina permanently.,,,,2526
151,469142,21,208,Jan Paul van Hecke,Van Hecke,2,3.7,4.4,6,13,Away,2026-01-07T19:30:00Z,1,1,90,0,0,0,1,1,0,0,9,3,0.01,0.0,0.01,2.55,15,2.7,22.8,0.0,4.0,False,a,,,,,2526
152,111478,21,208,Joël Veltman,Veltman,2,0.1,4.3,6,13,Away,2026-01-07T19:30:00Z,1,1,0,0,0,0,0,0,0,0,0,0,0.0,0.0,0.0,0.0,0,0.0,0.0,0.0,0.0,False,a,,,,,2526
153,110735,21,208,Adam Webster,Webster,2,0.0,4.4,6,13,Away,2026-01-07T19:30:00Z,1,1,0,0,0,0,0,0,0,0,0,0,0.0,0.0,0.0,0.0,0,0.0,0.0,0.0,0.0,False,i,Knee injury - Unknown return date,,,,2526
154,439135,21,208,Eiran Cashin,Cashin,2,0.0,4.0,6,13,Away,2026-01-07T19:30:00Z,1,1,0,0,0,0,0,0,0,0,0,0,0.0,0.0,0.0,0.0,0,0.0,0.0,0.0,0.0,False,u,has joined Blackburn Rovers on loan for the rest of the season.,,,,2526
155,589100,21,208,Jacob Slater,Slater,2,0.1,4.0,6,13,Away,2026-01-07T19:30:00Z,1,1,0,0,0,0,0,0,0,0,0,0,0.0,0.0,0.0,0.0,0,0.0,0.0,0.0,0.0,False,u,has joined Harrogate Town on loan until January.,,,,2526
156,547720,21,208,Charlie Tasker,Tasker,2,0.2,3.8,6,13,Away,2026-01-07T19:30:00Z,1,1,0,0,0,0,0,0,0,0,0,0,0.0,0.0,0.0,0.0,0,0.0,0.0,0.0,0.0,False,a,,,,,2526
157,451340,21,208,Mitoma Kaoru,Mitoma,3,2.0,6.1,6,13,Away,2026-01-07T19:30:00Z,1,1,82,1,0,0,1,1,0,2,22,8,0.27,0.59,0.86,1.91,10,6.8,37.8,12.0,18.0,False,a,,,,,2526
158,463067,21,208,Georginio Rutter,Georginio,3,0.3,5.6,6,13,Away,2026-01-07T19:30:00Z,1,1,76,0,0,0,1,0,0,0,7,2,0.0,0.1,0.1,1.58,6,3.0,9.0,15.1,6.0,False,a,,,,,2526
159,109345,21,208,Solly March,March,3,0.0,5.8,6,13,Away,2026-01-07T19:30:00Z,1,1,0,0,0,0,0,0,0,0,0,0,0.0,0.0,0.0,0.0,0,0.0,0.0,0.0,0.0,False,d,Lack of match fitness - 75% chance of playing,,,,2526
160,592031,21,208,Yankuba Minteh,Minteh,3,2.0,5.6,6,13,Away,2026-01-07T19:30:00Z,1,1,0,0,0,0,0,0,0,0,0,0,0.0,0.0,0.0,0.0,0,0.0,0.0,0.0,0.0,False,a,,,,,2526
161,474120,21,208,Julio Enciso Espínola,Enciso,3,0.0,5.4,6,13,Away,2026-01-07T19:30:00Z,1,1,0,0,0,0,0,0,0,0,0,0,0.0,0.0,0.0,0.0,0,0.0,0.0,0.0,0.0,False,u,has joined Strasbourg permanently.,,,,2526
162,513433,21,208,Brajan Gruda,Gruda,3,0.0,5.4,6,13,Away,2026-01-07T19:30:00Z,1,1,13,0,0,0,0,0,0,0,3,1,0.0,0.0,0.0,0.97,0,0.3,1.0,0.3,2.0,False,u,has joined Leipzig on loan for the rest of the season.,,,,2526
163,532529,21,208,Jack Hinshelwood,Hinshelwood,3,0.0,5.1,6,13,Away,2026-01-07T19:30:00Z,1,1,90,0,0,0,1,0,0,1,20,5,0.0,0.16,0.16,2.55,14,2.7,23.4,3.6,0.0,False,a,,,,,2526
164,219249,21,208,Matt O'Riley,O'Riley,3,0.3,5.5,6,13,Away,2026-01-07T19:30:00Z,1,1,0,0,0,0,0,0,0,0,0,0,0.0,0.0,0.0,0.0,0,0.0,0.0,0.0,0.0,False,a,,5.0,,3.0,2526
165,516211,21,208,Abdallah Sima,Sima,3,0.0,5.4,6,13,Away,2026-01-07T19:30:00Z,1,1,0,0,0,0,0,0,0,0,0,0,0.0,0.0,0.0,0.0,0,0.0,0.0,0.0,0.0,False,u,has joined Lens permanently.,,,,2526
166,509416,21,208,Yasin Ayari,Ayari,3,0.5,4.8,6,13,Away,2026-01-07T19:30:00Z,1,1,82,0,1,0,1,0,0,0,18,5,0.0,0.01,0.01,1.91,9,3.7,23.0,14.0,0.0,False,d,Shoulder injury - 50% chance of playing,,2.0,,2526
167,535301,21,208,Carlos Baleba,Baleba,3,1.5,4.5,6,13,Away,2026-01-07T19:30:00Z,1,1,0,0,0,0,0,0,0,0,0,0,0.0,0.0,0.0,0.0,0,0.0,0.0,0.0,0.0,False,a,,,,,2526
168,536916,21,207,Facundo Buonanotte,Buonanotte,3,0.1,4.6,11,10,Away,2026-01-07T19:30:00Z,1,2,0,0,0,0,0,0,0,0,0,0,0.0,0.0,0.0,0.0,0,0.0,0.0,0.0,0.0,False,a,,,,,2526
169,514254,21,208,Diego Gómez Amarilla,Gomez,3,0.2,4.9,6,13,Away,2026-01-07T19:30:00Z,1,1,76,0,0,0,1,0,0,0,5,2,0.58,0.32,0.9,1.58,8,3.5,0.0,27.5,9.0,False,a,,,5.0,,2526
170,15157,21,208,James Milner,Milner,3,0.1,4.9,6,13,Away,2026-01-07T19:30:00Z,1,1,7,0,0,0,0,0,0,0,5,1,0.0,0.0,0.0,0.64,3,0.3,2.4,0.1,0.0,False,a,,,,1.0,2526
171,441192,21,208,Jeremy Sarmiento Morante,Sarmiento,3,0.0,4.9,6,13,Away,2026-01-07T19:30:00Z,1,1,0,0,0,0,0,0,0,0,0,0,0.0,0.0,0.0,0.0,0,0.0,0.0,0.0,0.0,False,u,has joined Middlesbrough on loan for the rest of the season.,,,,2526
172,549074,21,208,Tom Watson,Watson,3,0.0,4.8,6,13,Away,2026-01-07T19:30:00Z,1,1,7,0,0,0,0,1,0,0,-2,0,0.0,0.0,0.0,0.64,2,0.0,0.0,0.0,0.0,False,u,has joined Millwall on loan for the rest of the season.,,,,2526
173,467779,21,208,Mats Wieffer,Wieffer,3,0.1,4.9,6,13,Away,2026-01-07T19:30:00Z,1,1,0,0,0,0,0,0,0,0,0,0,0.0,0.0,0.0,0.0,0,0.0,0.0,0.0,0.0,False,a,,,,,2526
174,611695,21,208,Malick Yalcouyé,Yalcouye,3,0.0,5.0,6,13,Away,2026-01-07T19:30:00Z,1,1,0,0,0,0,0,0,0,0,0,0,0.0,0.0,0.0,0.0,0,0.0,0.0,0.0,0.0,False,u,Has joined Swansea City on loan for the rest of the season.,,,,2526
175,567121,21,208,Joe Knight,Knight,3,0.1,4.4,6,13,Away,2026-01-07T19:30:00Z,1,1,0,0,0,0,0,0,0,0,0,0,0.0,0.0,0.0,0.0,0,0.0,0.0,0.0,0.0,False,u,has joined Stevenage permanently.,,,,2526
176,550141,21,208,Adrian Mazilu,Mazilu,3,0.0,4.5,6,13,Away,2026-01-07T19:30:00Z,1,1,0,0,0,0,0,0,0,0,0,0,0.0,0.0,0.0,0.0,0,0.0,0.0,0.0,0.0,False,u,has joined Dinamo Bucharest permanently.,,,,2526
177,513834,21,208,Andrew Moran,Moran,3,0.0,4.5,6,13,Away,2026-01-07T19:30:00Z,1,1,0,0,0,0,0,0,0,0,0,0,0.0,0.0,0.0,0.0,0,0.0,0.0,0.0,0.0,False,u,Has joined Los Angeles FC on loan for the rest of the season.,,,,2526
178,50175,21,208,Danny Welbeck,Welbeck,4,3.7,6.1,6,13,Away,2026-01-07T19:30:00Z,1,1,13,0,0,0,0,0,0,0,2,1,0.0,0.01,0.01,0.97,0,0.1,0.0,0.3,2.0,False,a,,,4.0,2.0,2526
179,487117,21,208,Evan Ferguson,Ferguson,4,0.0,5.5,6,13,Away,2026-01-07T19:30:00Z,1,1,0,0,0,0,0,0,0,0,0,0,0.0,0.0,0.0,0.0,0,0.0,0.0,0.0,0.0,False,u,Has joined AS Roma on loan for the rest of the season,,,,2526
180,608181,21,208,Stefanos Tzimas,Tzimas,4,0.1,5.2,6,13,Away,2026-01-07T19:30:00Z,1,1,0,0,0,0,0,0,0,0,0,0,0.0,0.0,0.0,0.0,0,0.0,0.0,0.0,0.0,False,i,Knee injury - Expected back 01 Jun,,,,2526
181,647850,21,208,Charalampos Kostoulas,Kostoulas,4,0.4,4.8,6,13,Away,2026-01-07T19:30:00Z,1,1,0,0,0,0,0,0,0,0,0,0,0.0,0.0,0.0,0.0,0,0.0,0.0,0.0,0.0,False,a,,,,,2526
182,432720,21,208,James Trafford,Trafford,1,0.9,4.5,13,6,Home,2026-01-07T19:30:00Z,1,1,0,0,0,0,0,0,0,0,0,0,0.0,0.0,0.0,0.0,0,0.0,0.0,0.0,0.0,False,a,,,,,2526
183,518030,21,204,Max Weiß,Weiss,1,0.1,4.3,3,14,Home,2026-01-07T20:15:00Z,2,2,0,0,0,0,0,0,0,0,0,0,0.0,0.0,0.0,0.0,0,0.0,0.0,0.0,0.0,False,a,,,,,2526
184,489571,21,204,Etienne Green,Green,1,0.2,4.0,3,14,Home,2026-01-07T20:15:00Z,2,2,0,0,0,0,0,0,0,0,0,0,0.0,0.0,0.0,0.0,0,0.0,0.0,0.0,0.0,False,u,has joined FC Fredericia permanently.,,,,2526
185,51943,21,204,Václav Hladký,Hladký,1,0.2,3.9,3,14,Home,2026-01-07T20:15:00Z,2,2,0,0,0,0,0,0,0,0,0,0,0.0,0.0,0.0,0.0,0,0.0,0.0,0.0,0.0,False,a,,,,,2526
186,192290,21,204,Connor Roberts,Roberts,2,0.0,4.4,3,14,Home,2026-01-07T20:15:00Z,2,2,0,0,0,0,0,0,0,0,0,0,0.0,0.0,0.0,0.0,0,0.0,0.0,0.0,0.0,False,i,Achilles injury - Unknown return date,,,,2526
187,58621,21,204,Kyle Walker,Walker,2,1.1,4.4,3,14,Home,2026-01-07T20:15:00Z,2,2,90,0,0,0,2,0,0,0,-1,1,0.0,0.01,0.01,2.55,4,0.8,6.0,1.6,0.0,False,a,,,,,2526
188,247245,21,204,Hannes Delcroix,Delcroix,2,0.2,3.8,3,14,Home,2026-01-07T20:15:00Z,2,2,0,0,0,0,0,0,0,0,0,0,0.0,0.0,0.0,0.0,0,0.0,0.0,0.0,0.0,False,u,has joined Lugano permanently.,,,,2526
189,461567,21,204,Owen Dodgson,Dodgson,2,0.0,4.0,3,14,Home,2026-01-07T20:15:00Z,2,2,0,0,0,0,0,0,0,0,0,0,0.0,0.0,0.0,0.0,0,0.0,0.0,0.0,0.0,False,u,Has joined Stockport County on loan for the rest of the season.,,,,2526
190,478969,21,204,Hjalmar Ekdal,Ekdal,2,0.8,3.9,3,14,Home,2026-01-07T20:15:00Z,2,2,0,0,0,0,0,0,0,0,0,0,0.0,0.0,0.0,0.0,0,0.0,0.0,0.0,0.0,False,a,,,,,2526
191,477717,21,204,Maxime Estève,Estève,2,7.9,3.9,3,14,Home,2026-01-07T20:15:00Z,2,2,90,0,0,0,2,0,0,0,17,3,0.0,0.0,0.0,2.55,12,3.3,32.4,0.1,0.0,False,a,,,,,2526
192,494960,21,204,Quilindschy Hartman,Hartman,2,0.6,4.0,3,14,Home,2026-01-07T20:15:00Z,2,2,0,0,0,0,0,0,0,0,0,0,0.0,0.0,0.0,0.0,0,0.0,0.0,0.0,0.0,False,a,,,,,2526
193,461188,21,204,Bashir Humphreys,Humphreys,2,0.1,3.9,3,14,Home,2026-01-07T20:15:00Z,2,2,90,0,1,0,2,0,0,0,25,6,0.0,0.01,0.01,2.55,10,4.1,25.0,11.8,4.0,False,a,,,,,2526
194,241231,21,204,Jordan Beyer,Jordan,2,0.1,3.9,3,14,Home,2026-01-07T20:15:00Z,2,2,0,0,0,0,0,0,0,0,0,0,0.0,0.0,0.0,0.0,0,0.0,0.0,0.0,0.0,False,i,Hamstring injury - Unknown return date,,,,2526
195,549329,21,204,Lucas Pires Silva,Lucas Pires,2,0.3,3.8,3,14,Home,2026-01-07T20:15:00Z,2,2,90,0,0,0,2,0,0,0,-1,1,0.03,0.01,0.04,2.55,2,1.3,3.8,3.5,6.0,False,a,,3.0,,,2526
196,450072,21,204,Shurandy Sambo,Sambo,2,0.0,4.0,3,14,Home,2026-01-07T20:15:00Z,2,2,0,0,0,0,0,0,0,0,0,0,0.0,0.0,0.0,0.0,0,0.0,0.0,0.0,0.0,False,u,has joined Sparta Rotterdam on loan for the rest of the season.,,,,2526
197,519895,21,204,Oliver Sonne,Sonne,2,0.2,3.8,3,14,Home,2026-01-07T20:15:00Z,2,2,1,0,0,0,0,0,0,0,0,1,0.0,0.0,0.0,0.02,0,0.0,0.0,0.1,0.0,False,u,has joined Sparta Prague on loan for the rest of the season.,,,,2526
198,180804,21,204,Axel Tuanzebe,Tuanzebe,2,1.0,3.9,3,14,Home,2026-01-07T20:15:00Z,2,2,0,0,0,0,0,0,0,0,0,0,0.0,0.0,0.0,0.0,0,0.0,0.0,0.0,0.0,False,i,Achilles injury - Expected back 14 Mar,,,,2526
199,208912,21,204,Joe Worrall,Worrall,2,0.2,3.8,3,14,Home,2026-01-07T20:15:00Z,2,2,0,0,0,0,0,0,0,0,0,0,0.0,0.0,0.0,0.0,0,0.0,0.0,0.0,0.0,False,a,,,,,2526
200,444180,21,204,Jaidon Anthony,Anthony,3,1.8,5.0,3,14,Home,2026-01-07T20:15:00Z,2,2,32,1,0,0,1,0,0,0,28,6,0.07,0.01,0.08,0.84,4,7.4,38.6,13.8,22.0,False,a,,2.0,,,2526
201,183751,21,204,Manuel Benson Hedilazio,Benson,3,0.0,5.4,3,14,Home,2026-01-07T20:15:00Z,2,2,0,0,0,0,0,0,0,0,0,0,0.0,0.0,0.0,0.0,0,0.0,0.0,0.0,0.0,False,u,has joined Maccabi Haifa permanently.,,,,2526
202,179458,21,204,Jacob Bruun Larsen,Bruun Larsen,3,0.0,5.3,3,14,Home,2026-01-07T20:15:00Z,2,2,0,0,0,0,0,0,0,0,0,0,0.0,0.0,0.0,0.0,0,0.0,0.0,0.0,0.0,False,a,,,2.0,3.0,2526
203,578614,21,204,Enock Agyei,Boateng,3,0.0,4.7,3,14,Home,2026-01-07T20:15:00Z,2,2,0,0,0,0,0,0,0,0,0,0,0.0,0.0,0.0,0.0,0,0.0,0.0,0.0,0.0,False,a,,,,,2526
204,250735,21,204,Darko Churlinov,Churlinov,3,0.0,4.9,3,14,Home,2026-01-07T20:15:00Z,2,2,0,0,0,0,0,0,0,0,0,0,0.0,0.0,0.0,0.0,0,0.0,0.0,0.0,0.0,False,u,has joined Kocaelispor  permanently.,,,,2526
205,172567,21,204,Josh Cullen,Cullen,3,0.9,4.9,3,14,Home,2026-01-07T20:15:00Z,2,2,0,0,0,0,0,0,0,0,0,0,0.0,0.0,0.0,0.0,0,0.0,0.0,0.0,0.0,False,i,Knee injury - Expected back 30 Sep,,,,2526
206,174592,21,204,Marcus Edwards,Edwards,3,0.1,4.7,3,14,Home,2026-01-07T20:15:00Z,2,2,90,0,1,0,2,0,0,0,26,5,0.09,0.03,0.12,2.53,5,7.0,28.4,34.9,7.0,False,a,,,3.0,,2526
207,465527,21,204,Hannibal Mejbri,Hannibal,3,0.1,4.7,3,14,Home,2026-01-07T20:15:00Z,2,2,57,0,0,0,1,1,0,0,-2,0,0.03,0.02,0.05,1.7,2,2.0,2.2,12.9,5.0,False,a,,4.0,,,2526
208,487702,21,204,Luca Koleosho,Koleosho,3,0.0,5.0,3,14,Home,2026-01-07T20:15:00Z,2,2,0,0,0,0,0,0,0,0,0,0,0.0,0.0,0.0,0.0,0,0.0,0.0,0.0,0.0,False,u,has joined Paris FC on loan for the rest of the season.,,,,2526
209,167887,21,204,Josh Laurent,Laurent,3,0.0,4.8,3,14,Home,2026-01-07T20:15:00Z,2,2,90,0,0,0,2,0,0,0,17,4,0.0,0.01,0.01,2.55,14,2.5,23.8,1.4,0.0,False,a,,,,,2526
210,469272,21,204,Loum Tchaouna,Tchaouna,3,0.0,4.9,3,14,Home,2026-01-07T20:15:00Z,2,2,0,0,0,0,0,0,0,0,0,0,0.0,0.0,0.0,0.0,0,0.0,0.0,0.0,0.0,False,a,,,4.0,,2526
211,447715,21,204,Aaron Ramsey,A.Ramsey,3,1.4,4.4,3,14,Home,2026-01-07T20:15:00Z,2,2,0,0,0,0,0,0,0,0,0,0,0.0,0.0,0.0,0.0,0,0.0,0.0,0.0,0.0,False,u,has joined Leicester City on loan for the rest of the season.,,,,2526
212,576323,21,204,Oluwaseun Adewumi,Adewumi,3,0.0,4.5,3,14,Home,2026-01-07T20:15:00Z,2,2,0,0,0,0,0,0,0,0,0,0,0.0,0.0,0.0,0.0,0,0.0,0.0,0.0,0.0,False,u,Has joined Cercle Brugge on loan for the rest of the season.,,,,2526
213,551206,21,204,Jaydon Banel,Banel,3,0.0,4.5,3,14,Home,2026-01-07T20:15:00Z,2,2,0,0,0,0,0,0,0,0,0,0,0.0,0.0,0.0,0.0,0,0.0,0.0,0.0,0.0,False,u,has joined Derby County on loan for the rest of the season.,,,,2526
214,437748,21,204,Mike Trésor Ndayishimiye,Trésor,3,0.1,4.4,3,14,Home,2026-01-07T20:15:00Z,2,2,0,0,0,0,0,0,0,0,0,0,0.0,0.0,0.0,0.0,0,0.0,0.0,0.0,0.0,False,i,Ankle injury - Unknown return date,,,,2526
215,431639,21,204,Zian Flemming,Flemming,4,0.3,5.3,3,14,Home,2026-01-07T20:15:00Z,2,2,0,0,0,0,0,0,0,0,0,0,0.0,0.0,0.0,0.0,0,0.0,0.0,0.0,0.0,False,a,,,5.0,1.0,2526
216,492831,21,204,Zeki Amdouni,Amdouni,4,0.0,4.8,3,14,Home,2026-01-07T20:15:00Z,2,2,0,0,0,0,0,0,0,0,0,0,0.0,0.0,0.0,0.0,0,0.0,0.0,0.0,0.0,False,i,Knee injury - Expected back 25 Apr,,,,2526
217,435973,21,204,Lyle Foster,Foster,4,0.8,4.9,3,14,Home,2026-01-07T20:15:00Z,2,2,14,0,0,0,0,1,0,0,1,0,0.0,0.0,0.0,0.55,2,0.3,3.0,0.3,0.0,False,a,,,,,2526
218,44699,21,204,Ashley Barnes,Barnes,4,1.5,4.2,3,14,Home,2026-01-07T20:15:00Z,2,2,0,0,0,0,0,0,0,0,0,0,0.0,0.0,0.0,0.0,0,0.0,0.0,0.0,0.0,False,a,,,,2.0,2526
219,220598,21,204,Michael Obafemi,Obafemi,4,0.1,4.4,3,14,Home,2026-01-07T20:15:00Z,2,2,0,0,0,0,0,0,0,0,0,0,0.0,0.0,0.0,0.0,0,0.0,0.0,0.0,0.0,False,u,has joined Blackpool on loan for the rest of the season.,,,,2526
220,215059,21,207,Robert Lynch Sánchez,Sánchez,1,14.5,4.9,7,10,Away,2026-01-07T19:30:00Z,1,2,90,0,0,0,2,0,0,0,9,2,0.0,0.0,0.0,1.2,0,2.0,20.4,0.0,0.0,False,a,,,,,2526
221,508479,21,207,Filip Jörgensen,Jörgensen,1,0.2,4.3,7,10,Away,2026-01-07T19:30:00Z,1,2,0,0,0,0,0,0,0,0,0,0,0.0,0.0,0.0,0.0,0,0.0,0.0,0.0,0.0,False,d,Knock - 50% chance of playing,,,,2526
222,549939,21,207,Mike Penders,Penders,1,0.0,4.0,7,10,Away,2026-01-07T19:30:00Z,1,2,0,0,0,0,0,0,0,0,0,0,0.0,0.0,0.0,0.0,0,0.0,0.0,0.0,0.0,False,u,Has joined RC Strasbourg on loan for the rest of the season.,,,,2526
223,471798,21,207,Gabriel Słonina,Slonina,1,0.1,3.9,7,10,Away,2026-01-07T19:30:00Z,1,2,0,0,0,0,0,0,0,0,0,0,0.0,0.0,0.0,0.0,0,0.0,0.0,0.0,0.0,False,a,,,,,2526
224,179268,21,207,Marc Cucurella Saseta,Cucurella,2,14.7,6.1,7,10,Away,2026-01-07T19:30:00Z,1,2,21,0,0,0,2,0,1,0,-14,-3,0.0,0.0,0.0,0.21,0,0.0,0.0,0.5,0.0,False,i,Hamstring injury - Unknown return date,,,,2526
225,225796,21,207,Reece James,James,2,8.2,5.6,7,10,Away,2026-01-07T19:30:00Z,1,2,25,0,0,0,1,0,0,0,2,1,0.0,0.01,0.01,0.57,5,3.5,18.4,14.3,2.0,False,a,,2.0,2.0,,2526
226,180736,21,207,Trevoh Chalobah,Chalobah,2,22.0,5.7,7,10,Away,2026-01-07T19:30:00Z,1,2,90,0,0,0,2,0,0,0,11,3,0.0,0.0,0.0,1.2,12,3.1,30.4,0.9,0.0,False,a,,,,,2526
227,460028,21,207,Levi Samuels Colwill,Colwill,2,0.1,4.7,7,10,Away,2026-01-07T19:30:00Z,1,2,0,0,0,0,0,0,0,0,0,0,0.0,0.0,0.0,0.0,0,0.0,0.0,0.0,0.0,False,i,Anterior cruciate ligament - Unknown return date,,,,2526
228,482609,21,207,Malo Gusto,Gusto,2,2.0,4.9,7,10,Away,2026-01-07T19:30:00Z,1,2,75,0,0,0,1,0,0,0,11,2,0.0,0.06,0.06,0.62,2,2.4,7.8,12.5,4.0,False,a,,,,,2526
229,242880,21,207,Benoît Badiashile Mukinayi,B.Badiashile,2,0.0,4.4,7,10,Away,2026-01-07T19:30:00Z,1,2,0,0,0,0,0,0,0,0,0,0,0.0,0.0,0.0,0.0,0,0.0,0.0,0.0,0.0,False,a,,,,,2526
230,444463,21,207,Wesley Fofana,Fofana,2,0.4,4.4,7,10,Away,2026-01-07T19:30:00Z,1,2,0,0,0,0,0,0,0,0,0,0,0.0,0.0,0.0,0.0,0,0.0,0.0,0.0,0.0,False,s,Suspended until 04 Mar,,,,2526
231,574458,21,207,Mamadou Sarr,M.Sarr,2,0.0,4.5,7,10,Away,2026-01-07T19:30:00Z,1,2,0,0,0,0,0,0,0,0,0,0,0.0,0.0,0.0,0.0,0,0.0,0.0,0.0,0.0,False,a,,,,,2526
232,109646,21,207,Tosin Adarabioyo,Tosin,2,0.2,4.0,7,10,Away,2026-01-07T19:30:00Z,1,2,90,0,0,0,2,1,0,0,9,0,0.0,0.18,0.18,1.2,8,3.7,23.0,14.2,0.0,False,a,,,,,2526
233,577016,21,207,Josh Acheampong,Acheampong,2,1.6,3.7,7,10,Away,2026-01-07T19:30:00Z,1,2,14,0,0,0,1,0,0,0,0,1,0.0,0.04,0.04,0.57,0,2.0,4.6,15.1,0.0,False,a,,,,,2526
234,622758,21,207,Aarón Anselmino,Anselmino,2,0.1,4.0,7,10,Away,2026-01-07T19:30:00Z,1,2,0,0,0,0,0,0,0,0,0,0,0.0,0.0,0.0,0.0,0,0.0,0.0,0.0,0.0,False,u,has joined Strasbourg on loan for the rest of the season.,,,,2526
235,244851,21,207,Cole Palmer,Palmer,3,16.8,10.6,7,10,Away,2026-01-07T19:30:00Z,1,2,74,0,0,0,1,1,0,0,7,1,0.08,0.02,0.1,0.62,7,4.2,11.0,2.9,28.0,False,a,,,3.0,1.0,2526
236,247632,21,207,Pedro Lomba Neto,Neto,3,4.9,7.0,7,10,Away,2026-01-07T19:30:00Z,1,2,90,0,1,0,2,0,0,0,25,5,0.14,0.13,0.27,1.2,4,5.0,10.2,20.3,19.0,False,a,,1.0,4.0,,2526
237,448047,21,207,Enzo Fernández,Enzo,3,20.5,6.8,7,10,Away,2026-01-07T19:30:00Z,1,2,64,0,0,0,1,1,0,0,13,1,0.05,0.29,0.34,0.62,5,5.7,9.2,44.1,4.0,False,a,,3.0,1.0,2.0,2526
238,624773,21,207,Estêvão Almeida de Oliveira Gonçalves,Estêvão,3,2.2,6.4,7,10,Away,2026-01-07T19:30:00Z,1,2,0,0,0,0,0,0,0,0,0,0,0.0,0.0,0.0,0.0,0,0.0,0.0,0.0,0.0,False,d,Hamstring injury - 75% chance of playing,,,3.0,2526
239,463936,21,207,Jamie Bynoe-Gittens,Gittens,3,0.1,6.0,7,10,Away,2026-01-07T19:30:00Z,1,2,0,0,0,0,0,0,0,0,0,0,0.0,0.0,0.0,0.0,0,0.0,0.0,0.0,0.0,False,i,Hamstring injury - Unknown return date,,,,2526
240,213198,21,207,Christopher Nkunku,Nkunku,3,0.1,5.9,7,10,Away,2026-01-07T19:30:00Z,1,2,0,0,0,0,0,0,0,0,0,0,0.0,0.0,0.0,0.0,0,0.0,0.0,0.0,0.0,False,u,has joined AC Milan permanently.,,,,2526
241,486672,21,207,Moisés Caicedo Corozo,Caicedo,3,7.8,5.7,7,10,Away,2026-01-07T19:30:00Z,1,2,90,0,0,0,2,0,0,0,22,4,0.21,0.03,0.24,1.2,14,5.6,26.2,6.7,23.0,False,a,,,,,2526
242,215413,21,206,Kiernan Dewsbury-Hall,Dewsbury-Hall,3,3.3,5.0,9,20,Home,2026-01-07T19:30:00Z,1,1,0,0,0,0,0,0,0,0,0,0,0.0,0.0,0.0,0.0,0,0.0,0.0,0.0,0.0,False,a,,2.0,,,2526
243,550615,21,207,Tyrique George,George,3,0.1,4.8,9,10,Away,2026-01-07T19:30:00Z,1,2,0,0,0,0,0,0,0,0,0,0,0.0,0.0,0.0,0.0,0,0.0,0.0,0.0,0.0,False,a,,,,,2526
244,514356,21,207,Roméo Lavia,Lavia,3,0.0,4.9,7,10,Away,2026-01-07T19:30:00Z,1,2,0,0,0,0,0,0,0,0,0,0,0.0,0.0,0.0,0.0,0,0.0,0.0,0.0,0.0,False,a,,,,,2526
245,465920,21,207,Mykhailo Mudryk,Mudryk,3,0.0,4.9,7,10,Away,2026-01-07T19:30:00Z,1,2,0,0,0,0,0,0,0,0,0,0,0.0,0.0,0.0,0.0,0,0.0,0.0,0.0,0.0,False,s,Suspended - unknown return date,,,,2526
246,532605,21,207,Andrey Nascimento dos Santos,Andrey Santos,3,0.3,4.5,7,10,Away,2026-01-07T19:30:00Z,1,2,27,0,0,0,0,0,0,0,0,1,0.83,0.05,0.88,0.41,5,1.5,4.0,3.9,7.0,False,a,,,,,2526
247,491007,21,207,Dário Luís Essugo,D.Essugo,3,0.1,4.3,7,10,Away,2026-01-07T19:30:00Z,1,2,0,0,0,0,0,0,0,0,0,0,0.0,0.0,0.0,0.0,0,0.0,0.0,0.0,0.0,False,i,Knock - Expected back 04 Mar,,,,2526
248,611134,21,207,Kendry Páez Andrade,Paez,3,0.0,4.5,7,10,Away,2026-01-07T19:30:00Z,1,2,0,0,0,0,0,0,0,0,0,0,0.0,0.0,0.0,0.0,0,0.0,0.0,0.0,0.0,False,u,has joined River Plate on loan for the rest of the season.,,,,2526
249,475168,21,207,João Pedro Junqueira de Jesus,João Pedro,4,47.2,7.7,7,10,Away,2026-01-07T19:30:00Z,1,2,15,0,0,0,1,0,0,0,3,1,0.0,0.0,0.0,0.57,0,0.2,0.2,1.6,0.0,False,a,,,,,2526
250,463034,21,207,Liam Delap,Delap,4,0.9,6.2,7,10,Away,2026-01-07T19:30:00Z,1,2,90,1,0,0,2,0,0,1,33,7,0.99,0.04,1.03,1.2,5,12.2,38.6,23.3,60.0,False,a,,,,,2526
251,517052,21,207,Nicolas Jackson,N.Jackson,4,0.1,6.5,7,10,Away,2026-01-07T19:30:00Z,1,2,0,0,0,0,0,0,0,0,0,0,0.0,0.0,0.0,0.0,0,0.0,0.0,0.0,0.0,False,u,has joined Bayern Munich on loan for the rest of the season.,,,,2526
252,499309,21,207,Marc Guiu Paz,Marc Guiu,4,5.9,4.1,7,10,Away,2026-01-07T19:30:00Z,1,2,0,0,0,0,0,0,0,0,0,0,0.0,0.0,0.0,0.0,0,0.0,0.0,0.0,0.0,False,a,,,,,2526
253,172649,21,205,Dean Henderson,Henderson,1,7.5,5.0,8,2,Home,2026-01-07T19:30:00Z,0,0,90,0,0,1,0,0,0,0,29,7,0.0,0.0,0.0,1.74,0,2.6,25.8,0.0,0.0,False,a,,,,,2526
254,121709,21,205,Walter Benítez,Benitez,1,0.3,4.0,8,2,Home,2026-01-07T19:30:00Z,0,0,0,0,0,0,0,0,0,0,0,0,0.0,0.0,0.0,0.0,0,0.0,0.0,0.0,0.0,False,a,,,,,2526
255,169593,21,205,Remi Matthews,Matthews,1,0.1,3.9,8,2,Home,2026-01-07T19:30:00Z,0,0,0,0,0,0,0,0,0,0,0,0,0.0,0.0,0.0,0.0,0,0.0,0.0,0.0,0.0,False,a,,,,,2526
256,247348,21,205,Daniel Muñoz Mejía,Muñoz,2,8.4,5.9,8,2,Home,2026-01-07T19:30:00Z,0,0,0,0,0,0,0,0,0,0,0,0,0.0,0.0,0.0,0.0,0,0.0,0.0,0.0,0.0,False,a,,,,,2526
257,437499,21,205,Maxence Lacroix,Lacroix,2,5.1,5.1,8,2,Home,2026-01-07T19:30:00Z,0,0,90,0,0,1,0,0,0,0,28,8,0.0,0.0,0.0,1.74,11,2.1,20.4,0.4,0.0,False,d,Thigh injury - 75% chance of playing,,,,2526
258,244723,21,205,Tyrick Mitchell,Mitchell,2,2.1,5.0,8,2,Home,2026-01-07T19:30:00Z,0,0,90,0,0,1,0,1,0,0,20,5,0.26,0.09,0.35,1.74,4,7.0,16.4,16.8,37.0,False,a,,,,,2526
259,218364,21,205,Borna Sosa,Sosa,2,0.1,4.8,8,2,Home,2026-01-07T19:30:00Z,0,0,1,0,0,0,0,0,0,0,3,1,0.0,0.0,0.0,0.1,0,0.0,0.0,0.3,0.0,False,a,,,,,2526
260,209036,21,205,Marc Guéhi,Guéhi,2,36.9,5.2,13,8,Away,2026-01-07T19:30:00Z,0,0,90,0,0,1,0,0,0,0,27,6,0.0,0.03,0.03,1.74,6,2.7,23.6,3.2,0.0,False,a,,,,,2526
261,427623,21,205,Chris Richards,Richards,2,2.7,4.4,8,2,Home,2026-01-07T19:30:00Z,0,0,0,0,0,0,0,0,0,0,0,0,0.0,0.0,0.0,0.0,0,0.0,0.0,0.0,0.0,False,a,,,,,2526
262,515621,21,205,Chadi Riad Dnanou,Chadi Riad,2,0.0,4.0,8,2,Home,2026-01-07T19:30:00Z,0,0,0,0,0,0,0,0,0,0,0,0,0.0,0.0,0.0,0.0,0,0.0,0.0,0.0,0.0,False,a,,,,,2526
263,57328,21,205,Nathaniel Clyne,Clyne,2,0.6,3.8,8,2,Home,2026-01-07T19:30:00Z,0,0,0,0,0,0,0,0,0,0,0,0,0.0,0.0,0.0,0.0,0,0.0,0.0,0.0,0.0,False,a,,,,,2526
264,156074,21,205,Rob Holding,Holding,2,0.0,4.0,8,2,Home,2026-01-07T19:30:00Z,0,0,0,0,0,0,0,0,0,0,0,0,0.0,0.0,0.0,0.0,0,0.0,0.0,0.0,0.0,False,u,Has joined Colorado Rapids permanently.,,,,2526
265,590012,21,205,Caleb Kporha,Kporha,2,0.0,4.0,8,2,Home,2026-01-07T19:30:00Z,0,0,0,0,0,0,0,0,0,0,0,0,0.0,0.0,0.0,0.0,0,0.0,0.0,0.0,0.0,False,a,,,,,2526
266,232413,21,201,Eberechi Eze,Eze,3,7.9,7.2,1,12,Home,2026-01-08T20:00:00Z,0,0,12,0,0,0,0,0,0,0,4,1,0.0,0.0,0.0,0.06,1,0.1,0.2,0.3,0.0,False,a,,,,,2526
267,232185,21,205,Ismaïla Sarr,Sarr,3,3.9,6.4,8,2,Home,2026-01-07T19:30:00Z,0,0,0,0,0,0,0,0,0,0,0,0,0.0,0.0,0.0,0.0,0,0.0,0.0,0.0,0.0,False,a,,,,3.0,2526
268,438464,21,205,Cheick Doucouré,Doucouré,3,0.0,4.9,8,2,Home,2026-01-07T19:30:00Z,0,0,0,0,0,0,0,0,0,0,0,0,0.0,0.0,0.0,0.0,0,0.0,0.0,0.0,0.0,False,i,Knee injury - Unknown return date,,,,2526
269,606921,21,205,Romain Esse,Esse,3,0.1,4.7,8,2,Home,2026-01-07T19:30:00Z,0,0,0,0,0,0,0,0,0,0,0,0,0.0,0.0,0.0,0.0,0,0.0,0.0,0.0,0.0,False,u,has joined Coventry City on loan for the rest of the season.,,,,2526
270,108413,21,205,Will Hughes,Hughes,3,0.1,4.7,8,2,Home,2026-01-07T19:30:00Z,0,0,90,0,0,1,0,0,0,0,16,3,0.06,0.1,0.16,1.74,9,4.4,14.2,24.3,5.0,False,a,,1.0,,,2526
271,209400,21,205,Daichi Kamada,Kamada,3,0.1,5.0,8,2,Home,2026-01-07T19:30:00Z,0,0,0,0,0,0,0,0,0,0,0,0,0.0,0.0,0.0,0.0,0,0.0,0.0,0.0,0.0,False,a,,,,,2526
272,152551,21,205,Jefferson Lerma Solís,Lerma,3,0.1,4.9,8,2,Home,2026-01-07T19:30:00Z,0,0,0,0,0,0,0,0,0,0,0,0,0.0,0.0,0.0,0.0,0,0.0,0.0,0.0,0.0,False,i,Hamstring injury - Expected back 14 Mar,,,,2526
273,496221,21,205,Adam Wharton,Wharton,3,0.6,5.0,8,2,Home,2026-01-07T19:30:00Z,0,0,90,0,0,1,0,0,0,0,20,3,0.1,0.54,0.64,1.74,10,7.0,23.6,39.1,7.0,False,a,,3.0,,,2526
274,579075,21,205,Asher Agbinone,Agbinone,3,0.1,4.3,8,2,Home,2026-01-07T19:30:00Z,0,0,0,0,0,0,0,0,0,0,0,0,0.0,0.0,0.0,0.0,0,0.0,0.0,0.0,0.0,False,a,,,,,2526
275,466117,21,205,Naouirou Ahamada,Ahamada,3,0.0,4.3,8,2,Home,2026-01-07T19:30:00Z,0,0,0,0,0,0,0,0,0,0,0,0,0.0,0.0,0.0,0.0,0,0.0,0.0,0.0,0.0,False,u,has joined AJ Auxerre permanently.,,,,2526
276,489706,21,205,Justin Devenny,Devenny,3,1.3,4.3,8,2,Home,2026-01-07T19:30:00Z,0,0,89,0,0,1,0,0,0,0,3,3,0.23,0.03,0.26,1.64,7,4.0,12.2,13.9,14.0,False,a,,,2.0,4.0,2526
277,450535,21,205,Malcolm Ebiowei,Ebiowei,3,0.0,4.5,8,2,Home,2026-01-07T19:30:00Z,0,0,0,0,0,0,0,0,0,0,0,0,0.0,0.0,0.0,0.0,0,0.0,0.0,0.0,0.0,False,u,Has joined Blackpool permanently.,,,,2526
278,450542,21,205,Jesurun Rak-Sakyi,J.Rak-Sakyi,3,0.0,4.4,8,2,Home,2026-01-07T19:30:00Z,0,0,0,0,0,0,0,0,0,0,0,0,0.0,0.0,0.0,0.0,0,0.0,0.0,0.0,0.0,False,u,has joined Stoke City on loan for the rest of the season.,,,,2526
279,536694,21,205,Matheus França de Oliveira,M.França,3,0.0,4.5,8,2,Home,2026-01-07T19:30:00Z,0,0,0,0,0,0,0,0,0,0,0,0,0.0,0.0,0.0,0.0,0,0.0,0.0,0.0,0.0,False,u,Has joined CR Vasco da Gama on loan for the rest of the season.,,,,2526
280,531989,21,205,David Ozoh,Ozoh,3,0.0,4.5,8,2,Home,2026-01-07T19:30:00Z,0,0,0,0,0,0,0,0,0,0,0,0,0.0,0.0,0.0,0.0,0,0.0,0.0,0.0,0.0,False,u,Has joined Derby County on loan for the rest of the season.,,,,2526
281,530318,21,205,Kaden Rodney,Rodney,3,0.0,4.4,8,2,Home,2026-01-07T19:30:00Z,0,0,0,0,0,0,0,0,0,0,0,0,0.0,0.0,0.0,0.0,0,0.0,0.0,0.0,0.0,False,a,,,,,2526
282,574398,21,205,Franco Umeh-Chibueze,Umeh,3,0.0,4.5,8,2,Home,2026-01-07T19:30:00Z,0,0,0,0,0,0,0,0,0,0,0,0,0.0,0.0,0.0,0.0,0,0.0,0.0,0.0,0.0,False,u,has joined Portsmouth permanently.,,,,2526
283,231747,21,205,Jean-Philippe Mateta,Mateta,4,6.8,7.5,8,2,Home,2026-01-07T19:30:00Z,0,0,90,0,0,1,0,0,0,0,4,2,0.0,0.0,0.0,1.74,7,1.3,8.4,0.3,4.0,False,i,Knee injury - Expected back 14 Mar,,,2.0,2526
284,205533,21,205,Eddie Nketiah,Nketiah,4,0.3,5.4,8,2,Home,2026-01-07T19:30:00Z,0,0,0,0,0,0,0,0,0,0,0,0,0.0,0.0,0.0,0.0,0,0.0,0.0,0.0,0.0,False,i,Hamstring injury - Expected back 11 Apr,,,,2526
285,199670,21,205,Odsonne Édouard,Édouard,4,0.2,5.0,8,2,Home,2026-01-07T19:30:00Z,0,0,0,0,0,0,0,0,0,0,0,0,0.0,0.0,0.0,0.0,0,0.0,0.0,0.0,0.0,False,u,has joined RC Lens permanently.,,,,2526
286,576980,21,205,Zach Marsh,Marsh,4,0.3,4.4,8,2,Home,2026-01-07T19:30:00Z,0,0,0,0,0,0,0,0,0,0,0,0,0.0,0.0,0.0,0.0,0,0.0,0.0,0.0,0.0,False,a,,,,,2526
287,111234,21,206,Jordan Pickford,Pickford,1,13.1,5.6,9,20,Home,2026-01-07T19:30:00Z,1,1,90,0,0,0,1,0,0,0,12,3,0.0,0.01,0.01,0.73,0,2.4,23.8,0.0,0.0,False,a,,,,,2526
288,229600,21,206,Mark Travers,Travers,1,0.1,4.3,9,20,Home,2026-01-07T19:30:00Z,1,1,0,0,0,0,0,0,0,0,0,0,0.0,0.0,0.0,0.0,0,0.0,0.0,0.0,0.0,False,d,Hand injury - 75% chance of playing,,,,2526
289,447325,21,206,Harry Tyrer,Tyrer,1,0.1,3.9,9,20,Home,2026-01-07T19:30:00Z,1,1,0,0,0,0,0,0,0,0,0,0,0.0,0.0,0.0,0.0,0,0.0,0.0,0.0,0.0,False,u,has joined Cardiff City permanently.,,,,2526
290,480455,21,206,Jarrad Branthwaite,Branthwaite,2,0.2,5.3,9,20,Home,2026-01-07T19:30:00Z,1,1,0,0,0,0,0,0,0,0,0,0,0.0,0.0,0.0,0.0,0,0.0,0.0,0.0,0.0,False,a,,,,,2526
291,17761,21,206,James Tarkowski,Tarkowski,2,11.0,5.7,9,20,Home,2026-01-07T19:30:00Z,1,1,90,0,0,0,1,0,0,0,14,4,0.0,0.01,0.01,0.73,14,5.7,34.0,10.8,12.0,False,a,,,,,2526
292,224967,21,206,Vitalii Mykolenko,Mykolenko,2,0.6,4.9,9,20,Home,2026-01-07T19:30:00Z,1,1,90,0,0,0,1,0,0,0,7,2,0.13,0.01,0.14,0.73,9,2.9,17.2,2.9,9.0,False,a,,,,,2526
293,512462,21,206,Jake O'Brien,O'Brien,2,0.7,4.9,9,20,Home,2026-01-07T19:30:00Z,1,1,90,0,0,0,1,0,0,0,6,2,0.0,0.1,0.1,0.73,5,4.0,14.2,25.4,0.0,False,a,,,,,2526
294,59949,21,206,Séamus Coleman,Coleman,2,0.1,4.2,9,20,Home,2026-01-07T19:30:00Z,1,1,0,0,0,0,0,0,0,0,0,0,0.0,0.0,0.0,0.0,0,0.0,0.0,0.0,0.0,False,a,,,,,2526
295,106611,21,206,Michael Keane,Keane,2,3.5,4.6,9,20,Home,2026-01-07T19:30:00Z,1,1,82,1,0,0,1,0,1,0,11,5,0.43,0.0,0.43,0.47,6,6.9,39.0,0.4,30.0,False,a,,,,,2526
296,243571,21,206,Nathan Patterson,Patterson,2,0.0,4.4,9,20,Home,2026-01-07T19:30:00Z,1,1,3,0,0,0,0,0,0,0,3,1,0.0,0.0,0.0,0.16,1,0.2,2.0,0.0,0.0,False,a,,,,,2526
297,496178,21,206,Roman Dixon,Dixon,2,0.2,3.8,9,20,Home,2026-01-07T19:30:00Z,1,1,0,0,0,0,0,0,0,0,0,0,0.0,0.0,0.0,0.0,0,0.0,0.0,0.0,0.0,False,u,has joined Stockport County on loan for the rest of the season.,,,,2526
298,474907,21,206,Reece Welch,Welch,2,0.1,3.8,9,20,Home,2026-01-07T19:30:00Z,1,1,0,0,0,0,0,0,0,0,0,0,0.0,0.0,0.0,0.0,0,0.0,0.0,0.0,0.0,False,a,,,,,2526
299,440993,21,206,Iliman Ndiaye,Ndiaye,3,3.9,6.2,9,20,Home,2026-01-07T19:30:00Z,1,1,0,0,0,0,0,0,0,0,0,0,0.0,0.0,0.0,0.0,0,0.0,0.0,0.0,0.0,False,a,,,,1.0,2526
300,433154,21,206,Dwight McNeil,McNeil,3,0.1,5.5,9,20,Home,2026-01-07T19:30:00Z,1,1,90,0,0,0,1,0,0,0,11,2,0.02,0.1,0.12,0.57,4,1.8,6.2,9.6,2.0,False,a,,,,,2526
301,502697,21,206,Carlos Alcaraz Durán,Alcaraz,3,0.1,5.2,9,20,Home,2026-01-07T19:30:00Z,1,1,0,0,0,0,0,0,0,0,0,0,0.0,0.0,0.0,0.0,0,0.0,0.0,0.0,0.0,False,d,Knock - 25% chance of playing,,,,2526
302,80801,21,206,Idrissa Gana Gueye,Gana,3,0.1,5.4,9,20,Home,2026-01-07T19:30:00Z,1,1,0,0,0,0,0,0,0,0,0,0,0.0,0.0,0.0,0.0,0,0.0,0.0,0.0,0.0,False,a,,,,,2526
303,232928,21,206,James Garner,Garner,3,3.8,5.2,9,20,Home,2026-01-07T19:30:00Z,1,1,90,0,0,0,1,0,0,2,27,6,0.08,0.36,0.44,0.73,16,7.3,24.4,31.8,17.0,False,a,,1.0,3.0,2.0,2526
304,490094,21,206,Tim Iroegbunam,Iroegbunam,3,0.0,4.8,9,20,Home,2026-01-07T19:30:00Z,1,1,90,0,1,0,1,1,0,1,25,7,0.12,0.02,0.14,0.73,12,7.9,26.0,33.1,20.0,False,a,,,,,2526
305,609873,21,206,Harrison Armstrong,Armstrong,3,0.1,4.5,9,20,Home,2026-01-07T19:30:00Z,1,1,86,0,0,0,1,0,0,0,12,4,0.0,0.02,0.02,0.57,12,2.3,15.0,6.3,2.0,False,a,,,,,2526
306,547801,21,206,Callum Bates,Bates,3,0.1,4.3,9,20,Home,2026-01-07T19:30:00Z,1,1,0,0,0,0,0,0,0,0,0,0,0.0,0.0,0.0,0.0,0,0.0,0.0,0.0,0.0,False,a,,,,,2526
307,504296,21,206,Coby Ebere,Ebere,3,0.0,4.4,9,20,Home,2026-01-07T19:30:00Z,1,1,0,0,0,0,0,0,0,0,0,0,0.0,0.0,0.0,0.0,0,0.0,0.0,0.0,0.0,False,a,,,,,2526
308,496279,21,206,Isaac Heath,Heath,3,0.0,4.5,9,20,Home,2026-01-07T19:30:00Z,1,1,0,0,0,0,0,0,0,0,0,0,0.0,0.0,0.0,0.0,0,0.0,0.0,0.0,0.0,False,u,has joined Accrington on loan for the rest of the season.,,,,2526
309,491557,21,206,Jenson Metcalfe,Metcalfe,3,0.0,4.5,9,20,Home,2026-01-07T19:30:00Z,1,1,0,0,0,0,0,0,0,0,0,0,0.0,0.0,0.0,0.0,0,0.0,0.0,0.0,0.0,False,u,Has joined Bradford City permanently.,,,,2526
310,586309,21,206,Thierno Barry,Barry,4,1.1,5.7,9,20,Home,2026-01-07T19:30:00Z,1,1,86,0,0,0,1,0,0,0,8,2,0.04,0.0,0.04,0.57,6,1.6,7.6,3.9,4.0,False,a,,,,,2526
311,486385,21,206,Norberto Bercique Gomes Betuncal,Beto,4,2.4,5.0,9,20,Home,2026-01-07T19:30:00Z,1,1,3,0,0,0,0,0,0,0,2,1,0.0,0.0,0.0,0.16,0,0.0,0.0,0.0,0.0,False,a,,,,3.0,2526
312,491012,21,206,Youssef Ramalho Chermiti,Y.Chermiti,4,0.1,4.9,9,20,Home,2026-01-07T19:30:00Z,1,1,0,0,0,0,0,0,0,0,0,0,0.0,0.0,0.0,0.0,0,0.0,0.0,0.0,0.0,False,u,has joined Rangers permanently.,,,,2526
313,536241,21,206,Martin Sherif,Sherif,4,0.1,4.4,9,20,Home,2026-01-07T19:30:00Z,1,1,0,0,0,0,0,0,0,0,0,0,0.0,0.0,0.0,0.0,0,0.0,0.0,0.0,0.0,False,u,has joined Port Vale on loan for the rest of the season.,,,,2526
314,80201,21,207,Bernd Leno,Leno,1,1.5,4.9,10,7,Home,2026-01-07T19:30:00Z,2,1,90,0,0,0,1,0,0,0,19,3,0.0,0.0,0.0,2.39,0,3.4,34.2,0.0,0.0,False,a,,,,,2526
315,428971,21,207,Steven Benda,Benda,1,0.0,4.0,10,7,Home,2026-01-07T19:30:00Z,2,1,0,0,0,0,0,0,0,0,0,0,0.0,0.0,0.0,0.0,0,0.0,0.0,0.0,0.0,False,u,has joined Feyenoord on loan for the rest of the season.,,,,2526
316,169528,21,207,Antonee Robinson,Robinson,2,0.7,4.9,10,7,Home,2026-01-07T19:30:00Z,2,1,72,0,0,0,1,0,0,0,10,2,0.0,0.04,0.04,2.33,6,3.0,12.2,13.8,4.0,False,d,Ankle injury - 75% chance of playing,,,,2526
317,174874,21,207,Joachim Andersen,Andersen,2,4.6,4.5,10,7,Home,2026-01-07T19:30:00Z,2,1,90,0,0,0,1,0,0,0,12,2,0.0,0.03,0.03,2.39,8,3.1,27.4,3.3,0.0,False,a,,,,,2526
318,232892,21,207,Calvin Bassey,Bassey,2,0.4,4.4,10,7,Home,2026-01-07T19:30:00Z,2,1,0,0,0,0,0,0,0,0,0,0,0.0,0.0,0.0,0.0,0,0.0,0.0,0.0,0.0,False,a,,,,,2526
319,166477,21,207,Timothy Castagne,Castagne,2,0.1,4.3,10,7,Home,2026-01-07T19:30:00Z,2,1,90,0,0,0,1,1,0,0,5,1,0.0,0.03,0.03,2.39,4,3.1,12.0,14.9,4.0,False,a,,,,,2526
320,219924,21,207,Issa Diop,Diop,2,0.1,4.3,10,7,Home,2026-01-07T19:30:00Z,2,1,90,0,0,0,1,0,0,0,11,2,0.02,0.01,0.03,2.39,5,2.1,15.2,1.7,4.0,False,a,,,,,2526
321,246301,21,207,Jorge Cuenca Barreno,J.Cuenca,2,0.1,4.3,10,7,Home,2026-01-07T19:30:00Z,2,1,45,0,0,0,0,1,0,0,9,0,0.0,0.04,0.04,0.93,2,0.6,4.8,0.9,0.0,False,a,,,,,2526
322,167074,21,207,Kenny Tete,Tete,2,0.3,4.5,10,7,Home,2026-01-07T19:30:00Z,2,1,0,0,0,0,0,0,0,0,0,0,0.0,0.0,0.0,0.0,0,0.0,0.0,0.0,0.0,False,a,,,,,2526
323,591385,21,207,Samuel Amissah,Amissah,2,0.1,3.8,10,7,Home,2026-01-07T19:30:00Z,2,1,0,0,0,0,0,0,0,0,0,0,0.0,0.0,0.0,0.0,0,0.0,0.0,0.0,0.0,False,a,,,,,2526
324,153133,21,207,Alex Iwobi,Iwobi,3,0.8,6.3,10,7,Home,2026-01-07T19:30:00Z,2,1,0,0,0,0,0,0,0,0,0,0,0.0,0.0,0.0,0.0,0,0.0,0.0,0.0,0.0,False,a,,2.0,,,2526
325,209289,21,207,Emile Smith Rowe,Smith Rowe,3,0.5,5.6,10,7,Home,2026-01-07T19:30:00Z,2,1,82,0,1,0,1,0,0,0,23,5,0.05,0.05,0.1,2.33,10,3.9,11.6,18.0,9.0,False,a,,,,,2526
326,159533,21,207,Adama Traoré Diarra,Adama,3,0.2,5.1,19,10,Away,2026-01-07T19:30:00Z,1,2,1,0,0,0,0,0,0,0,2,1,0.0,0.0,0.0,0.0,0,0.0,0.0,0.0,0.0,False,a,,,,,2526
327,156689,21,207,Andreas Hoelgebaum Pereira,Andreas,3,0.1,5.3,10,7,Home,2026-01-07T19:30:00Z,2,1,0,0,0,0,0,0,0,0,0,0,0.0,0.0,0.0,0.0,0,0.0,0.0,0.0,0.0,False,u,has joined Palmeiras permanently.,,,,2526
328,184349,21,207,Ryan Sessegnon,Sessegnon,3,0.2,5.4,10,7,Home,2026-01-07T19:30:00Z,2,1,17,0,0,0,0,0,0,0,5,1,0.0,0.44,0.44,0.06,1,2.9,6.8,15.8,6.0,False,a,,,,,2526
329,153682,21,207,Harry Wilson,Wilson,3,20.6,5.9,10,7,Home,2026-01-07T19:30:00Z,2,1,90,1,0,0,1,0,0,2,37,9,0.63,0.1,0.73,2.39,4,13.2,47.6,17.8,67.0,False,a,,1.0,1.0,3.0,2526
330,207189,21,207,Sander Berge,Berge,3,0.1,4.9,10,7,Home,2026-01-07T19:30:00Z,2,1,90,0,1,0,1,0,0,3,44,10,0.0,0.1,0.1,2.39,14,7.3,50.2,22.7,0.0,True,a,,,,,2526
331,76357,21,207,Tom Cairney,Cairney,3,0.0,4.8,10,7,Home,2026-01-07T19:30:00Z,2,1,72,0,0,0,1,0,0,0,18,2,0.03,0.06,0.09,2.33,7,3.5,11.4,22.0,2.0,False,a,,,,,2526
332,212314,21,207,Saša Lukić,Lukić,3,0.1,4.9,10,7,Home,2026-01-07T19:30:00Z,2,1,17,0,0,0,0,0,0,0,3,1,0.0,0.11,0.11,0.06,2,1.6,2.2,11.8,2.0,False,d,Hamstring injury - 50% chance of playing,3.0,,,2526
333,573062,21,207,Martial Godo,Godo,3,0.0,4.5,10,7,Home,2026-01-07T19:30:00Z,2,1,0,0,0,0,0,0,0,0,0,0,0.0,0.0,0.0,0.0,0,0.0,0.0,0.0,0.0,False,u,has joined Strasbourg permanently.,,,,2526
334,515024,21,207,Luke Harris,Harris,3,0.0,4.5,10,7,Home,2026-01-07T19:30:00Z,2,1,0,0,0,0,0,0,0,0,0,0,0.0,0.0,0.0,0.0,0,0.0,0.0,0.0,0.0,False,u,Has joined Oxford United on loan for the rest of the season.,,,,2526
335,577725,21,207,Josh King,King,3,1.8,4.4,10,7,Home,2026-01-07T19:30:00Z,2,1,0,0,0,0,0,0,0,0,0,0,0.0,0.0,0.0,0.0,0,0.0,0.0,0.0,0.0,False,a,,,,,2526
336,153366,21,207,Harrison Reed,Reed,3,0.4,4.3,10,7,Home,2026-01-07T19:30:00Z,2,1,7,0,0,0,0,0,0,0,3,1,0.0,0.0,0.0,0.06,0,0.0,0.2,0.0,0.0,False,a,,,,,2526
337,102057,21,207,Raúl Jiménez Rodríguez,Raúl,4,2.1,6.1,10,7,Home,2026-01-07T19:30:00Z,2,1,90,1,0,0,1,1,0,0,29,5,0.35,0.2,0.55,2.39,7,11.7,43.2,33.4,40.0,False,a,,,2.0,1.0,2526
338,244042,21,207,Rodrigo Muniz Carvalho,Muniz,4,0.7,5.3,10,7,Home,2026-01-07T19:30:00Z,2,1,0,0,0,0,0,0,0,0,0,0,0.0,0.0,0.0,0.0,0,0.0,0.0,0.0,0.0,False,a,,,,,2526
339,437495,21,209,Illan Meslier,Meslier,1,0.3,4.1,11,15,Away,2026-01-07T20:15:00Z,3,4,0,0,0,0,0,0,0,0,0,0,0.0,0.0,0.0,0.0,0,0.0,0.0,0.0,0.0,False,a,,,,,2526
340,97846,21,209,Alex Cairns,Cairns,1,0.2,3.9,11,15,Away,2026-01-07T20:15:00Z,3,4,0,0,0,0,0,0,0,0,0,0,0.0,0.0,0.0,0.0,0,0.0,0.0,0.0,0.0,False,a,,,,,2526
341,59735,21,209,Karl Darlow,Darlow,1,2.4,3.9,11,15,Away,2026-01-07T20:15:00Z,3,4,0,0,0,0,0,0,0,0,0,0,0.0,0.0,0.0,0.0,0,0.0,0.0,0.0,0.0,False,a,,,,,2526
342,226182,21,209,Jayden Bogle,Bogle,2,0.2,4.4,11,15,Away,2026-01-07T20:15:00Z,3,4,0,0,0,0,0,0,0,0,0,0,0.0,0.0,0.0,0.0,0,0.0,0.0,0.0,0.0,False,a,,,,,2526
343,222694,21,209,Pascal Struijk,Struijk,2,0.4,4.3,11,15,Away,2026-01-07T20:15:00Z,3,4,90,0,0,0,4,0,0,0,-5,2,0.38,0.02,0.4,2.44,13,3.6,25.6,2.7,8.0,False,a,,,,,2526
344,434752,21,209,Jaka Bijol,Bijol,2,0.4,3.9,11,15,Away,2026-01-07T20:15:00Z,3,4,90,0,1,0,4,0,0,0,3,3,0.04,0.02,0.06,2.44,9,2.8,16.2,1.1,11.0,False,a,,,,,2526
345,437738,21,209,Sebastiaan Bornauw,Bornauw,2,0.2,3.8,11,15,Away,2026-01-07T20:15:00Z,3,4,1,0,0,0,1,0,0,0,-1,1,0.0,0.0,0.0,0.15,1,0.1,1.0,0.0,0.0,False,a,,,,,2526
346,113564,21,209,Sam Byram,Byram,2,0.2,3.8,11,15,Away,2026-01-07T20:15:00Z,3,4,0,0,0,0,0,0,0,0,0,0,0.0,0.0,0.0,0.0,0,0.0,0.0,0.0,0.0,False,a,,,,,2526
347,243526,21,209,Gabriel Gudmundsson,Gudmundsson,2,3.8,3.8,11,15,Away,2026-01-07T20:15:00Z,3,4,90,0,0,0,4,0,0,0,-4,0,0.0,0.12,0.12,2.44,5,3.4,14.2,15.6,4.0,False,a,,,,,2526
348,214225,21,209,Joe Rodon,Rodon,2,3.9,3.9,11,15,Away,2026-01-07T20:15:00Z,3,4,90,0,0,0,3,0,0,0,-4,1,0.0,0.01,0.01,2.28,3,1.0,8.4,1.4,0.0,False,a,,,,,2526
349,492368,21,209,Isaac Schmidt,Schmidt,2,0.1,4.0,11,15,Away,2026-01-07T20:15:00Z,3,4,0,0,0,0,0,0,0,0,0,0,0.0,0.0,0.0,0.0,0,0.0,0.0,0.0,0.0,False,u,has joined Werder Bremen on loan for the rest of the season.,,,,2526
350,427637,21,209,Brenden Aaronson,Aaronson,3,0.7,5.4,11,15,Away,2026-01-07T20:15:00Z,3,4,90,2,0,0,3,0,0,2,50,14,0.22,0.07,0.29,2.28,11,14.1,76.2,17.5,47.0,True,a,,,,,2526
351,492859,21,209,Wilfried Gnonto,Gnonto,3,0.1,5.2,11,15,Away,2026-01-07T20:15:00Z,3,4,1,0,0,0,1,0,0,0,5,1,0.0,0.0,0.0,0.15,2,0.3,3.0,0.0,0.0,False,a,,,,,2526
352,221399,21,209,Jack Harrison,Harrison,3,0.0,5.1,11,15,Away,2026-01-07T20:15:00Z,3,4,0,0,0,0,0,0,0,0,0,0,0.0,0.0,0.0,0.0,0,0.0,0.0,0.0,0.0,False,u,has joined ACF Fiorentina on loan for the rest of the season.,,,,2526
353,200617,21,209,Daniel James,James,3,0.1,5.2,11,15,Away,2026-01-07T20:15:00Z,3,4,0,0,0,0,0,0,0,0,0,0,0.0,0.0,0.0,0.0,0,0.0,0.0,0.0,0.0,False,a,,,,,2526
354,199598,21,209,Ethan Ampadu,Ampadu,3,0.2,4.9,11,15,Away,2026-01-07T20:15:00Z,3,4,90,0,0,0,4,1,0,0,12,3,0.0,0.08,0.08,2.44,15,2.6,16.4,9.3,0.0,False,a,,,,,2526
355,248937,21,209,Sam Greenwood,Greenwood,3,0.0,4.9,11,15,Away,2026-01-07T20:15:00Z,3,4,0,0,0,0,0,0,0,0,0,0,0.0,0.0,0.0,0.0,0,0.0,0.0,0.0,0.0,False,u,has joined Pogon Szczecin permanently.,,,,2526
356,486520,21,209,Ilia Gruev,Gruev,3,0.1,4.7,11,15,Away,2026-01-07T20:15:00Z,3,4,90,0,1,0,3,0,0,0,32,7,0.0,0.04,0.04,2.28,13,5.3,30.0,23.4,0.0,False,a,,4.0,,,2526
357,433952,21,209,Largie Ramazani,Ramazani,3,0.0,4.9,11,15,Away,2026-01-07T20:15:00Z,3,4,0,0,0,0,0,0,0,0,0,0,0.0,0.0,0.0,0.0,0,0.0,0.0,0.0,0.0,False,u,has joined Valencia on loan for the rest of the season.,,,,2526
358,248056,21,209,Tanaka Ao,Tanaka,3,0.2,4.8,11,15,Away,2026-01-07T20:15:00Z,3,4,1,0,0,0,1,0,0,0,3,1,0.0,0.0,0.0,0.15,1,0.0,0.0,0.0,0.0,False,a,,,,,2526
359,536119,21,209,Charlie Crew,Crew,3,0.0,4.5,11,15,Away,2026-01-07T20:15:00Z,3,4,0,0,0,0,0,0,0,0,0,0,0.0,0.0,0.0,0.0,0,0.0,0.0,0.0,0.0,False,u,Has joined Doncaster Rovers on loan for the rest of the season.,,,,2526
360,462635,21,209,Joe Gelhardt,Gelhardt,3,0.0,4.5,11,15,Away,2026-01-07T20:15:00Z,3,4,0,0,0,0,0,0,0,0,0,0,0.0,0.0,0.0,0.0,0,0.0,0.0,0.0,0.0,False,u,Has joined Hull City on loan for the rest of the season.,,,,2526
361,470294,21,209,Darko Gyabi,Gyabi,3,0.0,4.5,11,15,Away,2026-01-07T20:15:00Z,3,4,0,0,0,0,0,0,0,0,0,0,0.0,0.0,0.0,0.0,0,0.0,0.0,0.0,0.0,False,u,has joined Hull City permanently.,,,,2526
362,235826,21,209,Joël Piroe,Piroe,4,0.3,4.9,11,15,Away,2026-01-07T20:15:00Z,3,4,0,0,0,0,0,0,0,0,0,0,0.0,0.0,0.0,0.0,0,0.0,0.0,0.0,0.0,False,a,,,,3.0,2526
363,106617,21,209,Patrick Bamford,Bamford,4,0.3,4.9,11,15,Away,2026-01-07T20:15:00Z,3,4,0,0,0,0,0,0,0,0,0,0,0.0,0.0,0.0,0.0,0,0.0,0.0,0.0,0.0,False,u,has departed the club as a free agent.,,,,2526
364,565297,21,209,Mateo Joseph Fernández-Regatillo,Mateo Joseph,4,0.0,5.0,11,15,Away,2026-01-07T20:15:00Z,3,4,0,0,0,0,0,0,0,0,0,0,0.0,0.0,0.0,0.0,0,0.0,0.0,0.0,0.0,False,u,Has joined RCD Mallorca on loan for the rest of the season.,,,,2526
365,174594,21,209,Lukas Nmecha,Nmecha,4,0.6,5.0,11,15,Away,2026-01-07T20:15:00Z,3,4,3,0,0,0,2,0,0,0,4,1,0.1,0.0,0.1,0.94,3,2.4,2.4,0.1,21.0,False,a,,,,2.0,2526
366,116535,21,201,Alisson Becker,A.Becker,1,6.1,5.4,12,1,Away,2026-01-08T20:00:00Z,0,0,90,0,0,1,0,0,0,3,31,10,0.0,0.0,0.0,0.57,0,2.7,27.4,0.0,0.0,False,a,,,,,2526
367,449027,21,201,Giorgi Mamardashvili,Mamardashvili,1,0.5,4.1,12,1,Away,2026-01-08T20:00:00Z,0,0,0,0,0,0,0,0,0,0,0,0,0.0,0.0,0.0,0.0,0,0.0,0.0,0.0,0.0,False,a,,,,,2526
368,586268,21,201,Ármin Pécsi,Pécsi,1,0.8,3.8,12,1,Away,2026-01-08T20:00:00Z,0,0,0,0,0,0,0,0,0,0,0,0,0.0,0.0,0.0,0.0,0,0.0,0.0,0.0,0.0,False,a,,,,,2526
369,155503,21,201,Freddie Woodman,Woodman,1,0.2,3.9,12,1,Away,2026-01-08T20:00:00Z,0,0,0,0,0,0,0,0,0,0,0,0,0.0,0.0,0.0,0.0,0,0.0,0.0,0.0,0.0,False,a,,,,,2526
370,216094,21,201,Jeremie Frimpong,Frimpong,2,4.6,5.7,12,1,Away,2026-01-08T20:00:00Z,0,0,90,0,0,1,0,0,0,0,19,6,0.0,0.01,0.01,0.57,0,1.9,2.4,4.3,12.0,False,d,Groin Injury - 50% chance of playing,,,,2526
371,544877,21,201,Milos Kerkez,Kerkez,2,3.0,5.6,12,1,Away,2026-01-08T20:00:00Z,0,0,90,0,0,1,0,0,0,3,31,9,0.0,0.01,0.01,0.57,7,1.9,16.2,2.3,0.0,False,a,,,,,2526
372,122798,21,201,Andrew Robertson,Robertson,2,1.0,5.7,12,1,Away,2026-01-08T20:00:00Z,0,0,0,0,0,0,0,0,0,0,0,0,0.0,0.0,0.0,0.0,0,0.0,0.0,0.0,0.0,False,a,,,,,2526
373,97032,21,201,Virgil van Dijk,Virgil,2,26.2,6.0,12,1,Away,2026-01-08T20:00:00Z,0,0,90,0,0,1,0,0,0,0,25,6,0.0,0.02,0.02,0.57,3,1.5,12.0,2.8,0.0,False,a,,,,,2526
374,204716,21,201,Ibrahima Konaté,Konaté,2,3.7,5.4,12,1,Away,2026-01-08T20:00:00Z,0,0,90,0,0,1,0,1,0,0,27,7,0.0,0.01,0.01,0.57,10,2.9,27.0,1.8,0.0,False,a,,,,,2526
375,492777,21,201,Conor Bradley,Bradley,2,0.2,4.9,12,1,Away,2026-01-08T20:00:00Z,0,0,90,0,0,1,0,0,0,0,24,6,0.03,0.01,0.04,0.45,8,2.0,15.6,3.5,1.0,False,i,Knee injury - Expected back 01 Jun,,,,2526
376,171287,21,201,Joe Gomez,Gomez,2,0.1,4.9,12,1,Away,2026-01-08T20:00:00Z,0,0,1,0,0,0,0,0,0,0,3,1,0.0,0.0,0.0,0.12,0,0.0,0.0,0.0,0.0,False,a,,,,,2526
377,214285,21,201,Konstantinos Tsimikas,Tsimikas,2,0.0,4.8,12,1,Away,2026-01-08T20:00:00Z,0,0,0,0,0,0,0,0,0,0,0,0,0.0,0.0,0.0,0.0,0,0.0,0.0,0.0,0.0,False,u,has joined AS Roma on loan for the rest of the season.,,,,2526
378,611926,21,201,Amara Nallo,Nallo,2,1.2,3.7,12,1,Away,2026-01-08T20:00:00Z,0,0,0,0,0,0,0,0,0,0,0,0,0.0,0.0,0.0,0.0,0,0.0,0.0,0.0,0.0,False,a,,,,,2526
379,219937,21,201,Rhys Williams,R.Williams,2,0.6,3.7,12,1,Away,2026-01-08T20:00:00Z,0,0,0,0,0,0,0,0,0,0,0,0,0.0,0.0,0.0,0.0,0,0.0,0.0,0.0,0.0,False,a,,,,,2526
380,489580,21,201,Calvin Ramsay,Ramsay,2,0.2,3.8,12,1,Away,2026-01-08T20:00:00Z,0,0,0,0,0,0,0,0,0,0,0,0,0.0,0.0,0.0,0.0,0,0.0,0.0,0.0,0.0,False,a,,,,,2526
381,118748,21,201,Mohamed Salah,M.Salah,3,14.2,14.0,12,1,Away,2026-01-08T20:00:00Z,0,0,0,0,0,0,0,0,0,0,0,0,0.0,0.0,0.0,0.0,0,0.0,0.0,0.0,0.0,False,a,,2.0,4.0,1.0,2526
382,494595,21,201,Florian Wirtz,Wirtz,3,13.3,8.4,12,1,Away,2026-01-08T20:00:00Z,0,0,90,0,0,1,0,0,0,0,17,3,0.0,0.03,0.03,0.57,5,3.2,7.2,20.6,4.0,False,d,Back injury - 75% chance of playing,4.0,5.0,,2526
383,244731,21,201,Luis Díaz Marulanda,Luis Díaz,3,0.0,8.0,12,1,Away,2026-01-08T20:00:00Z,0,0,0,0,0,0,0,0,0,0,0,0,0.0,0.0,0.0,0.0,0,0.0,0.0,0.0,0.0,False,u,Has joined Bayern Munch permanently.,,,,2526
384,243298,21,201,Cody Gakpo,Gakpo,3,5.3,7.3,12,1,Away,2026-01-08T20:00:00Z,0,0,90,0,0,1,0,0,0,0,9,3,0.09,0.01,0.1,0.57,6,1.6,3.8,4.9,7.0,False,a,,3.0,,3.0,2526
385,223541,21,201,Federico Chiesa,Chiesa,3,0.3,6.3,12,1,Away,2026-01-08T20:00:00Z,0,0,0,0,0,0,0,0,0,0,0,0,0.0,0.0,0.0,0.0,0,0.0,0.0,0.0,0.0,False,a,,,,,2526
386,243016,21,201,Alexis Mac Allister,Mac Allister,3,1.3,6.2,12,1,Away,2026-01-08T20:00:00Z,0,0,90,0,0,1,0,1,0,0,11,2,0.0,0.02,0.02,0.57,9,3.9,12.4,26.8,0.0,False,a,,,,4.0,2526
387,424876,21,201,Dominik Szoboszlai,Szoboszlai,3,8.0,6.8,12,1,Away,2026-01-08T20:00:00Z,0,0,90,0,0,1,0,0,0,0,10,3,0.22,0.02,0.24,0.57,3,1.4,0.0,5.8,10.0,False,a,,1.0,2.0,2.0,2526
388,206915,21,201,Curtis Jones,C.Jones,3,0.1,5.4,12,1,Away,2026-01-08T20:00:00Z,0,0,0,0,0,0,0,0,0,0,0,0,0.0,0.0,0.0,0.0,0,0.0,0.0,0.0,0.0,False,a,,,,,2526
389,444884,21,205,Harvey Elliott,Elliott,3,0.2,5.1,2,8,Away,2026-01-07T19:30:00Z,0,0,0,0,0,0,0,0,0,0,0,0,0.0,0.0,0.0,0.0,0,0.0,0.0,0.0,0.0,False,i,Knock - Unknown return date,,,,2526
390,441266,21,201,Ryan Gravenberch,Gravenberch,3,4.9,5.5,12,1,Away,2026-01-08T20:00:00Z,0,0,90,0,0,1,0,0,0,0,16,3,0.02,0.21,0.23,0.57,9,2.5,17.8,6.5,1.0,False,a,,,,,2526
391,496208,21,202,Ben Gannon-Doak,Gannon-Doak,3,0.0,4.8,4,18,Home,2026-01-07T19:30:00Z,3,2,0,0,0,0,0,0,0,0,0,0,0.0,0.0,0.0,0.0,0,0.0,0.0,0.0,0.0,False,i,Hamstring injury - Unknown return date,,,,2526
392,158983,21,201,Endo Wataru,Endo,3,0.1,4.9,12,1,Away,2026-01-08T20:00:00Z,0,0,0,0,0,0,0,0,0,0,0,0,0.0,0.0,0.0,0.0,0,0.0,0.0,0.0,0.0,False,i,Foot injury - Unknown return date,,,,2526
393,535928,21,201,Stefan Bajčetić Maquieira,Bajcetic,3,0.0,4.3,12,1,Away,2026-01-08T20:00:00Z,0,0,0,0,0,0,0,0,0,0,0,0,0.0,0.0,0.0,0.0,0,0.0,0.0,0.0,0.0,False,i,Hamstring injury - Unknown return date,,,,2526
394,491501,21,201,James McConnell,McConnell,3,0.0,4.4,12,1,Away,2026-01-08T20:00:00Z,0,0,0,0,0,0,0,0,0,0,0,0,0.0,0.0,0.0,0.0,0,0.0,0.0,0.0,0.0,False,u,has joined Ajax on loan for the rest of the season.,,,,2526
395,440148,21,201,Tyler Morton,Morton,3,0.0,4.5,12,1,Away,2026-01-08T20:00:00Z,0,0,0,0,0,0,0,0,0,0,0,0,0.0,0.0,0.0,0.0,0,0.0,0.0,0.0,0.0,False,u,Has joined Lyon permanently.,,,,2526
396,591386,21,201,Trey Nyoni,Nyoni,3,0.3,4.3,12,1,Away,2026-01-08T20:00:00Z,0,0,0,0,0,0,0,0,0,0,0,0,0.0,0.0,0.0,0.0,0,0.0,0.0,0.0,0.0,False,a,,,,,2526
397,447203,21,201,Darwin Núñez Ribeiro,Darwin,4,0.1,6.5,12,1,Away,2026-01-08T20:00:00Z,0,0,0,0,0,0,0,0,0,0,0,0,0.0,0.0,0.0,0.0,0,0.0,0.0,0.0,0.0,False,u,Has joined Al-Hilal permanently.,,,,2526
398,500058,21,201,Jayden Danns,Danns,4,0.1,4.3,12,1,Away,2026-01-08T20:00:00Z,0,0,0,0,0,0,0,0,0,0,0,0,0.0,0.0,0.0,0.0,0,0.0,0.0,0.0,0.0,False,i,Hamstring injury - Unknown return date,,,,2526
399,121160,21,208,Ederson Santana de Moraes,Ederson M.,1,0.8,5.3,13,6,Home,2026-01-07T19:30:00Z,1,1,0,0,0,0,0,0,0,0,0,0,0.0,0.0,0.0,0.0,0,0.0,0.0,0.0,0.0,False,u,has joined Fenerbache permanently.,,,,2526
400,88248,21,208,Stefan Ortega Moreno,Ortega Moreno,1,0.2,4.7,16,13,Away,2026-01-07T19:30:00Z,1,1,0,0,0,0,0,0,0,0,0,0,0.0,0.0,0.0,0.0,0,0.0,0.0,0.0,0.0,False,a,,,,,2526
401,122074,21,208,Marcus Bettinelli,Bettinelli,1,0.4,3.8,13,6,Home,2026-01-07T19:30:00Z,1,1,0,0,0,0,0,0,0,0,0,0,0.0,0.0,0.0,0.0,0,0.0,0.0,0.0,0.0,False,a,,,,,2526
402,448514,21,208,Rayan Aït-Nouri,Aït-Nouri,2,3.9,5.7,13,6,Home,2026-01-07T19:30:00Z,1,1,0,0,0,0,0,0,0,0,0,0,0.0,0.0,0.0,0.0,0,0.0,0.0,0.0,0.0,False,a,,,,,2526
403,477424,21,208,Joško Gvardiol,Gvardiol,2,3.4,5.9,13,6,Home,2026-01-07T19:30:00Z,1,1,0,0,0,0,0,0,0,0,0,0,0.0,0.0,0.0,0.0,0,0.0,0.0,0.0,0.0,False,i,Leg injury - Unknown return date,,,,2526
404,211975,21,208,Manuel Akanji,Akanji,2,0.3,5.4,13,6,Home,2026-01-07T19:30:00Z,1,1,0,0,0,0,0,0,0,0,0,0,0.0,0.0,0.0,0.0,0,0.0,0.0,0.0,0.0,False,u,has joined Inter Milan on loan for the rest of the season.,,,,2526
405,126184,21,208,Nathan Aké,Aké,2,0.6,5.3,13,6,Home,2026-01-07T19:30:00Z,1,1,72,0,0,0,1,0,0,0,15,2,0.0,0.13,0.13,1.16,2,4.8,12.4,29.3,6.0,False,a,,,,,2526
406,578153,21,208,Abdukodir Khusanov,Khusanov,2,0.4,5.4,13,6,Home,2026-01-07T19:30:00Z,1,1,90,0,0,0,1,0,0,0,16,2,0.0,0.01,0.01,1.16,5,1.9,15.8,2.9,0.0,False,a,,,,,2526
407,465351,21,208,Matheus Nunes,Matheus N.,2,3.2,5.4,13,6,Home,2026-01-07T19:30:00Z,1,1,72,0,0,0,1,0,0,0,9,2,0.0,0.02,0.02,1.16,4,1.4,8.2,3.5,2.0,False,a,,,,4.0,2526
408,171314,21,208,Rúben dos Santos Gato Alves Dias,Rúben,2,3.3,5.5,13,6,Home,2026-01-07T19:30:00Z,1,1,0,0,0,0,0,0,0,0,0,0,0.0,0.0,0.0,0.0,0,0.0,0.0,0.0,0.0,False,a,,,,,2526
409,97299,21,208,John Stones,Stones,2,0.6,5.4,13,6,Home,2026-01-07T19:30:00Z,1,1,0,0,0,0,0,0,0,0,0,0,0.0,0.0,0.0,0.0,0,0.0,0.0,0.0,0.0,False,a,,,,,2526
410,477064,21,208,Rico Lewis,Lewis,2,1.2,4.6,13,6,Home,2026-01-07T19:30:00Z,1,1,17,0,0,0,0,0,0,0,4,1,0.0,0.03,0.03,0.0,0,2.3,3.8,11.3,8.0,False,a,,,,,2526
411,472769,21,208,Nico O'Reilly,O'Reilly,2,8.0,5.0,13,6,Home,2026-01-07T19:30:00Z,1,1,17,0,0,0,0,0,0,0,6,1,0.0,0.01,0.01,0.0,0,1.5,3.6,11.4,0.0,False,a,,,,,2526
412,616222,21,208,Vitor de Oliveira Nunes dos Reis,Vitor Reis,2,0.0,5.0,13,6,Home,2026-01-07T19:30:00Z,1,1,0,0,0,0,0,0,0,0,0,0,0.0,0.0,0.0,0.0,0,0.0,0.0,0.0,0.0,False,u,Has joined Girona on loan for the rest of the season.,,,,2526
413,438234,21,208,Omar Marmoush,Marmoush,3,2.5,8.3,13,6,Home,2026-01-07T19:30:00Z,1,1,0,0,0,0,0,0,0,0,0,0,0.0,0.0,0.0,0.0,0,0.0,0.0,0.0,0.0,False,a,,,4.0,2.0,2526
414,209244,21,208,Phil Foden,Foden,3,9.2,8.1,13,6,Home,2026-01-07T19:30:00Z,1,1,72,0,0,0,1,0,0,0,14,2,0.0,0.28,0.28,1.16,5,2.9,6.2,23.1,0.0,False,a,,2.0,3.0,,2526
415,510281,21,208,Sávio Moreira de Oliveira,Savinho,3,0.4,6.9,13,6,Home,2026-01-07T19:30:00Z,1,1,0,0,0,0,0,0,0,0,0,0,0.0,0.0,0.0,0.0,0,0.0,0.0,0.0,0.0,False,a,,,,,2526
416,165809,21,208,Bernardo Mota Veiga de Carvalho e Silva,Bernardo,3,0.6,6.2,13,6,Home,2026-01-07T19:30:00Z,1,1,90,0,0,0,1,0,0,0,9,2,0.26,0.07,0.33,1.16,4,4.2,3.4,13.2,25.0,False,a,,1.0,,,2526
417,466052,21,208,Rayan Cherki,Cherki,3,8.2,6.4,13,6,Home,2026-01-07T19:30:00Z,1,1,17,0,0,0,0,0,0,0,11,1,0.37,0.6,0.97,0.0,3,9.6,9.8,49.9,36.0,False,a,,3.0,2.0,,2526
418,248875,21,208,Jérémy Doku,Doku,3,2.3,6.4,13,6,Home,2026-01-07T19:30:00Z,1,1,90,0,1,0,1,0,0,3,29,8,0.06,0.31,0.37,1.16,9,8.1,13.8,41.3,26.0,False,d,Calf injury - 50% chance of playing,,,3.0,2526
419,114283,21,206,Jack Grealish,Grealish,3,6.0,6.3,9,20,Home,2026-01-07T19:30:00Z,1,1,89,0,0,0,1,0,1,0,3,-1,0.07,0.07,0.14,0.57,7,5.2,7.8,26.6,18.0,False,i,Foot injury - Expected back 01 Jun,,,,2526
420,59859,21,208,İlkay Gündoğan,Gündoğan,3,0.1,6.3,13,6,Home,2026-01-07T19:30:00Z,1,1,0,0,0,0,0,0,0,0,0,0,0.0,0.0,0.0,0.0,0,0.0,0.0,0.0,0.0,False,u,has joined Galatasaray permanently.,,,,2526
421,220566,21,208,Rodrigo 'Rodri' Hernandez Cascante,Rodrigo,3,0.5,6.3,13,6,Home,2026-01-07T19:30:00Z,1,1,26,0,0,0,0,0,0,0,4,1,0.0,0.01,0.01,0.76,1,0.5,4.0,0.8,0.0,False,a,,,,,2526
422,91651,21,208,Mateo Kovačić,Kovačić,3,0.0,5.8,13,6,Home,2026-01-07T19:30:00Z,1,1,0,0,0,0,0,0,0,0,0,0,0.0,0.0,0.0,0.0,0,0.0,0.0,0.0,0.0,False,i,Ankle injury - Unknown return date,,,,2526
423,465694,21,208,Nico González Iglesias,N.Gonzalez,3,0.1,5.9,13,6,Home,2026-01-07T19:30:00Z,1,1,63,0,0,0,1,0,0,0,17,4,0.05,0.03,0.08,0.39,13,1.9,12.4,4.0,3.0,False,a,,,,,2526
424,477555,21,208,Oscar Bobb,Bobb,3,0.2,5.1,10,13,Away,2026-01-07T19:30:00Z,1,1,0,0,0,0,0,0,0,0,0,0,0.0,0.0,0.0,0.0,0,0.0,0.0,0.0,0.0,False,a,,,,,2526
425,575204,21,208,Claudio Echeverri,Echeverri,3,0.0,5.4,13,6,Home,2026-01-07T19:30:00Z,1,1,0,0,0,0,0,0,0,0,0,0,0.0,0.0,0.0,0.0,0,0.0,0.0,0.0,0.0,False,u,has joined Girona on loan for the rest of the season.,,,,2526
426,432714,21,210,James McAtee,McAtee,3,0.1,5.0,16,19,Away,2026-01-06T20:00:00Z,2,1,0,0,0,0,0,0,0,0,0,0,0.0,0.0,0.0,0.0,0,0.0,0.0,0.0,0.0,False,a,,,,5.0,2526
427,433036,21,208,Tijjani Reijnders,Reijnders,3,10.0,5.0,13,6,Home,2026-01-07T19:30:00Z,1,1,90,0,0,0,1,0,0,0,9,2,0.13,0.09,0.22,1.16,4,3.8,7.4,10.4,20.0,False,a,,4.0,,,2526
428,566164,21,208,Sverre Nypan,Nypan,3,0.0,5.0,13,6,Home,2026-01-07T19:30:00Z,1,1,0,0,0,0,0,0,0,0,0,0,0.0,0.0,0.0,0.0,0,0.0,0.0,0.0,0.0,False,a,,,,,2526
429,155405,21,208,Kalvin Phillips,Phillips,3,0.1,4.7,13,6,Home,2026-01-07T19:30:00Z,1,1,0,0,0,0,0,0,0,0,0,0,0.0,0.0,0.0,0.0,0,0.0,0.0,0.0,0.0,False,u,has joined Sheffield United on loan for the rest of the season.,,,,2526
430,223094,21,208,Erling Haaland,Haaland,4,67.3,14.8,13,6,Home,2026-01-07T19:30:00Z,1,1,90,1,0,0,1,0,0,0,18,6,1.53,0.02,1.55,1.16,3,12.0,42.6,12.0,65.0,False,a,,,,1.0,2526
431,451302,21,204,Altay Bayındır,Bayindir,1,0.3,4.7,14,3,Away,2026-01-07T20:15:00Z,2,2,0,0,0,0,0,0,0,0,0,0,0.0,0.0,0.0,0.0,0,0.0,0.0,0.0,0.0,False,a,,,,,2526
432,202641,21,204,André Onana,Onana,1,0.1,4.9,14,3,Away,2026-01-07T20:15:00Z,2,2,0,0,0,0,0,0,0,0,0,0,0.0,0.0,0.0,0.0,0,0.0,0.0,0.0,0.0,False,u,has joined Trabzonspor on loan for the rest of the season.,,,,2526
433,588555,21,204,Elyh Harrison,Harrison,1,0.0,4.0,14,3,Away,2026-01-07T20:15:00Z,2,2,0,0,0,0,0,0,0,0,0,0,0.0,0.0,0.0,0.0,0,0.0,0.0,0.0,0.0,False,u,On loan to Shrewsbury Town,,,,2526
434,21205,21,204,Tom Heaton,Heaton,1,0.3,3.9,14,3,Away,2026-01-07T20:15:00Z,2,2,0,0,0,0,0,0,0,0,0,0,0.0,0.0,0.0,0.0,0,0.0,0.0,0.0,0.0,False,a,,,,,2526
435,461537,21,204,Dermot Mee,Mee,1,0.1,3.9,14,3,Away,2026-01-07T20:15:00Z,2,2,0,0,0,0,0,0,0,0,0,0,0.0,0.0,0.0,0.0,0,0.0,0.0,0.0,0.0,False,a,,,,,2526
436,209365,21,204,Matthijs de Ligt,De Ligt,2,1.8,4.9,14,3,Away,2026-01-07T20:15:00Z,2,2,0,0,0,0,0,0,0,0,0,0,0.0,0.0,0.0,0.0,0,0.0,0.0,0.0,0.0,False,d,Back injury - 25% chance of playing,,,,2526
437,221820,21,204,Lisandro Martínez,Martinez,2,0.9,4.8,14,3,Away,2026-01-07T20:15:00Z,2,2,90,0,0,0,2,0,0,0,7,1,0.01,0.03,0.04,0.24,3,2.5,21.2,2.3,1.0,False,d,Calf injury - 50% chance of playing,,,,2526
438,230001,21,204,Noussair Mazraoui,Mazraoui,2,0.2,4.9,14,3,Away,2026-01-07T20:15:00Z,2,2,0,0,0,0,0,0,0,0,0,0,0.0,0.0,0.0,0.0,0,0.0,0.0,0.0,0.0,False,a,,,,,2526
439,661712,21,204,Diego León Blanco,D.Leon,2,0.1,4.2,14,3,Away,2026-01-07T20:15:00Z,2,2,0,0,0,0,0,0,0,0,0,0,0.0,0.0,0.0,0.0,0,0.0,0.0,0.0,0.0,False,a,,,,,2526
440,216051,21,204,Diogo Dalot Teixeira,Dalot,2,4.7,4.5,14,3,Away,2026-01-07T20:15:00Z,2,2,90,0,0,0,2,0,0,0,14,1,0.03,0.07,0.1,0.24,7,5.6,25.8,28.3,2.0,False,a,,,,,2526
441,596777,21,204,Patrick Dorgu,Dorgu,2,4.0,4.2,14,3,Away,2026-01-07T20:15:00Z,2,2,90,0,1,0,2,0,0,1,33,5,0.19,0.21,0.4,0.24,6,13.8,47.6,67.2,23.0,False,i,Hamstring injury - Unknown return date,,,,2526
442,95658,21,204,Harry Maguire,Maguire,2,1.7,4.3,14,3,Away,2026-01-07T20:15:00Z,2,2,0,0,0,0,0,0,0,0,0,0,0.0,0.0,0.0,0.0,0,0.0,0.0,0.0,0.0,False,a,,,,,2526
443,106760,21,204,Luke Shaw,Shaw,2,0.8,4.5,14,3,Away,2026-01-07T20:15:00Z,2,2,90,0,0,0,2,0,0,0,13,1,0.0,0.14,0.14,0.24,6,4.8,20.0,24.3,4.0,False,a,,,,,2526
444,550864,21,204,Leny Yoro,Yoro,2,1.2,4.1,14,3,Away,2026-01-07T20:15:00Z,2,2,29,0,0,0,1,0,0,0,1,1,0.08,0.01,0.09,0.16,3,1.0,4.6,1.5,4.0,False,a,,,,,2526
445,577974,21,204,Harry Amass,Amass,2,0.1,4.0,14,3,Away,2026-01-07T20:15:00Z,2,2,0,0,0,0,0,0,0,0,0,0,0.0,0.0,0.0,0.0,0,0.0,0.0,0.0,0.0,False,u,has joined Norwich City on loan for the rest of the season.,,,,2526
446,547676,21,204,Tyler Fredricson,Fredricson,2,0.1,3.8,14,3,Away,2026-01-07T20:15:00Z,2,2,0,0,0,0,0,0,0,0,0,0,0.0,0.0,0.0,0.0,0,0.0,0.0,0.0,0.0,False,a,,,,,2526
447,606745,21,204,Ayden Heaven,Heaven,2,2.2,3.7,14,3,Away,2026-01-07T20:15:00Z,2,2,60,0,0,0,1,0,0,0,4,0,0.27,0.01,0.28,0.07,2,1.0,1.8,1.3,7.0,False,a,,,,,2526
448,222690,21,204,Tyrell Malacia,Malacia,2,0.4,3.8,14,3,Away,2026-01-07T20:15:00Z,2,2,0,0,0,0,0,0,0,0,0,0,0.0,0.0,0.0,0.0,0,0.0,0.0,0.0,0.0,False,a,,,,,2526
449,141746,21,204,Bruno Borges Fernandes,B.Fernandes,3,37.3,9.9,14,3,Away,2026-01-07T20:15:00Z,2,2,60,0,1,0,1,0,0,2,34,7,0.06,0.96,1.02,0.07,2,12.1,33.0,84.1,4.0,False,a,,1.0,1.0,1.0,2526
450,430871,21,204,Matheus Santos Carneiro da Cunha,Cunha,3,8.0,8.0,14,3,Away,2026-01-07T20:15:00Z,2,2,73,0,0,0,2,0,0,0,15,2,0.28,0.07,0.35,0.21,4,5.8,8.8,15.8,33.0,False,a,,,,,2526
451,176297,21,204,Marcus Rashford,Rashford,3,0.0,7.0,14,3,Away,2026-01-07T20:15:00Z,2,2,0,0,0,0,0,0,0,0,0,0,0.0,0.0,0.0,0.0,0,0.0,0.0,0.0,0.0,False,u,Has joined Barcelona on loan for the rest of the season,,,,2526
452,493250,21,204,Amad Diallo,Amad,3,1.7,6.2,14,3,Away,2026-01-07T20:15:00Z,2,2,0,0,0,0,0,0,0,0,0,0,0.0,0.0,0.0,0.0,0,0.0,0.0,0.0,0.0,False,a,,,,,2526
453,493105,21,207,Alejandro Garnacho Ferreyra,Garnacho,3,0.5,6.4,7,10,Away,2026-01-07T19:30:00Z,1,2,0,0,0,0,0,0,0,0,0,0,0.0,0.0,0.0,0.0,0,0.0,0.0,0.0,0.0,False,a,,,,,2526
454,467169,21,204,Antony dos Santos,Antony,3,0.1,5.9,14,3,Away,2026-01-07T20:15:00Z,2,2,0,0,0,0,0,0,0,0,0,0,0.0,0.0,0.0,0.0,0,0.0,0.0,0.0,0.0,False,u,has joined Real Betis permanently.,,,,2526
455,184341,21,204,Mason Mount,Mount,3,0.3,5.9,14,3,Away,2026-01-07T20:15:00Z,2,2,29,0,0,0,1,0,0,0,4,1,0.0,0.05,0.05,0.16,3,1.8,6.4,12.0,0.0,False,d,Knock - 50% chance of playing,,,,2526
456,209243,21,205,Jadon Sancho,Sancho,3,0.2,5.8,2,8,Away,2026-01-07T19:30:00Z,0,0,64,0,0,1,0,0,0,0,6,3,0.0,0.02,0.02,0.91,3,1.2,4.2,4.2,4.0,False,a,,4.0,,,2526
457,61256,21,204,Carlos Henrique Casimiro,Casemiro,3,2.5,5.6,14,3,Away,2026-01-07T20:15:00Z,2,2,73,0,0,0,2,0,0,0,17,4,0.22,0.31,0.53,0.21,12,9.0,23.8,48.4,18.0,False,a,,,,,2526
458,516895,21,204,Kobbie Mainoo,Mainoo,3,1.4,4.6,14,3,Away,2026-01-07T20:15:00Z,2,2,16,0,0,0,0,0,0,0,5,1,0.02,0.01,0.03,0.02,3,0.5,0.8,2.9,1.0,False,a,,,,,2526
459,232112,21,204,Manuel Ugarte Ribeiro,Ugarte,3,0.2,4.7,14,3,Away,2026-01-07T20:15:00Z,2,2,83,0,0,0,2,0,0,0,16,2,0.11,0.04,0.15,0.21,10,2.9,9.2,7.8,12.0,False,a,,,,,2526
460,490881,21,204,Toby Collyer,Collyer,3,0.0,4.5,14,3,Away,2026-01-07T20:15:00Z,2,2,0,0,0,0,0,0,0,0,0,0,0.0,0.0,0.0,0.0,0,0.0,0.0,0.0,0.0,False,u,has joined Hull City on loan for the rest of the season.,,,,2526
461,556639,21,204,Jayce Fitzgerald,Fitzgerald,3,0.0,4.3,14,3,Away,2026-01-07T20:15:00Z,2,2,0,0,0,0,0,0,0,0,0,0,0.0,0.0,0.0,0.0,0,0.0,0.0,0.0,0.0,False,a,,,,,2526
462,547037,21,204,Jack Fletcher,J.Fletcher,3,0.1,4.3,14,3,Away,2026-01-07T20:15:00Z,2,2,0,0,0,0,0,0,0,0,0,0,0.0,0.0,0.0,0.0,0,0.0,0.0,0.0,0.0,False,a,,,,,2526
463,618873,21,204,Sékou Koné,Kone,3,0.1,4.3,14,3,Away,2026-01-07T20:15:00Z,2,2,0,0,0,0,0,0,0,0,0,0,0.0,0.0,0.0,0.0,0,0.0,0.0,0.0,0.0,False,u,has joined Lausanne-Sport on loan for the rest of the season.,,,,2526
464,559684,21,204,Jack Moorhouse,Moorhouse,3,0.0,4.5,14,3,Away,2026-01-07T20:15:00Z,2,2,0,0,0,0,0,0,0,0,0,0,0.0,0.0,0.0,0.0,0,0.0,0.0,0.0,0.0,False,u,has joined Leyton Orient on loan for the rest of the season.,,,,2526
465,497894,21,204,Rasmus Højlund,Højlund,4,0.3,6.3,14,3,Away,2026-01-07T20:15:00Z,2,2,0,0,0,0,0,0,0,0,0,0,0.0,0.0,0.0,0.0,0,0.0,0.0,0.0,0.0,False,u,has joined Napoli on loan for the rest of the season.,,,,2526
466,458249,21,204,Joshua Zirkzee,Zirkzee,4,0.4,5.8,14,3,Away,2026-01-07T20:15:00Z,2,2,16,0,0,0,0,0,0,0,2,1,0.08,0.0,0.08,0.02,2,2.7,0.0,12.5,15.0,False,a,,,,,2526
467,596047,21,204,Chido Obi,Obi,4,1.6,4.2,14,3,Away,2026-01-07T20:15:00Z,2,2,0,0,0,0,0,0,0,0,0,0,0.0,0.0,0.0,0.0,0,0.0,0.0,0.0,0.0,False,a,,,,,2526
468,575034,21,204,Ethan Wheatley,Wheatley,4,0.1,4.5,14,3,Away,2026-01-07T20:15:00Z,2,2,0,0,0,0,0,0,0,0,0,0,0.0,0.0,0.0,0.0,0,0.0,0.0,0.0,0.0,False,u,has joined Bradford City on loan for the rest of the season.,,,,2526
469,98747,21,209,Nick Pope,Pope,1,4.6,5.1,15,11,Home,2026-01-07T20:15:00Z,4,3,90,0,0,0,3,0,0,0,3,2,0.0,0.0,0.0,1.89,0,2.1,21.0,0.0,0.0,False,a,,,,,2526
470,67089,21,204,Martin Dúbravka,Dúbravka,1,32.5,4.0,3,14,Home,2026-01-07T20:15:00Z,2,2,90,0,0,0,2,0,0,0,19,3,0.0,0.0,0.0,2.55,0,5.1,51.2,0.0,0.0,False,a,,,,,2526
471,81441,21,209,Mark Gillespie,Gillespie,1,0.1,3.9,15,11,Home,2026-01-07T20:15:00Z,4,3,0,0,0,0,0,0,0,0,0,0,0.0,0.0,0.0,0.0,0,0.0,0.0,0.0,0.0,False,a,,,,,2526
472,111452,21,209,Odysseas Vlachodimos,Odysseas,1,0.0,4.0,15,11,Home,2026-01-07T20:15:00Z,4,3,0,0,0,0,0,0,0,0,0,0,0.0,0.0,0.0,0.0,0,0.0,0.0,0.0,0.0,False,u,Has joined Sevilla on loan for the rest of the season.,,,,2526
473,487838,21,209,Lewis Hall,Hall,2,2.5,5.3,15,11,Home,2026-01-07T20:15:00Z,4,3,90,0,1,0,3,0,0,0,13,4,0.0,0.16,0.16,1.89,3,5.5,15.6,38.9,0.0,False,a,,2.0,4.0,,2526
474,119471,21,209,Fabian Schär,Schär,2,1.2,5.2,15,11,Home,2026-01-07T20:15:00Z,4,3,75,0,0,0,2,0,0,0,4,3,0.12,0.02,0.14,1.7,10,2.7,22.2,1.2,4.0,False,i,Ankle injury - Expected back 18 Apr,,1.0,,2526
475,220237,21,209,Sven Botman,Botman,2,0.4,4.9,15,11,Home,2026-01-07T20:15:00Z,4,3,45,0,1,0,1,0,0,0,18,4,0.14,0.0,0.14,0.47,4,4.7,28.2,10.2,9.0,False,a,,,,,2526
476,78916,21,209,Dan Burn,Burn,2,3.3,5.0,15,11,Home,2026-01-07T20:15:00Z,4,3,0,0,0,0,0,0,0,0,0,0,0.0,0.0,0.0,0.0,0,0.0,0.0,0.0,0.0,False,a,,,,,2526
477,441191,21,209,Tino Livramento,Livramento,2,1.9,4.9,15,11,Home,2026-01-07T20:15:00Z,4,3,45,0,0,0,1,0,0,0,11,1,0.0,0.03,0.03,0.47,3,3.3,13.0,20.3,0.0,False,i,Hamstring injury - Expected back 04 Mar,,,,2526
478,77794,21,209,Kieran Trippier,Trippier,2,1.3,4.9,15,11,Home,2026-01-07T20:15:00Z,4,3,0,0,0,0,0,0,0,0,0,0,0.0,0.0,0.0,0.0,0,0.0,0.0,0.0,0.0,False,a,,4.0,2.0,,2526
479,111773,21,209,Emil Krafth,Krafth,2,0.0,4.3,15,11,Home,2026-01-07T20:15:00Z,4,3,0,0,0,0,0,0,0,0,0,0,0.0,0.0,0.0,0.0,0,0.0,0.0,0.0,0.0,False,i,Knee injury - Unknown return date,,,,2526
480,101148,21,209,Jamaal Lascelles,Lascelles,2,0.0,4.3,15,11,Home,2026-01-07T20:15:00Z,4,3,0,0,0,0,0,0,0,0,0,0,0.0,0.0,0.0,0.0,0,0.0,0.0,0.0,0.0,False,u,has joined Leicester City permanently.,,,,2526
481,545477,21,209,Alex Murphy,A.Murphy,2,0.7,3.8,15,11,Home,2026-01-07T20:15:00Z,4,3,0,0,0,0,0,0,0,0,0,0,0.0,0.0,0.0,0.0,0,0.0,0.0,0.0,0.0,False,a,,,,,2526
482,441024,21,209,Harrison Ashby,Ashby,2,0.1,3.9,15,11,Home,2026-01-07T20:15:00Z,4,3,0,0,0,0,0,0,0,0,0,0,0.0,0.0,0.0,0.0,0,0.0,0.0,0.0,0.0,False,u,has joined Bradford City on loan for the rest of the season.,,,,2526
483,578512,21,209,Miodrag Pivaš,Pivas,2,0.4,3.8,15,11,Home,2026-01-07T20:15:00Z,4,3,0,0,0,0,0,0,0,0,0,0,0.0,0.0,0.0,0.0,0,0.0,0.0,0.0,0.0,False,a,,,,,2526
484,169359,21,209,Matt Targett,Targett,2,0.1,4.0,15,11,Home,2026-01-07T20:15:00Z,4,3,0,0,0,0,0,0,0,0,0,0,0.0,0.0,0.0,0.0,0,0.0,0.0,0.0,0.0,False,u,has joined Middlesbrough on loan for the rest of the season.,,,,2526
485,232826,21,209,Anthony Gordon,Gordon,3,2.5,7.2,15,11,Home,2026-01-07T20:15:00Z,4,3,80,0,0,0,3,1,0,0,4,1,0.07,0.47,0.54,1.79,2,4.3,3.0,20.3,20.0,False,a,,,,1.0,2526
486,449434,21,209,Anthony Elanga,Elanga,3,2.6,6.5,15,11,Home,2026-01-07T20:15:00Z,4,3,0,0,0,0,0,0,0,0,0,0,0.0,0.0,0.0,0.0,0,0.0,0.0,0.0,0.0,False,a,,5.0,,,2526
487,201666,21,209,Harvey Barnes,Barnes,3,1.2,6.1,15,11,Home,2026-01-07T20:15:00Z,4,3,90,2,0,0,3,0,0,3,56,15,0.28,0.02,0.3,1.89,7,14.3,73.4,7.4,62.0,True,a,,,,,2526
488,208706,21,209,Bruno Guimarães Rodriguez Moura,Bruno G.,3,6.8,6.9,15,11,Home,2026-01-07T20:15:00Z,4,3,90,1,1,0,3,0,0,1,41,11,0.79,0.36,1.15,1.89,6,15.4,74.6,60.8,19.0,True,i,Hamstring injury - Expected back 11 Apr,3.0,5.0,2.0,2526
489,114243,21,209,Jacob Murphy,J.Murphy,3,0.6,5.9,15,11,Home,2026-01-07T20:15:00Z,4,3,9,0,0,0,0,0,0,0,3,1,0.0,0.03,0.03,0.1,0,0.2,0.0,1.3,2.0,False,a,,,,,2526
490,180974,21,209,Joelinton Cássio Apolinário de Lira,Joelinton,3,0.3,5.9,15,11,Home,2026-01-07T20:15:00Z,4,3,90,1,0,0,3,1,0,0,34,8,0.25,0.01,0.26,1.89,16,9.4,49.2,5.1,40.0,False,a,,,,,2526
491,432422,21,209,Sandro Tonali,Tonali,3,1.0,5.3,15,11,Home,2026-01-07T20:15:00Z,4,3,45,0,0,0,2,0,0,0,10,1,0.02,0.01,0.03,1.42,3,0.9,2.0,2.8,4.0,False,a,,1.0,1.0,,2526
492,640108,21,209,Antoñito Cordero Campillo,Antoñito C.,3,0.0,4.9,15,11,Home,2026-01-07T20:15:00Z,4,3,0,0,0,0,0,0,0,0,0,0,0.0,0.0,0.0,0.0,0,0.0,0.0,0.0,0.0,False,u,has joined Cadiz on loan for the rest of the season.,,,,2526
493,180135,21,209,Sean Longstaff,Longstaff,3,0.2,4.8,11,15,Away,2026-01-07T20:15:00Z,3,4,0,0,0,0,0,0,0,0,0,0,0.0,0.0,0.0,0.0,0,0.0,0.0,0.0,0.0,False,a,,2.0,2.0,,2526
494,200089,21,209,Joe Willock,Willock,3,0.1,5.0,15,11,Home,2026-01-07T20:15:00Z,4,3,0,0,0,0,0,0,0,0,0,0,0.0,0.0,0.0,0.0,0,0.0,0.0,0.0,0.0,False,a,,,,,2526
495,153127,21,209,Isaac Hayden,Hayden,3,0.0,4.5,15,11,Home,2026-01-07T20:15:00Z,4,3,0,0,0,0,0,0,0,0,0,0,0.0,0.0,0.0,0.0,0,0.0,0.0,0.0,0.0,False,u,Has departed the club as a free agent.,,,,2526
496,564510,21,209,Garang Kuol,Kuol,3,0.0,4.4,15,11,Home,2026-01-07T20:15:00Z,4,3,0,0,0,0,0,0,0,0,0,0,0.0,0.0,0.0,0.0,0,0.0,0.0,0.0,0.0,False,u,has joined Sparta Prague permanently.,,,,2526
497,547719,21,209,Lewis Miley,L.Miley,3,2.6,4.5,15,11,Home,2026-01-07T20:15:00Z,4,3,90,0,0,0,3,0,0,0,23,4,0.48,0.25,0.73,1.89,18,6.4,29.6,16.8,18.0,False,i,Dead leg - Expected back 04 Mar,,,,2526
498,461484,21,209,Joe White,White,3,0.0,4.5,15,11,Home,2026-01-07T20:15:00Z,4,3,0,0,0,0,0,0,0,0,0,0,0.0,0.0,0.0,0.0,0,0.0,0.0,0.0,0.0,False,u,has joined Bradford City on loan for the rest of the season.,,,,2526
499,219168,21,201,Alexander Isak,Isak,4,3.5,10.3,12,1,Away,2026-01-08T20:00:00Z,0,0,0,0,0,0,0,0,0,0,0,0,0.0,0.0,0.0,0.0,0,0.0,0.0,0.0,0.0,False,i,Ankle injury - Expected back 11 Apr,,,,2526
500,538207,21,209,William Osula,Osula,4,0.2,5.4,15,11,Home,2026-01-07T20:15:00Z,4,3,0,0,0,0,0,0,0,0,0,0,0.0,0.0,0.0,0.0,0,0.0,0.0,0.0,0.0,False,a,,,,,2526
501,599303,21,209,Sean Neave,Neave,4,0.3,4.3,15,11,Home,2026-01-07T20:15:00Z,4,3,0,0,0,0,0,0,0,0,0,0,0.0,0.0,0.0,0.0,0,0.0,0.0,0.0,0.0,False,a,,,,,2526
502,85633,21,210,Matz Sels,Sels,1,4.8,4.6,16,19,Away,2026-01-06T20:00:00Z,2,1,90,0,0,0,1,0,0,0,14,3,0.0,0.0,0.0,0.95,0,2.5,25.0,0.0,0.0,False,i,Groin Injury - Expected back 04 Mar,,,,2526
503,475123,21,210,Carlos Miguel dos Santos Pereira,C.Miguel,1,0.1,4.0,16,19,Away,2026-01-06T20:00:00Z,2,1,0,0,0,0,0,0,0,0,0,0,0.0,0.0,0.0,0.0,0,0.0,0.0,0.0,0.0,False,u,Has joined Palmeiras permanently.,,,,2526
504,224068,21,210,Matt Turner,Turner,1,0.1,4.0,16,19,Away,2026-01-06T20:00:00Z,2,1,0,0,0,0,0,0,0,0,0,0,0.0,0.0,0.0,0.0,0,0.0,0.0,0.0,0.0,False,u,Has joined Lyon permanently.,,,,2526
505,227444,21,210,Nikola Milenković,Milenković,2,3.2,5.1,16,19,Away,2026-01-06T20:00:00Z,2,1,90,0,0,0,1,0,0,0,6,2,0.0,0.0,0.0,0.95,7,2.0,13.0,0.5,6.0,False,a,,,,,2526
506,575476,21,210,Murillo Costa dos Santos,Murillo,2,1.9,5.2,16,19,Away,2026-01-06T20:00:00Z,2,1,90,0,0,0,1,0,0,0,9,2,0.13,0.06,0.19,0.95,11,6.0,31.8,11.5,17.0,False,a,,,2.0,,2526
507,159506,21,210,Ola Aina,Aina,2,2.3,4.7,16,19,Away,2026-01-06T20:00:00Z,2,1,90,0,0,0,1,0,0,0,15,2,0.02,0.07,0.09,0.95,7,3.9,14.4,17.5,7.0,False,a,,,,,2526
508,215136,21,210,Neco Williams,N.Williams,2,2.9,4.7,16,19,Away,2026-01-06T20:00:00Z,2,1,90,0,0,0,1,0,0,0,19,4,0.05,0.05,0.1,0.95,11,6.5,30.0,17.7,17.0,False,a,,,,,2526
509,451432,21,210,David Mota Veiga Teixeira do Carmo,David Carmo,2,0.0,4.5,16,19,Away,2026-01-06T20:00:00Z,2,1,0,0,0,0,0,0,0,0,0,0,0.0,0.0,0.0,0.0,0,0.0,0.0,0.0,0.0,False,u,has joined Real Oviedo on loan for the rest of the season.,,,,2526
510,575458,21,210,Jair Paula da Cunha Filho,Jair Cunha,2,0.1,4.2,16,19,Away,2026-01-06T20:00:00Z,2,1,0,0,0,0,0,0,0,0,0,0,0.0,0.0,0.0,0.0,0,0.0,0.0,0.0,0.0,False,a,,,,,2526
511,485047,21,210,Felipe Rodrigues da Silva,Morato,2,0.1,4.3,16,19,Away,2026-01-06T20:00:00Z,2,1,1,0,0,0,0,0,0,0,2,1,0.0,0.0,0.0,0.0,0,0.0,0.0,0.3,0.0,False,a,,,,,2526
512,204822,21,210,Omar Richards,O.Richards,2,0.0,4.5,16,19,Away,2026-01-06T20:00:00Z,2,1,0,0,0,0,0,0,0,0,0,0,0.0,0.0,0.0,0.0,0,0.0,0.0,0.0,0.0,False,u,has joined Rio Ave on loan for the rest of the season.,,,,2526
513,549067,21,210,Zach Abbott,Abbott,2,0.3,3.8,16,19,Away,2026-01-06T20:00:00Z,2,1,0,0,0,0,0,0,0,0,0,0,0.0,0.0,0.0,0.0,0,0.0,0.0,0.0,0.0,False,a,,,,,2526
514,90585,21,210,Willy Boly,Boly,2,0.4,3.8,16,19,Away,2026-01-06T20:00:00Z,2,1,0,0,0,0,0,0,0,0,0,0,0.0,0.0,0.0,0.0,0,0.0,0.0,0.0,0.0,False,i,Knee injury - Unknown return date,,,,2526
515,222531,21,210,Morgan Gibbs-White,Gibbs-White,3,3.4,7.3,16,19,Away,2026-01-06T20:00:00Z,2,1,90,1,0,0,1,0,0,2,32,9,0.79,0.04,0.83,0.95,7,6.9,40.0,5.6,23.0,False,a,,,3.0,2.0,2526
516,209046,21,210,Callum Hudson-Odoi,Hudson-Odoi,3,0.7,5.7,16,19,Away,2026-01-06T20:00:00Z,2,1,90,0,0,0,1,0,0,0,8,2,0.06,0.09,0.15,0.95,3,4.4,3.0,36.8,4.0,False,a,,,,,2526
517,215379,21,210,Elliot Anderson,Anderson,3,6.2,5.4,16,19,Away,2026-01-06T20:00:00Z,2,1,90,0,1,0,1,0,0,0,18,7,0.0,0.07,0.07,0.95,22,5.7,39.4,17.6,0.0,False,a,,1.0,1.0,4.0,2526
518,510500,21,210,João Pedro Ferreira da Silva,Jota,3,0.0,5.4,16,19,Away,2026-01-06T20:00:00Z,2,1,0,0,0,0,0,0,0,0,0,0,0.0,0.0,0.0,0.0,0,0.0,0.0,0.0,0.0,False,u,has joined Besiktas on loan for the rest of the season.,,,,2526
519,250199,21,210,Nicolás Domínguez,Dominguez,3,0.0,5.0,16,19,Away,2026-01-06T20:00:00Z,2,1,90,1,0,0,1,0,0,3,39,10,0.31,0.07,0.38,0.95,9,12.2,51.8,20.1,50.0,False,a,,,,,2526
520,243345,21,210,Lewis O'Brien,O'Brien,3,0.0,5.0,16,19,Away,2026-01-06T20:00:00Z,2,1,0,0,0,0,0,0,0,0,0,0,0.0,0.0,0.0,0.0,0,0.0,0.0,0.0,0.0,False,u,Has joined Wrexham permanently.,,,,2526
521,210462,21,210,Ibrahim Sangaré,Sangaré,3,0.1,4.9,16,19,Away,2026-01-06T20:00:00Z,2,1,0,0,0,0,0,0,0,0,0,0,0.0,0.0,0.0,0.0,0,0.0,0.0,0.0,0.0,False,a,,,,,2526
522,204968,21,210,Ryan Yates,Yates,3,0.1,4.7,16,19,Away,2026-01-06T20:00:00Z,2,1,0,0,0,0,0,0,0,0,0,0,0.0,0.0,0.0,0.0,0,0.0,0.0,0.0,0.0,False,a,,,,,2526
523,569014,21,210,Eric da Silva Moreira,Da Silva Moreira,3,0.1,4.5,16,19,Away,2026-01-06T20:00:00Z,2,1,0,0,0,0,0,0,0,0,0,0,0.0,0.0,0.0,0.0,0,0.0,0.0,0.0,0.0,False,a,,,,,2526
524,495161,21,210,Marko Stamenić,Stamenic,3,0.0,4.5,16,19,Away,2026-01-06T20:00:00Z,2,1,0,0,0,0,0,0,0,0,0,0,0.0,0.0,0.0,0.0,0,0.0,0.0,0.0,0.0,False,u,Has joined Swansea City permanently.,,,,2526
525,60689,21,210,Chris Wood,Wood,4,4.6,7.2,16,19,Away,2026-01-06T20:00:00Z,2,1,0,0,0,0,0,0,0,0,0,0,0.0,0.0,0.0,0.0,0,0.0,0.0,0.0,0.0,False,i,Knee injury - Unknown return date,,,1.0,2526
526,482973,21,210,Igor Jesus Maciel da Cruz,Igor Jesus,4,1.2,5.8,16,19,Away,2026-01-06T20:00:00Z,2,1,90,0,0,0,1,0,0,0,0,2,0.02,0.01,0.03,0.95,2,2.1,1.4,7.0,13.0,False,a,,,,3.0,2526
527,210156,21,210,Taiwo Awoniyi,Awoniyi,4,0.3,5.2,16,19,Away,2026-01-06T20:00:00Z,2,1,0,0,0,0,0,0,0,0,0,0,0.0,0.0,0.0,0.0,0,0.0,0.0,0.0,0.0,False,a,,,,,2526
528,232571,21,203,Anthony Patterson,Patterson,1,0.2,4.2,17,5,Away,2026-01-07T19:30:00Z,0,3,0,0,0,0,0,0,0,0,0,0,0.0,0.0,0.0,0.0,0,0.0,0.0,0.0,0.0,False,u,has joined Millwall on loan for the rest of the season.,,,,2526
529,74854,21,203,Simon Moore,Moore,1,0.4,3.9,17,5,Away,2026-01-07T19:30:00Z,0,3,0,0,0,0,0,0,0,0,0,0,0.0,0.0,0.0,0.0,0,0.0,0.0,0.0,0.0,False,a,,,,,2526
530,490000,21,203,Blondy Nna Noukeu,Nna Noukeu,1,0.1,3.9,17,5,Away,2026-01-07T19:30:00Z,0,3,0,0,0,0,0,0,0,0,0,0,0.0,0.0,0.0,0.0,0,0.0,0.0,0.0,0.0,False,u,has joined US Boulogne CO permanently.,,,,2526
531,223827,21,203,Daniel Ballard,Ballard,2,3.1,4.6,17,5,Away,2026-01-07T19:30:00Z,0,3,78,0,0,0,3,0,0,0,3,1,0.03,0.0,0.03,2.8,9,2.2,14.4,0.7,7.0,False,a,,,,,2526
532,487676,21,203,Trai Hume,Hume,2,0.3,4.5,17,5,Away,2026-01-07T19:30:00Z,0,3,90,0,0,0,3,1,0,0,-6,0,0.0,0.01,0.01,3.24,5,2.1,10.4,10.8,0.0,False,a,,2.0,,,2526
533,220684,21,203,Aji Alese,Alese,2,0.0,4.0,17,5,Away,2026-01-07T19:30:00Z,0,3,0,0,0,0,0,0,0,0,0,0,0.0,0.0,0.0,0.0,0,0.0,0.0,0.0,0.0,False,u,has joined Portsmouth on loan for the rest of the season.,,,,2526
534,232820,21,203,Joe Anderson,Anderson,2,0.3,3.8,17,5,Away,2026-01-07T19:30:00Z,0,3,0,0,0,0,0,0,0,0,0,0,0.0,0.0,0.0,0.0,0,0.0,0.0,0.0,0.0,False,u,has joined Barrow FC permanently.,,,,2526
535,461195,21,203,Dennis Cirkin,Cirkin,2,0.1,4.0,17,5,Away,2026-01-07T19:30:00Z,0,3,11,0,0,0,0,0,0,0,2,1,0.0,0.0,0.0,0.44,0,0.1,0.6,0.3,0.0,False,d,Knock - 75% chance of playing,,,,2526
536,477547,21,203,Leo Fuhr Hjelde,Hjelde,2,0.0,4.0,17,5,Away,2026-01-07T19:30:00Z,0,3,0,0,0,0,0,0,0,0,0,0,0.0,0.0,0.0,0.0,0,0.0,0.0,0.0,0.0,False,u,has joined Sheffield United on loan for the rest of the season.,,,,2526
537,492066,21,203,Niall Huggins,Huggins,2,0.1,4.0,17,5,Away,2026-01-07T19:30:00Z,0,3,0,0,0,0,0,0,0,0,0,0,0.0,0.0,0.0,0.0,0,0.0,0.0,0.0,0.0,False,u,has joined Wycombe Wanderers on loan for the rest of the season.,,,,2526
538,514613,21,203,Zak Johnson,Johnson,2,0.2,3.8,17,5,Away,2026-01-07T19:30:00Z,0,3,0,0,0,0,0,0,0,0,0,0,0.0,0.0,0.0,0.0,0,0.0,0.0,0.0,0.0,False,u,has joined York City on loan for the rest of the season.,,,,2526
539,167512,21,203,Luke O'Nien,O'Nien,2,0.1,4.0,17,5,Away,2026-01-07T19:30:00Z,0,3,7,0,0,0,0,0,0,0,3,1,0.0,0.0,0.0,0.44,0,0.1,1.0,0.1,0.0,False,a,,,,,2526
540,465702,21,203,Timothée Pembélé,Pembele,2,0.3,3.9,17,5,Away,2026-01-07T19:30:00Z,0,3,0,0,0,0,0,0,0,0,0,0,0.0,0.0,0.0,0.0,0,0.0,0.0,0.0,0.0,False,u,has joined Le Havre AC on loan for the rest of the season.,,,,2526
541,434399,21,203,Reinildo Mandava,Reinildo,2,3.1,3.8,17,5,Away,2026-01-07T19:30:00Z,0,3,0,0,0,0,0,0,0,0,0,0,0.0,0.0,0.0,0.0,0,0.0,0.0,0.0,0.0,False,i,Knee injury - Expected back 22 Mar,,,,2526
542,519634,21,203,Jenson Seelt,Seelt,2,0.1,4.0,17,5,Away,2026-01-07T19:30:00Z,0,3,0,0,0,0,0,0,0,0,0,0,0.0,0.0,0.0,0.0,0,0.0,0.0,0.0,0.0,False,u,has joined Wolfsburg on loan for the rest of the season.,,,,2526
543,535818,21,203,Simon Adingra,Adingra,3,0.4,4.9,17,5,Away,2026-01-07T19:30:00Z,0,3,51,0,0,0,1,0,0,0,2,1,0.0,0.02,0.02,1.27,5,1.6,3.6,10.8,2.0,False,u,has joined AS Monaco on loan for the rest of the season.,,,,2526
544,547027,21,203,Habib Diarra,Diarra,3,0.1,5.3,17,5,Away,2026-01-07T19:30:00Z,0,3,0,0,0,0,0,0,0,0,0,0,0.0,0.0,0.0,0.0,0,0.0,0.0,0.0,0.0,False,a,,,,1.0,2526
545,124165,21,203,Patrick Roberts,Roberts,3,0.0,5.4,17,5,Away,2026-01-07T19:30:00Z,0,3,0,0,0,0,0,0,0,0,0,0,0.0,0.0,0.0,0.0,0,0.0,0.0,0.0,0.0,False,u,has joined Birmingham City permanently.,,,,2526
546,626844,21,203,Milan Aleksić,Aleksić,3,0.0,4.9,17,5,Away,2026-01-07T19:30:00Z,0,3,0,0,0,0,0,0,0,0,0,0,0.0,0.0,0.0,0.0,0,0.0,0.0,0.0,0.0,False,a,,,,,2526
547,484420,21,203,Enzo Le Fée,E.Le Fée,3,1.3,4.9,17,5,Away,2026-01-07T19:30:00Z,0,3,90,0,0,0,3,0,0,0,13,0,0.86,0.2,1.06,3.24,8,6.4,12.2,31.4,20.0,False,a,,3.0,2.0,2.0,2526
548,461199,21,203,Romaine Mundle,Mundle,3,0.0,4.9,17,5,Away,2026-01-07T19:30:00Z,0,3,38,0,0,0,2,0,0,0,9,1,0.33,0.01,0.34,1.98,3,4.1,6.0,11.9,23.0,False,d,Knock - 75% chance of playing,,,,2526
549,223336,21,203,Dan Neil,Neil,3,0.0,4.8,17,5,Away,2026-01-07T19:30:00Z,0,3,11,0,0,0,0,0,0,0,3,1,0.0,0.0,0.0,0.44,0,0.2,1.0,1.4,0.0,False,u,has joined Ipswich Town on loan for the rest of the season.,,,,2526
550,215460,21,203,Ian Poveda-Ocampo,Poveda,3,0.0,4.8,17,5,Away,2026-01-07T19:30:00Z,0,3,0,0,0,0,0,0,0,0,0,0,0.0,0.0,0.0,0.0,0,0.0,0.0,0.0,0.0,False,a,,,,,2526
551,554197,21,203,Chris Rigg,Rigg,3,0.0,4.7,17,5,Away,2026-01-07T19:30:00Z,0,3,51,0,0,0,1,0,0,0,0,1,0.0,0.06,0.06,1.27,3,0.5,0.0,1.9,4.0,False,a,,,,,2526
552,577669,21,203,Noah Sadiki,Sadiki,3,0.1,4.9,17,5,Away,2026-01-07T19:30:00Z,0,3,0,0,0,0,0,0,0,0,0,0,0.0,0.0,0.0,0.0,0,0.0,0.0,0.0,0.0,False,a,,,,,2526
553,549912,21,203,Chemsdine Talbi,Talbi,3,0.2,4.9,17,5,Away,2026-01-07T19:30:00Z,0,3,0,0,0,0,0,0,0,0,0,0,0.0,0.0,0.0,0.0,0,0.0,0.0,0.0,0.0,False,a,,,,,2526
554,477851,21,203,Abdoullah Ba,Ba,3,0.3,4.3,17,5,Away,2026-01-07T19:30:00Z,0,3,0,0,0,0,0,0,0,0,0,0,0.0,0.0,0.0,0.0,0,0.0,0.0,0.0,0.0,False,a,,,,,2526
555,171422,21,203,Alan Browne,Browne,3,0.0,4.5,17,5,Away,2026-01-07T19:30:00Z,0,3,0,0,0,0,0,0,0,0,0,0,0.0,0.0,0.0,0.0,0,0.0,0.0,0.0,0.0,False,u,has joined Middlesbrough on loan for the rest of the season.,,,,2526
556,458297,21,203,Pierre Ekwah Elimby,Ekwah,3,0.0,4.5,17,5,Away,2026-01-07T19:30:00Z,0,3,0,0,0,0,0,0,0,0,0,0,0.0,0.0,0.0,0.0,0,0.0,0.0,0.0,0.0,False,u,Has joined AS Saint-Etienne permanently.,,,,2526
557,547410,21,203,Harrison Jones,H.Jones,3,0.1,4.3,17,5,Away,2026-01-07T19:30:00Z,0,3,0,0,0,0,0,0,0,0,0,0,0.0,0.0,0.0,0.0,0,0.0,0.0,0.0,0.0,False,a,,,,,2526
558,493837,21,203,Jay Matete,Matete,3,0.2,4.3,17,5,Away,2026-01-07T19:30:00Z,0,3,0,0,0,0,0,0,0,0,0,0,0.0,0.0,0.0,0.0,0,0.0,0.0,0.0,0.0,False,u,has joined MK Dons permanently.,,,,2526
559,500696,21,203,Nectarios Triantis,Triantis,3,0.0,4.4,17,5,Away,2026-01-07T19:30:00Z,0,3,0,0,0,0,0,0,0,0,0,0,0.0,0.0,0.0,0.0,0,0.0,0.0,0.0,0.0,False,u,has joined Minnesota United permanently.,,,,2526
560,437505,21,203,Wilson Isidor,Isidor,4,1.4,5.1,17,5,Away,2026-01-07T19:30:00Z,0,3,0,0,0,0,0,0,0,0,0,0,0.0,0.0,0.0,0.0,0,0.0,0.0,0.0,0.0,False,a,,,,,2526
561,564406,21,203,Eliezer Mayenda Dossou,Mayenda,4,0.5,5.2,17,5,Away,2026-01-07T19:30:00Z,0,3,38,0,0,0,2,0,0,0,0,1,0.0,0.01,0.01,1.98,0,0.0,0.0,1.4,0.0,False,a,,,,,2526
562,611975,21,203,Ahmed Abdullahi,Abdullahi,4,0.5,4.2,17,5,Away,2026-01-07T19:30:00Z,0,3,0,0,0,0,0,0,0,0,0,0,0.0,0.0,0.0,0.0,0,0.0,0.0,0.0,0.0,False,a,,,,,2526
563,551153,21,203,Luís Hemir Silva Semedo,Luís Hemir,4,0.1,4.4,17,5,Away,2026-01-07T19:30:00Z,0,3,0,0,0,0,0,0,0,0,0,0,0.0,0.0,0.0,0.0,0,0.0,0.0,0.0,0.0,False,u,has joined Moreirense on loan for the rest of the season.,,,,2526
564,440955,21,203,Nazarii Rusyn,Rusyn,4,0.1,4.4,17,5,Away,2026-01-07T19:30:00Z,0,3,0,0,0,0,0,0,0,0,0,0,0.0,0.0,0.0,0.0,0,0.0,0.0,0.0,0.0,False,u,has joined Arka on loan for the rest of the season.,,,,2526
565,184254,21,202,Guglielmo Vicario,Vicario,1,5.8,4.7,18,4,Away,2026-01-07T19:30:00Z,2,3,90,0,0,0,3,0,0,0,-1,1,0.0,0.0,0.0,1.27,0,0.6,6.0,0.0,0.0,False,a,,,,,2526
566,214572,21,202,Brandon Austin,Austin,1,0.3,3.9,18,4,Away,2026-01-07T19:30:00Z,2,3,0,0,0,0,0,0,0,0,0,0,0.0,0.0,0.0,0.0,0,0.0,0.0,0.0,0.0,False,a,,,,,2526
567,485055,21,202,Antonín Kinský,Kinsky,1,1.6,3.9,18,4,Away,2026-01-07T19:30:00Z,2,3,0,0,0,0,0,0,0,0,0,0,0.0,0.0,0.0,0.0,0,0.0,0.0,0.0,0.0,False,a,,,,,2526
568,441164,21,202,Pedro Porro Sauceda,Pedro Porro,2,9.3,5.1,18,4,Away,2026-01-07T19:30:00Z,2,3,90,0,0,0,3,1,0,0,0,0,0.06,0.1,0.16,1.27,5,3.1,8.8,16.2,6.0,False,d,Hamstring injury - 50% chance of playing,2.0,2.0,,2526
569,221632,21,202,Cristian Romero,Romero,2,3.3,5.0,18,4,Away,2026-01-07T19:30:00Z,2,3,90,0,0,0,3,0,0,0,19,3,0.18,0.44,0.62,1.27,18,9.6,42.6,31.2,22.0,False,s,Suspended until 15 Mar,,,,2526
570,135720,21,202,Kevin Danso,Danso,2,0.1,4.2,18,4,Away,2026-01-07T19:30:00Z,2,3,0,0,0,0,0,0,0,0,0,0,0.0,0.0,0.0,0.0,0,0.0,0.0,0.0,0.0,False,i,Toe Injury - Unknown return date,,,,2526
571,115556,21,202,Ben Davies,Davies,2,0.1,4.3,18,4,Away,2026-01-07T19:30:00Z,2,3,0,0,0,0,0,0,0,0,0,0,0.0,0.0,0.0,0.0,0,0.0,0.0,0.0,0.0,False,i,Ankle injury - Unknown return date,,,,2526
572,493125,21,202,Radu Drăgușin,Dragusin,2,0.0,4.5,18,4,Away,2026-01-07T19:30:00Z,2,3,0,0,0,0,0,0,0,0,0,0,0.0,0.0,0.0,0.0,0,0.0,0.0,0.0,0.0,False,a,,,,,2526
573,232859,21,202,Djed Spence,Spence,2,1.0,4.2,18,4,Away,2026-01-07T19:30:00Z,2,3,90,0,0,0,3,0,0,0,6,1,0.0,0.04,0.04,1.27,6,2.5,10.8,12.1,2.0,False,a,,,,,2526
574,487053,21,202,Destiny Udogie,Udogie,2,0.3,4.3,18,4,Away,2026-01-07T19:30:00Z,2,3,0,0,0,0,0,0,0,0,0,0,0.0,0.0,0.0,0.0,0,0.0,0.0,0.0,0.0,False,i,Hamstring injury - Expected back 15 Mar,,,,2526
575,491279,21,202,Micky van de Ven,Van de Ven,2,23.0,4.5,18,4,Away,2026-01-07T19:30:00Z,2,3,90,0,0,0,3,1,0,0,-2,0,0.28,0.0,0.28,1.27,3,5.4,18.2,0.8,35.0,False,a,,,,,2526
576,548308,21,202,Ashley Phillips,Phillips,2,0.0,4.0,18,4,Away,2026-01-07T19:30:00Z,2,3,0,0,0,0,0,0,0,0,0,0,0.0,0.0,0.0,0.0,0,0.0,0.0,0.0,0.0,False,u,Has joined Stoke City on loan for the rest of the season.,,,,2526
577,553299,21,202,Takai Kōta,Takai,2,0.0,4.0,18,4,Away,2026-01-07T19:30:00Z,2,3,0,0,0,0,0,0,0,0,0,0,0.0,0.0,0.0,0.0,0,0.0,0.0,0.0,0.0,False,u,has joined Borussia Mönchengladbach on loan for the rest of the season.,,,,2526
578,610799,21,202,Luka Vušković,Vuskovic,2,0.3,3.9,18,4,Away,2026-01-07T19:30:00Z,2,3,0,0,0,0,0,0,0,0,0,0,0.0,0.0,0.0,0.0,0,0.0,0.0,0.0,0.0,False,u,has joined Hamburger SV on loan for the rest of the season.,,,,2526
579,85971,21,202,Son Heung-min,Son,3,0.1,8.5,18,4,Away,2026-01-07T19:30:00Z,2,3,0,0,0,0,0,0,0,0,0,0,0.0,0.0,0.0,0.0,0,0.0,0.0,0.0,0.0,False,u,has joined Los Angeles FC permanently.,,,,2526
580,242898,21,205,Brennan Johnson,Johnson,3,2.4,6.5,8,2,Home,2026-01-07T19:30:00Z,0,0,90,0,0,1,0,1,0,0,-2,2,0.44,0.02,0.46,1.74,4,4.6,1.6,2.5,42.0,False,a,,4.0,,,2526
581,172780,21,202,James Maddison,Maddison,3,0.1,6.8,18,4,Away,2026-01-07T19:30:00Z,2,3,0,0,0,0,0,0,0,0,0,0,0.0,0.0,0.0,0.0,0,0.0,0.0,0.0,0.0,False,i,Anterior cruciate ligament - Unknown return date,,,,2526
582,460842,21,202,Mohammed Kudus,Kudus,3,9.6,6.4,18,4,Away,2026-01-07T19:30:00Z,2,3,0,0,0,0,0,0,0,0,0,0,0.0,0.0,0.0,0.0,0,0.0,0.0,0.0,0.0,False,i,Thigh injury - Expected back 11 Apr,3.0,4.0,3.0,2526
583,445044,21,202,Dejan Kulusevski,Kulusevski,3,0.0,6.4,18,4,Away,2026-01-07T19:30:00Z,2,3,0,0,0,0,0,0,0,0,0,0,0.0,0.0,0.0,0.0,0,0.0,0.0,0.0,0.0,False,i,Knee injury - Unknown return date,,,,2526
584,511499,21,202,Mathys Tel,Tel,3,0.1,6.2,18,4,Away,2026-01-07T19:30:00Z,2,3,90,1,0,0,3,0,0,3,42,10,0.06,0.14,0.2,1.27,8,12.5,49.6,48.2,27.0,True,a,,4.0,,,2526
585,202993,21,202,Rodrigo Bentancur,Bentancur,3,0.2,5.3,18,4,Away,2026-01-07T19:30:00Z,2,3,85,0,0,0,2,0,0,0,21,2,0.0,0.0,0.0,1.07,10,1.6,13.0,3.1,0.0,False,i,Hamstring injury - Unknown return date,,,,2526
586,570526,21,202,Lucas Bergvall,Bergvall,3,0.2,5.2,18,4,Away,2026-01-07T19:30:00Z,2,3,56,0,0,0,2,0,0,0,-2,1,0.04,0.01,0.05,0.79,3,1.2,0.0,0.8,12.0,False,i,Ankle injury - Unknown return date,,,,2526
587,227127,21,202,Yves Bissouma,Bissouma,3,0.0,5.2,18,4,Away,2026-01-07T19:30:00Z,2,3,0,0,0,0,0,0,0,0,0,0,0.0,0.0,0.0,0.0,0,0.0,0.0,0.0,0.0,False,a,,,,,2526
588,550839,21,202,Wilson Odobert,Odobert,3,0.1,5.3,18,4,Away,2026-01-07T19:30:00Z,2,3,33,0,0,0,1,0,0,0,5,1,0.03,0.05,0.08,0.47,3,2.0,2.0,11.0,7.0,False,i,Knee injury - Unknown return date,,,,2526
589,235674,21,202,Manor Solomon,Solomon,3,0.0,5.4,18,4,Away,2026-01-07T19:30:00Z,2,3,0,0,0,0,0,0,0,0,0,0,0.0,0.0,0.0,0.0,0,0.0,0.0,0.0,0.0,False,u,has joined Fiorentina on loan for the rest of the season.,,,,2526
590,436234,21,202,Bryan Gil Salvatierra,Bryan,3,0.0,4.9,18,4,Away,2026-01-07T19:30:00Z,2,3,0,0,0,0,0,0,0,0,0,0,0.0,0.0,0.0,0.0,0,0.0,0.0,0.0,0.0,False,u,has joined Girona permanently.,,,,2526
591,547701,21,202,Archie Gray,Gray,3,0.1,4.8,18,4,Away,2026-01-07T19:30:00Z,2,3,4,0,0,0,1,0,0,0,3,1,0.0,0.0,0.0,0.19,1,0.0,0.2,0.0,0.0,False,a,,,,,2526
592,499721,21,202,Mikey Moore,Moore,3,0.0,5.0,18,4,Away,2026-01-07T19:30:00Z,2,3,0,0,0,0,0,0,0,0,0,0,0.0,0.0,0.0,0.0,0,0.0,0.0,0.0,0.0,False,u,Has joined Rangers on loan for the rest of the season.,,,,2526
593,482442,21,202,Pape Matar Sarr,P.M.Sarr,3,1.1,4.5,18,4,Away,2026-01-07T19:30:00Z,2,3,0,0,0,0,0,0,0,0,0,0,0.0,0.0,0.0,0.0,0,0.0,0.0,0.0,0.0,False,a,,,,,2526
594,623095,21,202,Yang Min-hyeok,Min-hyeok,3,0.0,4.5,18,4,Away,2026-01-07T19:30:00Z,2,3,0,0,0,0,0,0,0,0,0,0,0.0,0.0,0.0,0.0,0,0.0,0.0,0.0,0.0,False,u,has joined Coventry City on loan for the rest of the season.,,,,2526
595,499726,21,202,Callum Olusesi,Olusesi,3,0.2,4.3,18,4,Away,2026-01-07T19:30:00Z,2,3,0,0,0,0,0,0,0,0,0,0,0.0,0.0,0.0,0.0,0,0.0,0.0,0.0,0.0,False,a,,,,,2526
596,154566,21,202,Dominic Solanke-Mitchell,Solanke,4,1.3,7.2,18,4,Away,2026-01-07T19:30:00Z,2,3,0,0,0,0,0,0,0,0,0,0,0.0,0.0,0.0,0.0,0,0.0,0.0,0.0,0.0,False,a,,,,2.0,2526
597,212319,21,202,Richarlison de Andrade,Richarlison,4,5.4,6.3,18,4,Away,2026-01-07T19:30:00Z,2,3,23,0,0,0,1,0,0,0,-2,1,0.38,0.0,0.38,0.41,0,1.2,0.0,0.0,14.0,False,a,,,,5.0,2526
598,552427,21,202,Will Lankshear,Lankshear,4,0.0,4.5,18,4,Away,2026-01-07T19:30:00Z,2,3,0,0,0,0,0,0,0,0,0,0,0.0,0.0,0.0,0.0,0,0.0,0.0,0.0,0.0,False,u,has joined Oxford United on loan for the rest of the season.,,,,2526
599,490145,21,202,Dane Scarlett,Scarlett,4,0.6,4.3,18,4,Away,2026-01-07T19:30:00Z,2,3,0,0,0,0,0,0,0,0,0,0,0.0,0.0,0.0,0.0,0,0.0,0.0,0.0,0.0,False,u,has joined Hibernian on loan for the rest of the season.,,,,2526
600,84182,21,210,Alphonse Areola,Areola,1,2.1,4.3,19,16,Home,2026-01-06T20:00:00Z,1,2,90,0,0,0,2,0,0,0,3,2,0.0,0.0,0.0,1.38,0,1.2,12.2,0.0,0.0,False,a,,,,,2526
601,82143,21,210,Wes Foderingham,Foderingham,1,0.2,4.0,19,16,Home,2026-01-06T20:00:00Z,1,2,0,0,0,0,0,0,0,0,0,0,0.0,0.0,0.0,0.0,0,0.0,0.0,0.0,0.0,False,u,has joined Aris Limassol permanently.,,,,2526
602,483364,21,210,Krisztián Hegyi,Hegyi,1,0.2,3.9,19,16,Home,2026-01-06T20:00:00Z,1,2,0,0,0,0,0,0,0,0,0,0,0.0,0.0,0.0,0.0,0,0.0,0.0,0.0,0.0,False,u,has joined MTK Budapest on loan for the rest of the season.,,,,2526
603,613804,21,210,El Hadji Malick Diouf,Diouf,2,1.7,4.0,19,16,Home,2026-01-06T20:00:00Z,1,2,0,0,0,0,0,0,0,0,0,0,0.0,0.0,0.0,0.0,0,0.0,0.0,0.0,0.0,False,a,,,,,2526
604,109533,21,210,Emerson Palmieri dos Santos,Emerson,2,0.1,4.4,19,16,Home,2026-01-06T20:00:00Z,1,2,0,0,0,0,0,0,0,0,0,0,0.0,0.0,0.0,0.0,0,0.0,0.0,0.0,0.0,False,u,has joined Marseille permanently.,,,,2526
605,214048,21,210,Maximilian Kilman,Kilman,2,0.1,4.2,19,16,Home,2026-01-06T20:00:00Z,1,2,0,0,0,0,0,0,0,0,0,0,0.0,0.0,0.0,0.0,0,0.0,0.0,0.0,0.0,False,a,,,,,2526
606,233963,21,210,Konstantinos Mavropanos,Mavropanos,2,0.1,4.4,19,16,Home,2026-01-06T20:00:00Z,1,2,90,0,0,0,2,1,0,0,5,2,0.0,0.01,0.01,1.38,12,2.4,23.0,0.8,0.0,False,a,,,,,2526
607,210494,21,210,Nayef Aguerd,N.Aguerd,2,0.0,4.4,19,16,Home,2026-01-06T20:00:00Z,1,2,0,0,0,0,0,0,0,0,0,0,0.0,0.0,0.0,0.0,0,0.0,0.0,0.0,0.0,False,u,has joined Marseille permanently.,,,,2526
608,536109,21,210,Ollie Scarles,Scarles,2,0.0,4.3,19,16,Home,2026-01-06T20:00:00Z,1,2,62,0,0,0,1,0,0,0,10,4,0.0,0.0,0.0,0.47,14,2.9,27.6,1.1,0.0,False,a,,5.0,,,2526
609,462116,21,210,Jean-Clair Todibo,Todibo,2,0.1,4.3,19,16,Home,2026-01-06T20:00:00Z,1,2,90,0,0,0,2,1,0,0,5,2,0.0,0.01,0.01,1.38,10,2.3,22.6,0.3,0.0,False,a,,,,,2526
610,214590,21,210,Aaron Wan-Bissaka,Wan-Bissaka,2,4.6,4.1,19,16,Home,2026-01-06T20:00:00Z,1,2,0,0,0,0,0,0,0,0,0,0,0.0,0.0,0.0,0.0,0,0.0,0.0,0.0,0.0,False,a,,,,,2526
611,518438,21,210,Kaelan Casey,Casey,2,0.1,4.0,19,16,Home,2026-01-06T20:00:00Z,1,2,0,0,0,0,0,0,0,0,0,0,0.0,0.0,0.0,0.0,0,0.0,0.0,0.0,0.0,False,u,has joined Leyton Orient on loan for the rest of the season.,,,,2526
612,224024,21,210,Lucas Tolentino Coelho de Lima,L.Paquetá,3,1.1,5.9,19,16,Home,2026-01-06T20:00:00Z,1,2,62,0,0,0,1,0,0,0,5,2,0.0,0.0,0.0,0.47,4,1.1,2.8,8.1,0.0,False,u,has joined Flamengo permanently.,,,,2526
613,215439,21,210,Tomáš Souček,Souček,3,0.3,5.7,19,16,Home,2026-01-06T20:00:00Z,1,2,90,0,1,0,2,0,0,1,21,6,0.22,0.06,0.28,1.38,9,5.6,16.4,23.7,16.0,False,a,,,,,2526
614,101178,21,210,James Ward-Prowse,Ward-Prowse,3,0.2,5.6,3,19,Away,2026-01-06T20:00:00Z,2,1,0,0,0,0,0,0,0,0,0,0,0.0,0.0,0.0,0.0,0,0.0,0.0,0.0,0.0,False,a,,1.0,1.0,,2526
615,450070,21,210,Crysencio Summerville,Summerville,3,3.2,5.7,19,16,Home,2026-01-06T20:00:00Z,1,2,90,0,0,0,2,0,0,0,14,4,0.03,0.05,0.08,1.38,13,5.4,16.4,30.1,7.0,False,a,,2.0,,,2526
616,213999,21,210,Edson Álvarez Velázquez,Álvarez,3,0.0,4.9,19,16,Home,2026-01-06T20:00:00Z,1,2,0,0,0,0,0,0,0,0,0,0,0.0,0.0,0.0,0.0,0,0.0,0.0,0.0,0.0,False,u,Has joined Fenerbahçe on loan for the rest of the season.,,,,2526
617,149519,21,210,Maxwel Cornet,Cornet,3,0.0,4.9,19,16,Home,2026-01-06T20:00:00Z,1,2,0,0,0,0,0,0,0,0,0,0,0.0,0.0,0.0,0.0,0,0.0,0.0,0.0,0.0,False,u,has joined Genoa on loan for the rest of the season.,,,,2526
618,197024,21,210,Guido Rodríguez,G.Rodriguez,3,0.0,4.8,19,16,Home,2026-01-06T20:00:00Z,1,2,0,0,0,0,0,0,0,0,0,0,0.0,0.0,0.0,0.0,0,0.0,0.0,0.0,0.0,False,u,has joined Valencia on loan for the rest of the season.,,,,2526
619,577114,21,210,Luis Guilherme Lira dos Santos,L.Guilherme,3,0.0,4.9,19,16,Home,2026-01-06T20:00:00Z,1,2,0,0,0,0,0,0,0,0,0,0,0.0,0.0,0.0,0.0,0,0.0,0.0,0.0,0.0,False,u,has joined Sporting CP permanently.,,,,2526
620,490885,21,210,George Earthy,Earthy,3,0.0,4.5,19,16,Home,2026-01-06T20:00:00Z,1,2,0,0,0,0,0,0,0,0,0,0,0.0,0.0,0.0,0.0,0,0.0,0.0,0.0,0.0,False,u,has joined Bristol City on loan for the rest of the season.,,,,2526
621,229384,21,210,Andy Irving,Irving,3,0.2,4.3,19,16,Home,2026-01-06T20:00:00Z,1,2,0,0,0,0,0,0,0,0,0,0,0.0,0.0,0.0,0.0,0,0.0,0.0,0.0,0.0,False,u,has joined Sparta Prague permanently.,,,,2526
622,518442,21,210,Lewis Orford,Orford,3,0.1,4.4,19,16,Home,2026-01-06T20:00:00Z,1,2,0,0,0,0,0,0,0,0,0,0,0.0,0.0,0.0,0.0,0,0.0,0.0,0.0,0.0,False,u,has joined Stevenage on loan for the rest of the season.,,,,2526
623,490142,21,210,Freddie Potts,Potts,3,0.6,4.4,19,16,Home,2026-01-06T20:00:00Z,1,2,10,0,0,0,1,0,0,0,3,1,0.0,0.01,0.01,0.79,2,0.4,2.4,1.1,0.0,False,s,Suspended until 14 Mar,,,,2526
624,178186,21,210,Jarrod Bowen,Bowen,4,8.2,7.6,19,16,Home,2026-01-06T20:00:00Z,1,2,90,0,0,0,2,0,0,0,10,2,0.19,0.16,0.35,1.38,9,4.8,7.4,18.2,22.0,False,a,,1.0,1.0,2.0,2526
625,91889,21,210,Niclas Füllkrug,Füllkrug,4,0.6,5.6,19,16,Home,2026-01-06T20:00:00Z,1,2,0,0,0,0,0,0,0,0,0,0,0.0,0.0,0.0,0.0,0,0.0,0.0,0.0,0.0,False,u,has joined AC Milan on loan for the rest of the season.,,,,2526
626,565431,21,210,Callum Marshall,Marshall,4,0.5,4.3,19,16,Home,2026-01-06T20:00:00Z,1,2,0,0,0,0,0,0,0,0,0,0,0.0,0.0,0.0,0.0,0,0.0,0.0,0.0,0.0,False,u,has joined VfL Bochum 1848 on loan for the rest of the season.,,,,2526
627,101982,21,206,Sam Johnstone,Johnstone,1,0.1,4.4,20,9,Away,2026-01-07T19:30:00Z,1,1,0,0,0,0,0,0,0,0,0,0,0.0,0.0,0.0,0.0,0,0.0,0.0,0.0,0.0,False,a,,,,,2526
628,149065,21,206,José Malheiro de Sá,José Sá,1,1.2,4.2,20,9,Away,2026-01-07T19:30:00Z,1,1,90,0,0,0,1,1,0,0,4,1,0.0,0.0,0.0,0.89,0,1.0,10.2,0.0,0.0,False,a,,,,,2526
629,79602,21,206,Daniel Bentley,Bentley,1,0.5,3.9,20,9,Away,2026-01-07T19:30:00Z,1,1,0,0,0,0,0,0,0,0,0,0,0.0,0.0,0.0,0.0,0,0.0,0.0,0.0,0.0,False,a,,,,,2526
630,138001,21,206,Tom King,King,1,1.3,3.9,9,20,Home,2026-01-07T19:30:00Z,1,1,0,0,0,0,0,0,0,0,0,0,0.0,0.0,0.0,0.0,0,0.0,0.0,0.0,0.0,False,a,,,,,2526
631,516939,21,206,Emmanuel Agbadou,Agbadou,2,0.1,4.2,20,9,Away,2026-01-07T19:30:00Z,1,1,0,0,0,0,0,0,0,0,0,0,0.0,0.0,0.0,0.0,0,0.0,0.0,0.0,0.0,False,u,has joined Besiktas permanently.,,,,2526
632,87835,21,206,Matt Doherty,Doherty,2,0.1,4.4,20,9,Away,2026-01-07T19:30:00Z,1,1,0,0,0,0,0,0,0,0,0,0,0.0,0.0,0.0,0.0,0,0.0,0.0,0.0,0.0,False,a,,,,,2526
633,490721,21,206,Hugo Bueno López,H.Bueno,2,0.2,4.3,20,9,Away,2026-01-07T19:30:00Z,1,1,90,0,0,0,1,0,0,0,19,2,0.05,0.27,0.32,0.89,4,8.7,23.4,52.3,11.0,False,a,,1.0,,,2526
634,501837,21,206,Yerson Mosquera Valdelamar,Mosquera,2,0.1,4.3,20,9,Away,2026-01-07T19:30:00Z,1,1,90,0,0,0,1,1,0,0,16,3,0.0,0.03,0.03,0.89,13,4.8,29.0,14.7,4.0,False,a,,,,,2526
635,483081,21,206,Rodrigo Martins Gomes,R.Gomes,2,0.1,4.4,20,9,Away,2026-01-07T19:30:00Z,1,1,0,0,0,0,0,0,0,0,0,0,0.0,0.0,0.0,0.0,0,0.0,0.0,0.0,0.0,False,a,,,,,2526
636,231480,21,206,Santiago Ignacio Bueno,S.Bueno,2,0.1,4.4,20,9,Away,2026-01-07T19:30:00Z,1,1,90,0,0,0,1,0,0,0,13,2,0.0,0.01,0.01,0.89,7,3.2,19.2,10.8,2.0,False,a,,,,,2526
637,510362,21,206,Toti Gomes,Toti,2,0.1,4.2,20,9,Away,2026-01-07T19:30:00Z,1,1,0,0,0,0,0,0,0,0,0,0,0.0,0.0,0.0,0.0,0,0.0,0.0,0.0,0.0,False,a,,,,,2526
638,441271,21,206,Ki-Jana Hoever,Hoever,2,1.0,3.8,20,9,Away,2026-01-07T19:30:00Z,1,1,0,0,0,0,0,0,0,0,0,0,0.0,0.0,0.0,0.0,0,0.0,0.0,0.0,0.0,False,u,has joined Sheffield United on loan for the rest of the season.,,,,2526
639,560248,21,206,Bastien Meupiyou Menadjou,Meupiyou,2,0.0,4.0,20,9,Away,2026-01-07T19:30:00Z,1,1,0,0,0,0,0,0,0,0,0,0,0.0,0.0,0.0,0.0,0,0.0,0.0,0.0,0.0,False,u,On loan to FC Alverca,,,,2526
640,641221,21,206,Pedro Cardoso de Lima,Pedro Lima,2,0.4,4.0,20,9,Away,2026-01-07T19:30:00Z,1,1,1,0,0,0,0,0,0,0,3,1,0.0,0.0,0.0,0.0,0,0.0,0.2,0.1,0.0,False,a,,,,,2526
641,517179,21,206,Alfie Pond,Pond,2,1.0,3.9,20,9,Away,2026-01-07T19:30:00Z,1,1,0,0,0,0,0,0,0,0,0,0,0.0,0.0,0.0,0.0,0,0.0,0.0,0.0,0.0,False,u,has joined Crewe Alexandra on loan for the rest of the season.,,,,2526
642,184754,21,206,Hwang Hee-chan,Hee Chan,3,0.1,5.6,20,9,Away,2026-01-07T19:30:00Z,1,1,90,0,0,0,1,1,0,0,4,1,0.04,0.02,0.06,0.89,6,2.2,0.8,13.4,8.0,False,i,Calf injury - Unknown return date,,1.0,3.0,2526
643,509291,21,206,André Trindade da Costa Neto,André,3,0.1,5.2,20,9,Away,2026-01-07T19:30:00Z,1,1,45,0,0,0,0,0,0,0,5,1,0.0,0.05,0.05,0.16,5,1.9,5.8,13.4,0.0,False,a,,,,,2526
644,231057,21,206,Jean-Ricner Bellegarde,Bellegarde,3,0.0,5.1,20,9,Away,2026-01-07T19:30:00Z,1,1,0,0,0,0,0,0,0,0,0,0,0.0,0.0,0.0,0.0,0,0.0,0.0,0.0,0.0,False,a,,3.0,2.0,,2526
645,643135,21,206,Fer López González,Fer López,3,0.0,5.1,20,9,Away,2026-01-07T19:30:00Z,1,1,0,0,0,0,0,0,0,0,0,0,0.0,0.0,0.0,0.0,0,0.0,0.0,0.0,0.0,False,u,has joined Celta Vigo on loan for the rest of the season.,,,,2526
646,448089,21,206,João Victor Gomes da Silva,J.Gomes,3,0.3,5.3,20,9,Away,2026-01-07T19:30:00Z,1,1,90,0,0,0,1,0,0,0,23,4,0.09,0.04,0.13,0.89,17,6.8,26.0,7.5,34.0,False,a,,,1.0,,2526
647,181284,21,206,Gonçalo Manuel Ganchinho Guedes,Guedes,3,0.0,5.5,20,9,Away,2026-01-07T19:30:00Z,1,1,0,0,0,0,0,0,0,0,0,0,0.0,0.0,0.0,0.0,0,0.0,0.0,0.0,0.0,False,u,Has joined Real Sociedad permanently.,,,,2526
648,433312,21,206,Marshall Munetsi,Munetsi,3,0.0,5.3,20,9,Away,2026-01-07T19:30:00Z,1,1,0,0,0,0,0,0,0,0,0,0,0.0,0.0,0.0,0.0,0,0.0,0.0,0.0,0.0,False,u,has joined Paris FC on loan for the rest of the season.,,,,2526
649,476502,21,206,Boubacar Traoré,B.Traore,3,0.0,5.0,20,9,Away,2026-01-07T19:30:00Z,1,1,0,0,0,0,0,0,0,0,0,0,0.0,0.0,0.0,0.0,0,0.0,0.0,0.0,0.0,False,u,Has joined FC Metz on loan for the rest of the season.,,,,2526
650,497606,21,206,Tawanda Chirewa,Chirewa,3,0.2,4.3,20,9,Away,2026-01-07T19:30:00Z,1,1,0,0,0,0,0,0,0,0,0,0,0.0,0.0,0.0,0.0,0,0.0,0.0,0.0,0.0,False,u,has joined Barnsley on loan for the rest of the season.,,,,2526
651,596054,21,206,Tom Edozie,Edozie,3,0.4,4.3,20,9,Away,2026-01-07T19:30:00Z,1,1,0,0,0,0,0,0,0,0,0,0,0.0,0.0,0.0,0.0,0,0.0,0.0,0.0,0.0,False,a,,,,,2526
652,593001,21,206,Enso González Medina,Gonzalez,3,1.3,4.3,20,9,Away,2026-01-07T19:30:00Z,1,1,0,0,0,0,0,0,0,0,0,0,0.0,0.0,0.0,0.0,0,0.0,0.0,0.0,0.0,False,a,,,,,2526
653,240299,21,206,Joe Hodge,Hodge,3,0.0,4.5,20,9,Away,2026-01-07T19:30:00Z,1,1,0,0,0,0,0,0,0,0,0,0,0.0,0.0,0.0,0.0,0,0.0,0.0,0.0,0.0,False,u,Signed by CD Tondela,,,,2526
654,247412,21,206,Jørgen Strand Larsen,Strand Larsen,4,2.4,6.2,8,9,Away,2026-01-07T19:30:00Z,1,1,23,0,1,0,0,0,0,0,13,4,0.0,0.01,0.01,0.09,2,2.9,18.4,10.3,0.0,False,a,,,,,2526
655,449988,21,206,Fábio Soares Silva,Fábio Silva,4,0.2,4.9,20,9,Away,2026-01-07T19:30:00Z,1,1,0,0,0,0,0,0,0,0,0,0,0.0,0.0,0.0,0.0,0,0.0,0.0,0.0,0.0,False,u,has joined Borussia Dortmund permanently.,,,,2526
656,429414,21,206,Saša Kalajdžić,Kalajdžić,4,0.0,4.9,20,9,Away,2026-01-07T19:30:00Z,1,1,0,0,0,0,0,0,0,0,0,0,0.0,0.0,0.0,0.0,0,0.0,0.0,0.0,0.0,False,u,has joined LASK on loan for the rest of the season.,,,,2526
657,589507,21,206,Leon Chiwome,Chiwome,4,0.0,4.4,20,9,Away,2026-01-07T19:30:00Z,1,1,0,0,0,0,0,0,0,0,0,0,0.0,0.0,0.0,0.0,0,0.0,0.0,0.0,0.0,False,i,Knee injury - Unknown return date,,,,2526
658,531363,21,206,Nathan Fraser,Fraser,4,2.0,4.2,20,9,Away,2026-01-07T19:30:00Z,1,1,0,0,0,0,0,0,0,0,0,0,0.0,0.0,0.0,0.0,0,0.0,0.0,0.0,0.0,False,a,,,,,2526
659,158534,21,210,Kyle Walker-Peters,Walker-Peters,2,0.2,4.2,19,16,Home,2026-01-06T20:00:00Z,1,2,90,0,0,0,2,1,0,0,5,0,0.03,0.05,0.08,1.38,5,4.9,14.6,13.1,21.0,False,a,,,,,2526
660,466525,21,209,Anton Stach,Stach,3,2.0,4.7,11,15,Away,2026-01-07T20:15:00Z,3,4,79,0,0,0,2,0,0,0,18,2,0.1,0.31,0.41,1.17,7,8.4,17.4,53.3,13.0,False,a,,1.0,1.0,,2526
661,510663,21,201,Hugo Ekitiké,Ekitiké,4,26.6,8.9,12,1,Away,2026-01-08T20:00:00Z,0,0,0,0,0,0,0,0,0,0,0,0,0.0,0.0,0.0,0.0,0,0.0,0.0,0.0,0.0,False,a,,,,,2526
662,500040,21,201,Cristhian Mosquera,Mosquera,2,0.1,5.3,1,12,Home,2026-01-08T20:00:00Z,0,0,0,0,0,0,0,0,0,0,0,0,0.0,0.0,0.0,0.0,0,0.0,0.0,0.0,0.0,False,a,,,,,2526
663,230376,21,206,Jhon Arias,J.Arias,3,0.1,4.9,20,9,Away,2026-01-07T19:30:00Z,1,1,45,0,0,0,1,0,0,0,1,1,0.0,0.01,0.01,0.73,3,1.9,0.4,12.9,6.0,False,u,has joined Palmeiras permanently.,,,,2526
664,86873,21,207,Benjamin Lecomte,Lecomte,1,0.7,3.9,10,7,Home,2026-01-07T19:30:00Z,2,1,0,0,0,0,0,0,0,0,0,0,0.0,0.0,0.0,0.0,0,0.0,0.0,0.0,0.0,False,a,,,,,2526
665,201595,21,209,Lucas Estella Perri,Perri,1,0.2,4.5,11,15,Away,2026-01-07T20:15:00Z,3,4,90,0,0,0,4,0,0,0,3,1,0.0,0.0,0.0,2.44,0,2.4,24.4,0.0,0.0,False,a,,,,,2526
666,224117,21,201,Viktor Gyökeres,Gyökeres,4,12.1,8.8,1,12,Home,2026-01-08T20:00:00Z,0,0,63,0,0,1,0,0,0,0,6,2,0.0,0.02,0.02,0.21,1,1.7,1.4,13.2,2.0,False,a,,,,2.0,2526
667,499300,21,206,Adam Aznou,Aznou,2,0.1,4.2,9,20,Home,2026-01-07T19:30:00Z,1,1,0,0,0,0,0,0,0,0,0,0,0.0,0.0,0.0,0.0,0,0.0,0.0,0.0,0.0,False,a,,,,,2526
668,84450,21,203,Granit Xhaka,Xhaka,3,3.4,5.1,17,5,Away,2026-01-07T19:30:00Z,0,3,90,0,0,0,3,0,0,0,20,2,0.06,0.17,0.23,3.24,8,2.8,12.8,6.4,9.0,False,a,,1.0,1.0,,2526
669,456512,21,210,Dan Ndoye,Ndoye,3,0.7,5.5,16,19,Away,2026-01-06T20:00:00Z,2,1,0,0,0,0,0,0,0,0,0,0,0.0,0.0,0.0,0.0,0,0.0,0.0,0.0,0.0,False,a,,4.0,,,2526
670,498016,21,203,Robin Roefs,Roefs,1,11.6,4.9,17,5,Away,2026-01-07T19:30:00Z,0,3,90,0,0,0,3,0,0,0,7,2,0.0,0.0,0.0,3.24,0,3.2,32.4,0.0,0.0,False,a,,,,,2526
671,75115,21,210,Callum Wilson,Wilson,4,0.6,5.8,19,16,Home,2026-01-06T20:00:00Z,1,2,0,0,0,0,0,0,0,0,0,0,0.0,0.0,0.0,0.0,0,0.0,0.0,0.0,0.0,False,a,,,,,2526
672,551210,21,207,Jorrel Hato,Hato,2,0.2,4.6,7,10,Away,2026-01-07T19:30:00Z,1,2,62,0,0,0,2,0,0,0,4,1,0.22,0.0,0.22,0.78,9,2.6,14.0,0.6,11.0,False,a,,,,,2526
673,154296,21,202,João Maria Lobo Alves Palhares Costa Palhinha Gonçalves,J.Palhinha,3,0.8,5.5,18,4,Away,2026-01-07T19:30:00Z,2,3,90,1,0,0,3,0,0,2,37,9,0.13,0.01,0.14,1.27,9,7.5,52.2,2.1,21.0,False,a,,,,,2526
674,225321,21,209,Aaron Ramsdale,Ramsdale,1,0.7,4.8,15,11,Home,2026-01-07T20:15:00Z,4,3,0,0,0,0,0,0,0,0,0,0,0.0,0.0,0.0,0.0,0,0.0,0.0,0.0,0.0,False,a,,,,,2526
675,107265,21,210,Angus Gunn,Gunn,1,1.1,4.0,16,19,Away,2026-01-06T20:00:00Z,2,1,0,0,0,0,0,0,0,0,0,0,0.0,0.0,0.0,0.0,0,0.0,0.0,0.0,0.0,False,a,,,,,2526
676,503714,21,204,Lesley Ugochukwu,Ugochukwu,3,0.1,5.0,3,14,Home,2026-01-07T20:15:00Z,2,2,90,0,0,0,2,0,0,0,9,4,0.0,0.01,0.01,2.55,17,2.3,21.6,1.3,0.0,False,a,,,,,2526
677,485337,21,205,Evann Guessand,Guessand,3,0.0,6.2,8,2,Home,2026-01-07T19:30:00Z,0,0,0,0,0,0,0,0,0,0,0,0,0.0,0.0,0.0,0.0,0,0.0,0.0,0.0,0.0,False,a,,,,,2526
678,105717,21,203,Arthur Masuaku,Masuaku,2,0.5,3.9,17,5,Away,2026-01-07T19:30:00Z,0,3,0,0,0,0,0,0,0,0,0,0,0.0,0.0,0.0,0.0,0,0.0,0.0,0.0,0.0,False,u,has joined RC Lens on loan for the rest of the season.,,,,2526
679,467189,21,210,Mads Hermansen,Hermansen,1,0.3,4.2,19,16,Home,2026-01-06T20:00:00Z,1,2,0,0,0,0,0,0,0,0,0,0,0.0,0.0,0.0,0.0,0,0.0,0.0,0.0,0.0,False,a,,,,,2526
680,440323,21,204,Armando Broja,Broja,4,0.2,5.2,3,14,Home,2026-01-07T20:15:00Z,2,2,75,0,0,0,2,0,0,0,9,2,0.02,0.01,0.03,2.0,5,1.0,4.4,0.8,5.0,False,i,Knock - Expected back 14 Mar,,,,2526
681,485711,21,204,Benjamin Sesko,Šeško,4,3.9,7.2,14,3,Away,2026-01-07T20:15:00Z,2,2,90,2,0,0,2,0,0,3,64,13,1.14,0.01,1.15,0.24,1,22.1,82.0,5.3,134.0,True,a,,,,,2526
682,497949,21,206,David Møller Wolfe,Møller Wolfe,2,0.1,4.2,20,9,Away,2026-01-07T19:30:00Z,1,1,0,0,0,0,0,0,0,0,0,0,0.0,0.0,0.0,0.0,0,0.0,0.0,0.0,0.0,False,a,,,,,2526
683,201895,21,203,Omar Alderete,Alderete,2,6.4,4.1,17,5,Away,2026-01-07T19:30:00Z,0,3,82,0,0,0,3,0,0,0,-6,1,0.15,0.1,0.25,2.8,6,1.7,9.6,1.0,6.0,False,a,,,,,2526
684,465642,21,209,Malick Thiaw,Thiaw,2,4.4,5.0,15,11,Home,2026-01-07T20:15:00Z,4,3,45,0,0,0,2,1,0,0,-12,-1,0.0,0.0,0.0,1.42,1,0.0,0.0,0.8,2.0,False,a,,,,,2526
685,242882,21,202,Bafodé Diakité,Diakité,2,0.3,4.2,4,18,Home,2026-01-07T19:30:00Z,3,2,3,0,0,0,0,0,0,0,3,1,0.0,0.0,0.0,0.04,0,0.0,0.0,0.0,0.0,False,a,,,,,2526
686,611922,21,201,Rio Ngumoha,Ngumoha,3,0.8,4.3,12,1,Away,2026-01-08T20:00:00Z,0,0,0,0,0,0,0,0,0,0,0,0,0.0,0.0,0.0,0.0,0,0.0,0.0,0.0,0.0,False,a,,,,,2526
687,606774,21,202,Remy Rees-Dottin,Rees-Dottin,3,0.2,4.3,4,18,Home,2026-01-07T19:30:00Z,3,2,0,0,0,0,0,0,0,0,0,0,0.0,0.0,0.0,0.0,0,0.0,0.0,0.0,0.0,False,a,,,,,2526
688,481283,21,205,James Wright,Wright,1,0.6,3.9,2,8,Away,2026-01-07T19:30:00Z,0,0,0,0,0,0,0,0,0,0,0,0,0.0,0.0,0.0,0.0,0,0.0,0.0,0.0,0.0,False,a,,,,,2526
689,623110,21,209,Seung-Soo Park,Seung soo,3,0.5,4.3,15,11,Home,2026-01-07T20:15:00Z,4,3,0,0,0,0,0,0,0,0,0,0,0.0,0.0,0.0,0.0,0,0.0,0.0,0.0,0.0,False,a,,,,,2526
690,590014,21,205,Rio Cardines,Cardines,3,0.3,4.4,8,2,Home,2026-01-07T19:30:00Z,0,0,0,0,0,0,0,0,0,0,0,0,0.0,0.0,0.0,0.0,0,0.0,0.0,0.0,0.0,False,a,,,,,2526
691,177815,21,209,Dominic Calvert-Lewin,Calvert-Lewin,4,9.8,5.8,11,15,Away,2026-01-07T20:15:00Z,3,4,86,1,1,0,2,1,0,0,30,8,0.94,0.02,0.96,1.5,3,9.7,50.0,15.8,31.0,False,a,,,,1.0,2526
692,647681,21,201,Giovanni Leoni,Leoni,2,0.0,4.9,12,1,Away,2026-01-08T20:00:00Z,0,0,0,0,0,0,0,0,0,0,0,0,0.0,0.0,0.0,0.0,0,0.0,0.0,0.0,0.0,False,i,Knee injury - Expected back 01 Sep,,,,2526
693,503301,21,210,Omari Hutchinson,Hutchinson,3,0.1,5.4,16,19,Away,2026-01-06T20:00:00Z,2,1,45,0,0,0,1,0,0,0,3,1,0.0,0.01,0.01,0.45,7,0.9,2.8,1.9,4.0,False,a,,2.0,,,2526
694,200834,21,203,Nordi Mukiele,Mukiele,2,13.5,4.6,17,5,Away,2026-01-07T19:30:00Z,0,3,90,0,0,0,3,0,0,0,7,3,0.0,0.01,0.01,3.24,10,3.2,25.6,2.3,4.0,False,d,Calf injury - 75% chance of playing,,,,2526
695,523705,21,206,Jackson Tchatchoua,Tchatchoua,2,0.0,4.4,20,9,Away,2026-01-07T19:30:00Z,1,1,90,0,0,0,1,0,0,0,8,2,0.0,0.01,0.01,0.89,0,0.6,0.8,3.3,2.0,False,a,,,,,2526
696,465680,21,210,Arnaud Kalimuendo,Kalimuendo,4,0.1,6.0,16,19,Away,2026-01-06T20:00:00Z,2,1,0,0,0,0,0,0,0,0,0,0,0.0,0.0,0.0,0.0,0,0.0,0.0,0.0,0.0,False,u,has joined Eintracht Frankfurt on loan for the rest of the season.,,,,2526
697,489888,21,202,Amine Adli,Adli,3,0.7,5.4,4,18,Home,2026-01-07T19:30:00Z,3,2,3,0,0,0,0,0,0,0,5,1,0.0,0.0,0.0,0.04,2,0.1,1.2,0.0,0.0,False,a,,3.0,,,2526
698,435997,21,209,Noah Okafor,Okafor,3,0.1,5.5,11,15,Away,2026-01-07T20:15:00Z,3,4,10,0,0,0,2,0,0,0,3,1,0.0,0.02,0.02,1.27,4,1.0,5.2,0.3,4.0,False,i,Hamstring injury - Expected back 14 Mar,,,,2526
699,230046,21,210,Douglas Luiz Soares de Paulo,Douglas Luiz,3,0.1,4.9,2,19,Away,2026-01-06T20:00:00Z,2,1,0,0,0,0,0,0,0,0,0,0,0.0,0.0,0.0,0.0,0,0.0,0.0,0.0,0.0,False,a,,1.0,,,2526
700,616077,21,201,Max Dowman,Dowman,3,0.5,4.2,1,12,Home,2026-01-08T20:00:00Z,0,0,0,0,0,0,0,0,0,0,0,0,0.0,0.0,0.0,0.0,0,0.0,0.0,0.0,0.0,False,i,Ankle injury - Unknown return date,,,,2526
701,569577,21,205,Triston Rowe,Rowe,2,0.1,4.0,2,8,Away,2026-01-07T19:30:00Z,0,0,0,0,0,0,0,0,0,0,0,0,0.0,0.0,0.0,0.0,0,0.0,0.0,0.0,0.0,False,u,has joined Annecy on loan for the rest of the season.,,,,2526
702,645618,21,205,Bradley Burrowes,Burrowes,3,0.1,4.4,2,8,Away,2026-01-07T19:30:00Z,0,0,0,0,0,0,0,0,0,0,0,0,0.0,0.0,0.0,0.0,0,0.0,0.0,0.0,0.0,False,a,,,,,2526
703,564505,21,205,Sam Proctor,Proctor,1,0.6,3.9,2,8,Away,2026-01-07T19:30:00Z,0,0,0,0,0,0,0,0,0,0,0,0,0.0,0.0,0.0,0.0,0,0.0,0.0,0.0,0.0,False,a,,,,,2526
704,461446,21,206,Tyler Onyango,Onyango,3,0.0,4.5,9,20,Home,2026-01-07T19:30:00Z,1,1,0,0,0,0,0,0,0,0,0,0,0.0,0.0,0.0,0.0,0,0.0,0.0,0.0,0.0,False,u,has joined Stockport County on loan for the rest of the season.,,,,2526
705,491745,21,206,Elijah Campbell,Campbell,2,0.2,3.9,9,20,Home,2026-01-07T19:30:00Z,1,1,0,0,0,0,0,0,0,0,0,0,0.0,0.0,0.0,0.0,0,0.0,0.0,0.0,0.0,False,u,has joined Port Vale on loan for the rest of the season.,,,,2526
706,220627,21,209,James Justin,Justin,2,1.0,3.9,11,15,Away,2026-01-07T20:15:00Z,3,4,90,0,0,0,4,0,0,0,-9,0,0.11,0.0,0.11,2.44,7,2.2,11.0,1.9,9.0,False,a,,3.0,,,2526
707,496661,21,206,Tyler Dibling,Dibling,3,0.0,5.3,9,20,Home,2026-01-07T19:30:00Z,1,1,0,0,0,0,0,0,0,0,0,0,0.0,0.0,0.0,0.0,0,0.0,0.0,0.0,0.0,False,a,,,,,2526
708,551226,21,210,Mateus Gonçalo Espanha Fernandes,M.Fernandes,3,0.5,5.5,19,16,Home,2026-01-06T20:00:00Z,1,2,79,0,0,0,1,0,0,0,17,2,0.04,0.01,0.05,0.59,11,1.6,8.8,6.4,1.0,False,a,,4.0,,,2526
709,431248,21,206,Ladislav Krejcí,Krejčí,2,0.1,4.5,20,9,Away,2026-01-07T19:30:00Z,1,1,67,0,0,0,1,0,0,0,7,2,0.0,0.08,0.08,0.8,4,3.0,16.0,5.5,8.0,False,s,Suspended until 03 Mar,,,,2526
710,534836,21,205,Travis Patterson,Patterson,2,0.2,3.9,2,8,Away,2026-01-07T19:30:00Z,0,0,0,0,0,0,0,0,0,0,0,0,0.0,0.0,0.0,0.0,0,0.0,0.0,0.0,0.0,False,a,,,,,2526
711,646243,21,201,Andre Harriman-Annous,Harriman-Annous,3,0.0,4.4,1,12,Home,2026-01-08T20:00:00Z,0,0,0,0,0,0,0,0,0,0,0,0,0.0,0.0,0.0,0.0,0,0.0,0.0,0.0,0.0,False,a,,,,,2526
712,488024,21,205,Yéremy Pino Santos,Yeremy,3,0.2,5.8,8,2,Home,2026-01-07T19:30:00Z,0,0,90,0,0,1,0,0,0,0,9,3,0.42,0.11,0.53,1.74,4,6.7,12.2,13.5,41.0,False,a,,2.0,1.0,,2526
713,551483,21,202,Álex Jiménez Sánchez,A.Jimenez,2,0.2,4.5,4,18,Home,2026-01-07T19:30:00Z,3,2,86,0,0,0,2,1,0,0,-3,0,0.0,0.01,0.01,1.21,4,0.9,6.4,2.3,0.0,False,a,,,,,2526
714,470313,21,209,Nick Woltemade,Woltemade,4,7.7,6.8,15,11,Home,2026-01-07T20:15:00Z,4,3,74,0,1,0,2,0,0,0,23,5,0.17,0.28,0.45,1.7,6,7.9,32.0,26.0,21.0,False,a,,,,3.0,2526
715,221389,21,210,John Victor Maciel Furtado,John,1,0.3,4.0,16,19,Away,2026-01-06T20:00:00Z,2,1,0,0,0,0,0,0,0,0,0,0,0.0,0.0,0.0,0.0,0,0.0,0.0,0.0,0.0,False,i,Knee injury - Expected back 01 Jun,,,,2526
716,500151,21,210,Nicolò Savona,Savona,2,0.1,4.5,16,19,Away,2026-01-06T20:00:00Z,2,1,0,0,0,0,0,0,0,0,0,0,0.0,0.0,0.0,0.0,0,0.0,0.0,0.0,0.0,False,i,Knee injury - Unknown return date,,,,2526
717,493362,21,202,Xavi Simons,Xavi,3,1.2,6.5,18,4,Away,2026-01-07T19:30:00Z,2,3,90,0,1,0,3,0,0,0,16,5,0.08,0.2,0.28,1.27,2,4.5,18.8,21.0,5.0,False,a,,1.0,3.0,4.0,2526
718,564940,21,210,Soungoutou Magassa,S.Magassa,3,0.0,5.0,19,16,Home,2026-01-06T20:00:00Z,1,2,0,0,0,0,0,0,0,0,0,0,0.0,0.0,0.0,0.0,0,0.0,0.0,0.0,0.0,False,a,,,,,2526
719,184667,21,205,Victor Lindelöf,Lindelöf,2,0.1,4.5,2,8,Away,2026-01-07T19:30:00Z,0,0,90,0,0,1,0,0,0,0,29,6,0.03,0.0,0.03,1.5,4,3.3,18.8,10.6,4.0,False,a,,,,,2526
720,488213,21,206,Tolu Arokodare,Tolu,4,0.2,5.4,20,9,Away,2026-01-07T19:30:00Z,1,1,90,0,0,0,1,0,0,0,7,2,0.19,0.05,0.24,0.89,6,5.2,5.6,23.8,23.0,False,a,,,,5.0,2526
721,620487,21,202,Veljko Milosavljevic,Milosavljević,2,0.0,4.4,4,18,Home,2026-01-07T19:30:00Z,3,2,1,0,0,0,0,0,0,0,3,1,0.0,0.0,0.0,0.04,0,0.0,0.0,0.0,0.0,False,a,,,,,2526
722,216055,21,204,Florentino Ibrain Morris Luís,Florentino,3,0.0,5.0,3,14,Home,2026-01-07T20:15:00Z,2,2,90,0,0,0,2,0,0,0,7,2,0.0,0.01,0.01,2.55,8,0.6,3.0,2.6,0.0,False,a,,,,,2526
723,651426,21,205,Jaydee Canvot,Canvot,2,0.0,4.5,8,2,Home,2026-01-07T19:30:00Z,0,0,90,0,0,1,0,0,0,2,32,10,0.0,0.01,0.01,1.74,12,3.1,29.2,1.7,0.0,True,a,,,,,2526
724,247955,21,203,Lutsharel Geertruida,Geertruida,2,0.0,4.5,17,5,Away,2026-01-07T19:30:00Z,0,3,78,0,0,0,3,0,0,0,-1,1,0.04,0.0,0.04,2.8,3,0.7,1.2,1.9,4.0,False,a,,,,,2526
725,448104,21,201,Piero Hincapié,Hincapie,2,0.7,5.1,1,12,Home,2026-01-08T20:00:00Z,0,0,56,0,0,0,0,0,0,0,5,1,0.0,0.01,0.01,0.14,3,0.7,3.2,1.8,2.0,False,a,,,,,2526
726,247693,21,202,Randal Kolo Muani,Kolo Muani,4,0.4,6.9,18,4,Away,2026-01-07T19:30:00Z,2,3,66,0,0,0,2,1,0,0,0,1,0.0,0.03,0.03,0.86,4,2.2,4.2,11.9,6.0,False,a,,,,,2526
727,218328,21,207,Samuel Chukwueze,Chukwueze,3,0.1,5.3,10,7,Home,2026-01-07T19:30:00Z,2,1,0,0,0,0,0,0,0,0,0,0,0.0,0.0,0.0,0.0,0,0.0,0.0,0.0,0.0,False,d,Calf injury - 50% chance of playing,,,,2526
728,513466,21,206,Merlin Röhl,Röhl,3,0.0,5.0,9,20,Home,2026-01-07T19:30:00Z,1,1,1,0,0,0,0,0,0,0,2,1,0.0,0.0,0.0,0.16,1,0.1,1.0,0.0,0.0,False,a,,,,,2526
729,560441,21,210,Luis Eduardo Soares da Silva,Cuiabano,2,0.0,4.5,16,19,Away,2026-01-06T20:00:00Z,2,1,0,0,0,0,0,0,0,0,0,0,0.0,0.0,0.0,0.0,0,0.0,0.0,0.0,0.0,False,u,has joined Vasco de Gama on loan for the rest of the season.,,,,2526
730,441264,21,203,Brian Brobbey,Brobbey,4,1.2,5.5,17,5,Away,2026-01-07T19:30:00Z,0,3,90,0,0,0,3,0,0,0,4,2,0.25,0.0,0.25,3.24,2,1.9,0.0,2.8,19.0,False,d,Knock - 75% chance of playing,,,,2526
731,560552,21,207,Kevin Santos Lopes de Macedo,Kevin,3,0.1,5.8,10,7,Home,2026-01-07T19:30:00Z,2,1,45,0,0,0,1,0,0,0,7,1,0.11,0.11,0.22,1.46,5,4.0,13.2,7.1,20.0,False,d,Knock - 75% chance of playing,,,,2526
732,660392,21,205,Christantus Uche,Uche,4,0.1,5.5,8,2,Home,2026-01-07T19:30:00Z,0,0,0,0,0,0,0,0,0,0,0,0,0.0,0.0,0.0,0.0,0,0.0,0.0,0.0,0.0,False,a,,,,,2526
733,465247,21,204,Senne Lammens,Lammens,1,2.2,5.0,14,3,Away,2026-01-07T20:15:00Z,2,2,90,0,0,0,2,0,0,0,-1,1,0.0,0.0,0.0,0.24,0,0.3,3.4,0.0,0.0,False,a,,,,,2526
734,476887,21,210,Dilane Bakwa,Bakwa,3,0.0,5.9,16,19,Away,2026-01-06T20:00:00Z,2,1,46,0,0,0,0,0,0,0,4,1,0.0,0.16,0.16,0.5,2,2.2,3.4,16.1,2.0,False,a,,3.0,,,2526
735,110504,21,203,Bertrand Traoré,Traoré,3,0.0,5.5,17,5,Away,2026-01-07T19:30:00Z,0,3,0,0,0,0,0,0,0,0,0,0,0.0,0.0,0.0,0.0,0,0.0,0.0,0.0,0.0,False,d,Knee injury - 50% chance of playing,,,,2526
736,204936,21,208,Gianluigi Donnarumma,Donnarumma,1,9.1,5.6,13,6,Home,2026-01-07T19:30:00Z,1,1,90,0,0,0,1,1,0,0,11,1,0.0,0.0,0.0,1.16,0,2.0,20.4,0.0,0.0,False,a,,,,,2526
737,631786,21,207,Jonah Kusi-Asare,Kusi-Asare,4,0.1,4.5,10,7,Home,2026-01-07T19:30:00Z,2,1,0,0,0,0,0,0,0,0,0,0,0.0,0.0,0.0,0.0,0,0.0,0.0,0.0,0.0,False,a,,,,,2526
738,37096,21,210,Lukasz Fabianski,Fabianski,1,0.0,4.5,19,16,Home,2026-01-06T20:00:00Z,1,2,0,0,0,0,0,0,0,0,0,0,0.0,0.0,0.0,0.0,0,0.0,0.0,0.0,0.0,False,d,Back injury - 25% chance of playing,,,,2526
739,590039,21,208,Divine Mukasa,Mukasa,3,0.0,4.4,13,6,Home,2026-01-07T19:30:00Z,1,1,0,0,0,0,0,0,0,0,0,0,0.0,0.0,0.0,0.0,0,0.0,0.0,0.0,0.0,False,u,has joined Leicester City on loan for the rest of the season.,,,,2526
740,566213,21,208,Stephen Mfuni,Mfuni,2,0.0,3.9,13,6,Home,2026-01-07T19:30:00Z,1,1,0,0,0,0,0,0,0,0,0,0,0.0,0.0,0.0,0.0,0,0.0,0.0,0.0,0.0,False,u,has joined Watford on loan for the rest of the season.,,,,2526
741,600882,21,209,Harry Gray,Gray,4,0.1,4.5,11,15,Away,2026-01-07T20:15:00Z,3,4,0,0,0,0,0,0,0,0,0,0,0.0,0.0,0.0,0.0,0,0.0,0.0,0.0,0.0,False,u,has joined Rotherham United on loan for the rest of the season.,,,,2526
742,616288,21,208,Ryan McAidoo,McAidoo,3,0.0,4.5,13,6,Home,2026-01-07T19:30:00Z,1,1,0,0,0,0,0,0,0,0,0,0,0.0,0.0,0.0,0.0,0,0.0,0.0,0.0,0.0,False,a,,,,,2526
743,611912,21,207,Landon Emenalo,Emenalo,3,0.0,4.5,7,10,Away,2026-01-07T19:30:00Z,1,2,0,0,0,0,0,0,0,0,0,0,0.0,0.0,0.0,0.0,0,0.0,0.0,0.0,0.0,False,a,,,,,2526
744,556637,21,208,Nehemiah Oriola,Oriola,3,0.0,4.5,6,13,Away,2026-01-07T19:30:00Z,1,1,0,0,0,0,0,0,0,0,0,0,0.0,0.0,0.0,0.0,0,0.0,0.0,0.0,0.0,False,a,,,,,2526
745,640419,21,202,Jun'ai Byfield,Byfield,2,0.0,4.0,18,4,Away,2026-01-07T19:30:00Z,2,3,0,0,0,0,0,0,0,0,0,0,0.0,0.0,0.0,0.0,0,0.0,0.0,0.0,0.0,False,a,,,,,2526
746,596042,21,201,Kieran Morrison,Morrison,3,0.0,4.5,12,1,Away,2026-01-08T20:00:00Z,0,0,0,0,0,0,0,0,0,0,0,0,0.0,0.0,0.0,0.0,0,0.0,0.0,0.0,0.0,False,a,,,,,2526
747,602903,21,210,Ezra Mayers,Mayers,2,0.0,4.0,19,16,Home,2026-01-06T20:00:00Z,1,2,27,0,0,0,1,0,0,0,1,1,0.0,0.01,0.01,0.91,1,1.8,6.8,11.5,0.0,False,a,,,,,2526
748,183656,21,203,Josh Dasilva,Dasilva,3,0.0,4.9,5,17,Home,2026-01-07T19:30:00Z,3,0,0,0,0,0,0,0,0,0,0,0,0.0,0.0,0.0,0.0,0,0.0,0.0,0.0,0.0,False,i,Knee injury - Unknown return date,,,,2526
749,647671,21,206,Mateus Mané,Mané,4,2.7,4.6,20,9,Away,2026-01-07T19:30:00Z,1,1,90,1,0,0,1,0,0,3,32,9,0.35,0.04,0.39,0.89,5,7.0,34.8,14.4,21.0,False,a,,2.0,3.0,,2526
750,499716,21,202,James Rowswell,Rowswell,2,0.0,4.0,18,4,Away,2026-01-07T19:30:00Z,2,3,0,0,0,0,0,0,0,0,0,0,0.0,0.0,0.0,0.0,0,0.0,0.0,0.0,0.0,False,a,,,,,2526
751,590035,21,202,Yusuf Akhamrich,Akhamrich,3,0.0,4.5,18,4,Away,2026-01-07T19:30:00Z,2,3,0,0,0,0,0,0,0,0,0,0,0.0,0.0,0.0,0.0,0,0.0,0.0,0.0,0.0,False,u,has joined Bristol Rovers on loan for the rest of the season.,,,,2526
752,643473,21,210,Airidas Golambeckis,Golambeckis,2,0.0,4.0,19,16,Home,2026-01-06T20:00:00Z,1,2,0,0,0,0,0,0,0,0,0,0,0.0,0.0,0.0,0.0,0,0.0,0.0,0.0,0.0,False,a,,,,,2526
753,19236,21,209,John Ruddy,Ruddy,1,0.0,4.0,15,11,Home,2026-01-07T20:15:00Z,4,3,0,0,0,0,0,0,0,0,0,0,0.0,0.0,0.0,0.0,0,0.0,0.0,0.0,0.0,False,a,,,,,2526
754,577285,21,205,George Hemmings,George Hemmings,3,0.0,4.5,2,8,Away,2026-01-07T19:30:00Z,0,0,0,0,0,0,0,0,0,0,0,0,0.0,0.0,0.0,0.0,0,0.0,0.0,0.0,0.0,False,a,,,,,2526
755,576628,21,204,Shea Lacey,Lacey,3,0.0,4.5,14,3,Away,2026-01-07T20:15:00Z,2,2,6,0,0,0,0,0,0,0,3,1,0.05,0.0,0.05,0.02,1,0.2,0.0,1.5,2.0,False,a,,,,,2526
756,678552,21,202,Malcom DaCosta,DaCosta,3,0.0,4.5,4,18,Home,2026-01-07T19:30:00Z,3,2,0,0,0,0,0,0,0,0,0,0,0.0,0.0,0.0,0.0,0,0.0,0.0,0.0,0.0,False,a,,,,,2526
757,516875,21,205,Ronnie Hollingshead,Hollingshead,1,0.0,4.0,2,8,Away,2026-01-07T19:30:00Z,0,0,0,0,0,0,0,0,0,0,0,0,0.0,0.0,0.0,0.0,0,0.0,0.0,0.0,0.0,False,a,,,,,2526
758,630699,21,210,Mohamadou Kanté,Mohamadou Kanté,3,0.0,4.5,19,16,Home,2026-01-06T20:00:00Z,1,2,0,0,0,0,0,0,0,0,0,0,0.0,0.0,0.0,0.0,0,0.0,0.0,0.0,0.0,False,a,,,,,2526
759,616065,21,201,Marli Salmon,Salmon,2,0.0,4.0,1,12,Home,2026-01-08T20:00:00Z,0,0,0,0,0,0,0,0,0,0,0,0,0.0,0.0,0.0,0.0,0,0.0,0.0,0.0,0.0,False,a,,,,,2526
760,519440,21,201,Wellity Lucky,Lucky,2,0.0,4.0,12,1,Away,2026-01-08T20:00:00Z,0,0,0,0,0,0,0,0,0,0,0,0,0.0,0.0,0.0,0.0,0,0.0,0.0,0.0,0.0,False,a,,,,,2526
761,604988,21,208,Freddie Simmonds,Simmonds,2,0.0,4.0,6,13,Away,2026-01-07T19:30:00Z,1,1,0,0,0,0,0,0,0,0,0,0,0.0,0.0,0.0,0.0,0,0.0,0.0,0.0,0.0,False,a,,,,,2526
762,672492,21,205,Joél Drakes-Thomas,Drakes-Thomas,3,0.0,4.5,8,2,Home,2026-01-07T19:30:00Z,0,0,0,0,0,0,0,0,0,0,0,0,0.0,0.0,0.0,0.0,0,0.0,0.0,0.0,0.0,False,a,,,,,2526
763,516234,21,208,Charlie Gray,Gray,3,0.0,4.5,13,6,Home,2026-01-07T19:30:00Z,1,1,0,0,0,0,0,0,0,0,0,0,0.0,0.0,0.0,0.0,0,0.0,0.0,0.0,0.0,False,a,,,,,2526
764,580921,21,208,Reigan Heskey,Heskey,3,0.0,4.5,13,6,Home,2026-01-07T19:30:00Z,1,1,0,0,0,0,0,0,0,0,0,0,0.0,0.0,0.0,0.0,0,0.0,0.0,0.0,0.0,False,a,,,,,2526
765,553746,21,209,Leo Shahar,Shahar,2,0.0,4.0,15,11,Home,2026-01-07T20:15:00Z,4,3,0,0,0,0,0,0,0,0,0,0,0.0,0.0,0.0,0.0,0,0.0,0.0,0.0,0.0,False,a,,,,,2526
766,601956,21,206,Saheed Olagunju,Olagunju,2,0.0,4.0,20,9,Away,2026-01-07T19:30:00Z,1,1,0,0,0,0,0,0,0,0,0,0,0.0,0.0,0.0,0.0,0,0.0,0.0,0.0,0.0,False,a,,,,,2526
767,605319,21,206,Luke Rawlings,Rawlings,3,0.0,4.5,20,9,Away,2026-01-07T19:30:00Z,1,1,0,0,0,0,0,0,0,0,0,0,0.0,0.0,0.0,0.0,0,0.0,0.0,0.0,0.0,False,a,,,,,2526
768,664015,21,205,Leon Routh,Leon Routh,2,0.0,4.0,2,8,Away,2026-01-07T19:30:00Z,0,0,0,0,0,0,0,0,0,0,0,0,0.0,0.0,0.0,0.0,0,0.0,0.0,0.0,0.0,False,a,,,,,2526
769,576620,21,204,Bendito Mantato,Bendito Mantato,3,0.0,4.5,14,3,Away,2026-01-07T20:15:00Z,2,2,0,0,0,0,0,0,0,0,0,0,0.0,0.0,0.0,0.0,0,0.0,0.0,0.0,0.0,False,a,,,,,2526
770,619536,21,207,Seth Ridgeon,Ridgeon,3,0.0,4.5,10,7,Home,2026-01-07T19:30:00Z,2,1,0,0,0,0,0,0,0,0,0,0,0.0,0.0,0.0,0.0,0,0.0,0.0,0.0,0.0,False,a,,,,,2526
771,519913,21,204,Tyler Fletcher,Fletcher,3,0.0,4.4,14,3,Away,2026-01-07T20:15:00Z,2,2,0,0,0,0,0,0,0,0,0,0,0.0,0.0,0.0,0.0,0,0.0,0.0,0.0,0.0,False,a,,,,,2526
772,666607,21,209,Sam Alabi,Alabi,3,0.0,4.5,15,11,Home,2026-01-07T20:15:00Z,4,3,0,0,0,0,0,0,0,0,0,0,0.0,0.0,0.0,0.0,0,0.0,0.0,0.0,0.0,False,a,,,,,2526
773,643426,21,205,Dean Benamar,Benamar,2,0.0,4.0,8,2,Home,2026-01-07T19:30:00Z,0,0,0,0,0,0,0,0,0,0,0,0,0.0,0.0,0.0,0.0,0,0.0,0.0,0.0,0.0,False,a,,,,,2526
774,232356,21,203,Jenson Jones,Jenson Jones,2,0.0,4.0,17,5,Away,2026-01-07T19:30:00Z,0,3,0,0,0,0,0,0,0,0,0,0,0.0,0.0,0.0,0.0,0,0.0,0.0,0.0,0.0,False,a,,,,,2526
775,604211,21,203,Tymur Tutierov,Tutierov,3,0.0,4.5,17,5,Away,2026-01-07T19:30:00Z,0,3,0,0,0,0,0,0,0,0,0,0,0.0,0.0,0.0,0.0,0,0.0,0.0,0.0,0.0,False,u,has joined Exeter City on loan for the rest of the season.,,,,2526
776,647960,21,204,Oliver Pimlott,Pimlott,3,0.0,4.5,3,14,Home,2026-01-07T20:15:00Z,2,2,0,0,0,0,0,0,0,0,0,0,0.0,0.0,0.0,0.0,0,0.0,0.0,0.0,0.0,False,a,,,,,2526
777,514362,21,206,Temple Ojinnaka,Ojinnaka,3,0.0,4.5,20,9,Away,2026-01-07T19:30:00Z,1,1,0,0,0,0,0,0,0,0,0,0,0.0,0.0,0.0,0.0,0,0.0,0.0,0.0,0.0,False,u,has joined Shrewsbury Town on loan for the rest of the season.,,,,2526
778,589121,21,206,Ethan Sutherland,Sutherland,3,0.0,4.5,20,9,Away,2026-01-07T19:30:00Z,1,1,0,0,0,0,0,0,0,0,0,0,0.0,0.0,0.0,0.0,0,0.0,0.0,0.0,0.0,False,a,,,,,2526
779,629068,21,206,Braiden Graham,Graham,4,0.0,4.5,9,20,Home,2026-01-07T19:30:00Z,1,1,0,0,0,0,0,0,0,0,0,0,0.0,0.0,0.0,0.0,0,0.0,0.0,0.0,0.0,False,a,,,,,2526
780,631106,21,205,Ben Casey,Casey,4,0.0,4.5,8,2,Home,2026-01-07T19:30:00Z,0,0,0,0,0,0,0,0,0,0,0,0,0.0,0.0,0.0,0.0,0,0.0,0.0,0.0,0.0,False,a,,,,,2526
781,618027,21,205,TJ Carroll,Carroll,2,0.0,4.0,2,8,Away,2026-01-07T19:30:00Z,0,0,0,0,0,0,0,0,0,0,0,0,0.0,0.0,0.0,0.0,0,0.0,0.0,0.0,0.0,False,a,,,,,2526
782,40383,21,202,Fraser Forster,Forster,1,0.0,4.0,4,18,Home,2026-01-07T19:30:00Z,3,2,0,0,0,0,0,0,0,0,0,0,0.0,0.0,0.0,0.0,0,0.0,0.0,0.0,0.0,False,a,,,,,2526
783,60307,21,208,Pascal Groß,Groß,3,0.1,5.5,6,13,Away,2026-01-07T19:30:00Z,1,1,90,0,0,0,1,1,0,0,11,1,0.09,0.0,0.09,2.55,9,3.1,9.8,2.0,19.0,False,a,,1.0,,,2526
784,704232,21,204,George Brierley,Brierley,3,0.0,4.5,3,14,Home,2026-01-07T20:15:00Z,2,2,0,0,0,0,0,0,0,0,0,0,0.0,0.0,0.0,0.0,0,0.0,0.0,0.0,0.0,False,a,,,,,2526
785,530335,21,210,Pablo Felipe Pereira de Jesus,Pablo,4,0.0,5.5,19,16,Home,2026-01-06T20:00:00Z,1,2,27,0,0,0,1,0,0,0,3,1,0.04,0.02,0.06,0.91,2,1.7,0.4,12.3,4.0,False,i,Calf injury - Unknown return date,,,,2526
786,505079,21,207,Alfie McNally,McNally,1,0.0,4.0,10,7,Home,2026-01-07T19:30:00Z,2,1,0,0,0,0,0,0,0,0,0,0,0.0,0.0,0.0,0.0,0,0.0,0.0,0.0,0.0,False,a,,,,,2526
787,565863,21,209,Sam Chambers,Chambers,3,0.0,4.4,11,15,Away,2026-01-07T20:15:00Z,3,4,0,0,0,0,0,0,0,0,0,0,0.0,0.0,0.0,0.0,0,0.0,0.0,0.0,0.0,False,a,,,,,2526
788,576637,21,204,Godwill Kukonki,Kukonki,2,0.0,4.0,14,3,Away,2026-01-07T20:15:00Z,2,2,0,0,0,0,0,0,0,0,0,0,0.0,0.0,0.0,0.0,0,0.0,0.0,0.0,0.0,False,a,,,,,2526
789,518335,21,207,Max Merrick,Merrick,1,0.0,4.0,7,10,Away,2026-01-07T19:30:00Z,1,2,0,0,0,0,0,0,0,0,0,0,0.0,0.0,0.0,0.0,0,0.0,0.0,0.0,0.0,False,a,,,,,2526
790,611917,21,202,Lucá Williams-Barnett,Williams-Barnett,3,0.0,4.5,18,4,Away,2026-01-07T19:30:00Z,2,3,0,0,0,0,0,0,0,0,0,0,0.0,0.0,0.0,0.0,0,0.0,0.0,0.0,0.0,False,a,,,,,2526
791,247670,21,210,Valentín Castellanos,Taty,4,0.1,5.5,19,16,Home,2026-01-06T20:00:00Z,1,2,90,0,0,0,2,0,0,0,0,2,0.4,0.01,0.41,1.38,4,7.1,5.0,21.9,44.0,False,a,,,,,2526
792,653481,21,205,Alysson Edward Franco da Rocha dos Santos,Alysson,3,0.0,5.0,2,8,Away,2026-01-07T19:30:00Z,0,0,0,0,0,0,0,0,0,0,0,0,0.0,0.0,0.0,0.0,0,0.0,0.0,0.0,0.0,False,i,Knock - Unknown return date,,,,2526
793,591384,21,205,George King,King,2,0.0,4.0,8,2,Home,2026-01-07T19:30:00Z,0,0,0,0,0,0,0,0,0,0,0,0,0.0,0.0,0.0,0.0,0,0.0,0.0,0.0,0.0,False,a,,,,,2526
794,494307,21,208,Max Alleyne,Alleyne,2,0.0,4.1,13,6,Home,2026-01-07T19:30:00Z,1,1,90,0,0,0,1,0,0,0,17,4,0.16,0.05,0.21,1.16,10,4.8,25.8,12.8,9.0,False,d,Knock - 75% chance of playing,,,,2526
795,597320,21,208,Harry Howell,Howell,3,0.0,4.5,6,13,Away,2026-01-07T19:30:00Z,1,1,0,0,0,0,0,0,0,0,0,0,0.0,0.0,0.0,0.0,0,0.0,0.0,0.0,0.0,False,a,,,,,2526
