player_id,player_code,gameweek,fixture_id,name,web_name,position_id,selected_by_percent,value,team_id,opponent_id,h_a,kickoff_time,team_score,opponent_score,minutes,goals_scored,assists,clean_sheets,goals_conceded,yellow_cards,red_cards,bonus,bps,total_points,xG,xA,xGI,xGC,DefCon,ict_index,influence,creativity,threat,in_dreamteam,status,news,corners_indirect_freekicks_order,direct_freekicks_order,penalties_order,season
1,154561,35,341,David Raya Martín,Raya,1,35.0,6.1,1,10,Home,2026-05-02T16:30:00Z,3,0,90,0,0,1,0,0,0,0,22,6,0.0,0.0,0.0,0.37,0,1.2,11.8,0.1,0.0,False,a,,,,,2526
2,109745,35,341,Kepa Arrizabalaga Revuelta,Arrizabalaga,1,0.4,4.0,1,10,Home,2026-05-02T16:30:00Z,3,0,0,0,0,0,0,0,0,0,0,0,0.0,0.0,0.0,0.0,0,0.0,0.0,0.0,0.0,False,a,,,,,2526
3,463748,35,341,Karl Hein,Hein,1,0.2,4.0,1,10,Home,2026-05-02T16:30:00Z,3,0,0,0,0,0,0,0,0,0,0,0,0.0,0.0,0.0,0.0,0,0.0,0.0,0.0,0.0,False,u,Has joined Werder Bremen on loan for the rest of the season.,,,,2526
4,551221,35,341,Tommy Setford,Setford,1,0.2,3.9,1,10,Home,2026-05-02T16:30:00Z,3,0,0,0,0,0,0,0,0,0,0,0,0.0,0.0,0.0,0.0,0,0.0,0.0,0.0,0.0,False,a,,,,,2526
5,226597,35,341,Gabriel dos Santos Magalhães,Gabriel,2,44.6,7.2,1,10,Home,2026-05-02T16:30:00Z,3,0,90,0,0,1,0,0,0,0,27,6,0.64,0.02,0.66,0.37,8,7.8,23.6,2.1,52.0,False,a,,,,,2526
6,462424,35,341,William Saliba,Saliba,2,15.3,6.1,1,10,Home,2026-05-02T16:30:00Z,3,0,90,0,0,1,0,0,0,0,27,6,0.0,0.31,0.31,0.37,6,5.3,22.2,24.4,6.0,False,a,,,,,2526
7,466075,35,341,Riccardo Calafiori,Calafiori,2,5.9,5.6,1,10,Home,2026-05-02T16:30:00Z,3,0,90,0,0,1,0,0,0,0,20,6,0.23,0.02,0.25,0.37,6,7.7,25.2,12.6,39.0,False,a,,,,,2526
8,445122,35,341,Jurriën Timber,J.Timber,2,17.1,6.0,1,10,Home,2026-05-02T16:30:00Z,3,0,0,0,0,0,0,0,0,0,0,0,0.0,0.0,0.0,0.0,0,0.0,0.0,0.0,0.0,False,i,Ankle injury - Unknown return date,,,,2526
9,440854,35,341,Jakub Kiwior,Kiwior,2,0.0,5.4,1,10,Home,2026-05-02T16:30:00Z,3,0,0,0,0,0,0,0,0,0,0,0,0.0,0.0,0.0,0.0,0,0.0,0.0,0.0,0.0,False,u,has joined Porto on loan for the rest of the season.,,,,2526
10,499169,35,341,Myles Lewis-Skelly,Lewis-Skelly,2,1.4,5.0,1,10,Home,2026-05-02T16:30:00Z,3,0,90,0,0,1,0,0,0,0,28,6,0.0,0.07,0.07,0.37,3,2.9,11.6,15.5,2.0,False,a,,,,,2526
11,198869,35,341,Benjamin White,White,2,0.6,5.1,1,10,Home,2026-05-02T16:30:00Z,3,0,82,0,0,1,0,0,0,0,27,6,0.0,0.14,0.14,0.37,4,3.3,12.0,14.8,6.0,False,a,,,,,2526
12,206325,35,345,Oleksandr Zinchenko,Zinchenko,2,0.2,4.9,16,7,Away,2026-05-04T14:00:00Z,3,1,0,0,0,0,0,0,0,0,0,0,0.0,0.0,0.0,0.0,0,0.0,0.0,0.0,0.0,False,u,has joined Ajax permanently.,,,,2526
13,563324,35,341,Brayden Clarke,Clarke,2,0.4,3.7,1,10,Home,2026-05-02T16:30:00Z,3,0,0,0,0,0,0,0,0,0,0,0,0.0,0.0,0.0,0.0,0,0.0,0.0,0.0,0.0,False,a,,,,,2526
14,588793,35,341,Maldini Kacurri,Kacurri,2,0.1,3.9,1,10,Home,2026-05-02T16:30:00Z,3,0,0,0,0,0,0,0,0,0,0,0,0.0,0.0,0.0,0.0,0,0.0,0.0,0.0,0.0,False,u,has joined Morecambe on loan for the rest of the season.,,,,2526
15,499167,35,341,Josh Nichols,Nichols,2,0.2,3.7,1,10,Home,2026-05-02T16:30:00Z,3,0,0,0,0,0,0,0,0,0,0,0,0.0,0.0,0.0,0.0,0,0.0,0.0,0.0,0.0,False,a,,,,,2526
16,223340,35,341,Bukayo Saka,Saka,3,7.8,9.8,1,10,Home,2026-05-02T16:30:00Z,3,0,45,1,1,0,0,0,0,2,46,11,0.3,0.86,1.16,0.03,4,13.0,55.2,49.3,25.0,True,a,,2.0,2.0,1.0,2526
17,184029,35,341,Martin Ødegaard,Ødegaard,3,1.6,7.8,1,10,Home,2026-05-02T16:30:00Z,3,0,0,0,0,0,0,0,0,0,0,0,0.0,0.0,0.0,0.0,0,0.0,0.0,0.0,0.0,False,a,,4.0,,3.0,2526
18,248857,35,341,Noni Madueke,Madueke,3,0.8,6.8,1,10,Home,2026-05-02T16:30:00Z,3,0,45,0,0,0,0,0,0,0,4,1,0.0,0.24,0.24,0.34,3,1.8,0.6,15.5,2.0,False,a,,3.0,,,2526
19,444145,35,341,Gabriel Martinelli Silva,Martinelli,3,0.9,6.8,1,10,Home,2026-05-02T16:30:00Z,3,0,0,0,0,0,0,0,0,0,0,0,0.0,0.0,0.0,0.0,0,0.0,0.0,0.0,0.0,False,a,,,,,2526
20,116216,35,341,Leandro Trossard,Trossard,3,0.8,6.5,1,10,Home,2026-05-02T16:30:00Z,3,0,90,0,1,1,0,0,0,1,41,7,0.11,0.64,0.75,0.37,5,10.2,31.0,36.3,35.0,False,a,,,,4.0,2526
21,204480,35,341,Declan Rice,Rice,3,24.1,7.2,1,10,Home,2026-05-02T16:30:00Z,3,0,63,0,0,1,0,0,0,0,14,5,0.0,0.05,0.05,0.2,12,2.2,13.0,6.9,2.0,False,a,,1.0,1.0,,2526
22,195384,35,341,Mikel Merino Zazón,Merino,3,0.8,5.4,1,10,Home,2026-05-02T16:30:00Z,3,0,0,0,0,0,0,0,0,0,0,0,0.0,0.0,0.0,0.0,0,0.0,0.0,0.0,0.0,False,i,Foot injury - Unknown return date,,,,2526
23,438098,35,341,Fábio Ferreira Vieira,Fábio Vieira,3,0.0,5.4,1,10,Home,2026-05-02T16:30:00Z,3,0,0,0,0,0,0,0,0,0,0,0,0.0,0.0,0.0,0.0,0,0.0,0.0,0.0,0.0,False,u,has joined Hamburger on loan for the rest of the season.,,,,2526
24,128295,35,341,Christian Nørgaard,Nørgaard,3,0.1,5.1,1,10,Home,2026-05-02T16:30:00Z,3,0,0,0,0,0,0,0,0,0,0,0,0.0,0.0,0.0,0.0,0,0.0,0.0,0.0,0.0,False,a,,,,,2526
25,499175,35,341,Ethan Nwaneri,Nwaneri,3,0.1,5.0,1,10,Home,2026-05-02T16:30:00Z,3,0,0,0,0,0,0,0,0,0,0,0,0.0,0.0,0.0,0.0,0,0.0,0.0,0.0,0.0,False,u,has joined Marseille on loan for the rest of the season.,,,,2526
26,481655,35,341,Martín Zubimendi Ibáñez,Zubimendi,3,3.1,5.0,1,10,Home,2026-05-02T16:30:00Z,3,0,26,0,0,0,0,0,0,0,5,1,0.0,0.0,0.0,0.17,3,1.5,4.6,10.3,0.0,False,a,,,,,2526
27,200641,35,344,Reiss Nelson,Nelson,3,0.1,4.8,5,19,Home,2026-05-02T14:00:00Z,3,0,0,0,0,0,0,0,0,0,0,0,0.0,0.0,0.0,0.0,0,0.0,0.0,0.0,0.0,False,a,,,,,2526
28,588796,35,341,Ismeal Kabia,Kabia,3,0.1,4.5,1,10,Home,2026-05-02T16:30:00Z,3,0,0,0,0,0,0,0,0,0,0,0,0.0,0.0,0.0,0.0,0,0.0,0.0,0.0,0.0,False,u,has joined Shrewsbury Town on loan for the rest of the season.,,,,2526
29,437742,35,341,Albert Sambi Lokonga,Sambi,3,0.0,4.5,1,10,Home,2026-05-02T16:30:00Z,3,0,0,0,0,0,0,0,0,0,0,0,0.0,0.0,0.0,0.0,0,0.0,0.0,0.0,0.0,False,u,has joined Hamburger permanently.,,,,2526
30,219847,35,341,Kai Havertz,Havertz,4,0.6,7.3,1,10,Home,2026-05-02T16:30:00Z,3,0,0,0,0,0,0,0,0,0,0,0,0.0,0.0,0.0,0.0,0,0.0,0.0,0.0,0.0,False,a,,,,,2526
31,205651,35,341,Gabriel Fernando de Jesus,G.Jesus,4,0.3,6.4,1,10,Home,2026-05-02T16:30:00Z,3,0,26,0,0,0,0,0,0,0,0,1,0.0,0.0,0.0,0.17,1,0.2,1.0,1.0,0.0,False,a,,,,,2526
32,98980,35,342,Emiliano Martínez Romero,Martinez,1,4.7,5.1,2,18,Home,2026-05-03T18:00:00Z,1,2,90,0,0,0,2,0,0,0,10,2,0.0,0.0,0.0,1.03,0,2.4,23.8,0.0,0.0,False,a,,,,,2526
33,72147,35,342,Marco Bizot,M.Bizot,1,0.4,4.2,2,18,Home,2026-05-03T18:00:00Z,1,2,0,0,0,0,0,0,0,0,0,0,0.0,0.0,0.0,0.0,0,0.0,0.0,0.0,0.0,False,a,,,,,2526
34,462492,35,342,Joe Gauci,Gauci,1,0.1,4.0,2,18,Home,2026-05-03T18:00:00Z,1,2,0,0,0,0,0,0,0,0,0,0,0.0,0.0,0.0,0.0,0,0.0,0.0,0.0,0.0,False,u,Has joined Port Vale on loan for the rest of the season.,,,,2526
35,462381,35,342,Filip Marschall,Marschall,1,0.0,4.0,2,18,Home,2026-05-03T18:00:00Z,1,2,0,0,0,0,0,0,0,0,0,0,0.0,0.0,0.0,0.0,0,0.0,0.0,0.0,0.0,False,u,Has joined Stevenage permanently.,,,,2526
36,199796,35,342,Matty Cash,Cash,2,8.2,4.7,2,18,Home,2026-05-03T18:00:00Z,1,2,90,0,1,0,2,0,0,1,25,5,0.0,0.07,0.07,1.03,9,5.8,41.4,16.1,0.0,False,a,,3.0,,,2526
37,101188,35,342,Lucas Digne,Digne,2,1.6,4.5,2,18,Home,2026-05-03T18:00:00Z,1,2,0,0,0,0,0,0,0,0,0,0,0.0,0.0,0.0,0.0,0,0.0,0.0,0.0,0.0,False,a,,2.0,2.0,,2526
38,199798,35,342,Ezri Konsa Ngoyo,Konsa,2,7.6,4.4,2,18,Home,2026-05-03T18:00:00Z,1,2,0,0,0,0,0,0,0,0,0,0,0.0,0.0,0.0,0.0,0,0.0,0.0,0.0,0.0,False,a,,,,,2526
39,441302,35,342,Ian Maatsen,Maatsen,2,0.6,4.2,2,18,Home,2026-05-03T18:00:00Z,1,2,90,0,0,0,2,0,0,0,-6,1,0.0,0.0,0.0,1.03,3,1.7,6.0,10.9,0.0,False,a,,,,,2526
40,149484,35,342,Tyrone Mings,Mings,2,0.6,4.3,2,18,Home,2026-05-03T18:00:00Z,1,2,90,0,0,0,2,0,0,0,3,1,0.22,0.01,0.23,1.03,2,1.3,4.2,2.2,7.0,False,a,,,,,2526
41,244954,35,342,Pau Torres,Pau,2,0.3,4.3,2,18,Home,2026-05-03T18:00:00Z,1,2,0,0,0,0,0,0,0,0,0,0,0.0,0.0,0.0,0.0,0,0.0,0.0,0.0,0.0,False,a,,,,,2526
42,606798,35,342,Andrés García,A.García,2,0.2,3.9,2,18,Home,2026-05-03T18:00:00Z,1,2,0,0,0,0,0,0,0,0,0,0,0.0,0.0,0.0,0.0,0,0.0,0.0,0.0,0.0,False,a,,,,,2526
43,106468,35,342,Álex Moreno Lopera,Alex Moreno,2,1.6,4.0,2,18,Home,2026-05-03T18:00:00Z,1,2,0,0,0,0,0,0,0,0,0,0,0.0,0.0,0.0,0.0,0,0.0,0.0,0.0,0.0,False,u,Has joined Girona permanently.,,,,2526
44,515597,35,342,Lamare Bogarde,Bogarde,2,0.5,4.0,2,18,Home,2026-05-03T18:00:00Z,1,2,90,0,0,0,2,0,0,0,4,1,0.0,0.0,0.0,1.03,4,1.0,8.8,1.4,0.0,False,a,,,,,2526
45,514315,35,342,Lino da Cruz Sousa,Sousa,2,0.2,3.8,2,18,Home,2026-05-03T18:00:00Z,1,2,0,0,0,0,0,0,0,0,0,0,0.0,0.0,0.0,0.0,0,0.0,0.0,0.0,0.0,False,u,has joined Rotherham on loan for the rest of the season.,,,,2526
46,587178,35,342,Yasin Özcan,Yasin,2,0.1,4.0,2,18,Home,2026-05-03T18:00:00Z,1,2,0,0,0,0,0,0,0,0,0,0,0.0,0.0,0.0,0.0,0,0.0,0.0,0.0,0.0,False,u,has joined Anderlecht on loan for the rest of the season.,,,,2526
47,244850,35,342,Morgan Rogers,Rogers,3,24.7,7.5,2,18,Home,2026-05-03T18:00:00Z,1,2,90,0,0,0,2,1,0,0,9,1,0.02,0.01,0.03,1.03,10,2.7,10.6,4.3,12.0,False,a,,,1.0,,2526
48,166989,35,342,Youri Tielemans,Tielemans,3,0.7,5.9,2,18,Home,2026-05-03T18:00:00Z,1,2,90,0,0,0,2,0,0,0,13,2,0.0,0.01,0.01,1.03,10,1.2,8.6,1.6,2.0,False,a,,5.0,,,2526
49,215711,35,342,Leon Bailey,Bailey,3,0.1,5.5,2,18,Home,2026-05-03T18:00:00Z,1,2,5,0,0,0,0,0,0,0,7,1,0.0,0.22,0.22,0.0,0,1.8,3.4,14.4,0.0,False,a,,4.0,,,2526
50,195546,35,342,Emiliano Buendía Stati,Buendía,3,0.4,5.3,2,18,Home,2026-05-03T18:00:00Z,1,2,5,1,0,0,0,0,0,0,23,6,0.06,0.0,0.06,0.0,1,5.2,35.0,0.0,17.0,False,a,,,6.0,2.0,2526
51,469247,35,342,Samuel Iling-Junior,Iling Jr,3,0.0,5.5,2,18,Home,2026-05-03T18:00:00Z,1,2,0,0,0,0,0,0,0,0,0,0,0.0,0.0,0.0,0.0,0,0.0,0.0,0.0,0.0,False,u,has joined Pisa on loan for the rest of the season.,,,,2526
52,232653,35,349,Jacob Ramsey,J.Ramsey,3,0.2,5.3,15,6,Home,2026-05-02T14:00:00Z,3,1,1,0,0,0,0,0,0,0,4,1,0.0,0.0,0.0,0.0,0,0.4,1.0,0.5,2.0,False,a,,,,,2526
53,204646,35,342,Donyell Malen,Malen,3,0.4,5.1,2,18,Home,2026-05-03T18:00:00Z,1,2,0,0,0,0,0,0,0,0,0,0,0.0,0.0,0.0,0.0,0,0.0,0.0,0.0,0.0,False,u,has joined Roma on loan for the rest of the season.,,,,2526
54,122806,35,342,John McGinn,McGinn,3,0.7,5.3,2,18,Home,2026-05-03T18:00:00Z,1,2,0,0,0,0,0,0,0,0,0,0,0.0,0.0,0.0,0.0,0,0.0,0.0,0.0,0.0,False,d,Hamstring injury - 75% chance of playing,,,,2526
55,88894,35,342,Ross Barkley,Barkley,3,0.1,4.8,2,18,Home,2026-05-03T18:00:00Z,1,2,84,0,0,0,2,1,0,0,-4,1,0.0,0.01,0.01,1.03,4,1.3,0.0,13.5,0.0,False,a,,,,,2526
56,491287,35,342,Enzo Barrenechea,Barrenechea,3,0.0,5.0,2,18,Home,2026-05-03T18:00:00Z,1,2,0,0,0,0,0,0,0,0,0,0,0.0,0.0,0.0,0.0,0,0.0,0.0,0.0,0.0,False,u,Season-long loan to Benfica,,,,2526
57,461421,35,342,Lewis Dobbin,Dobbin,3,0.0,5.0,2,18,Home,2026-05-03T18:00:00Z,1,2,0,0,0,0,0,0,0,0,0,0,0.0,0.0,0.0,0.0,0,0.0,0.0,0.0,0.0,False,u,Has joined Preston North End on loan for the rest of the season.,,,,2526
58,226944,35,342,Boubacar Kamara,Kamara,3,0.2,4.9,2,18,Home,2026-05-03T18:00:00Z,1,2,0,0,0,0,0,0,0,0,0,0,0.0,0.0,0.0,0.0,0,0.0,0.0,0.0,0.0,False,i,Knee injury - Expected back 01 Jun,,,,2526
59,449871,35,342,Amadou Onana,Onana,3,0.7,4.8,2,18,Home,2026-05-03T18:00:00Z,1,2,0,0,0,0,0,0,0,0,0,0,0.0,0.0,0.0,0.0,0,0.0,0.0,0.0,0.0,False,i,Knock - Unknown return date,,,,2526
60,577731,35,342,Ben Broggio,Broggio,3,0.2,4.4,2,18,Home,2026-05-03T18:00:00Z,1,2,0,0,0,0,0,0,0,0,0,0,0.0,0.0,0.0,0.0,0,0.0,0.0,0.0,0.0,False,u,has joined Falkirk on loan for the rest of the season.,,,,2526
61,151589,35,342,Leander Dendoncker,Dendoncker,3,0.1,4.5,2,18,Home,2026-05-03T18:00:00Z,1,2,0,0,0,0,0,0,0,0,0,0,0.0,0.0,0.0,0.0,0,0.0,0.0,0.0,0.0,False,u,Has joined Real Oviedo permanently.,,,,2526
62,559962,35,342,Jamaldeen Jimoh-Aloba,Jimoh-Aloba,3,0.1,4.5,2,18,Home,2026-05-03T18:00:00Z,1,2,0,0,0,0,0,0,0,0,0,0,0.0,0.0,0.0,0.0,0,0.0,0.0,0.0,0.0,False,u,has joined West Brom on loan for the rest of the season.,,,,2526
63,537403,35,342,Kadan Young,Young,3,0.5,4.3,2,18,Home,2026-05-03T18:00:00Z,1,2,0,0,0,0,0,0,0,0,0,0,0.0,0.0,0.0,0.0,0,0.0,0.0,0.0,0.0,False,u,has joined Reading on loan for the rest of the season.,,,,2526
64,178301,35,342,Ollie Watkins,Watkins,4,15.3,8.8,2,18,Home,2026-05-03T18:00:00Z,1,2,30,0,0,0,0,0,0,0,2,1,0.01,0.0,0.01,0.03,0,1.3,1.0,10.3,2.0,False,a,,,,3.0,2526
65,576756,35,342,Zépiqueno Redmond,Redmond,4,0.3,4.5,2,18,Home,2026-05-03T18:00:00Z,1,2,0,0,0,0,0,0,0,0,0,0,0.0,0.0,0.0,0.0,0,0.0,0.0,0.0,0.0,False,u,has joined Huddersfield Town on loan for the rest of the season.,,,,2526
66,69752,35,343,Norberto Murara Neto,Neto,1,0.1,4.5,4,8,Home,2026-05-03T13:00:00Z,3,0,0,0,0,0,0,0,0,0,0,0,0.0,0.0,0.0,0.0,0,0.0,0.0,0.0,0.0,False,u,Has joined Botafogo permanently.,,,,2526
67,457569,35,343,Đorđe Petrović,Petrović,1,5.2,4.6,4,8,Home,2026-05-03T13:00:00Z,3,0,90,0,0,1,0,0,0,0,23,6,0.0,0.0,0.0,0.89,0,1.1,10.6,0.0,0.0,False,a,,,,,2526
68,444172,35,343,Will Dennis,Dennis,1,0.7,4.0,4,8,Home,2026-05-03T13:00:00Z,3,0,0,0,0,0,0,0,0,0,0,0,0.0,0.0,0.0,0.0,0,0.0,0.0,0.0,0.0,False,u,has joined Leyton Orient on loan for the rest of the season.,,,,2526
69,568791,35,343,Callan McKenna,McKenna,1,0.2,3.9,4,8,Home,2026-05-03T13:00:00Z,3,0,0,0,0,0,0,0,0,0,0,0,0.0,0.0,0.0,0.0,0,0.0,0.0,0.0,0.0,False,a,,,,,2526
70,495145,35,343,Alex Paulsen,Paulsen,1,0.1,4.0,4,8,Home,2026-05-03T13:00:00Z,3,0,0,0,0,0,0,0,0,0,0,0,0.0,0.0,0.0,0.0,0,0.0,0.0,0.0,0.0,False,u,Has joined Lechia Gdansk on loan for the rest of the season.,,,,2526
71,477580,35,343,Illia Zabarnyi,Zabarnyi,2,0.0,5.0,4,8,Home,2026-05-03T13:00:00Z,3,0,0,0,0,0,0,0,0,0,0,0,0.0,0.0,0.0,0.0,0,0.0,0.0,0.0,0.0,False,u,Has joined Paris Saint-Germain permanently.,,,,2526
72,221466,35,343,Marcos Senesi Barón,Senesi,2,20.8,5.2,4,8,Home,2026-05-03T13:00:00Z,3,0,90,0,1,1,0,0,0,3,39,14,0.0,0.13,0.13,0.89,14,6.3,36.0,20.5,6.0,True,a,,,,,2526
73,54469,35,343,Adam Smith,Smith,2,0.2,4.4,4,8,Home,2026-05-03T13:00:00Z,3,0,0,0,0,0,0,0,0,0,0,0,0.0,0.0,0.0,0.0,0,0.0,0.0,0.0,0.0,False,a,,,,,2526
74,494521,35,343,Adrien Truffert,Truffert,2,4.5,4.7,4,8,Home,2026-05-03T13:00:00Z,3,0,90,0,0,1,0,0,0,1,28,7,0.0,0.08,0.08,0.89,4,2.9,9.4,15.9,4.0,False,a,,,,,2526
75,541462,35,343,Matai Akinmboni,Akinmboni,2,0.2,3.8,4,8,Home,2026-05-03T13:00:00Z,3,0,0,0,0,0,0,0,0,0,0,0,0.0,0.0,0.0,0.0,0,0.0,0.0,0.0,0.0,False,a,,,,,2526
76,518906,35,343,Owen Bevan,Bevan,2,0.2,3.8,4,8,Home,2026-05-03T13:00:00Z,3,0,0,0,0,0,0,0,0,0,0,0,0.0,0.0,0.0,0.0,0,0.0,0.0,0.0,0.0,False,a,,,,,2526
77,463981,35,343,James Hill,Hill,2,7.6,4.2,4,8,Home,2026-05-03T13:00:00Z,3,0,90,0,0,1,0,0,0,2,31,10,0.0,0.04,0.04,0.89,15,4.5,31.8,11.1,2.0,False,a,,,,,2526
78,436893,35,343,Julián Araujo Zúñiga,J.Araujo,2,0.5,3.8,4,8,Home,2026-05-03T13:00:00Z,3,0,0,0,0,0,0,0,0,0,0,0,0.0,0.0,0.0,0.0,0,0.0,0.0,0.0,0.0,False,u,has joined Celtic on loan for the rest of the season.,,,,2526
79,223911,35,343,Chris Mepham,Mepham,2,0.1,4.0,4,8,Home,2026-05-03T13:00:00Z,3,0,0,0,0,0,0,0,0,0,0,0,0.0,0.0,0.0,0.0,0,0.0,0.0,0.0,0.0,False,u,has joined West Bromwich Albion permanently.,,,,2526
80,575901,35,343,Julio Soler Barreto,Soler,2,0.2,3.9,4,8,Home,2026-05-03T13:00:00Z,3,0,0,0,0,0,0,0,0,0,0,0,0.0,0.0,0.0,0.0,0,0.0,0.0,0.0,0.0,False,a,,,,,2526
81,222683,35,343,Justin Kluivert,Kluivert,3,0.6,6.9,4,8,Home,2026-05-03T13:00:00Z,3,0,0,0,0,0,0,0,0,0,0,0,0.0,0.0,0.0,0.0,0,0.0,0.0,0.0,0.0,False,d,Lack of match fitness - 25% chance of playing,,3.0,1.0,2526
82,437730,35,346,Antoine Semenyo,Semenyo,3,50.2,8.1,13,9,Away,2026-05-04T19:00:00Z,3,3,74,0,0,0,2,0,0,0,8,2,0.12,0.07,0.19,1.61,5,0.0,0.0,0.0,0.0,False,a,,,4.0,,2526
83,533463,35,344,Dango Ouattara,O.Dango,3,2.0,5.8,5,19,Home,2026-05-02T14:00:00Z,3,0,89,0,1,1,0,0,0,0,14,6,0.12,0.01,0.13,0.91,9,2.7,6.8,5.6,15.0,False,a,,3.0,,,2526
84,201658,35,343,Marcus Tavernier,Tavernier,3,5.2,5.4,4,8,Home,2026-05-03T13:00:00Z,3,0,85,0,0,1,0,0,0,0,12,3,0.14,0.03,0.17,0.35,6,3.6,6.0,9.4,21.0,False,a,,2.0,2.0,4.0,2526
85,200785,35,343,Tyler Adams,Adams,3,0.3,4.9,4,8,Home,2026-05-03T13:00:00Z,3,0,68,0,0,1,0,0,0,0,7,3,0.0,0.09,0.09,0.25,3,3.8,7.6,28.8,2.0,False,a,,,,,2526
86,111317,35,343,David Brooks,Brooks,3,0.2,5.0,4,8,Home,2026-05-03T13:00:00Z,3,0,20,0,1,0,0,0,0,0,15,4,0.03,0.15,0.18,0.64,3,3.6,17.2,16.3,2.0,False,a,,5.0,4.0,,2526
87,158499,35,343,Ryan Christie,Christie,3,0.2,4.9,4,8,Home,2026-05-03T13:00:00Z,3,0,21,0,0,0,0,0,0,0,7,1,0.0,0.0,0.0,0.64,4,0.6,5.6,0.8,0.0,False,a,,6.0,,,2526
88,155408,35,343,Lewis Cook,Cook,3,0.0,4.9,4,8,Home,2026-05-03T13:00:00Z,3,0,0,0,0,0,0,0,0,0,0,0,0.0,0.0,0.0,0.0,0,0.0,0.0,0.0,0.0,False,d,Lack of match fitness - 50% chance of playing,4.0,,,2526
89,168991,35,343,Philip Billing,Philip,3,0.0,4.9,4,8,Home,2026-05-03T13:00:00Z,3,0,0,0,0,0,0,0,0,0,0,0,0.0,0.0,0.0,0.0,0,0.0,0.0,0.0,0.0,False,u,has joined Midtjylland permanently.,,,,2526
90,503139,35,343,Alex Scott,Scott,3,2.4,5.1,4,8,Home,2026-05-03T13:00:00Z,3,0,90,0,0,1,0,0,0,0,17,3,0.04,0.3,0.34,0.89,10,5.9,12.8,36.9,9.0,False,a,,3.0,6.0,,2526
91,224995,35,343,Luis Sinisterra Lucumí,Sinisterra,3,0.0,5.0,4,8,Home,2026-05-03T13:00:00Z,3,0,0,0,0,0,0,0,0,0,0,0,0.0,0.0,0.0,0.0,0,0.0,0.0,0.0,0.0,False,u,has joined Cruzeiro on loan for the rest of the season.,,,,2526
92,441240,35,343,Romain Faivre,Faivre,3,0.1,4.5,4,8,Home,2026-05-03T13:00:00Z,3,0,0,0,0,0,0,0,0,0,0,0,0.0,0.0,0.0,0.0,0,0.0,0.0,0.0,0.0,False,u,has joined Auxerre permanently.,,,,2526
93,424044,35,343,Hamed Traorè,H.Traorè,3,0.3,4.5,4,8,Home,2026-05-03T13:00:00Z,3,0,0,0,0,0,0,0,0,0,0,0,0.0,0.0,0.0,0.0,0,0.0,0.0,0.0,0.0,False,u,has joined Marseille on loan for the rest of the season.,,,,2526
94,550596,35,343,Dominic Sadi,Sadi,3,0.0,4.5,4,8,Home,2026-05-03T13:00:00Z,3,0,0,0,0,0,0,0,0,0,0,0,0.0,0.0,0.0,0.0,0,0.0,0.0,0.0,0.0,False,u,has joined Novi Pazar on loan for the rest of the season.,,,,2526
95,530121,35,343,Zain Silcott-Duberry,Silcott-Duberry,3,0.1,4.4,4,8,Home,2026-05-03T13:00:00Z,3,0,0,0,0,0,0,0,0,0,0,0,0.0,0.0,0.0,0.0,0,0.0,0.0,0.0,0.0,False,u,has joined Olympiakos permanently.,,,,2526
96,606775,35,343,Ben Winterburn,Winterburn,3,0.0,4.5,4,8,Home,2026-05-03T13:00:00Z,3,0,0,0,0,0,0,0,0,0,0,0,0.0,0.0,0.0,0.0,0,0.0,0.0,0.0,0.0,False,u,has joined Barnet on loan for the rest of the season.,,,,2526
97,444102,35,343,Francisco Evanilson de Lima Barbosa,Evanilson,4,2.5,6.7,4,8,Home,2026-05-03T13:00:00Z,3,0,79,0,1,1,0,0,0,0,17,5,0.24,0.16,0.4,0.25,7,2.6,0.0,12.0,14.0,False,a,,,,,2526
98,168636,35,343,Enes Ünal,Enes Ünal,4,0.0,5.4,4,8,Home,2026-05-03T13:00:00Z,3,0,10,0,0,0,0,0,0,0,3,1,0.04,0.0,0.04,0.64,1,0.4,2.0,0.3,2.0,False,a,,,1.0,,2526
99,590760,35,343,Daniel Adu-Adjei,Adu-Adjei,4,0.1,4.4,4,8,Home,2026-05-03T13:00:00Z,3,0,0,0,0,0,0,0,0,0,0,0,0.0,0.0,0.0,0.0,0,0.0,0.0,0.0,0.0,False,u,has joined HNK Rijeka permanently.,,,,2526
100,560262,35,343,Junior Kroupi,Kroupi.Jr,4,5.9,4.6,4,8,Home,2026-05-03T13:00:00Z,3,0,69,1,0,1,0,0,0,0,22,6,1.0,0.01,1.01,0.25,6,8.0,38.6,4.4,37.0,False,a,,,,2.0,2526
101,200720,35,344,Caoimhín Kelleher,Kelleher,1,12.5,4.8,5,19,Home,2026-05-02T14:00:00Z,3,0,90,0,0,1,0,0,0,1,32,8,0.0,0.0,0.0,0.92,0,2.9,29.0,0.0,0.0,True,a,,,,,2526
102,235448,35,344,Ellery Balcombe,Balcombe,1,0.3,3.9,5,19,Home,2026-05-02T14:00:00Z,3,0,0,0,0,0,0,0,0,0,0,0,0.0,0.0,0.0,0.0,0,0.0,0.0,0.0,0.0,False,a,,,,,2526
103,503300,35,344,Matthew Cox,Cox,1,0.1,3.9,5,19,Home,2026-05-02T14:00:00Z,3,0,0,0,0,0,0,0,0,0,0,0,0.0,0.0,0.0,0.0,0,0.0,0.0,0.0,0.0,False,u,has joined Shrewsbury Town on loan for the rest of the season.,,,,2526
104,535017,35,344,Julian Eyestone,Eyestone,1,0.1,3.9,5,19,Home,2026-05-02T14:00:00Z,3,0,0,0,0,0,0,0,0,0,0,0,0.0,0.0,0.0,0.0,0,0.0,0.0,0.0,0.0,False,a,,,,,2526
105,507433,35,344,Hákon Rafn Valdimarsson,Valdimarsson,1,0.8,3.8,5,19,Home,2026-05-02T14:00:00Z,3,0,0,0,0,0,0,0,0,0,0,0,0.0,0.0,0.0,0.0,0,0.0,0.0,0.0,0.0,False,a,,,,,2526
106,432830,35,344,Nathan Collins,Collins,2,2.6,4.9,5,19,Home,2026-05-02T14:00:00Z,3,0,90,0,0,1,0,0,0,0,27,6,0.0,0.0,0.0,0.92,6,3.0,15.0,10.8,4.0,False,a,,,,,2526
107,249231,35,344,Keane Lewis-Potter,Lewis-Potter,2,1.5,4.8,5,19,Home,2026-05-02T14:00:00Z,3,0,90,0,1,1,0,0,0,2,34,11,0.23,0.17,0.4,0.91,2,9.1,29.0,17.0,45.0,True,a,,,1.0,,2526
108,191866,35,344,Kristoffer Ajer,Ajer,2,0.2,4.4,5,19,Home,2026-05-02T14:00:00Z,3,0,10,0,0,0,0,0,0,0,2,1,0.0,0.0,0.0,0.02,0,0.0,0.4,0.0,0.0,False,a,,,,,2526
109,194010,35,344,Rico Henry,Henry,2,0.1,4.3,5,19,Home,2026-05-02T14:00:00Z,3,0,0,0,0,0,0,0,0,0,0,0,0.0,0.0,0.0,0.0,0,0.0,0.0,0.0,0.0,False,i,Hamstring injury - Unknown return date,,,,2526
110,607464,35,344,Michael Kayode,Kayode,2,1.1,4.6,5,19,Home,2026-05-02T14:00:00Z,3,0,90,0,0,1,0,1,0,0,15,5,0.0,0.05,0.05,0.92,2,2.0,5.6,11.9,2.0,False,a,,,,,2526
111,231065,35,344,Ethan Pinnock,Pinnock,2,0.1,4.2,5,19,Home,2026-05-02T14:00:00Z,3,0,0,0,0,0,0,0,0,0,0,0,0.0,0.0,0.0,0.0,0,0.0,0.0,0.0,0.0,False,a,,,,,2526
112,226956,35,344,Mads Roerslev Rasmussen,Roerslev,2,0.0,4.5,5,19,Home,2026-05-02T14:00:00Z,3,0,0,0,0,0,0,0,0,0,0,0,0.0,0.0,0.0,0.0,0,0.0,0.0,0.0,0.0,False,u,Has joined Southampton permanently.,,,,2526
113,444765,35,344,Sepp van den Berg,Van den Berg,2,1.2,4.5,5,19,Home,2026-05-02T14:00:00Z,3,0,90,0,0,1,0,0,0,0,27,6,0.31,0.01,0.32,0.92,8,4.0,14.8,1.2,24.0,False,a,,,,,2526
114,622536,35,344,Benjamin Arthur,Arthur,2,0.2,3.8,5,19,Home,2026-05-02T14:00:00Z,3,0,0,0,0,0,0,0,0,0,0,0,0.0,0.0,0.0,0.0,0,0.0,0.0,0.0,0.0,False,u,has joined Celtic on loan for the rest of the season.,,,,2526
115,612534,35,344,Benjamin Fredrick,Fredrick,2,0.1,4.0,5,19,Home,2026-05-02T14:00:00Z,3,0,0,0,0,0,0,0,0,0,0,0,0.0,0.0,0.0,0.0,0,0.0,0.0,0.0,0.0,False,u,has joined Dender on loan for the rest of the season.,,,,2526
116,472713,35,344,Aaron Hickey,Hickey,2,0.3,4.0,5,19,Home,2026-05-02T14:00:00Z,3,0,1,0,0,0,0,0,0,0,5,1,0.0,0.0,0.0,0.02,1,0.2,2.2,0.0,0.0,False,a,,,,,2526
117,570241,35,344,Kim Ji-soo,Ji-soo,2,0.1,3.9,5,19,Home,2026-05-02T14:00:00Z,3,0,0,0,0,0,0,0,0,0,0,0,0.0,0.0,0.0,0.0,0,0.0,0.0,0.0,0.0,False,u,has joined Kaiserslautern on loan for the rest of the season.,,,,2526
118,499717,35,344,Jayden Meghoma,Meghoma,2,0.0,4.0,5,19,Home,2026-05-02T14:00:00Z,3,0,0,0,0,0,0,0,0,0,0,0,0.0,0.0,0.0,0.0,0,0.0,0.0,0.0,0.0,False,u,Has joined Rangers on loan for the rest of the season.,,,,2526
119,446008,35,348,Bryan Mbeumo,Mbeumo,3,15.9,8.4,14,12,Home,2026-05-03T14:30:00Z,3,2,74,0,0,0,2,0,0,0,11,2,0.42,0.43,0.85,0.8,6,7.6,8.8,44.3,23.0,False,a,,2.0,2.0,,2526
120,513418,35,344,Kevin Schade,Schade,3,1.6,6.9,5,19,Home,2026-05-02T14:00:00Z,3,0,79,0,0,1,0,0,0,0,6,3,0.0,0.0,0.0,0.91,4,1.0,3.2,0.6,6.0,False,a,,,,3.0,2526
121,440089,35,344,Mikkel Damsgaard,Damsgaard,3,0.7,5.6,5,19,Home,2026-05-02T14:00:00Z,3,0,90,1,0,1,0,0,0,3,36,11,0.44,0.16,0.6,0.91,8,10.0,41.6,36.8,22.0,True,a,,,3.0,,2526
122,543295,35,344,Antoni Milambo,Milambo,3,0.0,5.2,5,19,Home,2026-05-02T14:00:00Z,3,0,0,0,0,0,0,0,0,0,0,0,0.0,0.0,0.0,0.0,0,0.0,0.0,0.0,0.0,False,i,Knee injury - Expected back 01 Jun,,,,2526
123,244858,35,344,Fábio Freitas Gouveia Carvalho,Carvalho,3,0.1,4.6,5,19,Home,2026-05-02T14:00:00Z,3,0,0,0,0,0,0,0,0,0,0,0,0.0,0.0,0.0,0.0,0,0.0,0.0,0.0,0.0,False,i,Knee injury - Expected back 01 Jun,,,4.0,2526
124,56979,35,344,Jordan Henderson,Henderson,3,0.3,5.0,5,19,Home,2026-05-02T14:00:00Z,3,0,0,0,0,0,0,0,0,0,0,0,0.0,0.0,0.0,0.0,0,0.0,0.0,0.0,0.0,False,d,Knock - 75% chance of playing,,,,2526
125,204580,35,344,Vitaly Janelt,Janelt,3,0.1,4.9,5,19,Home,2026-05-02T14:00:00Z,3,0,0,0,0,0,0,0,0,0,0,0,0.0,0.0,0.0,0.0,0,0.0,0.0,0.0,0.0,False,a,,2.0,,,2526
126,207283,35,344,Mathias Jensen,Jensen,3,0.1,4.9,5,19,Home,2026-05-02T14:00:00Z,3,0,90,0,0,1,0,0,0,0,22,3,0.03,0.63,0.66,0.92,7,5.1,24.0,25.3,2.0,False,a,,1.0,2.0,5.0,2526
127,626464,35,344,Gustavo Nunes Fernandes Gomes,Nunes,3,0.0,4.9,5,19,Home,2026-05-02T14:00:00Z,3,0,0,0,0,0,0,0,0,0,0,0,0.0,0.0,0.0,0.0,0,0.0,0.0,0.0,0.0,False,u,has joined Swansea City on loan for the rest of the season.,,,,2526
128,428580,35,344,Frank Onyeka,Onyeka,3,0.0,4.8,5,19,Home,2026-05-02T14:00:00Z,3,0,0,0,0,0,0,0,0,0,0,0,0.0,0.0,0.0,0.0,0,0.0,0.0,0.0,0.0,False,u,has joined Coventry City on loan for the rest of the season.,,,,2526
129,508395,35,344,Yehor Yarmoliuk,Yarmoliuk,3,0.1,5.0,5,19,Home,2026-05-02T14:00:00Z,3,0,90,0,0,1,0,0,0,0,17,3,0.03,0.04,0.07,0.92,11,3.3,14.0,17.6,1.0,False,a,,,,,2526
130,606689,35,344,Romelle Donovan,Donovan,3,0.1,4.4,5,19,Home,2026-05-02T14:00:00Z,3,0,0,0,0,0,0,0,0,0,0,0,0.0,0.0,0.0,0.0,0,0.0,0.0,0.0,0.0,False,a,,,,,2526
131,628204,35,344,Yunus Emre Konak,Konak,3,0.1,4.3,5,19,Home,2026-05-02T14:00:00Z,3,0,0,0,0,0,0,0,0,0,0,0,0.0,0.0,0.0,0.0,0,0.0,0.0,0.0,0.0,False,u,has joined Oxford United on loan for the rest of the season.,,,,2526
132,220695,35,344,Paris Maghoma,Maghoma,3,0.0,4.5,5,19,Home,2026-05-02T14:00:00Z,3,0,0,0,0,0,0,0,0,0,0,0,0.0,0.0,0.0,0.0,0,0.0,0.0,0.0,0.0,False,u,has joined Norwich City permanently.,,,,2526
133,450539,35,344,Myles Peart-Harris,Peart-Harris,3,0.0,4.4,5,19,Home,2026-05-02T14:00:00Z,3,0,0,0,0,0,0,0,0,0,0,0,0.0,0.0,0.0,0.0,0,0.0,0.0,0.0,0.0,False,u,has joined Oxford United permanently.,,,,2526
134,591357,35,344,Ryan Trevitt,Trevitt,3,0.0,4.5,5,19,Home,2026-05-02T14:00:00Z,3,0,0,0,0,0,0,0,0,0,0,0,0.0,0.0,0.0,0.0,0,0.0,0.0,0.0,0.0,False,u,Has joined Wigan on loan for the rest of the season,,,,2526
135,216646,35,349,Yoane Wissa,Wissa,4,0.6,7.3,15,6,Home,2026-05-02T14:00:00Z,3,1,22,0,1,0,0,1,0,0,5,3,0.62,0.0,0.62,0.52,1,0.6,0.0,0.0,8.0,False,a,,,,,2526
136,502500,35,344,Igor Thiago Nascimento Rodrigues,Thiago,4,34.5,7.4,5,19,Home,2026-05-02T14:00:00Z,3,0,90,1,0,1,0,0,0,0,21,6,1.12,0.01,1.13,0.92,4,8.7,44.4,1.3,41.0,False,a,,,,2.0,2526
137,533710,35,344,Iwan Morgan,Morgan,4,0.3,4.4,5,19,Home,2026-05-02T14:00:00Z,3,0,0,0,0,0,0,0,0,0,0,0,0.0,0.0,0.0,0.0,0,0.0,0.0,0.0,0.0,False,u,has joined Shrewsbury on loan for the rest of the season.,,,,2526
138,49262,35,349,Jason Steele,Steele,1,0.2,4.2,6,15,Away,2026-05-02T14:00:00Z,1,3,0,0,0,0,0,0,0,0,0,0,0.0,0.0,0.0,0.0,0,0.0,0.0,0.0,0.0,False,a,,,,,2526
139,489639,35,349,Bart Verbruggen,Verbruggen,1,9.1,4.5,6,15,Away,2026-05-02T14:00:00Z,1,3,90,0,0,0,3,0,0,0,1,2,0.0,0.0,0.0,3.16,0,2.7,26.8,0.0,0.0,False,a,,,,,2526
140,209288,35,349,Tom McGill,McGill,1,0.3,3.9,6,15,Away,2026-05-02T14:00:00Z,1,3,0,0,0,0,0,0,0,0,0,0,0.0,0.0,0.0,0.0,0,0.0,0.0,0.0,0.0,False,a,,,,,2526
141,472739,35,349,Carl Rushworth,Rushworth,1,0.0,4.0,6,15,Away,2026-05-02T14:00:00Z,1,3,0,0,0,0,0,0,0,0,0,0,0.0,0.0,0.0,0.0,0,0.0,0.0,0.0,0.0,False,u,Has joined Coventry City on loan for the rest of the season.,,,,2526
142,240514,35,349,Kjell Scherpen,Scherpen,1,0.0,4.0,6,15,Away,2026-05-02T14:00:00Z,1,3,0,0,0,0,0,0,0,0,0,0,0.0,0.0,0.0,0.0,0,0.0,0.0,0.0,0.0,False,u,Has joined Union SG permanently,,,,2526
143,204120,35,349,Olivier Boscagli,Boscagli,2,0.2,4.2,6,15,Away,2026-05-02T14:00:00Z,1,3,90,0,0,0,3,0,0,0,8,1,0.0,0.07,0.07,3.16,5,4.2,24.4,17.3,0.0,False,a,,3.0,,,2526
144,550090,35,349,Diego Coppola,Coppola,2,0.0,4.2,6,15,Away,2026-05-02T14:00:00Z,1,3,0,0,0,0,0,0,0,0,0,0,0.0,0.0,0.0,0.0,0,0.0,0.0,0.0,0.0,False,u,has joined Paris FC on loan for the rest of the season.,,,,2526
145,465730,35,349,Maxim De Cuyper,De Cuyper,2,1.5,4.3,6,15,Away,2026-05-02T14:00:00Z,1,3,9,0,0,0,1,0,0,0,2,1,0.0,0.01,0.01,1.05,2,2.1,6.6,14.8,0.0,False,a,,,1.0,,2526
146,83299,35,349,Lewis Dunk,Dunk,2,0.9,4.5,6,15,Away,2026-05-02T14:00:00Z,1,3,2,0,0,0,1,0,0,0,-1,1,0.0,0.0,0.0,1.05,0,0.0,0.0,0.0,0.0,False,a,,,3.0,,2526
147,204214,35,349,Pervis Estupiñán Tenorio,Estupiñan,2,0.0,4.5,6,15,Away,2026-05-02T14:00:00Z,1,3,0,0,0,0,0,0,0,0,0,0,0.0,0.0,0.0,0.0,0,0.0,0.0,0.0,0.0,False,u,Has joined AC Milan permanently,,,,2526
148,231416,35,349,Ferdi Kadıoğlu,F.Kadıoğlu,2,1.1,4.4,6,15,Away,2026-05-02T14:00:00Z,1,3,90,0,0,0,3,0,0,0,-2,1,0.0,0.06,0.06,3.16,1,4.2,7.2,30.3,4.0,False,a,,,,,2526
149,223434,35,349,Igor Julio dos Santos de Paulo,Igor,2,0.1,4.5,6,15,Away,2026-05-02T14:00:00Z,1,3,0,0,0,0,0,0,0,0,0,0,0.0,0.0,0.0,0.0,0,0.0,0.0,0.0,0.0,False,a,,,,,2526
150,232792,35,349,Tariq Lamptey,Lamptey,2,0.1,4.4,6,15,Away,2026-05-02T14:00:00Z,1,3,0,0,0,0,0,0,0,0,0,0,0.0,0.0,0.0,0.0,0,0.0,0.0,0.0,0.0,False,u,has joined Fiorentina permanently.,,,,2526
151,469142,35,349,Jan Paul van Hecke,Van Hecke,2,10.2,4.6,6,15,Away,2026-05-02T14:00:00Z,1,3,90,0,0,0,3,1,0,0,3,2,0.0,0.1,0.1,3.16,10,1.9,14.0,2.5,2.0,False,a,,,,,2526
152,111478,35,349,Joël Veltman,Veltman,2,0.1,4.3,6,15,Away,2026-05-02T14:00:00Z,1,3,62,0,0,0,1,1,0,0,5,1,0.0,0.01,0.01,1.69,0,0.2,0.0,2.3,0.0,False,a,,,,,2526
153,110735,35,349,Adam Webster,Webster,2,0.0,4.4,6,15,Away,2026-05-02T14:00:00Z,1,3,0,0,0,0,0,0,0,0,0,0,0.0,0.0,0.0,0.0,0,0.0,0.0,0.0,0.0,False,i,Knee injury - Unknown return date,,,,2526
154,439135,35,349,Eiran Cashin,Cashin,2,0.0,4.0,6,15,Away,2026-05-02T14:00:00Z,1,3,0,0,0,0,0,0,0,0,0,0,0.0,0.0,0.0,0.0,0,0.0,0.0,0.0,0.0,False,u,has joined Blackburn Rovers on loan for the rest of the season.,,,,2526
155,589100,35,349,Jacob Slater,Slater,2,0.1,4.0,6,15,Away,2026-05-02T14:00:00Z,1,3,0,0,0,0,0,0,0,0,0,0,0.0,0.0,0.0,0.0,0,0.0,0.0,0.0,0.0,False,u,has joined Harrogate Town on loan until January.,,,,2526
156,547720,35,349,Charlie Tasker,Tasker,2,0.2,3.8,6,15,Away,2026-05-02T14:00:00Z,1,3,0,0,0,0,0,0,0,0,0,0,0.0,0.0,0.0,0.0,0,0.0,0.0,0.0,0.0,False,a,,,,,2526
157,451340,35,349,Mitoma Kaoru,Mitoma,3,2.2,6.1,6,15,Away,2026-05-02T14:00:00Z,1,3,90,0,0,0,3,1,0,0,13,1,0.12,0.06,0.18,3.16,5,2.6,3.2,17.1,6.0,False,a,,,,,2526
158,463067,35,349,Georginio Rutter,Georginio,3,0.3,5.6,6,15,Away,2026-05-02T14:00:00Z,1,3,10,0,0,0,1,0,0,0,11,1,0.0,0.26,0.26,1.05,1,2.5,7.2,14.1,4.0,False,a,,,,,2526
159,109345,35,349,Solly March,March,3,0.0,5.8,6,15,Away,2026-05-02T14:00:00Z,1,3,0,0,0,0,0,0,0,0,0,0,0.0,0.0,0.0,0.0,0,0.0,0.0,0.0,0.0,False,d,Muscle injury - 50% chance of playing,,,,2526
160,592031,35,349,Yankuba Minteh,Minteh,3,2.4,5.5,6,15,Away,2026-05-02T14:00:00Z,1,3,90,0,0,0,3,0,0,0,6,2,0.32,0.06,0.38,3.16,2,3.5,0.0,18.3,17.0,False,a,,5.0,,,2526
161,474120,35,349,Julio Enciso Espínola,Enciso,3,0.0,5.4,6,15,Away,2026-05-02T14:00:00Z,1,3,0,0,0,0,0,0,0,0,0,0,0.0,0.0,0.0,0.0,0,0.0,0.0,0.0,0.0,False,u,has joined Strasbourg permanently.,,,,2526
162,513433,35,349,Brajan Gruda,Gruda,3,0.0,5.4,6,15,Away,2026-05-02T14:00:00Z,1,3,0,0,0,0,0,0,0,0,0,0,0.0,0.0,0.0,0.0,0,0.0,0.0,0.0,0.0,False,u,has joined Leipzig on loan for the rest of the season.,,,,2526
163,532529,35,349,Jack Hinshelwood,Hinshelwood,3,0.5,5.1,6,15,Away,2026-05-02T14:00:00Z,1,3,87,1,0,0,2,0,0,0,22,7,0.66,0.02,0.68,2.11,4,9.9,38.4,1.4,59.0,False,a,,,,,2526
164,219249,35,349,Matt O'Riley,O'Riley,3,0.3,5.5,6,15,Away,2026-05-02T14:00:00Z,1,3,0,0,0,0,0,0,0,0,0,0,0.0,0.0,0.0,0.0,0,0.0,0.0,0.0,0.0,False,a,,,,3.0,2526
165,516211,35,349,Abdallah Sima,Sima,3,0.0,5.4,6,15,Away,2026-05-02T14:00:00Z,1,3,0,0,0,0,0,0,0,0,0,0,0.0,0.0,0.0,0.0,0,0.0,0.0,0.0,0.0,False,u,has joined Lens permanently.,,,,2526
166,509416,35,349,Yasin Ayari,Ayari,3,0.4,4.8,6,15,Away,2026-05-02T14:00:00Z,1,3,0,0,0,0,0,0,0,0,0,0,0.0,0.0,0.0,0.0,0,0.0,0.0,0.0,0.0,False,a,,,2.0,,2526
167,535301,35,349,Carlos Baleba,Baleba,3,1.5,4.5,6,15,Away,2026-05-02T14:00:00Z,1,3,79,0,0,0,2,0,0,0,14,2,0.04,0.03,0.07,2.11,11,2.9,12.2,13.7,3.0,False,a,,,,,2526
168,536916,35,347,Facundo Buonanotte,Buonanotte,3,0.1,4.6,11,3,Home,2026-05-01T19:00:00Z,3,1,0,0,0,0,0,0,0,0,0,0,0.0,0.0,0.0,0.0,0,0.0,0.0,0.0,0.0,False,a,,,,,2526
169,514254,35,349,Diego Gómez Amarilla,Gomez,3,0.6,4.9,6,15,Away,2026-05-02T14:00:00Z,1,3,0,0,0,0,0,0,0,0,0,0,0.0,0.0,0.0,0.0,0,0.0,0.0,0.0,0.0,False,d,Knee injury - 50% chance of playing,,5.0,,2526
170,15157,35,349,James Milner,Milner,3,0.1,4.9,6,15,Away,2026-05-02T14:00:00Z,1,3,0,0,0,0,0,0,0,0,0,0,0.0,0.0,0.0,0.0,0,0.0,0.0,0.0,0.0,False,d,Knock - 50% chance of playing,,,1.0,2526
171,441192,35,349,Jeremy Sarmiento Morante,Sarmiento,3,0.0,4.9,6,15,Away,2026-05-02T14:00:00Z,1,3,0,0,0,0,0,0,0,0,0,0,0.0,0.0,0.0,0.0,0,0.0,0.0,0.0,0.0,False,u,has joined Middlesbrough on loan for the rest of the season.,,,,2526
172,549074,35,349,Tom Watson,Watson,3,0.0,4.8,6,15,Away,2026-05-02T14:00:00Z,1,3,0,0,0,0,0,0,0,0,0,0,0.0,0.0,0.0,0.0,0,0.0,0.0,0.0,0.0,False,u,has joined Millwall on loan for the rest of the season.,,,,2526
173,467779,35,349,Mats Wieffer,Wieffer,3,0.5,4.9,6,15,Away,2026-05-02T14:00:00Z,1,3,17,0,0,0,1,0,0,0,4,1,0.0,0.01,0.01,0.41,2,0.5,1.0,4.3,0.0,False,d,Ankle injury - 50% chance of playing,,,,2526
174,611695,35,349,Malick Yalcouyé,Yalcouye,3,0.0,5.0,6,15,Away,2026-05-02T14:00:00Z,1,3,0,0,0,0,0,0,0,0,0,0,0.0,0.0,0.0,0.0,0,0.0,0.0,0.0,0.0,False,u,Has joined Swansea City on loan for the rest of the season.,,,,2526
175,567121,35,349,Joe Knight,Knight,3,0.1,4.4,6,15,Away,2026-05-02T14:00:00Z,1,3,0,0,0,0,0,0,0,0,0,0,0.0,0.0,0.0,0.0,0,0.0,0.0,0.0,0.0,False,u,has joined Stevenage permanently.,,,,2526
176,550141,35,349,Adrian Mazilu,Mazilu,3,0.0,4.5,6,15,Away,2026-05-02T14:00:00Z,1,3,0,0,0,0,0,0,0,0,0,0,0.0,0.0,0.0,0.0,0,0.0,0.0,0.0,0.0,False,u,has joined Dinamo Bucharest permanently.,,,,2526
177,513834,35,349,Andrew Moran,Moran,3,0.0,4.5,6,15,Away,2026-05-02T14:00:00Z,1,3,0,0,0,0,0,0,0,0,0,0,0.0,0.0,0.0,0.0,0,0.0,0.0,0.0,0.0,False,u,Has joined Los Angeles FC on loan for the rest of the season.,,,,2526
178,50175,35,349,Danny Welbeck,Welbeck,4,8.0,6.3,6,15,Away,2026-05-02T14:00:00Z,1,3,80,0,1,0,2,0,0,0,21,5,0.1,0.05,0.15,2.11,6,4.1,17.4,13.3,10.0,False,a,,,4.0,2.0,2526
179,487117,35,349,Evan Ferguson,Ferguson,4,0.0,5.5,6,15,Away,2026-05-02T14:00:00Z,1,3,0,0,0,0,0,0,0,0,0,0,0.0,0.0,0.0,0.0,0,0.0,0.0,0.0,0.0,False,u,Has joined AS Roma on loan for the rest of the season,,,,2526
180,608181,35,349,Stefanos Tzimas,Tzimas,4,0.1,5.2,6,15,Away,2026-05-02T14:00:00Z,1,3,0,0,0,0,0,0,0,0,0,0,0.0,0.0,0.0,0.0,0,0.0,0.0,0.0,0.0,False,i,Knee injury - Expected back 01 Jun,,,,2526
181,647850,35,349,Charalampos Kostoulas,Kostoulas,4,0.3,4.8,6,15,Away,2026-05-02T14:00:00Z,1,3,10,0,0,0,1,0,0,0,4,1,0.1,0.0,0.1,1.05,0,2.2,3.2,0.2,19.0,False,a,,,,,2526
182,432720,35,346,James Trafford,Trafford,1,0.9,4.5,13,9,Away,2026-05-04T19:00:00Z,3,3,0,0,0,0,0,0,0,0,0,0,0.0,0.0,0.0,0.0,0,0.0,0.0,0.0,0.0,False,a,,,,,2526
183,518030,35,347,Max Weiß,Weiss,1,0.1,4.2,3,11,Away,2026-05-01T19:00:00Z,1,3,0,0,0,0,0,0,0,0,0,0,0.0,0.0,0.0,0.0,0,0.0,0.0,0.0,0.0,False,a,,,,,2526
184,489571,35,347,Etienne Green,Green,1,0.2,4.0,3,11,Away,2026-05-01T19:00:00Z,1,3,0,0,0,0,0,0,0,0,0,0,0.0,0.0,0.0,0.0,0,0.0,0.0,0.0,0.0,False,u,has joined FC Fredericia permanently.,,,,2526
185,51943,35,347,Václav Hladký,Hladký,1,0.2,3.9,3,11,Away,2026-05-01T19:00:00Z,1,3,0,0,0,0,0,0,0,0,0,0,0.0,0.0,0.0,0.0,0,0.0,0.0,0.0,0.0,False,a,,,,,2526
186,192290,35,347,Connor Roberts,Roberts,2,0.0,4.3,3,11,Away,2026-05-01T19:00:00Z,1,3,0,0,0,0,0,0,0,0,0,0,0.0,0.0,0.0,0.0,0,0.0,0.0,0.0,0.0,False,i,Achilles injury - Unknown return date,,,,2526
187,58621,35,347,Kyle Walker,Walker,2,1.1,4.4,3,11,Away,2026-05-01T19:00:00Z,1,3,90,0,0,0,3,0,0,0,3,1,0.03,0.16,0.19,1.64,7,3.6,17.2,16.7,2.0,False,a,,,,,2526
188,247245,35,347,Hannes Delcroix,Delcroix,2,0.2,3.8,3,11,Away,2026-05-01T19:00:00Z,1,3,0,0,0,0,0,0,0,0,0,0,0.0,0.0,0.0,0.0,0,0.0,0.0,0.0,0.0,False,u,has joined Lugano permanently.,,,,2526
189,461567,35,347,Owen Dodgson,Dodgson,2,0.0,4.0,3,11,Away,2026-05-01T19:00:00Z,1,3,0,0,0,0,0,0,0,0,0,0,0.0,0.0,0.0,0.0,0,0.0,0.0,0.0,0.0,False,u,Has joined Stockport County on loan for the rest of the season.,,,,2526
190,478969,35,347,Hjalmar Ekdal,Ekdal,2,0.7,3.8,3,11,Away,2026-05-01T19:00:00Z,1,3,90,0,0,0,3,0,0,0,12,3,0.0,0.01,0.01,1.64,15,4.2,30.2,11.3,0.0,False,a,,,,,2526
191,477717,35,347,Maxime Estève,Estève,2,6.9,3.9,3,11,Away,2026-05-01T19:00:00Z,1,3,90,0,0,0,3,0,0,0,5,3,0.0,0.0,0.0,1.64,13,3.0,27.0,0.5,2.0,False,a,,,,,2526
192,494960,35,347,Quilindschy Hartman,Hartman,2,0.6,4.0,3,11,Away,2026-05-01T19:00:00Z,1,3,64,0,0,0,3,0,0,0,-3,1,0.0,0.0,0.0,1.27,7,1.6,12.6,3.1,0.0,False,a,,,,,2526
193,461188,35,347,Bashir Humphreys,Humphreys,2,0.1,3.9,3,11,Away,2026-05-01T19:00:00Z,1,3,75,0,0,0,3,1,0,0,3,0,0.05,0.01,0.06,1.47,9,3.8,17.2,1.8,19.0,False,a,,,,,2526
194,241231,35,347,Jordan Beyer,Jordan,2,0.1,3.9,3,11,Away,2026-05-01T19:00:00Z,1,3,0,0,0,0,0,0,0,0,0,0,0.0,0.0,0.0,0.0,0,0.0,0.0,0.0,0.0,False,i,Hamstring injury - Unknown return date,,,,2526
195,549329,35,347,Lucas Pires Silva,Lucas Pires,2,0.3,3.8,3,11,Away,2026-05-01T19:00:00Z,1,3,25,0,0,0,0,0,0,0,5,1,0.0,0.01,0.01,0.37,0,2.3,5.8,15.4,2.0,False,a,,,,,2526
196,450072,35,347,Shurandy Sambo,Sambo,2,0.0,4.0,3,11,Away,2026-05-01T19:00:00Z,1,3,0,0,0,0,0,0,0,0,0,0,0.0,0.0,0.0,0.0,0,0.0,0.0,0.0,0.0,False,u,has joined Sparta Rotterdam on loan for the rest of the season.,,,,2526
197,519895,35,347,Oliver Sonne,Sonne,2,0.2,3.8,3,11,Away,2026-05-01T19:00:00Z,1,3,0,0,0,0,0,0,0,0,0,0,0.0,0.0,0.0,0.0,0,0.0,0.0,0.0,0.0,False,u,has joined Sparta Prague on loan for the rest of the season.,,,,2526
198,180804,35,347,Axel Tuanzebe,Tuanzebe,2,0.9,3.9,3,11,Away,2026-05-01T19:00:00Z,1,3,0,0,0,0,0,0,0,0,0,0,0.0,0.0,0.0,0.0,0,0.0,0.0,0.0,0.0,False,a,,,,,2526
199,208912,35,347,Joe Worrall,Worrall,2,0.2,3.8,3,11,Away,2026-05-01T19:00:00Z,1,3,0,0,0,0,0,0,0,0,0,0,0.0,0.0,0.0,0.0,0,0.0,0.0,0.0,0.0,False,a,,,,,2526
200,444180,35,347,Jaidon Anthony,Anthony,3,1.9,5.0,3,11,Away,2026-05-01T19:00:00Z,1,3,90,0,1,0,3,0,0,0,21,5,0.1,0.1,0.2,1.64,5,5.1,17.8,18.1,15.0,False,a,,2.0,,,2526
201,183751,35,347,Manuel Benson Hedilazio,Benson,3,0.0,5.4,3,11,Away,2026-05-01T19:00:00Z,1,3,0,0,0,0,0,0,0,0,0,0,0.0,0.0,0.0,0.0,0,0.0,0.0,0.0,0.0,False,u,has joined Maccabi Haifa permanently.,,,,2526
202,179458,35,347,Jacob Bruun Larsen,Bruun Larsen,3,0.0,5.2,3,11,Away,2026-05-01T19:00:00Z,1,3,0,0,0,0,0,0,0,0,0,0,0.0,0.0,0.0,0.0,0,0.0,0.0,0.0,0.0,False,a,,,2.0,3.0,2526
203,578614,35,347,Enock Agyei,Boateng,3,0.0,4.7,3,11,Away,2026-05-01T19:00:00Z,1,3,0,0,0,0,0,0,0,0,0,0,0.0,0.0,0.0,0.0,0,0.0,0.0,0.0,0.0,False,a,,,,,2526
204,250735,35,347,Darko Churlinov,Churlinov,3,0.0,4.9,3,11,Away,2026-05-01T19:00:00Z,1,3,0,0,0,0,0,0,0,0,0,0,0.0,0.0,0.0,0.0,0,0.0,0.0,0.0,0.0,False,u,has joined Kocaelispor  permanently.,,,,2526
205,172567,35,347,Josh Cullen,Cullen,3,0.8,4.9,3,11,Away,2026-05-01T19:00:00Z,1,3,0,0,0,0,0,0,0,0,0,0,0.0,0.0,0.0,0.0,0,0.0,0.0,0.0,0.0,False,i,Knee injury - Expected back 30 Sep,,,,2526
206,174592,35,347,Marcus Edwards,Edwards,3,0.1,4.7,3,11,Away,2026-05-01T19:00:00Z,1,3,0,0,0,0,0,0,0,0,0,0,0.0,0.0,0.0,0.0,0,0.0,0.0,0.0,0.0,False,a,,,3.0,,2526
207,465527,35,347,Hannibal Mejbri,Hannibal,3,0.1,4.7,3,11,Away,2026-05-01T19:00:00Z,1,3,36,0,0,0,1,1,0,0,4,0,0.06,0.02,0.08,0.73,1,0.7,2.8,2.4,2.0,False,a,,,,,2526
208,487702,35,347,Luca Koleosho,Koleosho,3,0.0,5.0,3,11,Away,2026-05-01T19:00:00Z,1,3,0,0,0,0,0,0,0,0,0,0,0.0,0.0,0.0,0.0,0,0.0,0.0,0.0,0.0,False,u,has joined Paris FC on loan for the rest of the season.,,,,2526
209,167887,35,347,Josh Laurent,Laurent,3,0.0,4.8,3,11,Away,2026-05-01T19:00:00Z,1,3,53,0,0,0,2,0,0,0,1,1,0.02,0.0,0.02,0.91,2,0.2,0.0,0.3,3.0,False,a,,,,,2526
210,469272,35,347,Loum Tchaouna,Tchaouna,3,0.0,4.8,3,11,Away,2026-05-01T19:00:00Z,1,3,90,1,0,0,3,1,0,0,25,6,0.2,0.06,0.26,1.64,1,9.0,41.2,25.3,23.0,False,a,,,4.0,,2526
211,447715,35,347,Aaron Ramsey,A.Ramsey,3,1.4,4.4,3,11,Away,2026-05-01T19:00:00Z,1,3,0,0,0,0,0,0,0,0,0,0,0.0,0.0,0.0,0.0,0,0.0,0.0,0.0,0.0,False,u,has joined Leicester City on loan for the rest of the season.,,,,2526
212,576323,35,347,Oluwaseun Adewumi,Adewumi,3,0.0,4.5,3,11,Away,2026-05-01T19:00:00Z,1,3,0,0,0,0,0,0,0,0,0,0,0.0,0.0,0.0,0.0,0,0.0,0.0,0.0,0.0,False,u,Has joined Cercle Brugge on loan for the rest of the season.,,,,2526
213,551206,35,347,Jaydon Banel,Banel,3,0.0,4.5,3,11,Away,2026-05-01T19:00:00Z,1,3,0,0,0,0,0,0,0,0,0,0,0.0,0.0,0.0,0.0,0,0.0,0.0,0.0,0.0,False,u,has joined Derby County on loan for the rest of the season.,,,,2526
214,437748,35,347,Mike Trésor Ndayishimiye,Trésor,3,0.1,4.3,3,11,Away,2026-05-01T19:00:00Z,1,3,0,0,0,0,0,0,0,0,0,0,0.0,0.0,0.0,0.0,0,0.0,0.0,0.0,0.0,False,a,,,,,2526
215,431639,35,347,Zian Flemming,Flemming,4,0.3,5.3,3,11,Away,2026-05-01T19:00:00Z,1,3,75,0,0,0,3,0,0,0,7,2,0.0,0.04,0.04,1.47,3,2.1,6.2,10.3,4.0,False,a,,,5.0,1.0,2526
216,492831,35,347,Zeki Amdouni,Amdouni,4,0.0,4.8,3,11,Away,2026-05-01T19:00:00Z,1,3,14,0,0,0,0,0,0,0,4,1,0.07,0.01,0.08,0.17,0,0.8,1.4,1.9,5.0,False,a,,,,,2526
217,435973,35,347,Lyle Foster,Foster,4,0.8,4.9,3,11,Away,2026-05-01T19:00:00Z,1,3,0,0,0,0,0,0,0,0,0,0,0.0,0.0,0.0,0.0,0,0.0,0.0,0.0,0.0,False,a,,,,,2526
218,44699,35,347,Ashley Barnes,Barnes,4,1.3,4.2,3,11,Away,2026-05-01T19:00:00Z,1,3,0,0,0,0,0,0,0,0,0,0,0.0,0.0,0.0,0.0,0,0.0,0.0,0.0,0.0,False,a,,,,2.0,2526
219,220598,35,347,Michael Obafemi,Obafemi,4,0.1,4.4,3,11,Away,2026-05-01T19:00:00Z,1,3,0,0,0,0,0,0,0,0,0,0,0.0,0.0,0.0,0.0,0,0.0,0.0,0.0,0.0,False,u,has joined Blackpool on loan for the rest of the season.,,,,2526
220,215059,35,345,Robert Lynch Sánchez,Sánchez,1,11.4,4.8,7,16,Home,2026-05-04T14:00:00Z,1,3,66,0,0,0,3,0,0,0,-2,1,0.0,0.0,0.0,2.05,0,0.0,0.0,0.0,0.0,False,d,Head injury - 75% chance of playing,,,,2526
221,508479,35,345,Filip Jörgensen,Jörgensen,1,0.2,4.3,7,16,Home,2026-05-04T14:00:00Z,1,3,24,0,0,0,0,0,0,0,4,1,0.0,0.0,0.0,0.0,0,0.0,0.0,0.0,0.0,False,a,,,,,2526
222,549939,35,345,Mike Penders,Penders,1,0.0,4.0,7,16,Home,2026-05-04T14:00:00Z,1,3,0,0,0,0,0,0,0,0,0,0,0.0,0.0,0.0,0.0,0,0.0,0.0,0.0,0.0,False,u,Has joined RC Strasbourg on loan for the rest of the season.,,,,2526
223,471798,35,345,Gabriel Słonina,Slonina,1,0.1,3.9,7,16,Home,2026-05-04T14:00:00Z,1,3,0,0,0,0,0,0,0,0,0,0,0.0,0.0,0.0,0.0,0,0.0,0.0,0.0,0.0,False,a,,,,,2526
224,179268,35,345,Marc Cucurella Saseta,Cucurella,2,14.8,6.1,7,16,Home,2026-05-04T14:00:00Z,1,3,90,0,1,0,3,0,0,0,17,4,0.05,0.12,0.17,2.05,3,0.0,0.0,0.0,0.0,False,a,,,,,2526
225,225796,35,345,Reece James,James,2,5.9,5.6,7,16,Home,2026-05-04T14:00:00Z,1,3,0,0,0,0,0,0,0,0,0,0,0.0,0.0,0.0,0.0,0,0.0,0.0,0.0,0.0,False,a,,1.0,1.0,,2526
226,180736,35,345,Trevoh Chalobah,Chalobah,2,9.3,5.4,7,16,Home,2026-05-04T14:00:00Z,1,3,90,0,0,0,3,0,0,0,2,1,0.1,0.01,0.11,2.05,4,0.0,0.0,0.0,0.0,False,a,,,,,2526
227,460028,35,345,Levi Samuels Colwill,Colwill,2,0.1,4.7,7,16,Home,2026-05-04T14:00:00Z,1,3,45,0,0,0,1,0,0,0,4,1,0.0,0.01,0.01,0.96,1,0.0,0.0,0.0,0.0,False,a,,,,,2526
228,482609,35,345,Malo Gusto,Gusto,2,1.9,4.9,7,16,Home,2026-05-04T14:00:00Z,1,3,90,0,0,0,3,1,0,0,6,0,0.1,0.11,0.21,2.05,3,0.0,0.0,0.0,0.0,False,a,,,,,2526
229,242880,35,345,Benoît Badiashile Mukinayi,B.Badiashile,2,0.0,4.4,7,16,Home,2026-05-04T14:00:00Z,1,3,0,0,0,0,0,0,0,0,0,0,0.0,0.0,0.0,0.0,0,0.0,0.0,0.0,0.0,False,a,,,,,2526
230,444463,35,345,Wesley Fofana,Fofana,2,0.4,4.4,7,16,Home,2026-05-04T14:00:00Z,1,3,0,0,0,0,0,0,0,0,0,0,0.0,0.0,0.0,0.0,0,0.0,0.0,0.0,0.0,False,a,,,,,2526
231,574458,35,345,Mamadou Sarr,M.Sarr,2,0.0,4.5,7,16,Home,2026-05-04T14:00:00Z,1,3,0,0,0,0,0,0,0,0,0,0,0.0,0.0,0.0,0.0,0,0.0,0.0,0.0,0.0,False,a,,,,,2526
232,109646,35,345,Tosin Adarabioyo,Tosin,2,0.3,4.0,7,16,Home,2026-05-04T14:00:00Z,1,3,45,0,0,0,2,0,0,0,1,0,0.0,0.0,0.0,1.09,3,0.0,0.0,0.0,0.0,False,a,,,,,2526
233,577016,35,345,Josh Acheampong,Acheampong,2,1.6,3.7,7,16,Home,2026-05-04T14:00:00Z,1,3,0,0,0,0,0,0,0,0,0,0,0.0,0.0,0.0,0.0,0,0.0,0.0,0.0,0.0,False,a,,,,,2526
234,622758,35,345,Aarón Anselmino,Anselmino,2,0.1,4.0,7,16,Home,2026-05-04T14:00:00Z,1,3,0,0,0,0,0,0,0,0,0,0,0.0,0.0,0.0,0.0,0,0.0,0.0,0.0,0.0,False,u,has joined Strasbourg on loan for the rest of the season.,,,,2526
235,244851,35,345,Cole Palmer,Palmer,3,15.7,10.4,7,16,Home,2026-05-04T14:00:00Z,1,3,90,0,0,0,3,0,0,0,2,0,0.93,0.19,1.12,2.05,6,0.0,0.0,0.0,0.0,False,a,,,3.0,1.0,2526
236,247632,35,345,Pedro Lomba Neto,Neto,3,4.3,7.0,7,16,Home,2026-05-04T14:00:00Z,1,3,0,0,0,0,0,0,0,0,0,0,0.0,0.0,0.0,0.0,0,0.0,0.0,0.0,0.0,False,d,Knock - 75% chance of playing,2.0,4.0,,2526
237,448047,35,345,Enzo Fernández,Enzo,3,11.1,6.5,7,16,Home,2026-05-04T14:00:00Z,1,3,90,0,0,0,3,0,0,0,15,2,0.15,0.29,0.44,2.05,5,0.0,0.0,0.0,0.0,False,a,,3.0,2.0,2.0,2526
238,624773,35,345,Estêvão Almeida de Oliveira Gonçalves,Estêvão,3,1.7,6.4,7,16,Home,2026-05-04T14:00:00Z,1,3,0,0,0,0,0,0,0,0,0,0,0.0,0.0,0.0,0.0,0,0.0,0.0,0.0,0.0,False,i,Hamstring injury - Expected back 01 Jun,4.0,,3.0,2526
239,463936,35,345,Jamie Bynoe-Gittens,Gittens,3,0.1,6.0,7,16,Home,2026-05-04T14:00:00Z,1,3,0,0,0,0,0,0,0,0,0,0,0.0,0.0,0.0,0.0,0,0.0,0.0,0.0,0.0,False,d,Hamstring injury - 25% chance of playing,,,,2526
240,213198,35,345,Christopher Nkunku,Nkunku,3,0.1,5.9,7,16,Home,2026-05-04T14:00:00Z,1,3,0,0,0,0,0,0,0,0,0,0,0.0,0.0,0.0,0.0,0,0.0,0.0,0.0,0.0,False,u,has joined AC Milan permanently.,,,,2526
241,486672,35,345,Moisés Caicedo Corozo,Caicedo,3,7.3,5.7,7,16,Home,2026-05-04T14:00:00Z,1,3,90,0,0,0,3,1,0,0,12,3,0.0,0.03,0.03,2.05,12,0.0,0.0,0.0,0.0,False,a,,,,,2526
242,215413,35,346,Kiernan Dewsbury-Hall,Dewsbury-Hall,3,6.1,5.2,9,13,Home,2026-05-04T19:00:00Z,3,3,90,0,0,0,2,0,0,0,4,2,0.07,0.01,0.08,1.34,9,0.0,0.0,0.0,0.0,False,a,,3.0,,,2526
243,550615,35,346,Tyrique George,George,3,0.1,4.8,9,13,Home,2026-05-04T19:00:00Z,3,3,0,0,0,0,0,0,0,0,0,0,0.0,0.0,0.0,0.0,0,0.0,0.0,0.0,0.0,False,a,,,,,2526
244,514356,35,345,Roméo Lavia,Lavia,3,0.0,4.9,7,16,Home,2026-05-04T14:00:00Z,1,3,57,0,0,0,3,0,0,0,12,1,0.02,0.08,0.1,1.99,3,0.0,0.0,0.0,0.0,False,a,,,,,2526
245,465920,35,345,Mykhailo Mudryk,Mudryk,3,0.0,4.9,7,16,Home,2026-05-04T14:00:00Z,1,3,0,0,0,0,0,0,0,0,0,0,0.0,0.0,0.0,0.0,0,0.0,0.0,0.0,0.0,False,s,Suspended - unknown return date,,,,2526
246,532605,35,345,Andrey Nascimento dos Santos,Andrey Santos,3,0.3,4.5,7,16,Home,2026-05-04T14:00:00Z,1,3,32,0,0,0,0,0,0,0,11,1,0.03,0.03,0.06,0.06,5,0.0,0.0,0.0,0.0,False,a,,,,,2526
247,491007,35,345,Dário Luís Essugo,D.Essugo,3,0.1,4.3,7,16,Home,2026-05-04T14:00:00Z,1,3,0,0,0,0,0,0,0,0,0,0,0.0,0.0,0.0,0.0,0,0.0,0.0,0.0,0.0,False,a,,,,,2526
248,611134,35,345,Kendry Páez Andrade,Paez,3,0.0,4.5,7,16,Home,2026-05-04T14:00:00Z,1,3,0,0,0,0,0,0,0,0,0,0,0.0,0.0,0.0,0.0,0,0.0,0.0,0.0,0.0,False,u,has joined River Plate on loan for the rest of the season.,,,,2526
249,475168,35,345,João Pedro Junqueira de Jesus,João Pedro,4,40.3,7.5,7,16,Home,2026-05-04T14:00:00Z,1,3,90,1,0,0,3,0,0,0,29,6,0.46,0.05,0.51,2.05,3,0.0,0.0,0.0,0.0,False,a,,,,,2526
250,463034,35,345,Liam Delap,Delap,4,0.9,6.2,7,16,Home,2026-05-04T14:00:00Z,1,3,45,0,0,0,1,1,0,0,-2,0,0.22,0.01,0.23,0.96,0,0.0,0.0,0.0,0.0,False,a,,,,,2526
251,517052,35,345,Nicolas Jackson,N.Jackson,4,0.1,6.5,7,16,Home,2026-05-04T14:00:00Z,1,3,0,0,0,0,0,0,0,0,0,0,0.0,0.0,0.0,0.0,0,0.0,0.0,0.0,0.0,False,u,has joined Bayern Munich on loan for the rest of the season.,,,,2526
252,499309,35,345,Marc Guiu Paz,Marc Guiu,4,5.0,4.0,7,16,Home,2026-05-04T14:00:00Z,1,3,0,0,0,0,0,0,0,0,0,0,0.0,0.0,0.0,0.0,0,0.0,0.0,0.0,0.0,False,a,,,,,2526
253,172649,35,343,Dean Henderson,Henderson,1,8.8,5.1,8,4,Away,2026-05-03T13:00:00Z,0,3,90,0,0,0,3,0,0,0,0,2,0.0,0.01,0.01,2.08,0,1.3,13.4,0.0,0.0,False,a,,,,,2526
254,121709,35,343,Walter Benítez,Benitez,1,0.3,3.9,8,4,Away,2026-05-03T13:00:00Z,0,3,0,0,0,0,0,0,0,0,0,0,0.0,0.0,0.0,0.0,0,0.0,0.0,0.0,0.0,False,a,,,,,2526
255,169593,35,343,Remi Matthews,Matthews,1,0.1,3.9,8,4,Away,2026-05-03T13:00:00Z,0,3,0,0,0,0,0,0,0,0,0,0,0.0,0.0,0.0,0.0,0,0.0,0.0,0.0,0.0,False,a,,,,,2526
256,247348,35,343,Daniel Muñoz Mejía,Muñoz,2,9.2,5.9,8,4,Away,2026-05-03T13:00:00Z,0,3,45,0,0,0,2,0,0,0,-2,0,0.0,0.0,0.0,1.49,5,0.7,5.8,0.8,0.0,False,a,,,,,2526
257,437499,35,343,Maxence Lacroix,Lacroix,2,6.4,5.2,8,4,Away,2026-05-03T13:00:00Z,0,3,90,0,0,0,3,1,0,0,3,2,0.0,0.0,0.0,2.08,10,2.1,16.8,0.6,4.0,False,a,,,,,2526
258,244723,35,343,Tyrick Mitchell,Mitchell,2,2.3,5.0,8,4,Away,2026-05-03T13:00:00Z,0,3,45,0,0,0,1,0,0,0,4,1,0.0,0.07,0.07,0.59,5,3.4,14.4,11.2,8.0,False,a,,,,,2526
259,218364,35,343,Borna Sosa,Sosa,2,0.1,4.8,8,4,Away,2026-05-03T13:00:00Z,0,3,0,0,0,0,0,0,0,0,0,0,0.0,0.0,0.0,0.0,0,0.0,0.0,0.0,0.0,False,d,Knock - 75% chance of playing,,,,2526
260,209036,35,346,Marc Guéhi,Guéhi,2,32.7,5.1,13,9,Away,2026-05-04T19:00:00Z,3,3,90,0,1,0,3,0,0,0,15,4,0.06,0.05,0.11,2.77,8,0.0,0.0,0.0,0.0,False,a,,,,,2526
261,427623,35,343,Chris Richards,Richards,2,2.6,4.4,8,4,Away,2026-05-03T13:00:00Z,0,3,14,0,0,0,1,0,0,0,-1,1,0.0,0.0,0.0,0.42,1,0.6,5.6,0.1,0.0,False,a,,,,,2526
262,515621,35,343,Chadi Riad Dnanou,Chadi Riad,2,0.0,4.0,8,4,Away,2026-05-03T13:00:00Z,0,3,75,0,0,0,2,0,0,0,7,1,0.0,0.05,0.05,1.65,9,2.4,21.0,1.0,2.0,False,a,,,,,2526
263,57328,35,343,Nathaniel Clyne,Clyne,2,0.5,3.8,8,4,Away,2026-05-03T13:00:00Z,0,3,0,0,0,0,0,0,0,0,0,0,0.0,0.0,0.0,0.0,0,0.0,0.0,0.0,0.0,False,a,,,,,2526
264,156074,35,343,Rob Holding,Holding,2,0.0,4.0,8,4,Away,2026-05-03T13:00:00Z,0,3,0,0,0,0,0,0,0,0,0,0,0.0,0.0,0.0,0.0,0,0.0,0.0,0.0,0.0,False,u,Has joined Colorado Rapids permanently.,,,,2526
265,590012,35,343,Caleb Kporha,Kporha,2,0.0,4.0,8,4,Away,2026-05-03T13:00:00Z,0,3,0,0,0,0,0,0,0,0,0,0,0.0,0.0,0.0,0.0,0,0.0,0.0,0.0,0.0,False,a,,,,,2526
266,232413,35,341,Eberechi Eze,Eze,3,8.8,7.3,1,10,Home,2026-05-02T16:30:00Z,3,0,77,0,0,1,0,0,0,0,4,3,0.21,0.07,0.28,0.37,2,1.5,0.0,5.8,10.0,False,a,,,,,2526
267,232185,35,343,Ismaïla Sarr,Sarr,3,5.0,6.4,8,4,Away,2026-05-03T13:00:00Z,0,3,45,0,0,0,1,0,0,0,-3,1,0.54,0.14,0.68,0.59,1,3.1,0.4,15.4,15.0,False,a,,,,3.0,2526
268,438464,35,343,Cheick Doucouré,Doucouré,3,0.0,4.9,8,4,Away,2026-05-03T13:00:00Z,0,3,0,0,0,0,0,0,0,0,0,0,0.0,0.0,0.0,0.0,0,0.0,0.0,0.0,0.0,False,i,Lack of match fitness - Expected back 01 Jun,,,,2526
269,606921,35,343,Romain Esse,Esse,3,0.1,4.7,8,4,Away,2026-05-03T13:00:00Z,0,3,0,0,0,0,0,0,0,0,0,0,0.0,0.0,0.0,0.0,0,0.0,0.0,0.0,0.0,False,u,has joined Coventry City on loan for the rest of the season.,,,,2526
270,108413,35,343,Will Hughes,Hughes,3,0.1,4.7,8,4,Away,2026-05-03T13:00:00Z,0,3,0,0,0,0,0,0,0,0,0,0,0.0,0.0,0.0,0.0,0,0.0,0.0,0.0,0.0,False,a,,3.0,,,2526
271,209400,35,343,Daichi Kamada,Kamada,3,0.1,5.0,8,4,Away,2026-05-03T13:00:00Z,0,3,45,0,0,0,2,0,0,0,2,1,0.0,0.01,0.01,1.49,3,0.3,0.0,3.8,0.0,False,a,,4.0,,,2526
272,152551,35,343,Jefferson Lerma Solís,Lerma,3,0.1,4.9,8,4,Away,2026-05-03T13:00:00Z,0,3,90,0,0,0,3,0,0,0,3,0,0.0,0.11,0.11,2.08,10,1.4,0.0,13.4,4.0,False,a,,,,,2526
273,496221,35,343,Adam Wharton,Wharton,3,0.6,5.0,8,4,Away,2026-05-03T13:00:00Z,0,3,45,0,0,0,1,0,0,0,8,1,0.0,0.29,0.29,0.59,3,3.1,8.0,23.1,0.0,False,a,,2.0,,,2526
274,579075,35,343,Asher Agbinone,Agbinone,3,0.1,4.3,8,4,Away,2026-05-03T13:00:00Z,0,3,0,0,0,0,0,0,0,0,0,0,0.0,0.0,0.0,0.0,0,0.0,0.0,0.0,0.0,False,a,,,,,2526
275,466117,35,343,Naouirou Ahamada,Ahamada,3,0.0,4.3,8,4,Away,2026-05-03T13:00:00Z,0,3,0,0,0,0,0,0,0,0,0,0,0.0,0.0,0.0,0.0,0,0.0,0.0,0.0,0.0,False,u,has joined AJ Auxerre permanently.,,,,2526
276,489706,35,343,Justin Devenny,Devenny,3,1.1,4.3,8,4,Away,2026-05-03T13:00:00Z,0,3,90,0,0,0,3,0,0,0,17,4,0.0,0.0,0.0,2.08,18,2.9,20.8,4.6,4.0,False,a,,,2.0,4.0,2526
277,450535,35,343,Malcolm Ebiowei,Ebiowei,3,0.0,4.5,8,4,Away,2026-05-03T13:00:00Z,0,3,0,0,0,0,0,0,0,0,0,0,0.0,0.0,0.0,0.0,0,0.0,0.0,0.0,0.0,False,u,Has joined Blackpool permanently.,,,,2526
278,450542,35,343,Jesurun Rak-Sakyi,J.Rak-Sakyi,3,0.0,4.4,8,4,Away,2026-05-03T13:00:00Z,0,3,0,0,0,0,0,0,0,0,0,0,0.0,0.0,0.0,0.0,0,0.0,0.0,0.0,0.0,False,u,has joined Stoke City on loan for the rest of the season.,,,,2526
279,536694,35,343,Matheus França de Oliveira,M.França,3,0.0,4.5,8,4,Away,2026-05-03T13:00:00Z,0,3,0,0,0,0,0,0,0,0,0,0,0.0,0.0,0.0,0.0,0,0.0,0.0,0.0,0.0,False,u,Has joined CR Vasco da Gama on loan for the rest of the season.,,,,2526
280,531989,35,343,David Ozoh,Ozoh,3,0.0,4.5,8,4,Away,2026-05-03T13:00:00Z,0,3,0,0,0,0,0,0,0,0,0,0,0.0,0.0,0.0,0.0,0,0.0,0.0,0.0,0.0,False,u,Has joined Derby County on loan for the rest of the season.,,,,2526
281,530318,35,343,Kaden Rodney,Rodney,3,0.0,4.4,8,4,Away,2026-05-03T13:00:00Z,0,3,0,0,0,0,0,0,0,0,0,0,0.0,0.0,0.0,0.0,0,0.0,0.0,0.0,0.0,False,a,,,,,2526
282,574398,35,343,Franco Umeh-Chibueze,Umeh,3,0.0,4.5,8,4,Away,2026-05-03T13:00:00Z,0,3,0,0,0,0,0,0,0,0,0,0,0.0,0.0,0.0,0.0,0,0.0,0.0,0.0,0.0,False,u,has joined Portsmouth permanently.,,,,2526
283,231747,35,343,Jean-Philippe Mateta,Mateta,4,8.0,7.6,8,4,Away,2026-05-03T13:00:00Z,0,3,25,0,0,0,1,0,0,0,2,1,0.08,0.0,0.08,0.42,3,2.3,8.0,10.5,4.0,False,a,,,,2.0,2526
284,205533,35,343,Eddie Nketiah,Nketiah,4,0.3,5.4,8,4,Away,2026-05-03T13:00:00Z,0,3,0,0,0,0,0,0,0,0,0,0,0.0,0.0,0.0,0.0,0,0.0,0.0,0.0,0.0,False,i,Hamstring injury - Expected back 01 Jun,,,,2526
285,199670,35,343,Odsonne Édouard,Édouard,4,0.2,5.0,8,4,Away,2026-05-03T13:00:00Z,0,3,0,0,0,0,0,0,0,0,0,0,0.0,0.0,0.0,0.0,0,0.0,0.0,0.0,0.0,False,u,has joined RC Lens permanently.,,,,2526
286,576980,35,343,Zach Marsh,Marsh,4,0.3,4.4,8,4,Away,2026-05-03T13:00:00Z,0,3,0,0,0,0,0,0,0,0,0,0,0.0,0.0,0.0,0.0,0,0.0,0.0,0.0,0.0,False,a,,,,,2526
287,111234,35,346,Jordan Pickford,Pickford,1,13.0,5.6,9,13,Home,2026-05-04T19:00:00Z,3,3,90,0,0,0,3,0,0,0,5,1,0.0,0.0,0.0,1.45,0,0.0,0.0,0.0,0.0,False,a,,,,,2526
288,229600,35,346,Mark Travers,Travers,1,0.1,4.2,9,13,Home,2026-05-04T19:00:00Z,3,3,0,0,0,0,0,0,0,0,0,0,0.0,0.0,0.0,0.0,0,0.0,0.0,0.0,0.0,False,a,,,,,2526
289,447325,35,346,Harry Tyrer,Tyrer,1,0.1,3.9,9,13,Home,2026-05-04T19:00:00Z,3,3,0,0,0,0,0,0,0,0,0,0,0.0,0.0,0.0,0.0,0,0.0,0.0,0.0,0.0,False,u,has joined Cardiff City permanently.,,,,2526
290,480455,35,346,Jarrad Branthwaite,Branthwaite,2,0.3,5.3,9,13,Home,2026-05-04T19:00:00Z,3,3,0,0,0,0,0,0,0,0,0,0,0.0,0.0,0.0,0.0,0,0.0,0.0,0.0,0.0,False,i,Hamstring injury - Expected back 01 Jun,,,,2526
291,17761,35,346,James Tarkowski,Tarkowski,2,11.6,5.7,9,13,Home,2026-05-04T19:00:00Z,3,3,90,0,0,0,3,1,0,0,-4,0,0.0,0.0,0.0,1.45,6,0.0,0.0,0.0,0.0,False,a,,,,,2526
292,224967,35,346,Vitalii Mykolenko,Mykolenko,2,0.6,4.9,9,13,Home,2026-05-04T19:00:00Z,3,3,90,0,0,0,3,0,0,0,-3,1,0.0,0.01,0.01,1.45,7,0.0,0.0,0.0,0.0,False,a,,,,,2526
293,512462,35,346,Jake O'Brien,O'Brien,2,0.7,4.9,9,13,Home,2026-05-04T19:00:00Z,3,3,90,1,0,0,3,1,0,0,3,6,0.17,0.0,0.17,1.45,6,0.0,0.0,0.0,0.0,False,a,,,,,2526
294,59949,35,346,Séamus Coleman,Coleman,2,0.1,4.2,9,13,Home,2026-05-04T19:00:00Z,3,3,0,0,0,0,0,0,0,0,0,0,0.0,0.0,0.0,0.0,0,0.0,0.0,0.0,0.0,False,a,,,,,2526
295,106611,35,346,Michael Keane,Keane,2,2.7,4.5,9,13,Home,2026-05-04T19:00:00Z,3,3,90,0,0,0,3,1,0,0,-2,2,0.04,0.02,0.06,1.45,10,0.0,0.0,0.0,0.0,False,a,,,,,2526
296,243571,35,346,Nathan Patterson,Patterson,2,0.0,4.4,9,13,Home,2026-05-04T19:00:00Z,3,3,1,0,0,0,1,0,0,0,-1,1,0.0,0.0,0.0,0.12,1,0.0,0.0,0.0,0.0,False,a,,,,,2526
297,496178,35,346,Roman Dixon,Dixon,2,0.2,3.8,9,13,Home,2026-05-04T19:00:00Z,3,3,0,0,0,0,0,0,0,0,0,0,0.0,0.0,0.0,0.0,0,0.0,0.0,0.0,0.0,False,u,has joined Stockport County on loan for the rest of the season.,,,,2526
298,474907,35,346,Reece Welch,Welch,2,0.1,3.8,9,13,Home,2026-05-04T19:00:00Z,3,3,0,0,0,0,0,0,0,0,0,0,0.0,0.0,0.0,0.0,0,0.0,0.0,0.0,0.0,False,a,,,,,2526
299,440993,35,346,Iliman Ndiaye,Ndiaye,3,4.4,6.2,9,13,Home,2026-05-04T19:00:00Z,3,3,90,0,0,0,3,0,0,0,6,2,0.89,0.01,0.9,1.45,6,0.0,0.0,0.0,0.0,False,a,,,,1.0,2526
300,433154,35,346,Dwight McNeil,McNeil,3,0.1,5.5,9,13,Home,2026-05-04T19:00:00Z,3,3,0,0,0,0,0,0,0,0,0,0,0.0,0.0,0.0,0.0,0,0.0,0.0,0.0,0.0,False,a,,2.0,,,2526
301,502697,35,346,Carlos Alcaraz Durán,Alcaraz,3,0.1,5.2,9,13,Home,2026-05-04T19:00:00Z,3,3,1,0,0,0,1,0,0,0,1,1,0.0,0.0,0.0,0.12,2,0.0,0.0,0.0,0.0,False,a,,,,,2526
302,80801,35,346,Idrissa Gana Gueye,Gana,3,0.1,5.4,9,13,Home,2026-05-04T19:00:00Z,3,3,0,0,0,0,0,0,0,0,0,0,0.0,0.0,0.0,0.0,0,0.0,0.0,0.0,0.0,False,a,,,,,2526
303,232928,35,346,James Garner,Garner,3,3.9,5.2,9,13,Home,2026-05-04T19:00:00Z,3,3,90,0,1,0,3,0,0,0,26,5,0.0,0.2,0.2,1.45,8,0.0,0.0,0.0,0.0,False,a,,1.0,3.0,2.0,2526
304,490094,35,346,Tim Iroegbunam,Iroegbunam,3,0.0,4.8,9,13,Home,2026-05-04T19:00:00Z,3,3,90,0,0,0,2,0,0,0,7,2,0.0,0.01,0.01,1.34,11,0.0,0.0,0.0,0.0,False,a,,,,,2526
305,609873,35,346,Harrison Armstrong,Armstrong,3,0.1,4.5,9,13,Home,2026-05-04T19:00:00Z,3,3,1,0,0,0,1,0,0,0,3,1,0.0,0.0,0.0,0.12,0,0.0,0.0,0.0,0.0,False,a,,,,,2526
306,547801,35,346,Callum Bates,Bates,3,0.1,4.3,9,13,Home,2026-05-04T19:00:00Z,3,3,0,0,0,0,0,0,0,0,0,0,0.0,0.0,0.0,0.0,0,0.0,0.0,0.0,0.0,False,a,,,,,2526
307,504296,35,346,Coby Ebere,Ebere,3,0.0,4.4,9,13,Home,2026-05-04T19:00:00Z,3,3,0,0,0,0,0,0,0,0,0,0,0.0,0.0,0.0,0.0,0,0.0,0.0,0.0,0.0,False,a,,,,,2526
308,496279,35,346,Isaac Heath,Heath,3,0.0,4.5,9,13,Home,2026-05-04T19:00:00Z,3,3,0,0,0,0,0,0,0,0,0,0,0.0,0.0,0.0,0.0,0,0.0,0.0,0.0,0.0,False,u,has joined Accrington on loan for the rest of the season.,,,,2526
309,491557,35,346,Jenson Metcalfe,Metcalfe,3,0.0,4.5,9,13,Home,2026-05-04T19:00:00Z,3,3,0,0,0,0,0,0,0,0,0,0,0.0,0.0,0.0,0.0,0,0.0,0.0,0.0,0.0,False,u,Has joined Bradford City permanently.,,,,2526
310,586309,35,346,Thierno Barry,Barry,4,0.7,5.7,9,13,Home,2026-05-04T19:00:00Z,3,3,26,2,0,0,2,0,0,0,55,9,1.33,0.0,1.33,0.62,5,0.0,0.0,0.0,0.0,False,a,,,,,2526
311,486385,35,346,Norberto Bercique Gomes Betuncal,Beto,4,2.9,5.0,9,13,Home,2026-05-04T19:00:00Z,3,3,63,0,0,0,1,1,0,0,3,1,0.2,0.0,0.2,0.83,2,0.0,0.0,0.0,0.0,False,a,,,,3.0,2526
312,491012,35,346,Youssef Ramalho Chermiti,Y.Chermiti,4,0.1,4.9,9,13,Home,2026-05-04T19:00:00Z,3,3,0,0,0,0,0,0,0,0,0,0,0.0,0.0,0.0,0.0,0,0.0,0.0,0.0,0.0,False,u,has joined Rangers permanently.,,,,2526
313,536241,35,346,Martin Sherif,Sherif,4,0.1,4.4,9,13,Home,2026-05-04T19:00:00Z,3,3,0,0,0,0,0,0,0,0,0,0,0.0,0.0,0.0,0.0,0,0.0,0.0,0.0,0.0,False,u,has joined Port Vale on loan for the rest of the season.,,,,2526
314,80201,35,341,Bernd Leno,Leno,1,2.0,4.9,10,1,Away,2026-05-02T16:30:00Z,0,3,90,0,0,0,3,0,0,0,12,3,0.0,0.0,0.0,3.23,0,4.5,44.6,0.0,0.0,False,a,,,,,2526
315,428971,35,341,Steven Benda,Benda,1,0.0,4.0,10,1,Away,2026-05-02T16:30:00Z,0,3,0,0,0,0,0,0,0,0,0,0,0.0,0.0,0.0,0.0,0,0.0,0.0,0.0,0.0,False,u,has joined Feyenoord on loan for the rest of the season.,,,,2526
316,169528,35,341,Antonee Robinson,Robinson,2,0.8,4.9,10,1,Away,2026-05-02T16:30:00Z,0,3,90,0,0,0,3,0,0,0,7,1,0.02,0.01,0.03,3.23,5,1.6,11.4,2.4,2.0,False,a,,,,,2526
317,174874,35,341,Joachim Andersen,Andersen,2,4.2,4.5,10,1,Away,2026-05-02T16:30:00Z,0,3,90,0,0,0,3,0,0,0,6,3,0.0,0.01,0.01,3.23,12,2.6,24.4,1.3,0.0,False,a,,,,,2526
318,232892,35,341,Calvin Bassey,Bassey,2,0.6,4.4,10,1,Away,2026-05-02T16:30:00Z,0,3,90,0,0,0,3,0,0,0,9,1,0.0,0.03,0.03,3.23,8,4.1,26.8,12.0,2.0,False,a,,,,,2526
319,166477,35,341,Timothy Castagne,Castagne,2,0.1,4.3,10,1,Away,2026-05-02T16:30:00Z,0,3,90,0,0,0,3,0,0,0,5,1,0.15,0.01,0.16,3.23,5,3.9,13.0,1.4,25.0,False,a,,,,,2526
320,219924,35,341,Issa Diop,Diop,2,0.1,4.3,10,1,Away,2026-05-02T16:30:00Z,0,3,0,0,0,0,0,0,0,0,0,0,0.0,0.0,0.0,0.0,0,0.0,0.0,0.0,0.0,False,a,,,,,2526
321,246301,35,341,Jorge Cuenca Barreno,J.Cuenca,2,0.1,4.3,10,1,Away,2026-05-02T16:30:00Z,0,3,0,0,0,0,0,0,0,0,0,0,0.0,0.0,0.0,0.0,0,0.0,0.0,0.0,0.0,False,a,,,,,2526
322,167074,35,341,Kenny Tete,Tete,2,0.2,4.5,10,1,Away,2026-05-02T16:30:00Z,0,3,0,0,0,0,0,0,0,0,0,0,0.0,0.0,0.0,0.0,0,0.0,0.0,0.0,0.0,False,d,Lack of match fitness - 75% chance of playing,,,,2526
323,591385,35,341,Samuel Amissah,Amissah,2,0.1,3.8,10,1,Away,2026-05-02T16:30:00Z,0,3,0,0,0,0,0,0,0,0,0,0,0.0,0.0,0.0,0.0,0,0.0,0.0,0.0,0.0,False,a,,,,,2526
324,153133,35,341,Alex Iwobi,Iwobi,3,1.3,6.2,10,1,Away,2026-05-02T16:30:00Z,0,3,0,0,0,0,0,0,0,0,0,0,0.0,0.0,0.0,0.0,0,0.0,0.0,0.0,0.0,False,i,Hamstring injury - Unknown return date,2.0,,,2526
325,209289,35,341,Emile Smith Rowe,Smith Rowe,3,0.5,5.6,10,1,Away,2026-05-02T16:30:00Z,0,3,77,0,0,0,3,0,0,0,13,2,0.06,0.02,0.08,2.92,6,1.8,2.6,6.8,9.0,False,a,,,,,2526
326,159533,35,344,Adama Traoré Diarra,Adama,3,0.2,5.1,19,5,Away,2026-05-02T14:00:00Z,0,3,16,0,0,0,1,0,0,0,3,1,0.0,0.01,0.01,0.14,1,1.2,4.2,5.3,2.0,False,a,,,,,2526
327,156689,35,341,Andreas Hoelgebaum Pereira,Andreas,3,0.1,5.3,10,1,Away,2026-05-02T16:30:00Z,0,3,0,0,0,0,0,0,0,0,0,0,0.0,0.0,0.0,0.0,0,0.0,0.0,0.0,0.0,False,u,has joined Palmeiras permanently.,,,,2526
328,184349,35,341,Ryan Sessegnon,Sessegnon,3,0.2,5.4,10,1,Away,2026-05-02T16:30:00Z,0,3,0,0,0,0,0,0,0,0,0,0,0.0,0.0,0.0,0.0,0,0.0,0.0,0.0,0.0,False,i,Muscle injury - Expected back 17 May,,,,2526
329,153682,35,341,Harry Wilson,Wilson,3,19.6,5.9,10,1,Away,2026-05-02T16:30:00Z,0,3,63,0,0,0,3,0,0,0,9,2,0.0,0.15,0.15,2.92,2,3.1,5.0,25.6,0.0,False,a,,1.0,1.0,3.0,2526
330,207189,35,341,Sander Berge,Berge,3,0.1,4.9,10,1,Away,2026-05-02T16:30:00Z,0,3,0,0,0,0,0,0,0,0,0,0,0.0,0.0,0.0,0.0,0,0.0,0.0,0.0,0.0,False,a,,,,,2526
331,76357,35,341,Tom Cairney,Cairney,3,0.0,4.8,10,1,Away,2026-05-02T16:30:00Z,0,3,26,0,0,0,0,0,0,0,1,1,0.03,0.0,0.03,0.31,3,0.8,3.8,1.7,2.0,False,a,,,,,2526
332,212314,35,341,Saša Lukić,Lukić,3,0.1,4.9,10,1,Away,2026-05-02T16:30:00Z,0,3,90,0,0,0,3,1,0,0,7,1,0.0,0.01,0.01,3.23,10,1.1,8.2,2.8,0.0,False,a,,3.0,,,2526
333,573062,35,341,Martial Godo,Godo,3,0.0,4.5,10,1,Away,2026-05-02T16:30:00Z,0,3,0,0,0,0,0,0,0,0,0,0,0.0,0.0,0.0,0.0,0,0.0,0.0,0.0,0.0,False,u,has joined Strasbourg permanently.,,,,2526
334,515024,35,341,Luke Harris,Harris,3,0.0,4.5,10,1,Away,2026-05-02T16:30:00Z,0,3,0,0,0,0,0,0,0,0,0,0,0.0,0.0,0.0,0.0,0,0.0,0.0,0.0,0.0,False,u,Has joined Oxford United on loan for the rest of the season.,,,,2526
335,577725,35,341,Josh King,King,3,1.7,4.4,10,1,Away,2026-05-02T16:30:00Z,0,3,26,0,0,0,0,0,0,0,4,1,0.0,0.03,0.03,0.31,1,0.5,0.4,1.0,4.0,False,a,,,,,2526
336,153366,35,341,Harrison Reed,Reed,3,0.3,4.3,10,1,Away,2026-05-02T16:30:00Z,0,3,63,0,0,0,3,0,0,0,7,2,0.0,0.09,0.09,2.92,4,2.9,3.4,25.4,0.0,False,a,,,,,2526
337,102057,35,341,Raúl Jiménez Rodríguez,Raúl,4,2.0,6.0,10,1,Away,2026-05-02T16:30:00Z,0,3,72,0,0,0,3,0,0,0,6,2,0.1,0.0,0.1,2.92,5,1.7,4.2,1.8,11.0,False,a,,,2.0,1.0,2526
338,244042,35,341,Rodrigo Muniz Carvalho,Muniz,4,0.7,5.3,10,1,Away,2026-05-02T16:30:00Z,0,3,17,0,0,0,0,0,0,0,6,1,0.0,0.0,0.0,0.31,1,0.5,2.0,1.1,2.0,False,a,,,,,2526
339,437495,35,347,Illan Meslier,Meslier,1,0.3,4.1,11,3,Home,2026-05-01T19:00:00Z,3,1,0,0,0,0,0,0,0,0,0,0,0.0,0.0,0.0,0.0,0,0.0,0.0,0.0,0.0,False,a,,,,,2526
340,97846,35,347,Alex Cairns,Cairns,1,0.1,3.9,11,3,Home,2026-05-01T19:00:00Z,3,1,0,0,0,0,0,0,0,0,0,0,0.0,0.0,0.0,0.0,0,0.0,0.0,0.0,0.0,False,a,,,,,2526
341,59735,35,347,Karl Darlow,Darlow,1,6.7,4.0,11,3,Home,2026-05-01T19:00:00Z,3,1,90,0,0,0,1,0,0,0,10,2,0.0,0.01,0.01,0.57,0,1.7,16.8,0.0,0.0,False,a,,,,,2526
342,226182,35,347,Jayden Bogle,Bogle,2,0.7,4.4,11,3,Home,2026-05-01T19:00:00Z,3,1,90,0,1,0,1,0,0,0,20,5,0.0,0.31,0.31,0.35,4,6.5,30.6,30.0,4.0,False,a,,,,,2526
343,222694,35,347,Pascal Struijk,Struijk,2,3.2,4.4,11,3,Home,2026-05-01T19:00:00Z,3,1,90,0,0,0,1,1,0,0,2,1,0.05,0.02,0.07,0.57,0,0.8,0.0,2.6,6.0,False,a,,,,,2526
344,434752,35,347,Jaka Bijol,Bijol,2,1.1,3.9,11,3,Home,2026-05-01T19:00:00Z,3,1,90,0,1,0,1,0,0,0,20,5,0.0,0.01,0.01,0.57,7,5.2,36.8,10.8,4.0,False,a,,,,,2526
345,437738,35,347,Sebastiaan Bornauw,Bornauw,2,0.1,3.8,11,3,Home,2026-05-01T19:00:00Z,3,1,0,0,0,0,0,0,0,0,0,0,0.0,0.0,0.0,0.0,0,0.0,0.0,0.0,0.0,False,a,,,,,2526
346,113564,35,347,Sam Byram,Byram,2,0.3,3.7,11,3,Home,2026-05-01T19:00:00Z,3,1,0,0,0,0,0,0,0,0,0,0,0.0,0.0,0.0,0.0,0,0.0,0.0,0.0,0.0,False,a,,,,,2526
347,243526,35,347,Gabriel Gudmundsson,Gudmundsson,2,2.9,3.8,11,3,Home,2026-05-01T19:00:00Z,3,1,0,0,0,0,0,0,0,0,0,0,0.0,0.0,0.0,0.0,0,0.0,0.0,0.0,0.0,False,i,Hamstring injury - Expected back 17 May,,,,2526
348,214225,35,347,Joe Rodon,Rodon,2,2.9,3.9,11,3,Home,2026-05-01T19:00:00Z,3,1,90,0,0,0,1,1,0,0,7,1,0.12,0.01,0.13,0.57,2,4.3,11.2,12.6,19.0,False,a,,,,,2526
349,492368,35,347,Isaac Schmidt,Schmidt,2,0.1,4.0,11,3,Home,2026-05-01T19:00:00Z,3,1,0,0,0,0,0,0,0,0,0,0,0.0,0.0,0.0,0.0,0,0.0,0.0,0.0,0.0,False,u,has joined Werder Bremen on loan for the rest of the season.,,,,2526
350,427637,35,347,Brenden Aaronson,Aaronson,3,1.3,5.4,11,3,Home,2026-05-01T19:00:00Z,3,1,18,0,0,0,0,0,0,0,8,1,0.0,0.0,0.0,0.22,6,0.5,4.4,0.9,0.0,False,a,,,,,2526
351,492859,35,347,Wilfried Gnonto,Gnonto,3,0.1,5.1,11,3,Home,2026-05-01T19:00:00Z,3,1,1,0,0,0,0,0,0,0,3,1,0.0,0.0,0.0,0.22,1,0.0,0.0,0.0,0.0,False,a,,,,,2526
352,221399,35,347,Jack Harrison,Harrison,3,0.0,5.1,11,3,Home,2026-05-01T19:00:00Z,3,1,0,0,0,0,0,0,0,0,0,0,0.0,0.0,0.0,0.0,0,0.0,0.0,0.0,0.0,False,u,has joined ACF Fiorentina on loan for the rest of the season.,,,,2526
353,200617,35,347,Daniel James,James,3,0.1,5.2,11,3,Home,2026-05-01T19:00:00Z,3,1,1,0,0,0,0,0,0,0,5,1,0.05,0.0,0.05,0.22,0,2.0,3.0,0.0,17.0,False,a,,,,,2526
354,199598,35,347,Ethan Ampadu,Ampadu,3,0.6,4.9,11,3,Home,2026-05-01T19:00:00Z,3,1,90,0,0,0,1,1,0,0,6,1,0.09,0.02,0.11,0.57,10,2.9,5.6,14.2,9.0,False,a,,,,,2526
355,248937,35,347,Sam Greenwood,Greenwood,3,0.0,4.9,11,3,Home,2026-05-01T19:00:00Z,3,1,0,0,0,0,0,0,0,0,0,0,0.0,0.0,0.0,0.0,0,0.0,0.0,0.0,0.0,False,u,has joined Pogon Szczecin permanently.,,,,2526
356,486520,35,347,Ilia Gruev,Gruev,3,0.1,4.7,11,3,Home,2026-05-01T19:00:00Z,3,1,0,0,0,0,0,0,0,0,0,0,0.0,0.0,0.0,0.0,0,0.0,0.0,0.0,0.0,False,i,Knee injury - Expected back 01 Jun,4.0,,,2526
357,433952,35,347,Largie Ramazani,Ramazani,3,0.0,4.9,11,3,Home,2026-05-01T19:00:00Z,3,1,0,0,0,0,0,0,0,0,0,0,0.0,0.0,0.0,0.0,0,0.0,0.0,0.0,0.0,False,u,has joined Valencia on loan for the rest of the season.,,,,2526
358,248056,35,347,Tanaka Ao,Tanaka,3,0.2,4.8,11,3,Home,2026-05-01T19:00:00Z,3,1,71,0,1,0,1,0,0,1,27,6,0.11,0.03,0.14,0.35,5,3.3,8.6,16.3,8.0,False,a,,,,,2526
359,536119,35,347,Charlie Crew,Crew,3,0.0,4.5,11,3,Home,2026-05-01T19:00:00Z,3,1,0,0,0,0,0,0,0,0,0,0,0.0,0.0,0.0,0.0,0,0.0,0.0,0.0,0.0,False,u,Has joined Doncaster Rovers on loan for the rest of the season.,,,,2526
360,462635,35,347,Joe Gelhardt,Gelhardt,3,0.0,4.5,11,3,Home,2026-05-01T19:00:00Z,3,1,0,0,0,0,0,0,0,0,0,0,0.0,0.0,0.0,0.0,0,0.0,0.0,0.0,0.0,False,u,Has joined Hull City on loan for the rest of the season.,,,,2526
361,470294,35,347,Darko Gyabi,Gyabi,3,0.0,4.5,11,3,Home,2026-05-01T19:00:00Z,3,1,0,0,0,0,0,0,0,0,0,0,0.0,0.0,0.0,0.0,0,0.0,0.0,0.0,0.0,False,u,has joined Hull City permanently.,,,,2526
362,235826,35,347,Joël Piroe,Piroe,4,0.3,4.9,11,3,Home,2026-05-01T19:00:00Z,3,1,0,0,0,0,0,0,0,0,0,0,0.0,0.0,0.0,0.0,0,0.0,0.0,0.0,0.0,False,a,,,,3.0,2526
363,106617,35,347,Patrick Bamford,Bamford,4,0.3,4.9,11,3,Home,2026-05-01T19:00:00Z,3,1,0,0,0,0,0,0,0,0,0,0,0.0,0.0,0.0,0.0,0,0.0,0.0,0.0,0.0,False,u,has departed the club as a free agent.,,,,2526
364,565297,35,347,Mateo Joseph Fernández-Regatillo,Mateo Joseph,4,0.0,5.0,11,3,Home,2026-05-01T19:00:00Z,3,1,0,0,0,0,0,0,0,0,0,0,0.0,0.0,0.0,0.0,0,0.0,0.0,0.0,0.0,False,u,Has joined RCD Mallorca on loan for the rest of the season.,,,,2526
365,174594,35,347,Lukas Nmecha,Nmecha,4,0.6,5.0,11,3,Home,2026-05-01T19:00:00Z,3,1,25,0,0,0,1,0,0,0,4,1,0.14,0.0,0.14,0.48,0,2.0,3.0,0.0,17.0,False,a,,,,2.0,2526
366,116535,35,348,Alisson Becker,A.Becker,1,5.3,5.4,12,14,Away,2026-05-03T14:30:00Z,2,3,0,0,0,0,0,0,0,0,0,0,0.0,0.0,0.0,0.0,0,0.0,0.0,0.0,0.0,False,d,Muscle injury - 50% chance of playing,,,,2526
367,449027,35,348,Giorgi Mamardashvili,Mamardashvili,1,0.6,4.1,12,14,Away,2026-05-03T14:30:00Z,2,3,0,0,0,0,0,0,0,0,0,0,0.0,0.0,0.0,0.0,0,0.0,0.0,0.0,0.0,False,i,Knee injury - Unknown return date,,,,2526
368,586268,35,348,Ármin Pécsi,Pécsi,1,0.9,3.8,12,14,Away,2026-05-03T14:30:00Z,2,3,0,0,0,0,0,0,0,0,0,0,0.0,0.0,0.0,0.0,0,0.0,0.0,0.0,0.0,False,a,,,,,2526
369,155503,35,348,Freddie Woodman,Woodman,1,0.3,3.9,12,14,Away,2026-05-03T14:30:00Z,2,3,90,0,0,0,3,0,0,0,7,2,0.0,0.0,0.0,2.34,0,3.0,29.8,0.0,0.0,False,a,,,,,2526
370,216094,35,348,Jeremie Frimpong,Frimpong,2,5.1,5.7,12,14,Away,2026-05-03T14:30:00Z,2,3,74,0,0,0,2,0,0,0,-5,1,0.0,0.02,0.02,2.18,0,1.9,0.0,7.7,12.0,False,a,,,,,2526
371,544877,35,348,Milos Kerkez,Kerkez,2,3.0,5.6,12,14,Away,2026-05-03T14:30:00Z,2,3,31,0,0,0,1,0,0,0,0,1,0.0,0.02,0.02,0.34,1,2.4,5.8,15.8,2.0,False,a,,,,,2526
372,122798,35,348,Andrew Robertson,Robertson,2,1.1,5.7,12,14,Away,2026-05-03T14:30:00Z,2,3,58,0,0,0,2,0,0,0,-4,0,0.0,0.01,0.01,2.0,2,0.6,4.4,1.8,0.0,False,a,,,,,2526
373,97032,35,348,Virgil van Dijk,Virgil,2,32.0,6.2,12,14,Away,2026-05-03T14:30:00Z,2,3,90,0,0,0,3,0,0,0,5,1,0.02,0.02,0.04,2.34,9,4.6,26.2,3.1,17.0,False,a,,,,,2526
374,204716,35,348,Ibrahima Konaté,Konaté,2,4.0,5.5,12,14,Away,2026-05-03T14:30:00Z,2,3,86,0,0,0,3,0,0,0,3,1,0.0,0.01,0.01,2.24,5,2.4,21.6,2.2,0.0,False,a,,,,,2526
375,492777,35,348,Conor Bradley,Bradley,2,0.1,4.9,12,14,Away,2026-05-03T14:30:00Z,2,3,0,0,0,0,0,0,0,0,0,0,0.0,0.0,0.0,0.0,0,0.0,0.0,0.0,0.0,False,i,Knee injury - Expected back 01 Jun,,,,2526
376,171287,35,348,Joe Gomez,Gomez,2,0.1,4.9,12,14,Away,2026-05-03T14:30:00Z,2,3,0,0,0,0,0,0,0,0,0,0,0.0,0.0,0.0,0.0,0,0.0,0.0,0.0,0.0,False,a,,,,,2526
377,214285,35,348,Konstantinos Tsimikas,Tsimikas,2,0.0,4.8,12,14,Away,2026-05-03T14:30:00Z,2,3,0,0,0,0,0,0,0,0,0,0,0.0,0.0,0.0,0.0,0,0.0,0.0,0.0,0.0,False,u,has joined AS Roma on loan for the rest of the season.,,,,2526
378,611926,35,348,Amara Nallo,Nallo,2,0.9,3.7,12,14,Away,2026-05-03T14:30:00Z,2,3,0,0,0,0,0,0,0,0,0,0,0.0,0.0,0.0,0.0,0,0.0,0.0,0.0,0.0,False,a,,,,,2526
379,219937,35,348,Rhys Williams,R.Williams,2,0.5,3.7,12,14,Away,2026-05-03T14:30:00Z,2,3,0,0,0,0,0,0,0,0,0,0,0.0,0.0,0.0,0.0,0,0.0,0.0,0.0,0.0,False,a,,,,,2526
380,489580,35,348,Calvin Ramsay,Ramsay,2,0.3,3.7,12,14,Away,2026-05-03T14:30:00Z,2,3,0,0,0,0,0,0,0,0,0,0,0.0,0.0,0.0,0.0,0,0.0,0.0,0.0,0.0,False,a,,,,,2526
381,118748,35,348,Mohamed Salah,M.Salah,3,13.9,14.0,12,14,Away,2026-05-03T14:30:00Z,2,3,0,0,0,0,0,0,0,0,0,0,0.0,0.0,0.0,0.0,0,0.0,0.0,0.0,0.0,False,i,Muscle injury - Expected back 24 May,2.0,4.0,1.0,2526
382,494595,35,348,Florian Wirtz,Wirtz,3,9.1,8.3,12,14,Away,2026-05-03T14:30:00Z,2,3,90,0,0,0,3,0,0,0,11,2,0.06,0.07,0.13,2.34,5,5.3,6.4,39.3,7.0,False,a,,4.0,5.0,,2526
383,244731,35,348,Luis Díaz Marulanda,Luis Díaz,3,0.0,8.0,12,14,Away,2026-05-03T14:30:00Z,2,3,0,0,0,0,0,0,0,0,0,0,0.0,0.0,0.0,0.0,0,0.0,0.0,0.0,0.0,False,u,Has joined Bayern Munch permanently.,,,,2526
384,243298,35,348,Cody Gakpo,Gakpo,3,5.6,7.3,12,14,Away,2026-05-03T14:30:00Z,2,3,90,1,0,0,3,1,0,0,20,6,0.53,0.02,0.55,2.34,7,9.5,43.4,12.2,39.0,False,a,,3.0,,3.0,2526
385,223541,35,348,Federico Chiesa,Chiesa,3,0.3,6.3,12,14,Away,2026-05-03T14:30:00Z,2,3,3,0,0,0,0,0,0,0,3,1,0.0,0.0,0.0,0.1,0,0.3,0.2,0.3,2.0,False,a,,,,,2526
386,243016,35,348,Alexis Mac Allister,Mac Allister,3,1.9,6.2,12,14,Away,2026-05-03T14:30:00Z,2,3,90,0,0,0,3,0,0,0,17,2,0.0,0.15,0.15,2.34,6,2.9,13.4,16.0,0.0,False,a,,,,4.0,2526
387,424876,35,348,Dominik Szoboszlai,Szoboszlai,3,12.2,7.0,12,14,Away,2026-05-03T14:30:00Z,2,3,90,1,1,0,3,0,0,3,47,13,0.16,0.24,0.4,2.34,10,14.8,63.8,59.5,25.0,True,a,,1.0,2.0,2.0,2526
388,206915,35,348,Curtis Jones,C.Jones,3,0.1,5.4,12,14,Away,2026-05-03T14:30:00Z,2,3,90,0,0,0,3,1,0,0,14,1,0.0,0.03,0.03,2.34,11,2.5,12.8,12.5,0.0,False,a,,,,,2526
389,444884,35,342,Harvey Elliott,Elliott,3,0.2,5.1,2,18,Home,2026-05-03T18:00:00Z,1,2,0,0,0,0,0,0,0,0,0,0,0.0,0.0,0.0,0.0,0,0.0,0.0,0.0,0.0,False,a,,,,,2526
390,441266,35,348,Ryan Gravenberch,Gravenberch,3,3.8,5.4,12,14,Away,2026-05-03T14:30:00Z,2,3,90,0,0,0,3,0,0,0,17,2,0.06,0.03,0.09,2.34,6,3.7,19.2,9.0,9.0,False,a,,,,,2526
391,496208,35,343,Ben Gannon-Doak,Gannon-Doak,3,0.0,4.8,4,8,Home,2026-05-03T13:00:00Z,3,0,4,0,0,0,0,0,0,0,3,1,0.0,0.0,0.0,0.54,1,0.2,0.0,1.5,0.0,False,a,,,,,2526
392,158983,35,348,Endo Wataru,Endo,3,0.1,4.9,12,14,Away,2026-05-03T14:30:00Z,2,3,0,0,0,0,0,0,0,0,0,0,0.0,0.0,0.0,0.0,0,0.0,0.0,0.0,0.0,False,i,Foot injury - Expected back 24 May,,,,2526
393,535928,35,348,Stefan Bajčetić Maquieira,Bajcetic,3,0.1,4.2,12,14,Away,2026-05-03T14:30:00Z,2,3,0,0,0,0,0,0,0,0,0,0,0.0,0.0,0.0,0.0,0,0.0,0.0,0.0,0.0,False,i,Hamstring injury - Unknown return date,,,,2526
394,491501,35,348,James McConnell,McConnell,3,0.0,4.4,12,14,Away,2026-05-03T14:30:00Z,2,3,0,0,0,0,0,0,0,0,0,0,0.0,0.0,0.0,0.0,0,0.0,0.0,0.0,0.0,False,u,has joined Ajax on loan for the rest of the season.,,,,2526
395,440148,35,348,Tyler Morton,Morton,3,0.0,4.5,12,14,Away,2026-05-03T14:30:00Z,2,3,0,0,0,0,0,0,0,0,0,0,0.0,0.0,0.0,0.0,0,0.0,0.0,0.0,0.0,False,u,Has joined Lyon permanently.,,,,2526
396,591386,35,348,Trey Nyoni,Nyoni,3,0.3,4.3,12,14,Away,2026-05-03T14:30:00Z,2,3,0,0,0,0,0,0,0,0,0,0,0.0,0.0,0.0,0.0,0,0.0,0.0,0.0,0.0,False,a,,,,,2526
397,447203,35,348,Darwin Núñez Ribeiro,Darwin,4,0.1,6.5,12,14,Away,2026-05-03T14:30:00Z,2,3,0,0,0,0,0,0,0,0,0,0,0.0,0.0,0.0,0.0,0,0.0,0.0,0.0,0.0,False,u,Has joined Al-Hilal permanently.,,,,2526
398,500058,35,348,Jayden Danns,Danns,4,0.1,4.3,12,14,Away,2026-05-03T14:30:00Z,2,3,0,0,0,0,0,0,0,0,0,0,0.0,0.0,0.0,0.0,0,0.0,0.0,0.0,0.0,False,i,Hamstring injury - Unknown return date,,,,2526
399,121160,35,346,Ederson Santana de Moraes,Ederson M.,1,0.8,5.3,13,9,Away,2026-05-04T19:00:00Z,3,3,0,0,0,0,0,0,0,0,0,0,0.0,0.0,0.0,0.0,0,0.0,0.0,0.0,0.0,False,u,has joined Fenerbache permanently.,,,,2526
400,88248,35,345,Stefan Ortega Moreno,Ortega Moreno,1,0.2,4.7,16,7,Away,2026-05-04T14:00:00Z,3,1,0,0,0,0,0,0,0,0,0,0,0.0,0.0,0.0,0.0,0,0.0,0.0,0.0,0.0,False,a,,,,,2526
401,122074,35,346,Marcus Bettinelli,Bettinelli,1,0.4,3.8,13,9,Away,2026-05-04T19:00:00Z,3,3,0,0,0,0,0,0,0,0,0,0,0.0,0.0,0.0,0.0,0,0.0,0.0,0.0,0.0,False,a,,,,,2526
402,448514,35,346,Rayan Aït-Nouri,Aït-Nouri,2,4.2,5.7,13,9,Away,2026-05-04T19:00:00Z,3,3,0,0,0,0,0,0,0,0,0,0,0.0,0.0,0.0,0.0,0,0.0,0.0,0.0,0.0,False,a,,,,,2526
403,477424,35,346,Joško Gvardiol,Gvardiol,2,3.2,5.8,13,9,Away,2026-05-04T19:00:00Z,3,3,0,0,0,0,0,0,0,0,0,0,0.0,0.0,0.0,0.0,0,0.0,0.0,0.0,0.0,False,i,Leg injury - Unknown return date,,,,2526
404,211975,35,346,Manuel Akanji,Akanji,2,0.3,5.4,13,9,Away,2026-05-04T19:00:00Z,3,3,0,0,0,0,0,0,0,0,0,0,0.0,0.0,0.0,0.0,0,0.0,0.0,0.0,0.0,False,u,has joined Inter Milan on loan for the rest of the season.,,,,2526
405,126184,35,346,Nathan Aké,Aké,2,0.6,5.2,13,9,Away,2026-05-04T19:00:00Z,3,3,0,0,0,0,0,0,0,0,0,0,0.0,0.0,0.0,0.0,0,0.0,0.0,0.0,0.0,False,a,,,,,2526
406,578153,35,346,Abdukodir Khusanov,Khusanov,2,0.7,5.4,13,9,Away,2026-05-04T19:00:00Z,3,3,90,0,0,0,3,0,0,0,10,3,0.01,0.02,0.03,2.77,10,0.0,0.0,0.0,0.0,False,a,,,,,2526
407,465351,35,346,Matheus Nunes,Matheus N.,2,3.0,5.3,13,9,Away,2026-05-04T19:00:00Z,3,3,90,0,0,0,3,0,0,0,5,1,0.0,0.04,0.04,2.77,9,0.0,0.0,0.0,0.0,False,a,,,,4.0,2526
408,171314,35,346,Rúben dos Santos Gato Alves Dias,Rúben,2,3.1,5.5,13,9,Away,2026-05-04T19:00:00Z,3,3,0,0,0,0,0,0,0,0,0,0,0.0,0.0,0.0,0.0,0,0.0,0.0,0.0,0.0,False,i,Thigh injury - Unknown return date,,,,2526
409,97299,35,346,John Stones,Stones,2,0.6,5.4,13,9,Away,2026-05-04T19:00:00Z,3,3,0,0,0,0,0,0,0,0,0,0,0.0,0.0,0.0,0.0,0,0.0,0.0,0.0,0.0,False,a,,,,,2526
410,477064,35,346,Rico Lewis,Lewis,2,1.2,4.6,13,9,Away,2026-05-04T19:00:00Z,3,3,0,0,0,0,0,0,0,0,0,0,0.0,0.0,0.0,0.0,0,0.0,0.0,0.0,0.0,False,a,,,,,2526
411,472769,35,346,Nico O'Reilly,O'Reilly,2,18.3,5.2,13,9,Away,2026-05-04T19:00:00Z,3,3,90,0,0,0,3,0,0,0,0,1,0.24,0.2,0.44,2.77,4,0.0,0.0,0.0,0.0,False,a,,,,,2526
412,616222,35,346,Vitor de Oliveira Nunes dos Reis,Vitor Reis,2,0.0,5.0,13,9,Away,2026-05-04T19:00:00Z,3,3,0,0,0,0,0,0,0,0,0,0,0.0,0.0,0.0,0.0,0,0.0,0.0,0.0,0.0,False,u,Has joined Girona on loan for the rest of the season.,,,,2526
413,438234,35,346,Omar Marmoush,Marmoush,3,2.5,8.3,13,9,Away,2026-05-04T19:00:00Z,3,3,3,0,0,0,0,0,0,0,2,1,0.03,0.0,0.03,0.0,1,0.0,0.0,0.0,0.0,False,a,,4.0,1.0,2.0,2526
414,209244,35,346,Phil Foden,Foden,3,7.6,8.0,13,9,Away,2026-05-04T19:00:00Z,3,3,16,0,0,0,1,0,0,0,2,1,0.01,0.01,0.02,1.16,1,0.0,0.0,0.0,0.0,False,a,,5.0,,,2526
415,510281,35,346,Sávio Moreira de Oliveira,Savinho,3,0.4,6.9,13,9,Away,2026-05-04T19:00:00Z,3,3,0,0,0,0,0,0,0,0,0,0,0.0,0.0,0.0,0.0,0,0.0,0.0,0.0,0.0,False,a,,,,,2526
416,165809,35,346,Bernardo Mota Veiga de Carvalho e Silva,Bernardo,3,0.7,6.2,13,9,Away,2026-05-04T19:00:00Z,3,3,86,0,0,0,3,0,0,0,17,2,0.03,0.19,0.22,2.77,4,0.0,0.0,0.0,0.0,False,a,,1.0,,,2526
417,466052,35,346,Rayan Cherki,Cherki,3,16.2,6.5,13,9,Away,2026-05-04T19:00:00Z,3,3,90,0,1,0,3,0,0,0,21,5,0.26,0.23,0.49,2.77,3,0.0,0.0,0.0,0.0,False,a,,3.0,2.0,,2526
418,248875,35,346,Jérémy Doku,Doku,3,2.8,6.4,13,9,Away,2026-05-04T19:00:00Z,3,3,90,2,0,0,3,0,0,0,68,12,0.11,0.27,0.38,2.77,8,0.0,0.0,0.0,0.0,True,a,,,,3.0,2526
419,114283,35,346,Jack Grealish,Grealish,3,5.6,6.3,9,13,Home,2026-05-04T19:00:00Z,3,3,0,0,0,0,0,0,0,0,0,0,0.0,0.0,0.0,0.0,0,0.0,0.0,0.0,0.0,False,i,Foot injury - Expected back 01 Jun,,,,2526
420,59859,35,346,İlkay Gündoğan,Gündoğan,3,0.1,6.3,13,9,Away,2026-05-04T19:00:00Z,3,3,0,0,0,0,0,0,0,0,0,0,0.0,0.0,0.0,0.0,0,0.0,0.0,0.0,0.0,False,u,has joined Galatasaray permanently.,,,,2526
421,220566,35,346,Rodrigo 'Rodri' Hernandez Cascante,Rodrigo,3,0.5,6.3,13,9,Away,2026-05-04T19:00:00Z,3,3,0,0,0,0,0,0,0,0,0,0,0.0,0.0,0.0,0.0,0,0.0,0.0,0.0,0.0,False,d,Groin Injury - 75% chance of playing,,,,2526
422,91651,35,346,Mateo Kovačić,Kovačić,3,0.0,5.8,13,9,Away,2026-05-04T19:00:00Z,3,3,15,0,1,0,1,0,0,0,16,4,0.06,0.3,0.36,1.16,3,0.0,0.0,0.0,0.0,False,a,,,,,2526
423,465694,35,346,Nico González Iglesias,N.Gonzalez,3,0.1,5.9,13,9,Away,2026-05-04T19:00:00Z,3,3,74,0,0,0,2,0,0,0,15,2,0.0,0.03,0.03,1.61,5,0.0,0.0,0.0,0.0,False,a,,,,,2526
424,477555,35,341,Oscar Bobb,Bobb,3,0.2,5.1,10,1,Away,2026-05-02T16:30:00Z,0,3,26,0,0,0,0,0,0,0,5,1,0.0,0.0,0.0,0.31,2,0.5,4.2,0.4,0.0,False,a,,,,,2526
425,575204,35,346,Claudio Echeverri,Echeverri,3,0.0,5.4,13,9,Away,2026-05-04T19:00:00Z,3,3,0,0,0,0,0,0,0,0,0,0,0.0,0.0,0.0,0.0,0,0.0,0.0,0.0,0.0,False,u,has joined Girona on loan for the rest of the season.,,,,2526
426,432714,35,345,James McAtee,McAtee,3,0.1,5.0,16,7,Away,2026-05-04T14:00:00Z,3,1,90,0,0,0,1,0,0,0,6,2,0.11,0.09,0.2,2.15,11,0.0,0.0,0.0,0.0,False,a,,,,5.0,2526
427,433036,35,346,Tijjani Reijnders,Reijnders,3,9.0,5.0,13,9,Away,2026-05-04T19:00:00Z,3,3,0,0,0,0,0,0,0,0,0,0,0.0,0.0,0.0,0.0,0,0.0,0.0,0.0,0.0,False,a,,4.0,3.0,,2526
428,566164,35,346,Sverre Nypan,Nypan,3,0.0,5.0,13,9,Away,2026-05-04T19:00:00Z,3,3,0,0,0,0,0,0,0,0,0,0,0.0,0.0,0.0,0.0,0,0.0,0.0,0.0,0.0,False,a,,,,,2526
429,155405,35,346,Kalvin Phillips,Phillips,3,0.1,4.7,13,9,Away,2026-05-04T19:00:00Z,3,3,0,0,0,0,0,0,0,0,0,0,0.0,0.0,0.0,0.0,0,0.0,0.0,0.0,0.0,False,u,has joined Sheffield United on loan for the rest of the season.,,,,2526
430,223094,35,346,Erling Haaland,Haaland,4,62.1,14.6,13,9,Away,2026-05-04T19:00:00Z,3,3,90,1,0,0,3,0,0,0,32,6,0.53,0.01,0.54,2.77,0,0.0,0.0,0.0,0.0,False,a,,,,1.0,2526
431,451302,35,348,Altay Bayındır,Bayindir,1,0.3,4.7,14,12,Home,2026-05-03T14:30:00Z,3,2,0,0,0,0,0,0,0,0,0,0,0.0,0.0,0.0,0.0,0,0.0,0.0,0.0,0.0,False,a,,,,,2526
432,202641,35,348,André Onana,Onana,1,0.1,4.9,14,12,Home,2026-05-03T14:30:00Z,3,2,0,0,0,0,0,0,0,0,0,0,0.0,0.0,0.0,0.0,0,0.0,0.0,0.0,0.0,False,u,has joined Trabzonspor on loan for the rest of the season.,,,,2526
433,588555,35,348,Elyh Harrison,Harrison,1,0.0,4.0,14,12,Home,2026-05-03T14:30:00Z,3,2,0,0,0,0,0,0,0,0,0,0,0.0,0.0,0.0,0.0,0,0.0,0.0,0.0,0.0,False,u,On loan to Shrewsbury Town,,,,2526
434,21205,35,348,Tom Heaton,Heaton,1,0.4,3.8,14,12,Home,2026-05-03T14:30:00Z,3,2,0,0,0,0,0,0,0,0,0,0,0.0,0.0,0.0,0.0,0,0.0,0.0,0.0,0.0,False,a,,,,,2526
435,461537,35,348,Dermot Mee,Mee,1,0.1,3.9,14,12,Home,2026-05-03T14:30:00Z,3,2,0,0,0,0,0,0,0,0,0,0,0.0,0.0,0.0,0.0,0,0.0,0.0,0.0,0.0,False,a,,,,,2526
436,209365,35,348,Matthijs de Ligt,De Ligt,2,1.8,4.9,14,12,Home,2026-05-03T14:30:00Z,3,2,0,0,0,0,0,0,0,0,0,0,0.0,0.0,0.0,0.0,0,0.0,0.0,0.0,0.0,False,i,Back injury - Unknown return date,,,,2526
437,221820,35,348,Lisandro Martínez,Martinez,2,0.4,4.8,14,12,Home,2026-05-03T14:30:00Z,3,2,0,0,0,0,0,0,0,0,0,0,0.0,0.0,0.0,0.0,0,0.0,0.0,0.0,0.0,False,a,,,,,2526
438,230001,35,348,Noussair Mazraoui,Mazraoui,2,0.2,4.9,14,12,Home,2026-05-03T14:30:00Z,3,2,0,0,0,0,0,0,0,0,0,0,0.0,0.0,0.0,0.0,0,0.0,0.0,0.0,0.0,False,a,,,,,2526
439,661712,35,348,Diego León Blanco,D.Leon,2,0.1,4.1,14,12,Home,2026-05-03T14:30:00Z,3,2,0,0,0,0,0,0,0,0,0,0,0.0,0.0,0.0,0.0,0,0.0,0.0,0.0,0.0,False,a,,,,,2526
440,216051,35,348,Diogo Dalot Teixeira,Dalot,2,4.2,4.5,14,12,Home,2026-05-03T14:30:00Z,3,2,90,0,0,0,2,0,0,0,5,1,0.06,0.02,0.08,0.89,5,2.0,11.2,2.9,6.0,False,a,,,,,2526
441,596777,35,348,Patrick Dorgu,Dorgu,2,2.4,4.1,14,12,Home,2026-05-03T14:30:00Z,3,2,15,0,0,0,0,0,0,0,1,1,0.03,0.0,0.03,0.09,0,0.3,0.0,0.3,5.0,False,a,,,,,2526
442,95658,35,348,Harry Maguire,Maguire,2,1.3,4.4,14,12,Home,2026-05-03T14:30:00Z,3,2,90,0,0,0,2,0,0,0,6,1,0.15,0.0,0.15,0.89,9,2.6,18.6,0.8,7.0,False,a,,,,,2526
443,106760,35,348,Luke Shaw,Shaw,2,0.8,4.5,14,12,Home,2026-05-03T14:30:00Z,3,2,90,0,0,0,2,1,0,0,9,2,0.0,0.22,0.22,0.89,14,3.6,23.8,10.3,2.0,False,a,,,,,2526
444,550864,35,348,Leny Yoro,Yoro,2,1.2,4.1,14,12,Home,2026-05-03T14:30:00Z,3,2,1,0,0,0,0,0,0,0,3,1,0.0,0.0,0.0,0.0,0,0.0,0.0,0.0,0.0,False,a,,,,,2526
445,577974,35,348,Harry Amass,Amass,2,0.1,4.0,14,12,Home,2026-05-03T14:30:00Z,3,2,0,0,0,0,0,0,0,0,0,0,0.0,0.0,0.0,0.0,0,0.0,0.0,0.0,0.0,False,u,has joined Norwich City on loan for the rest of the season.,,,,2526
446,547676,35,348,Tyler Fredricson,Fredricson,2,0.2,3.7,14,12,Home,2026-05-03T14:30:00Z,3,2,0,0,0,0,0,0,0,0,0,0,0.0,0.0,0.0,0.0,0,0.0,0.0,0.0,0.0,False,a,,,,,2526
447,606745,35,348,Ayden Heaven,Heaven,2,2.4,3.7,14,12,Home,2026-05-03T14:30:00Z,3,2,90,0,0,0,2,0,0,0,10,1,0.0,0.0,0.0,0.89,6,1.6,12.6,3.7,0.0,False,a,,,,,2526
448,222690,35,348,Tyrell Malacia,Malacia,2,0.5,3.7,14,12,Home,2026-05-03T14:30:00Z,3,2,0,0,0,0,0,0,0,0,0,0,0.0,0.0,0.0,0.0,0,0.0,0.0,0.0,0.0,False,a,,,,,2526
449,141746,35,348,Bruno Borges Fernandes,B.Fernandes,3,47.2,10.4,14,12,Home,2026-05-03T14:30:00Z,3,2,90,0,1,0,2,1,0,1,30,5,0.11,0.91,1.02,0.89,8,11.7,16.4,71.3,29.0,False,a,,1.0,1.0,1.0,2526
450,430871,35,348,Matheus Santos Carneiro da Cunha,Cunha,3,7.9,8.1,14,12,Home,2026-05-03T14:30:00Z,3,2,86,1,0,0,2,0,0,0,28,7,0.09,0.02,0.11,0.89,9,7.2,37.0,5.3,30.0,False,a,,,,,2526
451,176297,35,348,Marcus Rashford,Rashford,3,0.0,7.0,14,12,Home,2026-05-03T14:30:00Z,3,2,0,0,0,0,0,0,0,0,0,0,0.0,0.0,0.0,0.0,0,0.0,0.0,0.0,0.0,False,u,Has joined Barcelona on loan for the rest of the season,,,,2526
452,493250,35,348,Amad Diallo,Amad,3,1.3,6.2,14,12,Home,2026-05-03T14:30:00Z,3,2,45,0,0,0,2,0,0,0,4,1,0.0,0.03,0.03,0.73,1,1.3,0.0,11.3,2.0,False,a,,3.0,,,2526
453,493105,35,345,Alejandro Garnacho Ferreyra,Garnacho,3,0.5,6.4,7,16,Home,2026-05-04T14:00:00Z,1,3,0,0,0,0,0,0,0,0,0,0,0.0,0.0,0.0,0.0,0,0.0,0.0,0.0,0.0,False,d,Knock - 75% chance of playing,,,,2526
454,467169,35,348,Antony dos Santos,Antony,3,0.1,5.9,14,12,Home,2026-05-03T14:30:00Z,3,2,0,0,0,0,0,0,0,0,0,0,0.0,0.0,0.0,0.0,0,0.0,0.0,0.0,0.0,False,u,has joined Real Betis permanently.,,,,2526
455,184341,35,348,Mason Mount,Mount,3,0.3,5.9,14,12,Home,2026-05-03T14:30:00Z,3,2,0,0,0,0,0,0,0,0,0,0,0.0,0.0,0.0,0.0,0,0.0,0.0,0.0,0.0,False,a,,,,,2526
456,209243,35,342,Jadon Sancho,Sancho,3,0.2,5.8,2,18,Home,2026-05-03T18:00:00Z,1,2,84,0,0,0,2,0,0,0,7,2,0.0,0.01,0.01,1.03,5,0.5,2.8,2.0,0.0,False,a,,6.0,,,2526
457,61256,35,348,Carlos Henrique Casimiro,Casemiro,3,4.8,5.8,14,12,Home,2026-05-03T14:30:00Z,3,2,90,0,0,0,2,0,0,0,17,4,0.18,0.03,0.21,0.89,18,8.0,36.8,24.0,19.0,False,a,,,,,2526
458,516895,35,348,Kobbie Mainoo,Mainoo,3,1.1,4.7,14,12,Home,2026-05-03T14:30:00Z,3,2,90,1,0,0,2,0,0,2,39,9,0.06,0.02,0.08,0.89,10,6.1,43.6,5.9,11.0,False,a,,,,,2526
459,232112,35,348,Manuel Ugarte Ribeiro,Ugarte,3,0.1,4.7,14,12,Home,2026-05-03T14:30:00Z,3,2,0,0,0,0,0,0,0,0,0,0,0.0,0.0,0.0,0.0,0,0.0,0.0,0.0,0.0,False,a,,,,,2526
460,490881,35,348,Toby Collyer,Collyer,3,0.0,4.5,14,12,Home,2026-05-03T14:30:00Z,3,2,0,0,0,0,0,0,0,0,0,0,0.0,0.0,0.0,0.0,0,0.0,0.0,0.0,0.0,False,u,has joined Hull City on loan for the rest of the season.,,,,2526
461,556639,35,348,Jayce Fitzgerald,Fitzgerald,3,0.0,4.3,14,12,Home,2026-05-03T14:30:00Z,3,2,0,0,0,0,0,0,0,0,0,0,0.0,0.0,0.0,0.0,0,0.0,0.0,0.0,0.0,False,a,,,,,2526
462,547037,35,348,Jack Fletcher,J.Fletcher,3,0.1,4.3,14,12,Home,2026-05-03T14:30:00Z,3,2,0,0,0,0,0,0,0,0,0,0,0.0,0.0,0.0,0.0,0,0.0,0.0,0.0,0.0,False,a,,,,,2526
463,618873,35,348,Sékou Koné,Kone,3,0.1,4.3,14,12,Home,2026-05-03T14:30:00Z,3,2,0,0,0,0,0,0,0,0,0,0,0.0,0.0,0.0,0.0,0,0.0,0.0,0.0,0.0,False,u,has joined Lausanne-Sport on loan for the rest of the season.,,,,2526
464,559684,35,348,Jack Moorhouse,Moorhouse,3,0.0,4.5,14,12,Home,2026-05-03T14:30:00Z,3,2,0,0,0,0,0,0,0,0,0,0,0.0,0.0,0.0,0.0,0,0.0,0.0,0.0,0.0,False,u,has joined Leyton Orient on loan for the rest of the season.,,,,2526
465,497894,35,348,Rasmus Højlund,Højlund,4,0.3,6.3,14,12,Home,2026-05-03T14:30:00Z,3,2,0,0,0,0,0,0,0,0,0,0,0.0,0.0,0.0,0.0,0,0.0,0.0,0.0,0.0,False,u,has joined Napoli on loan for the rest of the season.,,,,2526
466,458249,35,348,Joshua Zirkzee,Zirkzee,4,0.4,5.8,14,12,Home,2026-05-03T14:30:00Z,3,2,3,0,0,0,0,0,0,0,3,1,0.0,0.0,0.0,0.0,1,0.1,0.6,0.1,0.0,False,a,,,,,2526
467,596047,35,348,Chido Obi,Obi,4,1.4,4.2,14,12,Home,2026-05-03T14:30:00Z,3,2,0,0,0,0,0,0,0,0,0,0,0.0,0.0,0.0,0.0,0,0.0,0.0,0.0,0.0,False,a,,,,,2526
468,575034,35,348,Ethan Wheatley,Wheatley,4,0.1,4.5,14,12,Home,2026-05-03T14:30:00Z,3,2,0,0,0,0,0,0,0,0,0,0,0.0,0.0,0.0,0.0,0,0.0,0.0,0.0,0.0,False,u,has joined Bradford City on loan for the rest of the season.,,,,2526
469,98747,35,349,Nick Pope,Pope,1,4.3,5.0,15,6,Home,2026-05-02T14:00:00Z,3,1,90,0,0,0,1,0,0,0,15,3,0.0,0.0,0.0,1.53,0,2.6,25.8,0.0,0.0,False,a,,,,,2526
470,67089,35,347,Martin Dúbravka,Dúbravka,1,26.9,4.0,3,11,Away,2026-05-01T19:00:00Z,1,3,90,0,0,0,3,0,0,0,13,2,0.0,0.0,0.0,1.64,0,3.6,35.6,0.0,0.0,False,a,,,,,2526
471,81441,35,349,Mark Gillespie,Gillespie,1,0.1,3.9,15,6,Home,2026-05-02T14:00:00Z,3,1,0,0,0,0,0,0,0,0,0,0,0.0,0.0,0.0,0.0,0,0.0,0.0,0.0,0.0,False,a,,,,,2526
472,111452,35,349,Odysseas Vlachodimos,Odysseas,1,0.0,4.0,15,6,Home,2026-05-02T14:00:00Z,3,1,0,0,0,0,0,0,0,0,0,0,0.0,0.0,0.0,0.0,0,0.0,0.0,0.0,0.0,False,u,Has joined Sevilla on loan for the rest of the season.,,,,2526
473,487838,35,349,Lewis Hall,Hall,2,3.5,5.3,15,6,Home,2026-05-02T14:00:00Z,3,1,22,0,0,0,0,0,0,0,9,1,0.0,0.03,0.03,0.52,1,2.5,8.4,14.5,2.0,False,a,,2.0,1.0,,2526
474,119471,35,349,Fabian Schär,Schär,2,1.1,5.2,15,6,Home,2026-05-02T14:00:00Z,3,1,0,0,0,0,0,0,0,0,0,0,0.0,0.0,0.0,0.0,0,0.0,0.0,0.0,0.0,False,d,Ankle injury - 50% chance of playing,,4.0,,2526
475,220237,35,349,Sven Botman,Botman,2,0.4,4.9,15,6,Home,2026-05-02T14:00:00Z,3,1,90,0,0,0,1,0,0,0,19,4,0.09,0.37,0.46,1.53,15,5.5,33.2,10.4,11.0,False,a,,,,,2526
476,78916,35,349,Dan Burn,Burn,2,3.4,5.0,15,6,Home,2026-05-02T14:00:00Z,3,1,90,1,0,0,1,1,0,0,22,7,0.17,0.0,0.17,1.53,9,8.2,46.6,0.0,35.0,False,a,,,,,2526
477,441191,35,349,Tino Livramento,Livramento,2,1.9,4.9,15,6,Home,2026-05-02T14:00:00Z,3,1,0,0,0,0,0,0,0,0,0,0,0.0,0.0,0.0,0.0,0,0.0,0.0,0.0,0.0,False,i,Thigh injury - Unknown return date,,,,2526
478,77794,35,349,Kieran Trippier,Trippier,2,1.4,4.9,15,6,Home,2026-05-02T14:00:00Z,3,1,0,0,0,0,0,0,0,0,0,0,0.0,0.0,0.0,0.0,0,0.0,0.0,0.0,0.0,False,a,,4.0,2.0,,2526
479,111773,35,349,Emil Krafth,Krafth,2,0.0,4.3,15,6,Home,2026-05-02T14:00:00Z,3,1,0,0,0,0,0,0,0,0,0,0,0.0,0.0,0.0,0.0,0,0.0,0.0,0.0,0.0,False,i,Knee injury - Unknown return date,,,,2526
480,101148,35,349,Jamaal Lascelles,Lascelles,2,0.0,4.3,15,6,Home,2026-05-02T14:00:00Z,3,1,0,0,0,0,0,0,0,0,0,0,0.0,0.0,0.0,0.0,0,0.0,0.0,0.0,0.0,False,u,has joined Leicester City permanently.,,,,2526
481,545477,35,349,Alex Murphy,A.Murphy,2,0.7,3.8,15,6,Home,2026-05-02T14:00:00Z,3,1,0,0,0,0,0,0,0,0,0,0,0.0,0.0,0.0,0.0,0,0.0,0.0,0.0,0.0,False,a,,,,,2526
482,441024,35,349,Harrison Ashby,Ashby,2,0.1,3.9,15,6,Home,2026-05-02T14:00:00Z,3,1,0,0,0,0,0,0,0,0,0,0,0.0,0.0,0.0,0.0,0,0.0,0.0,0.0,0.0,False,u,has joined Bradford City on loan for the rest of the season.,,,,2526
483,578512,35,349,Miodrag Pivaš,Pivas,2,0.4,3.8,15,6,Home,2026-05-02T14:00:00Z,3,1,0,0,0,0,0,0,0,0,0,0,0.0,0.0,0.0,0.0,0,0.0,0.0,0.0,0.0,False,a,,,,,2526
484,169359,35,349,Matt Targett,Targett,2,0.1,4.0,15,6,Home,2026-05-02T14:00:00Z,3,1,0,0,0,0,0,0,0,0,0,0,0.0,0.0,0.0,0.0,0,0.0,0.0,0.0,0.0,False,u,has joined Middlesbrough on loan for the rest of the season.,,,,2526
485,232826,35,349,Anthony Gordon,Gordon,3,3.8,7.4,15,6,Home,2026-05-02T14:00:00Z,3,1,0,0,0,0,0,0,0,0,0,0,0.0,0.0,0.0,0.0,0,0.0,0.0,0.0,0.0,False,a,,,,1.0,2526
486,449434,35,349,Anthony Elanga,Elanga,3,2.7,6.5,15,6,Home,2026-05-02T14:00:00Z,3,1,0,0,0,0,0,0,0,0,0,0,0.0,0.0,0.0,0.0,0,0.0,0.0,0.0,0.0,False,a,,5.0,,,2526
487,201666,35,349,Harvey Barnes,Barnes,3,1.0,6.1,15,6,Home,2026-05-02T14:00:00Z,3,1,22,1,0,0,0,0,0,0,23,6,0.26,0.01,0.27,0.52,1,5.3,33.0,1.0,19.0,False,a,,,,,2526
488,208706,35,349,Bruno Guimarães Rodriguez Moura,Bruno G.,3,4.8,6.8,15,6,Home,2026-05-02T14:00:00Z,3,1,90,0,1,0,1,0,0,1,24,6,0.03,0.15,0.18,1.53,11,4.4,23.0,18.5,2.0,False,a,,3.0,5.0,2.0,2526
489,114243,35,349,Jacob Murphy,J.Murphy,3,0.6,5.9,15,6,Home,2026-05-02T14:00:00Z,3,1,67,0,1,0,1,0,0,3,27,8,0.0,0.15,0.15,1.01,6,6.2,27.8,34.3,0.0,False,a,,,,,2526
490,180974,35,349,Joelinton Cássio Apolinário de Lira,Joelinton,3,0.3,5.9,15,6,Home,2026-05-02T14:00:00Z,3,1,90,0,0,0,1,0,0,0,7,4,0.17,0.01,0.18,1.53,13,1.3,5.8,3.3,4.0,False,a,,,,,2526
491,432422,35,349,Sandro Tonali,Tonali,3,1.1,5.3,15,6,Home,2026-05-02T14:00:00Z,3,1,90,0,0,0,1,1,0,0,18,1,0.0,0.11,0.11,1.53,10,4.0,16.0,23.8,0.0,False,a,,1.0,3.0,,2526
492,640108,35,349,Antoñito Cordero Campillo,Antoñito C.,3,0.0,4.9,15,6,Home,2026-05-02T14:00:00Z,3,1,0,0,0,0,0,0,0,0,0,0,0.0,0.0,0.0,0.0,0,0.0,0.0,0.0,0.0,False,u,has joined Cadiz on loan for the rest of the season.,,,,2526
493,180135,35,347,Sean Longstaff,Longstaff,3,0.2,4.8,11,3,Home,2026-05-01T19:00:00Z,3,1,18,0,0,0,0,0,0,0,4,1,0.0,0.11,0.11,0.22,4,3.4,9.8,24.5,0.0,False,a,,2.0,2.0,,2526
494,200089,35,349,Joe Willock,Willock,3,0.1,5.0,15,6,Home,2026-05-02T14:00:00Z,3,1,67,0,0,0,1,0,0,0,6,2,0.22,0.01,0.23,1.01,3,4.5,1.8,2.0,41.0,False,a,,,,,2526
495,153127,35,349,Isaac Hayden,Hayden,3,0.0,4.5,15,6,Home,2026-05-02T14:00:00Z,3,1,0,0,0,0,0,0,0,0,0,0,0.0,0.0,0.0,0.0,0,0.0,0.0,0.0,0.0,False,u,Has departed the club as a free agent.,,,,2526
496,564510,35,349,Garang Kuol,Kuol,3,0.0,4.4,15,6,Home,2026-05-02T14:00:00Z,3,1,0,0,0,0,0,0,0,0,0,0,0.0,0.0,0.0,0.0,0,0.0,0.0,0.0,0.0,False,u,has joined Sparta Prague permanently.,,,,2526
497,547719,35,349,Lewis Miley,L.Miley,3,1.9,4.4,15,6,Home,2026-05-02T14:00:00Z,3,1,90,0,0,0,1,0,0,0,9,2,0.0,0.03,0.03,1.53,8,2.3,17.8,5.3,0.0,False,a,,,,,2526
498,461484,35,349,Joe White,White,3,0.0,4.5,15,6,Home,2026-05-02T14:00:00Z,3,1,0,0,0,0,0,0,0,0,0,0,0.0,0.0,0.0,0.0,0,0.0,0.0,0.0,0.0,False,u,has joined Bradford City on loan for the rest of the season.,,,,2526
499,219168,35,348,Alexander Isak,Isak,4,4.2,10.3,12,14,Away,2026-05-03T14:30:00Z,2,3,0,0,0,0,0,0,0,0,0,0,0.0,0.0,0.0,0.0,0,0.0,0.0,0.0,0.0,False,d,Groin Injury - 75% chance of playing,,,,2526
500,538207,35,349,William Osula,Osula,4,0.7,5.4,15,6,Home,2026-05-02T14:00:00Z,3,1,67,1,0,0,1,0,0,3,27,9,0.78,0.31,1.09,1.01,0,9.3,33.0,14.3,46.0,False,a,,,,,2526
501,599303,35,349,Sean Neave,Neave,4,0.3,4.3,15,6,Home,2026-05-02T14:00:00Z,3,1,0,0,0,0,0,0,0,0,0,0,0.0,0.0,0.0,0.0,0,0.0,0.0,0.0,0.0,False,a,,,,,2526
502,85633,35,345,Matz Sels,Sels,1,4.9,4.6,16,7,Away,2026-05-04T14:00:00Z,3,1,90,0,0,0,1,0,0,0,24,8,0.0,0.0,0.0,2.15,0,0.0,0.0,0.0,0.0,False,a,,,,,2526
503,475123,35,345,Carlos Miguel dos Santos Pereira,C.Miguel,1,0.1,4.0,16,7,Away,2026-05-04T14:00:00Z,3,1,0,0,0,0,0,0,0,0,0,0,0.0,0.0,0.0,0.0,0,0.0,0.0,0.0,0.0,False,u,Has joined Palmeiras permanently.,,,,2526
504,224068,35,345,Matt Turner,Turner,1,0.1,4.0,16,7,Away,2026-05-04T14:00:00Z,3,1,0,0,0,0,0,0,0,0,0,0,0.0,0.0,0.0,0.0,0,0.0,0.0,0.0,0.0,False,u,Has joined Lyon permanently.,,,,2526
505,227444,35,345,Nikola Milenković,Milenković,2,3.4,5.1,16,7,Away,2026-05-04T14:00:00Z,3,1,45,0,0,0,1,0,0,0,0,1,0.0,0.0,0.0,1.02,3,0.0,0.0,0.0,0.0,False,a,,,,,2526
506,575476,35,345,Murillo Costa dos Santos,Murillo,2,1.9,5.2,16,7,Away,2026-05-04T14:00:00Z,3,1,0,0,0,0,0,0,0,0,0,0,0.0,0.0,0.0,0.0,0,0.0,0.0,0.0,0.0,False,d,Muscle injury - 75% chance of playing,,2.0,,2526
507,159506,35,345,Ola Aina,Aina,2,2.3,4.7,16,7,Away,2026-05-04T14:00:00Z,3,1,0,0,0,0,0,0,0,0,0,0,0.0,0.0,0.0,0.0,0,0.0,0.0,0.0,0.0,False,d,Knock - 75% chance of playing,,,,2526
508,215136,35,345,Neco Williams,N.Williams,2,4.5,4.8,16,7,Away,2026-05-04T14:00:00Z,3,1,45,0,0,0,1,0,0,0,2,1,0.0,0.0,0.0,1.81,7,0.0,0.0,0.0,0.0,False,a,,3.0,,,2526
509,451432,35,345,David Mota Veiga Teixeira do Carmo,David Carmo,2,0.0,4.5,16,7,Away,2026-05-04T14:00:00Z,3,1,0,0,0,0,0,0,0,0,0,0,0.0,0.0,0.0,0.0,0,0.0,0.0,0.0,0.0,False,u,has joined Real Oviedo on loan for the rest of the season.,,,,2526
510,575458,35,345,Jair Paula da Cunha Filho,Jair Cunha,2,0.1,4.2,16,7,Away,2026-05-04T14:00:00Z,3,1,45,0,0,0,0,0,0,0,4,1,0.0,0.0,0.0,1.13,3,0.0,0.0,0.0,0.0,False,a,,,,,2526
511,485047,35,345,Felipe Rodrigues da Silva,Morato,2,0.1,4.3,16,7,Away,2026-05-04T14:00:00Z,3,1,90,0,0,0,1,1,0,0,1,1,0.0,0.0,0.0,2.15,4,0.0,0.0,0.0,0.0,False,a,,,,,2526
512,204822,35,345,Omar Richards,O.Richards,2,0.0,4.5,16,7,Away,2026-05-04T14:00:00Z,3,1,0,0,0,0,0,0,0,0,0,0,0.0,0.0,0.0,0.0,0,0.0,0.0,0.0,0.0,False,u,has joined Rio Ave on loan for the rest of the season.,,,,2526
513,549067,35,345,Zach Abbott,Abbott,2,0.3,3.8,16,7,Away,2026-05-04T14:00:00Z,3,1,45,0,0,0,0,0,0,0,2,1,0.0,0.0,0.0,0.34,3,0.0,0.0,0.0,0.0,False,d,Head injury - 75% chance of playing,,,,2526
514,90585,35,345,Willy Boly,Boly,2,0.3,3.8,16,7,Away,2026-05-04T14:00:00Z,3,1,0,0,0,0,0,0,0,0,0,0,0.0,0.0,0.0,0.0,0,0.0,0.0,0.0,0.0,False,i,Knee injury - Unknown return date,,,,2526
515,222531,35,345,Morgan Gibbs-White,Gibbs-White,3,12.7,7.7,16,7,Away,2026-05-04T14:00:00Z,3,1,20,0,1,0,0,0,0,0,14,4,0.0,0.55,0.55,0.05,1,0.0,0.0,0.0,0.0,False,d,Facial Injury - 75% chance of playing,,1.0,2.0,2526
516,209046,35,345,Callum Hudson-Odoi,Hudson-Odoi,3,0.6,5.7,16,7,Away,2026-05-04T14:00:00Z,3,1,0,0,0,0,0,0,0,0,0,0,0.0,0.0,0.0,0.0,0,0.0,0.0,0.0,0.0,False,i,Muscle injury - Expected back 01 Jun,,,,2526
517,215379,35,345,Elliot Anderson,Anderson,3,7.2,5.6,16,7,Away,2026-05-04T14:00:00Z,3,1,45,0,0,0,1,0,0,0,8,1,0.0,0.0,0.0,1.02,5,0.0,0.0,0.0,0.0,False,a,,1.0,3.0,4.0,2526
518,510500,35,345,João Pedro Ferreira da Silva,Jota,3,0.0,5.4,16,7,Away,2026-05-04T14:00:00Z,3,1,0,0,0,0,0,0,0,0,0,0,0.0,0.0,0.0,0.0,0,0.0,0.0,0.0,0.0,False,u,has joined Besiktas on loan for the rest of the season.,,,,2526
519,250199,35,345,Nicolás Domínguez,Dominguez,3,0.0,5.0,16,7,Away,2026-05-04T14:00:00Z,3,1,45,0,0,0,0,0,0,0,6,1,0.0,0.0,0.0,1.13,9,0.0,0.0,0.0,0.0,False,a,,,,,2526
520,243345,35,345,Lewis O'Brien,O'Brien,3,0.0,5.0,16,7,Away,2026-05-04T14:00:00Z,3,1,0,0,0,0,0,0,0,0,0,0,0.0,0.0,0.0,0.0,0,0.0,0.0,0.0,0.0,False,u,Has joined Wrexham permanently.,,,,2526
521,210462,35,345,Ibrahim Sangaré,Sangaré,3,0.1,4.9,16,7,Away,2026-05-04T14:00:00Z,3,1,0,0,0,0,0,0,0,0,0,0,0.0,0.0,0.0,0.0,0,0.0,0.0,0.0,0.0,False,d,Knock - 75% chance of playing,,,,2526
522,204968,35,345,Ryan Yates,Yates,3,0.1,4.7,16,7,Away,2026-05-04T14:00:00Z,3,1,90,0,0,0,1,0,0,0,13,4,0.0,0.01,0.01,2.15,13,0.0,0.0,0.0,0.0,False,a,,,,,2526
523,569014,35,345,Eric da Silva Moreira,Da Silva Moreira,3,0.1,4.5,16,7,Away,2026-05-04T14:00:00Z,3,1,0,0,0,0,0,0,0,0,0,0,0.0,0.0,0.0,0.0,0,0.0,0.0,0.0,0.0,False,a,,,,,2526
524,495161,35,345,Marko Stamenić,Stamenic,3,0.0,4.5,16,7,Away,2026-05-04T14:00:00Z,3,1,0,0,0,0,0,0,0,0,0,0,0.0,0.0,0.0,0.0,0,0.0,0.0,0.0,0.0,False,u,Has joined Swansea City permanently.,,,,2526
525,60689,35,345,Chris Wood,Wood,4,4.7,7.1,16,7,Away,2026-05-04T14:00:00Z,3,1,24,0,0,0,1,0,0,0,4,1,0.0,0.01,0.01,0.97,4,0.0,0.0,0.0,0.0,False,a,,,,1.0,2526
526,482973,35,345,Igor Jesus Maciel da Cruz,Igor Jesus,4,2.2,5.9,16,7,Away,2026-05-04T14:00:00Z,3,1,45,1,0,0,0,0,0,0,21,5,0.83,0.0,0.83,1.13,1,0.0,0.0,0.0,0.0,False,a,,,,3.0,2526
527,210156,35,345,Taiwo Awoniyi,Awoniyi,4,0.3,5.2,16,7,Away,2026-05-04T14:00:00Z,3,1,90,2,1,0,1,0,0,0,67,13,1.11,0.0,1.11,2.15,4,0.0,0.0,0.0,0.0,True,a,,,,,2526
528,232571,35,350,Anthony Patterson,Patterson,1,0.1,4.2,17,20,Away,2026-05-02T14:00:00Z,1,1,0,0,0,0,0,0,0,0,0,0,0.0,0.0,0.0,0.0,0,0.0,0.0,0.0,0.0,False,u,has joined Millwall on loan for the rest of the season.,,,,2526
529,74854,35,350,Simon Moore,Moore,1,0.3,3.9,17,20,Away,2026-05-02T14:00:00Z,1,1,0,0,0,0,0,0,0,0,0,0,0.0,0.0,0.0,0.0,0,0.0,0.0,0.0,0.0,False,i,Hand injury - Unknown return date,,,,2526
530,490000,35,350,Blondy Nna Noukeu,Nna Noukeu,1,0.1,3.9,17,20,Away,2026-05-02T14:00:00Z,1,1,0,0,0,0,0,0,0,0,0,0,0.0,0.0,0.0,0.0,0,0.0,0.0,0.0,0.0,False,u,has joined US Boulogne CO permanently.,,,,2526
531,223827,35,350,Daniel Ballard,Ballard,2,3.1,4.7,17,20,Away,2026-05-02T14:00:00Z,1,1,23,0,0,0,1,0,1,0,-11,-2,0.0,0.0,0.0,0.0,0,0.0,0.0,0.4,0.0,False,s,Suspended until 25 May,,,,2526
532,487676,35,350,Trai Hume,Hume,2,0.3,4.5,17,20,Away,2026-05-02T14:00:00Z,1,1,90,0,0,0,1,0,0,0,7,2,0.06,0.02,0.08,1.72,7,2.9,15.2,6.6,7.0,False,a,,2.0,,,2526
533,220684,35,350,Aji Alese,Alese,2,0.0,4.0,17,20,Away,2026-05-02T14:00:00Z,1,1,0,0,0,0,0,0,0,0,0,0,0.0,0.0,0.0,0.0,0,0.0,0.0,0.0,0.0,False,u,has joined Portsmouth on loan for the rest of the season.,,,,2526
534,232820,35,350,Joe Anderson,Anderson,2,0.3,3.8,17,20,Away,2026-05-02T14:00:00Z,1,1,0,0,0,0,0,0,0,0,0,0,0.0,0.0,0.0,0.0,0,0.0,0.0,0.0,0.0,False,u,has joined Barrow FC permanently.,,,,2526
535,461195,35,350,Dennis Cirkin,Cirkin,2,0.0,4.0,17,20,Away,2026-05-02T14:00:00Z,1,1,18,0,0,0,0,1,0,0,-1,0,0.0,0.0,0.0,0.45,2,0.4,1.0,0.8,2.0,False,a,,,,,2526
536,477547,35,350,Leo Fuhr Hjelde,Hjelde,2,0.0,4.0,17,20,Away,2026-05-02T14:00:00Z,1,1,0,0,0,0,0,0,0,0,0,0,0.0,0.0,0.0,0.0,0,0.0,0.0,0.0,0.0,False,u,has joined Sheffield United on loan for the rest of the season.,,,,2526
537,492066,35,350,Niall Huggins,Huggins,2,0.1,4.0,17,20,Away,2026-05-02T14:00:00Z,1,1,0,0,0,0,0,0,0,0,0,0,0.0,0.0,0.0,0.0,0,0.0,0.0,0.0,0.0,False,u,has joined Wycombe Wanderers on loan for the rest of the season.,,,,2526
538,514613,35,350,Zak Johnson,Johnson,2,0.2,3.8,17,20,Away,2026-05-02T14:00:00Z,1,1,0,0,0,0,0,0,0,0,0,0,0.0,0.0,0.0,0.0,0,0.0,0.0,0.0,0.0,False,u,has joined York City on loan for the rest of the season.,,,,2526
539,167512,35,350,Luke O'Nien,O'Nien,2,0.1,4.0,17,20,Away,2026-05-02T14:00:00Z,1,1,0,0,0,0,0,0,0,0,0,0,0.0,0.0,0.0,0.0,0,0.0,0.0,0.0,0.0,False,a,,,,,2526
540,465702,35,350,Timothée Pembélé,Pembele,2,0.3,3.9,17,20,Away,2026-05-02T14:00:00Z,1,1,0,0,0,0,0,0,0,0,0,0,0.0,0.0,0.0,0.0,0,0.0,0.0,0.0,0.0,False,u,has joined Le Havre AC on loan for the rest of the season.,,,,2526
541,434399,35,350,Reinildo Mandava,Reinildo,2,2.9,3.8,17,20,Away,2026-05-02T14:00:00Z,1,1,71,0,0,0,1,0,0,0,9,2,0.0,0.0,0.0,1.28,3,2.0,9.2,11.0,0.0,False,a,,,,,2526
542,519634,35,350,Jenson Seelt,Seelt,2,0.1,4.0,17,20,Away,2026-05-02T14:00:00Z,1,1,0,0,0,0,0,0,0,0,0,0,0.0,0.0,0.0,0.0,0,0.0,0.0,0.0,0.0,False,u,has joined Wolfsburg on loan for the rest of the season.,,,,2526
543,535818,35,350,Simon Adingra,Adingra,3,0.3,4.9,17,20,Away,2026-05-02T14:00:00Z,1,1,0,0,0,0,0,0,0,0,0,0,0.0,0.0,0.0,0.0,0,0.0,0.0,0.0,0.0,False,u,has joined AS Monaco on loan for the rest of the season.,,,,2526
544,547027,35,350,Habib Diarra,Diarra,3,0.1,5.3,17,20,Away,2026-05-02T14:00:00Z,1,1,18,0,0,0,0,0,0,0,-1,1,0.15,0.02,0.17,0.45,1,1.3,0.0,3.0,13.0,False,a,,,,1.0,2526
545,124165,35,350,Patrick Roberts,Roberts,3,0.0,5.4,17,20,Away,2026-05-02T14:00:00Z,1,1,0,0,0,0,0,0,0,0,0,0,0.0,0.0,0.0,0.0,0,0.0,0.0,0.0,0.0,False,u,has joined Birmingham City permanently.,,,,2526
546,626844,35,350,Milan Aleksić,Aleksić,3,0.0,4.9,17,20,Away,2026-05-02T14:00:00Z,1,1,0,0,0,0,0,0,0,0,0,0,0.0,0.0,0.0,0.0,0,0.0,0.0,0.0,0.0,False,a,,,,,2526
547,484420,35,350,Enzo Le Fée,E.Le Fée,3,1.6,4.8,17,20,Away,2026-05-02T14:00:00Z,1,1,90,0,0,0,1,0,0,0,12,4,0.0,0.06,0.06,1.72,13,3.9,19.4,17.3,2.0,False,a,,3.0,2.0,2.0,2526
548,461199,35,350,Romaine Mundle,Mundle,3,0.0,4.9,17,20,Away,2026-05-02T14:00:00Z,1,1,0,0,0,0,0,0,0,0,0,0,0.0,0.0,0.0,0.0,0,0.0,0.0,0.0,0.0,False,i,Hamstring injury - Expected back 01 Jun,,,,2526
549,223336,35,350,Dan Neil,Neil,3,0.0,4.8,17,20,Away,2026-05-02T14:00:00Z,1,1,0,0,0,0,0,0,0,0,0,0,0.0,0.0,0.0,0.0,0,0.0,0.0,0.0,0.0,False,u,has joined Ipswich Town on loan for the rest of the season.,,,,2526
550,215460,35,350,Ian Poveda-Ocampo,Poveda,3,0.0,4.7,17,20,Away,2026-05-02T14:00:00Z,1,1,0,0,0,0,0,0,0,0,0,0,0.0,0.0,0.0,0.0,0,0.0,0.0,0.0,0.0,False,a,,,,,2526
551,554197,35,350,Chris Rigg,Rigg,3,0.1,4.7,17,20,Away,2026-05-02T14:00:00Z,1,1,0,0,0,0,0,0,0,0,0,0,0.0,0.0,0.0,0.0,0,0.0,0.0,0.0,0.0,False,a,,,,,2526
552,577669,35,350,Noah Sadiki,Sadiki,3,0.1,4.9,17,20,Away,2026-05-02T14:00:00Z,1,1,71,0,0,0,1,0,0,0,16,2,0.03,0.06,0.09,1.28,6,3.8,9.4,23.3,5.0,False,a,,,,,2526
553,549912,35,350,Chemsdine Talbi,Talbi,3,0.2,4.9,17,20,Away,2026-05-02T14:00:00Z,1,1,90,0,0,0,1,0,0,0,12,2,0.09,0.17,0.26,1.72,4,3.8,8.8,8.3,21.0,False,a,,,,,2526
554,477851,35,350,Abdoullah Ba,Ba,3,0.3,4.3,17,20,Away,2026-05-02T14:00:00Z,1,1,0,0,0,0,0,0,0,0,0,0,0.0,0.0,0.0,0.0,0,0.0,0.0,0.0,0.0,False,a,,,,,2526
555,171422,35,350,Alan Browne,Browne,3,0.0,4.5,17,20,Away,2026-05-02T14:00:00Z,1,1,0,0,0,0,0,0,0,0,0,0,0.0,0.0,0.0,0.0,0,0.0,0.0,0.0,0.0,False,u,has joined Middlesbrough on loan for the rest of the season.,,,,2526
556,458297,35,350,Pierre Ekwah Elimby,Ekwah,3,0.0,4.5,17,20,Away,2026-05-02T14:00:00Z,1,1,0,0,0,0,0,0,0,0,0,0,0.0,0.0,0.0,0.0,0,0.0,0.0,0.0,0.0,False,u,Has joined AS Saint-Etienne permanently.,,,,2526
557,547410,35,350,Harrison Jones,H.Jones,3,0.1,4.3,17,20,Away,2026-05-02T14:00:00Z,1,1,0,0,0,0,0,0,0,0,0,0,0.0,0.0,0.0,0.0,0,0.0,0.0,0.0,0.0,False,a,,,,,2526
558,493837,35,350,Jay Matete,Matete,3,0.2,4.3,17,20,Away,2026-05-02T14:00:00Z,1,1,0,0,0,0,0,0,0,0,0,0,0.0,0.0,0.0,0.0,0,0.0,0.0,0.0,0.0,False,u,has joined MK Dons permanently.,,,,2526
559,500696,35,350,Nectarios Triantis,Triantis,3,0.0,4.4,17,20,Away,2026-05-02T14:00:00Z,1,1,0,0,0,0,0,0,0,0,0,0,0.0,0.0,0.0,0.0,0,0.0,0.0,0.0,0.0,False,u,has joined Minnesota United permanently.,,,,2526
560,437505,35,350,Wilson Isidor,Isidor,4,1.4,5.0,17,20,Away,2026-05-02T14:00:00Z,1,1,18,0,0,0,0,0,0,0,3,1,0.0,0.02,0.02,0.45,1,0.6,0.0,4.0,2.0,False,a,,,,,2526
561,564406,35,350,Eliezer Mayenda Dossou,Mayenda,4,0.5,5.2,17,20,Away,2026-05-02T14:00:00Z,1,1,0,0,0,0,0,0,0,0,0,0,0.0,0.0,0.0,0.0,0,0.0,0.0,0.0,0.0,False,a,,,,,2526
562,611975,35,350,Ahmed Abdullahi,Abdullahi,4,0.4,4.2,17,20,Away,2026-05-02T14:00:00Z,1,1,0,0,0,0,0,0,0,0,0,0,0.0,0.0,0.0,0.0,0,0.0,0.0,0.0,0.0,False,a,,,,,2526
563,551153,35,350,Luís Hemir Silva Semedo,Luís Hemir,4,0.1,4.4,17,20,Away,2026-05-02T14:00:00Z,1,1,0,0,0,0,0,0,0,0,0,0,0.0,0.0,0.0,0.0,0,0.0,0.0,0.0,0.0,False,u,has joined Moreirense on loan for the rest of the season.,,,,2526
564,440955,35,350,Nazarii Rusyn,Rusyn,4,0.1,4.4,17,20,Away,2026-05-02T14:00:00Z,1,1,0,0,0,0,0,0,0,0,0,0,0.0,0.0,0.0,0.0,0,0.0,0.0,0.0,0.0,False,u,has joined Arka on loan for the rest of the season.,,,,2526
565,184254,35,342,Guglielmo Vicario,Vicario,1,4.8,4.7,18,2,Away,2026-05-03T18:00:00Z,2,1,0,0,0,0,0,0,0,0,0,0,0.0,0.0,0.0,0.0,0,0.0,0.0,0.0,0.0,False,d,Hernia - 50% chance of playing,,,,2526
566,214572,35,342,Brandon Austin,Austin,1,0.3,3.9,18,2,Away,2026-05-03T18:00:00Z,2,1,0,0,0,0,0,0,0,0,0,0,0.0,0.0,0.0,0.0,0,0.0,0.0,0.0,0.0,False,a,,,,,2526
567,485055,35,342,Antonín Kinský,Kinsky,1,1.7,3.9,18,2,Away,2026-05-03T18:00:00Z,2,1,90,0,0,0,1,0,0,0,2,2,0.0,0.0,0.0,0.31,0,0.4,3.6,0.0,0.0,False,a,,,,,2526
568,441164,35,342,Pedro Porro Sauceda,Pedro Porro,2,10.6,5.2,18,2,Away,2026-05-03T18:00:00Z,2,1,90,0,0,0,1,0,0,0,17,4,0.02,0.06,0.08,0.31,10,4.6,23.6,21.8,1.0,False,a,,3.0,2.0,,2526
569,221632,35,342,Cristian Romero,Romero,2,2.9,5.0,18,2,Away,2026-05-03T18:00:00Z,2,1,0,0,0,0,0,0,0,0,0,0,0.0,0.0,0.0,0.0,0,0.0,0.0,0.0,0.0,False,i,Knee injury - Expected back 01 Jun,,,,2526
570,135720,35,342,Kevin Danso,Danso,2,0.2,4.2,18,2,Away,2026-05-03T18:00:00Z,2,1,90,0,0,0,1,1,0,0,13,3,0.1,0.0,0.1,0.31,10,4.9,22.6,0.8,26.0,False,a,,,,,2526
571,115556,35,342,Ben Davies,Davies,2,0.1,4.3,18,2,Away,2026-05-03T18:00:00Z,2,1,0,0,0,0,0,0,0,0,0,0,0.0,0.0,0.0,0.0,0,0.0,0.0,0.0,0.0,False,i,Ankle injury - Unknown return date,,,,2526
572,493125,35,342,Radu Drăgușin,Dragusin,2,0.0,4.5,18,2,Away,2026-05-03T18:00:00Z,2,1,0,0,0,0,0,0,0,0,0,0,0.0,0.0,0.0,0.0,0,0.0,0.0,0.0,0.0,False,a,,,,,2526
573,232859,35,342,Djed Spence,Spence,2,0.9,4.1,18,2,Away,2026-05-03T18:00:00Z,2,1,24,0,0,0,1,0,0,0,-4,1,0.0,0.0,0.0,0.28,0,0.1,0.0,0.3,2.0,False,a,,,,,2526
574,487053,35,342,Destiny Udogie,Udogie,2,0.3,4.3,18,2,Away,2026-05-03T18:00:00Z,2,1,90,0,0,0,1,0,0,0,7,2,0.0,0.02,0.02,0.31,4,3.6,11.2,23.0,2.0,False,a,,,,,2526
575,491279,35,342,Micky van de Ven,Van de Ven,2,17.7,4.4,18,2,Away,2026-05-03T18:00:00Z,2,1,90,0,0,0,1,0,0,0,9,2,0.0,0.01,0.01,0.31,2,0.8,7.4,1.0,0.0,False,a,,,,,2526
576,548308,35,342,Ashley Phillips,Phillips,2,0.0,4.0,18,2,Away,2026-05-03T18:00:00Z,2,1,0,0,0,0,0,0,0,0,0,0,0.0,0.0,0.0,0.0,0,0.0,0.0,0.0,0.0,False,u,Has joined Stoke City on loan for the rest of the season.,,,,2526
577,553299,35,342,Takai Kōta,Takai,2,0.0,4.0,18,2,Away,2026-05-03T18:00:00Z,2,1,0,0,0,0,0,0,0,0,0,0,0.0,0.0,0.0,0.0,0,0.0,0.0,0.0,0.0,False,u,has joined Borussia Mönchengladbach on loan for the rest of the season.,,,,2526
578,610799,35,342,Luka Vušković,Vuskovic,2,0.3,3.9,18,2,Away,2026-05-03T18:00:00Z,2,1,0,0,0,0,0,0,0,0,0,0,0.0,0.0,0.0,0.0,0,0.0,0.0,0.0,0.0,False,u,has joined Hamburger SV on loan for the rest of the season.,,,,2526
579,85971,35,342,Son Heung-min,Son,3,0.1,8.5,18,2,Away,2026-05-03T18:00:00Z,2,1,0,0,0,0,0,0,0,0,0,0,0.0,0.0,0.0,0.0,0,0.0,0.0,0.0,0.0,False,u,has joined Los Angeles FC permanently.,,,,2526
580,242898,35,343,Brennan Johnson,Johnson,3,2.3,6.5,8,4,Away,2026-05-03T13:00:00Z,0,3,90,0,0,0,3,0,0,0,4,2,0.08,0.09,0.17,2.08,4,1.5,2.8,2.0,10.0,False,a,,1.0,3.0,,2526
581,172780,35,342,James Maddison,Maddison,3,0.1,6.8,18,2,Away,2026-05-03T18:00:00Z,2,1,0,0,0,0,0,0,0,0,0,0,0.0,0.0,0.0,0.0,0,0.0,0.0,0.0,0.0,False,a,,,,,2526
582,460842,35,342,Mohammed Kudus,Kudus,3,9.2,6.4,18,2,Away,2026-05-03T18:00:00Z,2,1,0,0,0,0,0,0,0,0,0,0,0.0,0.0,0.0,0.0,0,0.0,0.0,0.0,0.0,False,i,Thigh injury - Unknown return date,,4.0,3.0,2526
583,445044,35,342,Dejan Kulusevski,Kulusevski,3,0.0,6.4,18,2,Away,2026-05-03T18:00:00Z,2,1,0,0,0,0,0,0,0,0,0,0,0.0,0.0,0.0,0.0,0,0.0,0.0,0.0,0.0,False,i,Knee injury - Unknown return date,,,,2526
584,511499,35,342,Mathys Tel,Tel,3,0.2,6.2,18,2,Away,2026-05-03T18:00:00Z,2,1,90,0,1,1,0,1,0,0,18,5,0.11,0.52,0.63,0.25,8,7.1,21.4,39.3,10.0,False,a,,1.0,,,2526
585,202993,35,342,Rodrigo Bentancur,Bentancur,3,0.2,5.2,18,2,Away,2026-05-03T18:00:00Z,2,1,66,0,0,1,0,1,0,0,15,2,0.0,0.01,0.01,0.02,8,1.9,12.8,6.3,0.0,False,a,,,,,2526
586,570526,35,342,Lucas Bergvall,Bergvall,3,0.2,5.2,18,2,Away,2026-05-03T18:00:00Z,2,1,1,0,0,0,1,0,0,0,3,1,0.0,0.0,0.0,0.06,0,0.0,0.0,0.0,0.0,False,a,,,,,2526
587,227127,35,342,Yves Bissouma,Bissouma,3,0.0,5.2,18,2,Away,2026-05-03T18:00:00Z,2,1,23,0,0,0,1,0,0,0,3,1,0.0,0.0,0.0,0.28,1,0.4,1.4,2.3,0.0,False,a,,,,,2526
588,550839,35,342,Wilson Odobert,Odobert,3,0.0,5.3,18,2,Away,2026-05-03T18:00:00Z,2,1,0,0,0,0,0,0,0,0,0,0,0.0,0.0,0.0,0.0,0,0.0,0.0,0.0,0.0,False,i,Knee injury - Unknown return date,,,,2526
589,235674,35,342,Manor Solomon,Solomon,3,0.0,5.4,18,2,Away,2026-05-03T18:00:00Z,2,1,0,0,0,0,0,0,0,0,0,0,0.0,0.0,0.0,0.0,0,0.0,0.0,0.0,0.0,False,u,has joined Fiorentina on loan for the rest of the season.,,,,2526
590,436234,35,342,Bryan Gil Salvatierra,Bryan,3,0.0,4.9,18,2,Away,2026-05-03T18:00:00Z,2,1,0,0,0,0,0,0,0,0,0,0,0.0,0.0,0.0,0.0,0,0.0,0.0,0.0,0.0,False,u,has joined Girona permanently.,,,,2526
591,547701,35,342,Archie Gray,Gray,3,0.1,4.8,18,2,Away,2026-05-03T18:00:00Z,2,1,0,0,0,0,0,0,0,0,0,0,0.0,0.0,0.0,0.0,0,0.0,0.0,0.0,0.0,False,a,,,,,2526
592,499721,35,342,Mikey Moore,Moore,3,0.0,5.0,18,2,Away,2026-05-03T18:00:00Z,2,1,0,0,0,0,0,0,0,0,0,0,0.0,0.0,0.0,0.0,0,0.0,0.0,0.0,0.0,False,u,Has joined Rangers on loan for the rest of the season.,,,,2526
593,482442,35,342,Pape Matar Sarr,P.M.Sarr,3,1.0,4.5,18,2,Away,2026-05-03T18:00:00Z,2,1,1,0,0,0,1,0,0,0,1,1,0.0,0.0,0.0,0.06,0,0.0,0.0,0.0,0.0,False,a,,,,,2526
594,623095,35,342,Yang Min-hyeok,Min-hyeok,3,0.0,4.5,18,2,Away,2026-05-03T18:00:00Z,2,1,0,0,0,0,0,0,0,0,0,0,0.0,0.0,0.0,0.0,0,0.0,0.0,0.0,0.0,False,u,has joined Coventry City on loan for the rest of the season.,,,,2526
595,499726,35,342,Callum Olusesi,Olusesi,3,0.2,4.3,18,2,Away,2026-05-03T18:00:00Z,2,1,0,0,0,0,0,0,0,0,0,0,0.0,0.0,0.0,0.0,0,0.0,0.0,0.0,0.0,False,a,,,,,2526
596,154566,35,342,Dominic Solanke-Mitchell,Solanke,4,1.3,7.1,18,2,Away,2026-05-03T18:00:00Z,2,1,0,0,0,0,0,0,0,0,0,0,0.0,0.0,0.0,0.0,0,0.0,0.0,0.0,0.0,False,i,Muscle injury - Unknown return date,,,2.0,2526
597,212319,35,342,Richarlison de Andrade,Richarlison,4,5.7,6.3,18,2,Away,2026-05-03T18:00:00Z,2,1,90,1,0,1,0,0,0,3,33,9,0.5,0.0,0.5,0.25,7,7.8,37.6,0.6,40.0,False,a,,,,5.0,2526
598,552427,35,342,Will Lankshear,Lankshear,4,0.0,4.5,18,2,Away,2026-05-03T18:00:00Z,2,1,0,0,0,0,0,0,0,0,0,0,0.0,0.0,0.0,0.0,0,0.0,0.0,0.0,0.0,False,u,has joined Oxford United on loan for the rest of the season.,,,,2526
599,490145,35,342,Dane Scarlett,Scarlett,4,0.5,4.3,18,2,Away,2026-05-03T18:00:00Z,2,1,0,0,0,0,0,0,0,0,0,0,0.0,0.0,0.0,0.0,0,0.0,0.0,0.0,0.0,False,u,has joined Hibernian on loan for the rest of the season.,,,,2526
600,84182,35,344,Alphonse Areola,Areola,1,1.9,4.2,19,5,Away,2026-05-02T14:00:00Z,0,3,0,0,0,0,0,0,0,0,0,0,0.0,0.0,0.0,0.0,0,0.0,0.0,0.0,0.0,False,a,,,,,2526
601,82143,35,344,Wes Foderingham,Foderingham,1,0.2,4.0,19,5,Away,2026-05-02T14:00:00Z,0,3,0,0,0,0,0,0,0,0,0,0,0.0,0.0,0.0,0.0,0,0.0,0.0,0.0,0.0,False,u,has joined Aris Limassol permanently.,,,,2526
602,483364,35,344,Krisztián Hegyi,Hegyi,1,0.2,3.9,19,5,Away,2026-05-02T14:00:00Z,0,3,0,0,0,0,0,0,0,0,0,0,0.0,0.0,0.0,0.0,0,0.0,0.0,0.0,0.0,False,u,has joined MTK Budapest on loan for the rest of the season.,,,,2526
603,613804,35,344,El Hadji Malick Diouf,Diouf,2,2.4,4.1,19,5,Away,2026-05-02T14:00:00Z,0,3,73,0,0,0,2,0,0,0,8,1,0.03,0.03,0.06,2.13,5,4.4,11.0,16.1,17.0,False,a,,,,,2526
604,109533,35,344,Emerson Palmieri dos Santos,Emerson,2,0.0,4.4,19,5,Away,2026-05-02T14:00:00Z,0,3,0,0,0,0,0,0,0,0,0,0,0.0,0.0,0.0,0.0,0,0.0,0.0,0.0,0.0,False,u,has joined Marseille permanently.,,,,2526
605,214048,35,344,Maximilian Kilman,Kilman,2,0.1,4.1,19,5,Away,2026-05-02T14:00:00Z,0,3,0,0,0,0,0,0,0,0,0,0,0.0,0.0,0.0,0.0,0,0.0,0.0,0.0,0.0,False,a,,,,,2526
606,233963,35,344,Konstantinos Mavropanos,Mavropanos,2,2.1,4.5,19,5,Away,2026-05-02T14:00:00Z,0,3,90,0,0,0,3,0,0,0,-7,-1,0.0,0.01,0.01,2.27,7,1.0,7.0,1.0,2.0,False,a,,,,,2526
607,210494,35,344,Nayef Aguerd,N.Aguerd,2,0.0,4.4,19,5,Away,2026-05-02T14:00:00Z,0,3,0,0,0,0,0,0,0,0,0,0,0.0,0.0,0.0,0.0,0,0.0,0.0,0.0,0.0,False,u,has joined Marseille permanently.,,,,2526
608,536109,35,344,Ollie Scarles,Scarles,2,0.0,4.3,19,5,Away,2026-05-02T14:00:00Z,0,3,2,0,0,0,0,1,0,0,2,0,0.0,0.0,0.0,0.1,2,1.4,4.0,10.4,0.0,False,a,,5.0,,,2526
609,462116,35,344,Jean-Clair Todibo,Todibo,2,0.1,4.3,19,5,Away,2026-05-02T14:00:00Z,0,3,0,0,0,0,0,0,0,0,0,0,0.0,0.0,0.0,0.0,0,0.0,0.0,0.0,0.0,False,a,,,,,2526
610,214590,35,344,Aaron Wan-Bissaka,Wan-Bissaka,2,4.4,4.1,19,5,Away,2026-05-02T14:00:00Z,0,3,25,0,0,0,1,0,0,0,2,1,0.0,0.0,0.0,0.14,2,1.0,8.8,0.8,0.0,False,a,,,,,2526
611,518438,35,344,Kaelan Casey,Casey,2,0.1,4.0,19,5,Away,2026-05-02T14:00:00Z,0,3,0,0,0,0,0,0,0,0,0,0,0.0,0.0,0.0,0.0,0,0.0,0.0,0.0,0.0,False,u,has joined Leyton Orient on loan for the rest of the season.,,,,2526
612,224024,35,344,Lucas Tolentino Coelho de Lima,L.Paquetá,3,1.1,5.9,19,5,Away,2026-05-02T14:00:00Z,0,3,0,0,0,0,0,0,0,0,0,0,0.0,0.0,0.0,0.0,0,0.0,0.0,0.0,0.0,False,u,has joined Flamengo permanently.,,,,2526
613,215439,35,344,Tomáš Souček,Souček,3,0.4,5.7,19,5,Away,2026-05-02T14:00:00Z,0,3,90,0,0,0,3,0,0,0,9,2,0.16,0.06,0.22,2.27,9,4.0,15.2,13.9,11.0,False,a,,,,,2526
614,101178,35,347,James Ward-Prowse,Ward-Prowse,3,0.2,5.6,3,11,Away,2026-05-01T19:00:00Z,1,3,64,0,0,0,3,0,0,0,16,2,0.04,0.01,0.05,1.27,4,2.3,10.4,5.3,7.0,False,a,,1.0,1.0,,2526
615,450070,35,344,Crysencio Summerville,Summerville,3,1.4,5.5,19,5,Away,2026-05-02T14:00:00Z,0,3,87,0,0,0,3,1,0,0,3,1,0.14,0.02,0.16,2.17,9,3.9,8.4,28.8,2.0,False,a,,2.0,,,2526
616,213999,35,344,Edson Álvarez Velázquez,Álvarez,3,0.0,4.9,19,5,Away,2026-05-02T14:00:00Z,0,3,0,0,0,0,0,0,0,0,0,0,0.0,0.0,0.0,0.0,0,0.0,0.0,0.0,0.0,False,u,Has joined Fenerbahçe on loan for the rest of the season.,,,,2526
617,149519,35,344,Maxwel Cornet,Cornet,3,0.0,4.9,19,5,Away,2026-05-02T14:00:00Z,0,3,0,0,0,0,0,0,0,0,0,0,0.0,0.0,0.0,0.0,0,0.0,0.0,0.0,0.0,False,u,has joined Genoa on loan for the rest of the season.,,,,2526
618,197024,35,344,Guido Rodríguez,G.Rodriguez,3,0.0,4.8,19,5,Away,2026-05-02T14:00:00Z,0,3,0,0,0,0,0,0,0,0,0,0,0.0,0.0,0.0,0.0,0,0.0,0.0,0.0,0.0,False,u,has joined Valencia on loan for the rest of the season.,,,,2526
619,577114,35,344,Luis Guilherme Lira dos Santos,L.Guilherme,3,0.0,4.9,19,5,Away,2026-05-02T14:00:00Z,0,3,0,0,0,0,0,0,0,0,0,0,0.0,0.0,0.0,0.0,0,0.0,0.0,0.0,0.0,False,u,has joined Sporting CP permanently.,,,,2526
620,490885,35,344,George Earthy,Earthy,3,0.0,4.5,19,5,Away,2026-05-02T14:00:00Z,0,3,0,0,0,0,0,0,0,0,0,0,0.0,0.0,0.0,0.0,0,0.0,0.0,0.0,0.0,False,u,has joined Bristol City on loan for the rest of the season.,,,,2526
621,229384,35,344,Andy Irving,Irving,3,0.2,4.3,19,5,Away,2026-05-02T14:00:00Z,0,3,0,0,0,0,0,0,0,0,0,0,0.0,0.0,0.0,0.0,0,0.0,0.0,0.0,0.0,False,u,has joined Sparta Prague permanently.,,,,2526
622,518442,35,344,Lewis Orford,Orford,3,0.1,4.4,19,5,Away,2026-05-02T14:00:00Z,0,3,0,0,0,0,0,0,0,0,0,0,0.0,0.0,0.0,0.0,0,0.0,0.0,0.0,0.0,False,u,has joined Stevenage on loan for the rest of the season.,,,,2526
623,490142,35,344,Freddie Potts,Potts,3,0.5,4.3,19,5,Away,2026-05-02T14:00:00Z,0,3,0,0,0,0,0,0,0,0,0,0,0.0,0.0,0.0,0.0,0,0.0,0.0,0.0,0.0,False,a,,,,,2526
624,178186,35,344,Jarrod Bowen,Bowen,4,14.6,7.8,19,5,Away,2026-05-02T14:00:00Z,0,3,87,0,0,0,3,0,0,0,14,2,0.07,0.21,0.28,2.17,3,7.9,11.6,54.0,13.0,False,a,,1.0,1.0,2.0,2526
625,91889,35,344,Niclas Füllkrug,Füllkrug,4,0.6,5.6,19,5,Away,2026-05-02T14:00:00Z,0,3,0,0,0,0,0,0,0,0,0,0,0.0,0.0,0.0,0.0,0,0.0,0.0,0.0,0.0,False,u,has joined AC Milan on loan for the rest of the season.,,,,2526
626,565431,35,344,Callum Marshall,Marshall,4,0.5,4.3,19,5,Away,2026-05-02T14:00:00Z,0,3,0,0,0,0,0,0,0,0,0,0,0.0,0.0,0.0,0.0,0,0.0,0.0,0.0,0.0,False,u,has joined VfL Bochum 1848 on loan for the rest of the season.,,,,2526
627,101982,35,350,Sam Johnstone,Johnstone,1,0.1,4.4,20,17,Home,2026-05-02T14:00:00Z,1,1,0,0,0,0,0,0,0,0,0,0,0.0,0.0,0.0,0.0,0,0.0,0.0,0.0,0.0,False,i,Shoulder injury - Expected back 24 May,,,,2526
628,149065,35,350,José Malheiro de Sá,José Sá,1,1.1,4.2,20,17,Home,2026-05-02T14:00:00Z,1,1,0,0,0,0,0,0,0,0,0,0,0.0,0.0,0.0,0.0,0,0.0,0.0,0.0,0.0,False,d,Ankle injury - 25% chance of playing,,,,2526
629,79602,35,350,Daniel Bentley,Bentley,1,0.5,3.9,20,17,Home,2026-05-02T14:00:00Z,1,1,90,0,0,0,1,0,0,0,10,2,0.0,0.0,0.0,0.66,0,1.3,13.4,0.0,0.0,False,a,,,,,2526
630,138001,35,346,Tom King,King,1,1.2,3.9,9,13,Home,2026-05-04T19:00:00Z,3,3,0,0,0,0,0,0,0,0,0,0,0.0,0.0,0.0,0.0,0,0.0,0.0,0.0,0.0,False,a,,,,,2526
631,516939,35,350,Emmanuel Agbadou,Agbadou,2,0.1,4.2,20,17,Home,2026-05-02T14:00:00Z,1,1,0,0,0,0,0,0,0,0,0,0,0.0,0.0,0.0,0.0,0,0.0,0.0,0.0,0.0,False,u,has joined Besiktas permanently.,,,,2526
632,87835,35,350,Matt Doherty,Doherty,2,0.1,4.4,20,17,Home,2026-05-02T14:00:00Z,1,1,0,0,0,0,0,0,0,0,0,0,0.0,0.0,0.0,0.0,0,0.0,0.0,0.0,0.0,False,a,,,,,2526
633,490721,35,350,Hugo Bueno López,H.Bueno,2,0.2,4.3,20,17,Home,2026-05-02T14:00:00Z,1,1,77,0,1,0,1,0,0,0,23,5,0.09,0.35,0.44,0.56,3,8.3,30.0,42.8,10.0,False,a,,1.0,,,2526
634,501837,35,350,Yerson Mosquera Valdelamar,Mosquera,2,0.1,4.3,20,17,Home,2026-05-02T14:00:00Z,1,1,90,0,0,0,1,0,0,0,8,2,0.09,0.03,0.12,0.66,8,2.8,15.0,2.3,11.0,False,a,,,,,2526
635,483081,35,350,Rodrigo Martins Gomes,R.Gomes,2,0.1,4.4,20,17,Home,2026-05-02T14:00:00Z,1,1,45,0,0,0,0,0,0,0,5,1,0.0,0.04,0.04,0.31,1,1.0,3.0,2.8,4.0,False,a,,,,,2526
636,231480,35,350,Santiago Ignacio Bueno,S.Bueno,2,0.1,4.4,20,17,Home,2026-05-02T14:00:00Z,1,1,90,1,0,0,1,0,0,2,26,10,0.2,0.38,0.58,0.66,6,12.3,53.2,20.9,49.0,False,a,,,,,2526
637,510362,35,350,Toti Gomes,Toti,2,0.1,4.2,20,17,Home,2026-05-02T14:00:00Z,1,1,90,0,0,0,1,0,0,0,15,4,0.31,0.08,0.39,0.66,12,8.1,34.8,12.8,33.0,False,a,,,,,2526
638,441271,35,350,Ki-Jana Hoever,Hoever,2,0.9,3.8,20,17,Home,2026-05-02T14:00:00Z,1,1,0,0,0,0,0,0,0,0,0,0,0.0,0.0,0.0,0.0,0,0.0,0.0,0.0,0.0,False,u,has joined Sheffield United on loan for the rest of the season.,,,,2526
639,560248,35,350,Bastien Meupiyou Menadjou,Meupiyou,2,0.0,4.0,20,17,Home,2026-05-02T14:00:00Z,1,1,0,0,0,0,0,0,0,0,0,0,0.0,0.0,0.0,0.0,0,0.0,0.0,0.0,0.0,False,u,On loan to FC Alverca,,,,2526
640,641221,35,350,Pedro Cardoso de Lima,Pedro Lima,2,0.4,4.0,20,17,Home,2026-05-02T14:00:00Z,1,1,45,0,0,0,1,0,0,0,3,1,0.0,0.25,0.25,0.35,5,4.6,13.2,28.5,4.0,False,a,,,,,2526
641,517179,35,350,Alfie Pond,Pond,2,0.9,3.9,20,17,Home,2026-05-02T14:00:00Z,1,1,0,0,0,0,0,0,0,0,0,0,0.0,0.0,0.0,0.0,0,0.0,0.0,0.0,0.0,False,u,has joined Crewe Alexandra on loan for the rest of the season.,,,,2526
642,184754,35,350,Hwang Hee-chan,Hee Chan,3,0.1,5.6,20,17,Home,2026-05-02T14:00:00Z,1,1,0,0,0,0,0,0,0,0,0,0,0.0,0.0,0.0,0.0,0,0.0,0.0,0.0,0.0,False,a,,,2.0,3.0,2526
643,509291,35,350,André Trindade da Costa Neto,André,3,0.1,5.2,20,17,Home,2026-05-02T14:00:00Z,1,1,90,0,0,0,1,0,0,0,14,2,0.05,0.05,0.1,0.66,10,6.0,17.4,38.4,4.0,False,a,,,,,2526
644,231057,35,350,Jean-Ricner Bellegarde,Bellegarde,3,0.0,5.1,20,17,Home,2026-05-02T14:00:00Z,1,1,0,0,0,0,0,0,0,0,0,0,0.0,0.0,0.0,0.0,0,0.0,0.0,0.0,0.0,False,a,,,4.0,,2526
645,643135,35,350,Fer López González,Fer López,3,0.0,5.1,20,17,Home,2026-05-02T14:00:00Z,1,1,0,0,0,0,0,0,0,0,0,0,0.0,0.0,0.0,0.0,0,0.0,0.0,0.0,0.0,False,u,has joined Celta Vigo on loan for the rest of the season.,,,,2526
646,448089,35,350,João Victor Gomes da Silva,J.Gomes,3,0.3,5.3,20,17,Home,2026-05-02T14:00:00Z,1,1,90,0,0,0,1,0,0,0,13,2,0.03,0.17,0.2,0.66,9,5.8,18.2,36.1,4.0,False,a,,,3.0,,2526
647,181284,35,350,Gonçalo Manuel Ganchinho Guedes,Guedes,3,0.0,5.5,20,17,Home,2026-05-02T14:00:00Z,1,1,0,0,0,0,0,0,0,0,0,0,0.0,0.0,0.0,0.0,0,0.0,0.0,0.0,0.0,False,u,Has joined Real Sociedad permanently.,,,,2526
648,433312,35,350,Marshall Munetsi,Munetsi,3,0.0,5.3,20,17,Home,2026-05-02T14:00:00Z,1,1,0,0,0,0,0,0,0,0,0,0,0.0,0.0,0.0,0.0,0,0.0,0.0,0.0,0.0,False,u,has joined Paris FC on loan for the rest of the season.,,,,2526
649,476502,35,350,Boubacar Traoré,B.Traore,3,0.0,5.0,20,17,Home,2026-05-02T14:00:00Z,1,1,0,0,0,0,0,0,0,0,0,0,0.0,0.0,0.0,0.0,0,0.0,0.0,0.0,0.0,False,u,Has joined FC Metz on loan for the rest of the season.,,,,2526
650,497606,35,350,Tawanda Chirewa,Chirewa,3,0.2,4.3,20,17,Home,2026-05-02T14:00:00Z,1,1,0,0,0,0,0,0,0,0,0,0,0.0,0.0,0.0,0.0,0,0.0,0.0,0.0,0.0,False,u,has joined Barnsley on loan for the rest of the season.,,,,2526
651,596054,35,350,Tom Edozie,Edozie,3,0.4,4.3,20,17,Home,2026-05-02T14:00:00Z,1,1,1,0,0,0,0,0,0,0,3,1,0.0,0.0,0.0,0.0,0,0.0,0.0,0.0,0.0,False,a,,,,,2526
652,593001,35,350,Enso González Medina,Gonzalez,3,1.2,4.3,20,17,Home,2026-05-02T14:00:00Z,1,1,0,0,0,0,0,0,0,0,0,0,0.0,0.0,0.0,0.0,0,0.0,0.0,0.0,0.0,False,a,,,,,2526
653,240299,35,350,Joe Hodge,Hodge,3,0.0,4.5,20,17,Home,2026-05-02T14:00:00Z,1,1,0,0,0,0,0,0,0,0,0,0,0.0,0.0,0.0,0.0,0,0.0,0.0,0.0,0.0,False,u,Signed by CD Tondela,,,,2526
654,247412,35,343,Jørgen Strand Larsen,Strand Larsen,4,1.5,5.9,8,4,Away,2026-05-03T13:00:00Z,0,3,64,0,0,0,2,0,0,0,10,2,0.19,0.11,0.3,1.65,5,5.1,15.0,14.9,21.0,False,a,,,,,2526
655,449988,35,350,Fábio Soares Silva,Fábio Silva,4,0.2,4.9,20,17,Home,2026-05-02T14:00:00Z,1,1,0,0,0,0,0,0,0,0,0,0,0.0,0.0,0.0,0.0,0,0.0,0.0,0.0,0.0,False,u,has joined Borussia Dortmund permanently.,,,,2526
656,429414,35,350,Saša Kalajdžić,Kalajdžić,4,0.0,4.9,20,17,Home,2026-05-02T14:00:00Z,1,1,0,0,0,0,0,0,0,0,0,0,0.0,0.0,0.0,0.0,0,0.0,0.0,0.0,0.0,False,u,has joined LASK on loan for the rest of the season.,,,,2526
657,589507,35,350,Leon Chiwome,Chiwome,4,0.0,4.4,20,17,Home,2026-05-02T14:00:00Z,1,1,0,0,0,0,0,0,0,0,0,0,0.0,0.0,0.0,0.0,0,0.0,0.0,0.0,0.0,False,a,,,,,2526
658,531363,35,350,Nathan Fraser,Fraser,4,1.8,4.2,20,17,Home,2026-05-02T14:00:00Z,1,1,0,0,0,0,0,0,0,0,0,0,0.0,0.0,0.0,0.0,0,0.0,0.0,0.0,0.0,False,a,,,,,2526
659,158534,35,344,Kyle Walker-Peters,Walker-Peters,2,0.3,4.2,19,5,Away,2026-05-02T14:00:00Z,0,3,64,0,0,0,2,0,0,0,1,1,0.0,0.01,0.01,2.13,4,1.0,6.6,1.6,2.0,False,a,,,,,2526
660,466525,35,347,Anton Stach,Stach,3,1.8,4.8,11,3,Home,2026-05-01T19:00:00Z,3,1,71,1,0,0,1,0,0,3,33,10,0.28,0.07,0.35,0.35,6,10.5,42.8,37.6,25.0,True,a,,1.0,1.0,,2526
661,510663,35,348,Hugo Ekitiké,Ekitiké,4,16.8,9.0,12,14,Away,2026-05-03T14:30:00Z,2,3,0,0,0,0,0,0,0,0,0,0,0.0,0.0,0.0,0.0,0,0.0,0.0,0.0,0.0,False,i,Achilles injury - Expected back 01 Jul,,,,2526
662,500040,35,341,Cristhian Mosquera,Mosquera,2,0.2,5.3,1,10,Home,2026-05-02T16:30:00Z,3,0,7,0,0,0,0,0,0,0,2,1,0.0,0.0,0.0,0.0,1,0.1,0.2,0.3,0.0,False,a,,,,,2526
663,230376,35,350,Jhon Arias,J.Arias,3,0.1,4.9,20,17,Home,2026-05-02T14:00:00Z,1,1,0,0,0,0,0,0,0,0,0,0,0.0,0.0,0.0,0.0,0,0.0,0.0,0.0,0.0,False,u,has joined Palmeiras permanently.,,,,2526
664,86873,35,341,Benjamin Lecomte,Lecomte,1,0.7,3.9,10,1,Away,2026-05-02T16:30:00Z,0,3,0,0,0,0,0,0,0,0,0,0,0.0,0.0,0.0,0.0,0,0.0,0.0,0.0,0.0,False,a,,,,,2526
665,201595,35,347,Lucas Estella Perri,Perri,1,0.3,4.4,11,3,Home,2026-05-01T19:00:00Z,3,1,0,0,0,0,0,0,0,0,0,0,0.0,0.0,0.0,0.0,0,0.0,0.0,0.0,0.0,False,a,,,,,2526
666,224117,35,341,Viktor Gyökeres,Gyökeres,4,12.9,8.8,1,10,Home,2026-05-02T16:30:00Z,3,0,63,2,1,1,0,0,0,3,66,16,1.7,0.02,1.72,0.2,2,19.0,88.2,13.4,88.0,True,a,,,,2.0,2526
667,499300,35,346,Adam Aznou,Aznou,2,0.1,4.2,9,13,Home,2026-05-04T19:00:00Z,3,3,0,0,0,0,0,0,0,0,0,0,0.0,0.0,0.0,0.0,0,0.0,0.0,0.0,0.0,False,a,,,,,2526
668,84450,35,350,Granit Xhaka,Xhaka,3,3.2,5.1,17,20,Away,2026-05-02T14:00:00Z,1,1,90,0,1,0,1,1,0,3,27,9,0.08,0.26,0.34,1.72,14,7.7,37.4,38.6,1.0,False,a,,1.0,1.0,,2526
669,456512,35,345,Dan Ndoye,Ndoye,3,0.7,5.5,16,7,Away,2026-05-04T14:00:00Z,3,1,0,0,0,0,0,0,0,0,0,0,0.0,0.0,0.0,0.0,0,0.0,0.0,0.0,0.0,False,d,Knock - 75% chance of playing,4.0,,,2526
670,498016,35,350,Robin Roefs,Roefs,1,8.5,4.8,17,20,Away,2026-05-02T14:00:00Z,1,1,90,0,0,0,1,1,0,0,19,3,0.0,0.0,0.0,1.72,0,4.2,41.6,0.0,0.0,False,a,,,,,2526
671,75115,35,344,Callum Wilson,Wilson,4,0.5,5.8,19,5,Away,2026-05-02T14:00:00Z,0,3,25,0,0,0,1,0,0,0,1,1,0.0,0.01,0.01,0.14,0,0.3,0.0,1.3,2.0,False,a,,,,,2526
672,551210,35,345,Jorrel Hato,Hato,2,0.2,4.6,7,16,Home,2026-05-04T14:00:00Z,1,3,0,0,0,0,0,0,0,0,0,0,0.0,0.0,0.0,0.0,0,0.0,0.0,0.0,0.0,False,a,,,,,2526
673,154296,35,342,João Maria Lobo Alves Palhares Costa Palhinha Gonçalves,J.Palhinha,3,0.8,5.5,18,2,Away,2026-05-03T18:00:00Z,2,1,90,0,0,0,1,0,0,0,18,2,0.02,0.03,0.05,0.31,10,3.0,19.4,3.6,7.0,False,a,,,,,2526
674,225321,35,349,Aaron Ramsdale,Ramsdale,1,0.8,4.8,15,6,Home,2026-05-02T14:00:00Z,3,1,0,0,0,0,0,0,0,0,0,0,0.0,0.0,0.0,0.0,0,0.0,0.0,0.0,0.0,False,a,,,,,2526
675,107265,35,345,Angus Gunn,Gunn,1,1.1,4.0,16,7,Away,2026-05-04T14:00:00Z,3,1,0,0,0,0,0,0,0,0,0,0,0.0,0.0,0.0,0.0,0,0.0,0.0,0.0,0.0,False,a,,,,,2526
676,503714,35,347,Lesley Ugochukwu,Ugochukwu,3,0.1,5.0,3,11,Away,2026-05-01T19:00:00Z,1,3,0,0,0,0,0,0,0,0,0,0,0.0,0.0,0.0,0.0,0,0.0,0.0,0.0,0.0,False,a,,,,,2526
677,485337,35,343,Evann Guessand,Guessand,3,0.0,6.2,8,4,Away,2026-05-03T13:00:00Z,0,3,0,0,0,0,0,0,0,0,0,0,0.0,0.0,0.0,0.0,0,0.0,0.0,0.0,0.0,False,d,Knee injury - 50% chance of playing,,,,2526
678,105717,35,350,Arthur Masuaku,Masuaku,2,0.5,3.9,17,20,Away,2026-05-02T14:00:00Z,1,1,0,0,0,0,0,0,0,0,0,0,0.0,0.0,0.0,0.0,0,0.0,0.0,0.0,0.0,False,u,has joined RC Lens on loan for the rest of the season.,,,,2526
679,467189,35,344,Mads Hermansen,Hermansen,1,0.8,4.2,19,5,Away,2026-05-02T14:00:00Z,0,3,90,0,0,0,3,0,0,0,8,2,0.0,0.0,0.0,2.27,0,3.0,30.0,0.0,0.0,False,a,,,,,2526
680,440323,35,347,Armando Broja,Broja,4,0.1,5.2,3,11,Away,2026-05-01T19:00:00Z,1,3,14,0,0,0,0,0,0,0,3,1,0.0,0.08,0.08,0.17,1,1.3,0.2,10.8,2.0,False,a,,,,,2526
681,485711,35,348,Benjamin Sesko,Šeško,4,6.0,7.3,14,12,Home,2026-05-03T14:30:00Z,3,2,45,1,0,0,0,0,0,0,22,5,1.25,0.01,1.26,0.15,1,9.3,34.4,1.3,57.0,False,d,Shin injury - 75% chance of playing,,,,2526
682,497949,35,350,David Møller Wolfe,Møller Wolfe,2,0.1,4.2,20,17,Home,2026-05-02T14:00:00Z,1,1,0,0,0,0,0,0,0,0,0,0,0.0,0.0,0.0,0.0,0,0.0,0.0,0.0,0.0,False,a,,,,,2526
683,201895,35,350,Omar Alderete,Alderete,2,5.8,4.1,17,20,Away,2026-05-02T14:00:00Z,1,1,90,0,0,0,1,0,0,0,6,4,0.0,0.0,0.0,1.72,12,2.2,17.4,0.4,4.0,False,a,,,,,2526
684,465642,35,349,Malick Thiaw,Thiaw,2,5.2,5.0,15,6,Home,2026-05-02T14:00:00Z,3,1,90,0,0,0,1,0,0,0,9,2,0.82,0.0,0.82,1.53,9,6.2,29.2,0.1,33.0,False,a,,,,,2526
685,242882,35,343,Bafodé Diakité,Diakité,2,0.3,4.1,4,8,Home,2026-05-03T13:00:00Z,3,0,0,0,0,0,0,0,0,0,0,0,0.0,0.0,0.0,0.0,0,0.0,0.0,0.0,0.0,False,a,,,,,2526
686,611922,35,348,Rio Ngumoha,Ngumoha,3,1.1,4.3,12,14,Away,2026-05-03T14:30:00Z,2,3,15,0,0,0,1,0,0,0,4,1,0.05,0.02,0.07,0.16,1,2.2,3.2,12.3,6.0,False,a,,,,,2526
687,606774,35,343,Remy Rees-Dottin,Rees-Dottin,3,0.2,4.3,4,8,Home,2026-05-03T13:00:00Z,3,0,0,0,0,0,0,0,0,0,0,0,0.0,0.0,0.0,0.0,0,0.0,0.0,0.0,0.0,False,a,,,,,2526
688,481283,35,342,James Wright,Wright,1,0.6,3.9,2,18,Home,2026-05-03T18:00:00Z,1,2,0,0,0,0,0,0,0,0,0,0,0.0,0.0,0.0,0.0,0,0.0,0.0,0.0,0.0,False,a,,,,,2526
689,623110,35,349,Seung-Soo Park,Seung soo,3,0.5,4.3,15,6,Home,2026-05-02T14:00:00Z,3,1,0,0,0,0,0,0,0,0,0,0,0.0,0.0,0.0,0.0,0,0.0,0.0,0.0,0.0,False,a,,,,,2526
690,590014,35,343,Rio Cardines,Cardines,3,0.3,4.4,8,4,Away,2026-05-03T13:00:00Z,0,3,0,0,0,0,0,0,0,0,0,0,0.0,0.0,0.0,0.0,0,0.0,0.0,0.0,0.0,False,a,,,,,2526
691,177815,35,347,Dominic Calvert-Lewin,Calvert-Lewin,4,13.3,5.8,11,3,Home,2026-05-01T19:00:00Z,3,1,90,1,0,0,1,1,0,1,27,6,0.45,0.01,0.46,0.35,2,6.8,28.6,2.2,37.0,False,a,,,,1.0,2526
692,647681,35,348,Giovanni Leoni,Leoni,2,0.0,4.9,12,14,Away,2026-05-03T14:30:00Z,2,3,0,0,0,0,0,0,0,0,0,0,0.0,0.0,0.0,0.0,0,0.0,0.0,0.0,0.0,False,i,Knee injury - Expected back 01 Sep,,,,2526
693,503301,35,345,Omari Hutchinson,Hutchinson,3,0.1,5.4,16,7,Away,2026-05-04T14:00:00Z,3,1,10,0,0,0,1,0,0,0,2,1,0.0,0.0,0.0,0.89,1,0.0,0.0,0.0,0.0,False,a,,2.0,,,2526
694,200834,35,350,Nordi Mukiele,Mukiele,2,8.7,4.6,17,20,Away,2026-05-02T14:00:00Z,1,1,90,1,0,0,1,0,0,1,24,11,0.19,0.04,0.23,1.72,12,9.4,55.4,1.6,37.0,True,a,,,,,2526
695,523705,35,350,Jackson Tchatchoua,Tchatchoua,2,0.0,4.4,20,17,Home,2026-05-02T14:00:00Z,1,1,0,0,0,0,0,0,0,0,0,0,0.0,0.0,0.0,0.0,0,0.0,0.0,0.0,0.0,False,a,,,,,2526
696,465680,35,345,Arnaud Kalimuendo,Kalimuendo,4,0.1,6.0,16,7,Away,2026-05-04T14:00:00Z,3,1,0,0,0,0,0,0,0,0,0,0,0.0,0.0,0.0,0.0,0,0.0,0.0,0.0,0.0,False,u,has joined Eintracht Frankfurt on loan for the rest of the season.,,,,2526
697,489888,35,343,Amine Adli,Adli,3,0.2,5.4,4,8,Home,2026-05-03T13:00:00Z,3,0,4,0,0,0,0,0,0,0,3,1,0.0,0.0,0.0,0.54,0,0.1,0.2,0.5,0.0,False,a,,,,,2526
698,435997,35,347,Noah Okafor,Okafor,3,2.8,5.6,11,3,Home,2026-05-01T19:00:00Z,3,1,64,1,0,1,0,0,0,2,30,10,0.33,0.13,0.46,0.09,6,9.5,41.4,27.3,26.0,False,a,,,,,2526
699,230046,35,342,Douglas Luiz Soares de Paulo,Douglas Luiz,3,0.1,4.9,2,18,Home,2026-05-03T18:00:00Z,1,2,0,0,0,0,0,0,0,0,0,0,0.0,0.0,0.0,0.0,0,0.0,0.0,0.0,0.0,False,a,,1.0,,,2526
700,616077,35,341,Max Dowman,Dowman,3,0.8,4.2,1,10,Home,2026-05-02T16:30:00Z,3,0,12,0,0,0,0,0,0,0,4,1,0.08,0.0,0.08,0.0,4,0.6,1.4,0.3,4.0,False,a,,,,,2526
701,569577,35,342,Triston Rowe,Rowe,2,0.1,4.0,2,18,Home,2026-05-03T18:00:00Z,1,2,0,0,0,0,0,0,0,0,0,0,0.0,0.0,0.0,0.0,0,0.0,0.0,0.0,0.0,False,u,has joined Annecy on loan for the rest of the season.,,,,2526
702,645618,35,342,Bradley Burrowes,Burrowes,3,0.1,4.3,2,18,Home,2026-05-03T18:00:00Z,1,2,0,0,0,0,0,0,0,0,0,0,0.0,0.0,0.0,0.0,0,0.0,0.0,0.0,0.0,False,a,,,,,2526
703,564505,35,342,Sam Proctor,Proctor,1,0.6,3.9,2,18,Home,2026-05-03T18:00:00Z,1,2,0,0,0,0,0,0,0,0,0,0,0.0,0.0,0.0,0.0,0,0.0,0.0,0.0,0.0,False,a,,,,,2526
704,461446,35,346,Tyler Onyango,Onyango,3,0.0,4.5,9,13,Home,2026-05-04T19:00:00Z,3,3,0,0,0,0,0,0,0,0,0,0,0.0,0.0,0.0,0.0,0,0.0,0.0,0.0,0.0,False,u,has joined Stockport County on loan for the rest of the season.,,,,2526
705,491745,35,346,Elijah Campbell,Campbell,2,0.1,3.9,9,13,Home,2026-05-04T19:00:00Z,3,3,0,0,0,0,0,0,0,0,0,0,0.0,0.0,0.0,0.0,0,0.0,0.0,0.0,0.0,False,u,has joined Port Vale on loan for the rest of the season.,,,,2526
706,220627,35,347,James Justin,Justin,2,2.1,4.0,11,3,Home,2026-05-01T19:00:00Z,3,1,90,0,0,0,1,0,0,0,12,2,0.02,0.03,0.05,0.57,6,3.0,14.8,1.8,13.0,False,a,,3.0,,,2526
707,496661,35,346,Tyler Dibling,Dibling,3,0.0,5.3,9,13,Home,2026-05-04T19:00:00Z,3,3,0,0,0,0,0,0,0,0,0,0,0.0,0.0,0.0,0.0,0,0.0,0.0,0.0,0.0,False,a,,,,,2526
708,551226,35,344,Mateus Gonçalo Espanha Fernandes,M.Fernandes,3,0.4,5.5,19,5,Away,2026-05-02T14:00:00Z,0,3,90,0,0,0,3,0,0,0,17,4,0.0,0.02,0.02,2.27,13,2.2,16.2,6.2,0.0,False,a,,4.0,,,2526
709,431248,35,350,Ladislav Krejcí,Krejčí,2,0.1,4.5,20,17,Home,2026-05-02T14:00:00Z,1,1,0,0,0,0,0,0,0,0,0,0,0.0,0.0,0.0,0.0,0,0.0,0.0,0.0,0.0,False,d,Neck - 50% chance of playing,,,,2526
710,534836,35,342,Travis Patterson,Patterson,2,0.2,3.9,2,18,Home,2026-05-03T18:00:00Z,1,2,0,0,0,0,0,0,0,0,0,0,0.0,0.0,0.0,0.0,0,0.0,0.0,0.0,0.0,False,a,,,,,2526
711,646243,35,341,Andre Harriman-Annous,Harriman-Annous,3,0.0,4.4,1,10,Home,2026-05-02T16:30:00Z,3,0,0,0,0,0,0,0,0,0,0,0,0.0,0.0,0.0,0.0,0,0.0,0.0,0.0,0.0,False,a,,,,,2526
712,488024,35,343,Yéremy Pino Santos,Yeremy,3,0.2,5.8,8,4,Away,2026-05-03T13:00:00Z,0,3,45,0,0,0,2,0,0,0,3,1,0.0,0.03,0.03,1.49,1,0.3,0.0,3.0,0.0,False,a,,,1.0,,2526
713,551483,35,343,Álex Jiménez Sánchez,A.Jimenez,2,0.2,4.5,4,8,Home,2026-05-03T13:00:00Z,3,0,90,0,0,1,0,0,0,0,25,6,0.02,0.12,0.14,0.89,4,3.6,13.2,19.0,4.0,False,a,,,,,2526
714,470313,35,349,Nick Woltemade,Woltemade,4,6.5,6.7,15,6,Home,2026-05-02T14:00:00Z,3,1,0,0,0,0,0,0,0,0,0,0,0.0,0.0,0.0,0.0,0,0.0,0.0,0.0,0.0,False,a,,,,3.0,2526
715,221389,35,345,John Victor Maciel Furtado,John,1,0.3,4.0,16,7,Away,2026-05-04T14:00:00Z,3,1,0,0,0,0,0,0,0,0,0,0,0.0,0.0,0.0,0.0,0,0.0,0.0,0.0,0.0,False,i,Knee injury - Expected back 01 Jun,,,,2526
716,500151,35,345,Nicolò Savona,Savona,2,0.0,4.5,16,7,Away,2026-05-04T14:00:00Z,3,1,0,0,0,0,0,0,0,0,0,0,0.0,0.0,0.0,0.0,0,0.0,0.0,0.0,0.0,False,i,Knee injury - Unknown return date,,,,2526
717,493362,35,342,Xavi Simons,Xavi,3,1.5,6.4,18,2,Away,2026-05-03T18:00:00Z,2,1,0,0,0,0,0,0,0,0,0,0,0.0,0.0,0.0,0.0,0,0.0,0.0,0.0,0.0,False,i,Knee injury - Expected back 01 Jan,2.0,3.0,4.0,2526
718,564940,35,344,Soungoutou Magassa,S.Magassa,3,0.0,5.0,19,5,Away,2026-05-02T14:00:00Z,0,3,2,0,0,0,0,0,0,0,3,1,0.0,0.0,0.0,0.1,1,0.1,0.6,0.3,0.0,False,a,,,,,2526
719,184667,35,342,Victor Lindelöf,Lindelöf,2,0.1,4.5,2,18,Home,2026-05-03T18:00:00Z,1,2,90,0,0,0,2,0,0,0,9,1,0.0,0.02,0.02,1.03,8,2.5,23.2,1.3,0.0,False,a,,,,,2526
720,488213,35,350,Tolu Arokodare,Tolu,4,0.1,5.2,20,17,Home,2026-05-02T14:00:00Z,1,1,90,0,0,0,1,0,0,0,9,2,0.58,0.02,0.6,0.66,4,6.9,9.2,0.3,59.0,False,a,,,,5.0,2526
721,620487,35,343,Veljko Milosavljevic,Milosavljević,2,0.0,4.4,4,8,Home,2026-05-03T13:00:00Z,3,0,0,0,0,0,0,0,0,0,0,0,0.0,0.0,0.0,0.0,0,0.0,0.0,0.0,0.0,False,a,,,,,2526
722,216055,35,347,Florentino Ibrain Morris Luís,Florentino,3,0.0,5.0,3,11,Away,2026-05-01T19:00:00Z,1,3,25,0,0,0,0,0,0,0,8,1,0.0,0.01,0.01,0.37,3,0.9,6.2,2.8,0.0,False,a,,,,,2526
723,651426,35,343,Jaydee Canvot,Canvot,2,0.4,4.5,8,4,Away,2026-05-03T13:00:00Z,0,3,90,0,0,0,3,1,0,0,-4,0,0.0,0.0,0.0,2.08,6,1.5,14.0,0.8,0.0,False,a,,,,,2526
724,247955,35,350,Lutsharel Geertruida,Geertruida,2,0.1,4.5,17,20,Away,2026-05-02T14:00:00Z,1,1,0,0,0,0,0,0,0,0,0,0,0.0,0.0,0.0,0.0,0,0.0,0.0,0.0,0.0,False,a,,,,,2526
725,448104,35,341,Piero Hincapié,Hincapie,2,1.0,5.1,1,10,Home,2026-05-02T16:30:00Z,3,0,0,0,0,0,0,0,0,0,0,0,0.0,0.0,0.0,0.0,0,0.0,0.0,0.0,0.0,False,a,,,,,2526
726,247693,35,342,Randal Kolo Muani,Kolo Muani,4,0.4,6.9,18,2,Away,2026-05-03T18:00:00Z,2,1,65,0,0,1,0,1,0,0,6,1,0.23,0.03,0.26,0.02,6,6.3,10.4,10.6,42.0,False,a,,,,,2526
727,218328,35,341,Samuel Chukwueze,Chukwueze,3,0.1,5.3,10,1,Away,2026-05-02T16:30:00Z,0,3,63,0,0,0,3,0,0,0,6,2,0.02,0.01,0.03,2.92,1,2.3,3.6,15.2,4.0,False,a,,,,,2526
728,513466,35,346,Merlin Röhl,Röhl,3,0.0,5.0,9,13,Home,2026-05-04T19:00:00Z,3,3,90,0,1,0,2,0,0,0,12,5,0.07,0.0,0.07,1.34,5,0.0,0.0,0.0,0.0,False,a,,,,,2526
729,560441,35,345,Luis Eduardo Soares da Silva,Cuiabano,2,0.0,4.5,16,7,Away,2026-05-04T14:00:00Z,3,1,0,0,0,0,0,0,0,0,0,0,0.0,0.0,0.0,0.0,0,0.0,0.0,0.0,0.0,False,u,has joined Vasco de Gama on loan for the rest of the season.,,,,2526
730,441264,35,350,Brian Brobbey,Brobbey,4,1.1,5.3,17,20,Away,2026-05-02T14:00:00Z,1,1,71,0,0,0,1,1,0,0,4,1,0.06,0.07,0.13,1.28,1,1.7,0.0,12.2,7.0,False,a,,,,,2526
731,560552,35,341,Kevin Santos Lopes de Macedo,Kevin,3,0.0,5.7,10,1,Away,2026-05-02T16:30:00Z,0,3,0,0,0,0,0,0,0,0,0,0,0.0,0.0,0.0,0.0,0,0.0,0.0,0.0,0.0,False,i,Foot injury - Unknown return date,,,,2526
732,660392,35,343,Christantus Uche,Uche,4,0.1,5.5,8,4,Away,2026-05-03T13:00:00Z,0,3,0,0,0,0,0,0,0,0,0,0,0.0,0.0,0.0,0.0,0,0.0,0.0,0.0,0.0,False,a,,,,,2526
733,465247,35,348,Senne Lammens,Lammens,1,3.1,5.1,14,12,Home,2026-05-03T14:30:00Z,3,2,90,0,0,0,2,0,0,0,4,2,0.0,0.0,0.0,0.89,0,1.5,15.2,0.0,0.0,False,a,,,,,2526
734,476887,35,345,Dilane Bakwa,Bakwa,3,0.0,5.9,16,7,Away,2026-05-04T14:00:00Z,3,1,79,0,1,1,0,0,0,0,26,6,0.0,0.25,0.25,1.27,3,0.0,0.0,0.0,0.0,False,a,,,,,2526
735,110504,35,350,Bertrand Traoré,Traoré,3,0.0,5.5,17,20,Away,2026-05-02T14:00:00Z,1,1,0,0,0,0,0,0,0,0,0,0,0.0,0.0,0.0,0.0,0,0.0,0.0,0.0,0.0,False,d,Lack of match fitness - 50% chance of playing,,,,2526
736,204936,35,346,Gianluigi Donnarumma,Donnarumma,1,9.2,5.6,13,9,Away,2026-05-04T19:00:00Z,3,3,90,0,0,0,3,1,0,0,3,1,0.0,0.13,0.13,2.77,0,0.0,0.0,0.0,0.0,False,a,,,,,2526
737,631786,35,341,Jonah Kusi-Asare,Kusi-Asare,4,0.1,4.5,10,1,Away,2026-05-02T16:30:00Z,0,3,12,0,0,0,0,0,0,0,2,1,0.0,0.0,0.0,0.31,2,0.0,0.0,0.3,0.0,False,a,,,,,2526
738,37096,35,344,Lukasz Fabianski,Fabianski,1,0.0,4.5,19,5,Away,2026-05-02T14:00:00Z,0,3,0,0,0,0,0,0,0,0,0,0,0.0,0.0,0.0,0.0,0,0.0,0.0,0.0,0.0,False,a,,,,,2526
739,590039,35,346,Divine Mukasa,Mukasa,3,0.0,4.4,13,9,Away,2026-05-04T19:00:00Z,3,3,0,0,0,0,0,0,0,0,0,0,0.0,0.0,0.0,0.0,0,0.0,0.0,0.0,0.0,False,u,has joined Leicester City on loan for the rest of the season.,,,,2526
740,566213,35,346,Stephen Mfuni,Mfuni,2,0.0,3.9,13,9,Away,2026-05-04T19:00:00Z,3,3,0,0,0,0,0,0,0,0,0,0,0.0,0.0,0.0,0.0,0,0.0,0.0,0.0,0.0,False,u,has joined Watford on loan for the rest of the season.,,,,2526
741,600882,35,347,Harry Gray,Gray,4,0.1,4.5,11,3,Home,2026-05-01T19:00:00Z,3,1,0,0,0,0,0,0,0,0,0,0,0.0,0.0,0.0,0.0,0,0.0,0.0,0.0,0.0,False,u,has joined Rotherham United on loan for the rest of the season.,,,,2526
742,616288,35,346,Ryan McAidoo,McAidoo,3,0.0,4.5,13,9,Away,2026-05-04T19:00:00Z,3,3,0,0,0,0,0,0,0,0,0,0,0.0,0.0,0.0,0.0,0,0.0,0.0,0.0,0.0,False,a,,,,,2526
743,611912,35,345,Landon Emenalo,Emenalo,3,0.0,4.5,7,16,Home,2026-05-04T14:00:00Z,1,3,0,0,0,0,0,0,0,0,0,0,0.0,0.0,0.0,0.0,0,0.0,0.0,0.0,0.0,False,a,,,,,2526
744,556637,35,349,Nehemiah Oriola,Oriola,3,0.0,4.5,6,15,Away,2026-05-02T14:00:00Z,1,3,0,0,0,0,0,0,0,0,0,0,0.0,0.0,0.0,0.0,0,0.0,0.0,0.0,0.0,False,a,,,,,2526
745,640419,35,342,Jun'ai Byfield,Byfield,2,0.0,4.0,18,2,Away,2026-05-03T18:00:00Z,2,1,0,0,0,0,0,0,0,0,0,0,0.0,0.0,0.0,0.0,0,0.0,0.0,0.0,0.0,False,a,,,,,2526
746,596042,35,348,Kieran Morrison,Morrison,3,0.0,4.5,12,14,Away,2026-05-03T14:30:00Z,2,3,0,0,0,0,0,0,0,0,0,0,0.0,0.0,0.0,0.0,0,0.0,0.0,0.0,0.0,False,a,,,,,2526
747,602903,35,344,Ezra Mayers,Mayers,2,0.0,4.0,19,5,Away,2026-05-02T14:00:00Z,0,3,0,0,0,0,0,0,0,0,0,0,0.0,0.0,0.0,0.0,0,0.0,0.0,0.0,0.0,False,a,,,,,2526
748,183656,35,344,Josh Dasilva,Dasilva,3,0.0,4.9,5,19,Home,2026-05-02T14:00:00Z,3,0,1,0,0,0,0,0,0,0,2,1,0.0,0.0,0.0,0.02,0,0.1,0.2,1.0,0.0,False,a,,,,,2526
749,647671,35,350,Mateus Mané,Mané,4,1.2,4.2,20,17,Home,2026-05-02T14:00:00Z,1,1,90,0,0,0,1,0,0,0,16,2,0.07,0.2,0.27,0.66,7,6.0,13.6,34.0,12.0,False,a,,2.0,1.0,,2526
750,499716,35,342,James Rowswell,Rowswell,2,0.0,4.0,18,2,Away,2026-05-03T18:00:00Z,2,1,0,0,0,0,0,0,0,0,0,0,0.0,0.0,0.0,0.0,0,0.0,0.0,0.0,0.0,False,a,,,,,2526
751,590035,35,342,Yusuf Akhamrich,Akhamrich,3,0.0,4.5,18,2,Away,2026-05-03T18:00:00Z,2,1,0,0,0,0,0,0,0,0,0,0,0.0,0.0,0.0,0.0,0,0.0,0.0,0.0,0.0,False,u,has joined Bristol Rovers on loan for the rest of the season.,,,,2526
752,643473,35,344,Airidas Golambeckis,Golambeckis,2,0.0,4.0,19,5,Away,2026-05-02T14:00:00Z,0,3,0,0,0,0,0,0,0,0,0,0,0.0,0.0,0.0,0.0,0,0.0,0.0,0.0,0.0,False,a,,,,,2526
753,19236,35,349,John Ruddy,Ruddy,1,0.0,4.0,15,6,Home,2026-05-02T14:00:00Z,3,1,0,0,0,0,0,0,0,0,0,0,0.0,0.0,0.0,0.0,0,0.0,0.0,0.0,0.0,False,a,,,,,2526
754,577285,35,342,George Hemmings,George Hemmings,3,0.0,4.5,2,18,Home,2026-05-03T18:00:00Z,1,2,0,0,0,0,0,0,0,0,0,0,0.0,0.0,0.0,0.0,0,0.0,0.0,0.0,0.0,False,a,,,,,2526
755,576628,35,348,Shea Lacey,Lacey,3,0.0,4.5,14,12,Home,2026-05-03T14:30:00Z,3,2,0,0,0,0,0,0,0,0,0,0,0.0,0.0,0.0,0.0,0,0.0,0.0,0.0,0.0,False,a,,,,,2526
756,678552,35,343,Malcom DaCosta,DaCosta,3,0.0,4.5,4,8,Home,2026-05-03T13:00:00Z,3,0,0,0,0,0,0,0,0,0,0,0,0.0,0.0,0.0,0.0,0,0.0,0.0,0.0,0.0,False,a,,,,,2526
757,516875,35,342,Ronnie Hollingshead,Hollingshead,1,0.0,4.0,2,18,Home,2026-05-03T18:00:00Z,1,2,0,0,0,0,0,0,0,0,0,0,0.0,0.0,0.0,0.0,0,0.0,0.0,0.0,0.0,False,a,,,,,2526
758,630699,35,344,Mohamadou Kanté,Mohamadou Kanté,3,0.0,4.5,19,5,Away,2026-05-02T14:00:00Z,0,3,0,0,0,0,0,0,0,0,0,0,0.0,0.0,0.0,0.0,0,0.0,0.0,0.0,0.0,False,a,,,,,2526
759,616065,35,341,Marli Salmon,Salmon,2,0.0,4.0,1,10,Home,2026-05-02T16:30:00Z,3,0,0,0,0,0,0,0,0,0,0,0,0.0,0.0,0.0,0.0,0,0.0,0.0,0.0,0.0,False,a,,,,,2526
760,519440,35,348,Wellity Lucky,Lucky,2,0.0,4.0,12,14,Away,2026-05-03T14:30:00Z,2,3,0,0,0,0,0,0,0,0,0,0,0.0,0.0,0.0,0.0,0,0.0,0.0,0.0,0.0,False,a,,,,,2526
761,604988,35,349,Freddie Simmonds,Simmonds,2,0.0,4.0,6,15,Away,2026-05-02T14:00:00Z,1,3,0,0,0,0,0,0,0,0,0,0,0.0,0.0,0.0,0.0,0,0.0,0.0,0.0,0.0,False,a,,,,,2526
762,672492,35,343,Joél Drakes-Thomas,Drakes-Thomas,3,0.0,4.5,8,4,Away,2026-05-03T13:00:00Z,0,3,0,0,0,0,0,0,0,0,0,0,0.0,0.0,0.0,0.0,0,0.0,0.0,0.0,0.0,False,a,,,,,2526
763,516234,35,346,Charlie Gray,Gray,3,0.0,4.5,13,9,Away,2026-05-04T19:00:00Z,3,3,0,0,0,0,0,0,0,0,0,0,0.0,0.0,0.0,0.0,0,0.0,0.0,0.0,0.0,False,a,,,,,2526
764,580921,35,346,Reigan Heskey,Heskey,3,0.0,4.5,13,9,Away,2026-05-04T19:00:00Z,3,3,0,0,0,0,0,0,0,0,0,0,0.0,0.0,0.0,0.0,0,0.0,0.0,0.0,0.0,False,a,,,,,2526
765,553746,35,349,Leo Shahar,Shahar,2,0.0,4.0,15,6,Home,2026-05-02T14:00:00Z,3,1,0,0,0,0,0,0,0,0,0,0,0.0,0.0,0.0,0.0,0,0.0,0.0,0.0,0.0,False,a,,,,,2526
766,601956,35,350,Saheed Olagunju,Olagunju,2,0.0,4.0,20,17,Home,2026-05-02T14:00:00Z,1,1,0,0,0,0,0,0,0,0,0,0,0.0,0.0,0.0,0.0,0,0.0,0.0,0.0,0.0,False,a,,,,,2526
767,605319,35,350,Luke Rawlings,Rawlings,3,0.0,4.5,20,17,Home,2026-05-02T14:00:00Z,1,1,0,0,0,0,0,0,0,0,0,0,0.0,0.0,0.0,0.0,0,0.0,0.0,0.0,0.0,False,a,,,,,2526
768,664015,35,342,Leon Routh,Leon Routh,2,0.0,4.0,2,18,Home,2026-05-03T18:00:00Z,1,2,0,0,0,0,0,0,0,0,0,0,0.0,0.0,0.0,0.0,0,0.0,0.0,0.0,0.0,False,a,,,,,2526
769,576620,35,348,Bendito Mantato,Bendito Mantato,3,0.0,4.5,14,12,Home,2026-05-03T14:30:00Z,3,2,0,0,0,0,0,0,0,0,0,0,0.0,0.0,0.0,0.0,0,0.0,0.0,0.0,0.0,False,a,,,,,2526
770,619536,35,341,Seth Ridgeon,Ridgeon,3,0.0,4.5,10,1,Away,2026-05-02T16:30:00Z,0,3,0,0,0,0,0,0,0,0,0,0,0.0,0.0,0.0,0.0,0,0.0,0.0,0.0,0.0,False,a,,,,,2526
771,519913,35,348,Tyler Fletcher,Fletcher,3,0.0,4.4,14,12,Home,2026-05-03T14:30:00Z,3,2,0,0,0,0,0,0,0,0,0,0,0.0,0.0,0.0,0.0,0,0.0,0.0,0.0,0.0,False,a,,,,,2526
772,666607,35,349,Sam Alabi,Alabi,3,0.0,4.5,15,6,Home,2026-05-02T14:00:00Z,3,1,0,0,0,0,0,0,0,0,0,0,0.0,0.0,0.0,0.0,0,0.0,0.0,0.0,0.0,False,a,,,,,2526
773,643426,35,343,Dean Benamar,Benamar,2,0.0,4.0,8,4,Away,2026-05-03T13:00:00Z,0,3,0,0,0,0,0,0,0,0,0,0,0.0,0.0,0.0,0.0,0,0.0,0.0,0.0,0.0,False,a,,,,,2526
774,232356,35,350,Jenson Jones,Jenson Jones,2,0.0,4.0,17,20,Away,2026-05-02T14:00:00Z,1,1,0,0,0,0,0,0,0,0,0,0,0.0,0.0,0.0,0.0,0,0.0,0.0,0.0,0.0,False,a,,,,,2526
775,604211,35,350,Tymur Tutierov,Tutierov,3,0.0,4.5,17,20,Away,2026-05-02T14:00:00Z,1,1,0,0,0,0,0,0,0,0,0,0,0.0,0.0,0.0,0.0,0,0.0,0.0,0.0,0.0,False,u,has joined Exeter City on loan for the rest of the season.,,,,2526
776,647960,35,347,Oliver Pimlott,Pimlott,3,0.0,4.5,3,11,Away,2026-05-01T19:00:00Z,1,3,0,0,0,0,0,0,0,0,0,0,0.0,0.0,0.0,0.0,0,0.0,0.0,0.0,0.0,False,a,,,,,2526
777,514362,35,350,Temple Ojinnaka,Ojinnaka,3,0.0,4.5,20,17,Home,2026-05-02T14:00:00Z,1,1,0,0,0,0,0,0,0,0,0,0,0.0,0.0,0.0,0.0,0,0.0,0.0,0.0,0.0,False,u,has joined Shrewsbury Town on loan for the rest of the season.,,,,2526
778,589121,35,350,Ethan Sutherland,Sutherland,3,0.0,4.5,20,17,Home,2026-05-02T14:00:00Z,1,1,0,0,0,0,0,0,0,0,0,0,0.0,0.0,0.0,0.0,0,0.0,0.0,0.0,0.0,False,a,,,,,2526
779,629068,35,346,Braiden Graham,Graham,4,0.0,4.5,9,13,Home,2026-05-04T19:00:00Z,3,3,0,0,0,0,0,0,0,0,0,0,0.0,0.0,0.0,0.0,0,0.0,0.0,0.0,0.0,False,a,,,,,2526
780,631106,35,343,Ben Casey,Casey,4,0.0,4.5,8,4,Away,2026-05-03T13:00:00Z,0,3,0,0,0,0,0,0,0,0,0,0,0.0,0.0,0.0,0.0,0,0.0,0.0,0.0,0.0,False,a,,,,,2526
781,618027,35,342,TJ Carroll,Carroll,2,0.0,4.0,2,18,Home,2026-05-03T18:00:00Z,1,2,0,0,0,0,0,0,0,0,0,0,0.0,0.0,0.0,0.0,0,0.0,0.0,0.0,0.0,False,a,,,,,2526
782,40383,35,343,Fraser Forster,Forster,1,0.0,4.0,4,8,Home,2026-05-03T13:00:00Z,3,0,0,0,0,0,0,0,0,0,0,0,0.0,0.0,0.0,0.0,0,0.0,0.0,0.0,0.0,False,a,,,,,2526
783,60307,35,349,Pascal Groß,Groß,3,2.6,5.5,6,15,Away,2026-05-02T14:00:00Z,1,3,90,0,0,0,3,0,0,0,11,2,0.18,0.05,0.23,3.16,7,4.7,10.4,23.5,13.0,False,a,,1.0,,,2526
784,704232,35,347,George Brierley,Brierley,3,0.0,4.5,3,11,Away,2026-05-01T19:00:00Z,1,3,0,0,0,0,0,0,0,0,0,0,0.0,0.0,0.0,0.0,0,0.0,0.0,0.0,0.0,False,a,,,,,2526
785,530335,35,344,Pablo Felipe Pereira de Jesus,Pablo,4,0.0,5.4,19,5,Away,2026-05-02T14:00:00Z,0,3,90,0,0,0,3,0,0,0,13,2,0.15,0.01,0.16,2.27,10,7.5,19.0,32.6,23.0,False,a,,,,,2526
786,505079,35,341,Alfie McNally,McNally,1,0.0,4.0,10,1,Away,2026-05-02T16:30:00Z,0,3,0,0,0,0,0,0,0,0,0,0,0.0,0.0,0.0,0.0,0,0.0,0.0,0.0,0.0,False,a,,,,,2526
787,565863,35,347,Sam Chambers,Chambers,3,0.0,4.4,11,3,Home,2026-05-01T19:00:00Z,3,1,0,0,0,0,0,0,0,0,0,0,0.0,0.0,0.0,0.0,0,0.0,0.0,0.0,0.0,False,a,,,,,2526
788,576637,35,348,Godwill Kukonki,Kukonki,2,0.0,4.0,14,12,Home,2026-05-03T14:30:00Z,3,2,0,0,0,0,0,0,0,0,0,0,0.0,0.0,0.0,0.0,0,0.0,0.0,0.0,0.0,False,a,,,,,2526
789,518335,35,345,Max Merrick,Merrick,1,0.0,4.0,7,16,Home,2026-05-04T14:00:00Z,1,3,0,0,0,0,0,0,0,0,0,0,0.0,0.0,0.0,0.0,0,0.0,0.0,0.0,0.0,False,a,,,,,2526
790,611917,35,342,Lucá Williams-Barnett,Williams-Barnett,3,0.0,4.5,18,2,Away,2026-05-03T18:00:00Z,2,1,0,0,0,0,0,0,0,0,0,0,0.0,0.0,0.0,0.0,0,0.0,0.0,0.0,0.0,False,a,,,,,2526
791,247670,35,344,Valentín Castellanos,Taty,4,0.2,5.5,19,5,Away,2026-05-02T14:00:00Z,0,3,64,0,0,0,2,1,0,0,0,1,0.37,0.15,0.52,2.13,5,5.1,1.2,17.9,32.0,False,a,,,,,2526
792,653481,35,342,Alysson Edward Franco da Rocha dos Santos,Alysson,3,0.0,5.0,2,18,Home,2026-05-03T18:00:00Z,1,2,0,0,0,0,0,0,0,0,0,0,0.0,0.0,0.0,0.0,0,0.0,0.0,0.0,0.0,False,a,,,,,2526
793,591384,35,343,George King,King,2,0.0,4.0,8,4,Away,2026-05-03T13:00:00Z,0,3,0,0,0,0,0,0,0,0,0,0,0.0,0.0,0.0,0.0,0,0.0,0.0,0.0,0.0,False,a,,,,,2526
794,494307,35,346,Max Alleyne,Alleyne,2,0.0,3.9,13,9,Away,2026-05-04T19:00:00Z,3,3,0,0,0,0,0,0,0,0,0,0,0.0,0.0,0.0,0.0,0,0.0,0.0,0.0,0.0,False,a,,,,,2526
795,597320,35,349,Harry Howell,Howell,3,0.0,4.5,6,15,Away,2026-05-02T14:00:00Z,1,3,0,0,0,0,0,0,0,0,0,0,0.0,0.0,0.0,0.0,0,0.0,0.0,0.0,0.0,False,a,,,,,2526
796,232787,35,342,Conor Gallagher,Gallagher,3,0.1,5.0,18,2,Away,2026-05-03T18:00:00Z,2,1,90,1,0,0,1,1,0,3,33,9,0.04,0.1,0.14,0.31,11,5.9,45.0,5.1,9.0,False,a,,,,,2526
797,593174,35,344,Kaye Furo,Furo,4,0.0,4.5,5,19,Home,2026-05-02T14:00:00Z,3,0,1,0,0,0,0,0,0,0,2,1,0.0,0.0,0.0,0.02,0,0.0,0.0,0.0,0.0,False,a,,,,,2526
798,502988,35,343,Danny Imray,Imray,2,0.0,4.0,8,4,Away,2026-05-03T13:00:00Z,0,3,0,0,0,0,0,0,0,0,0,0,0.0,0.0,0.0,0.0,0,0.0,0.0,0.0,0.0,False,u,has joined West Brom on loan for the rest of the season.,,,,2526
799,658013,35,343,Charlie Stevens,Stevens,3,0.0,4.5,4,8,Home,2026-05-03T13:00:00Z,3,0,0,0,0,0,0,0,0,0,0,0,0.0,0.0,0.0,0.0,0,0.0,0.0,0.0,0.0,False,a,,,,,2526
800,699989,35,350,Djiamgone Jocelin Ta Bi,Jocelin.T,3,0.0,4.9,17,20,Away,2026-05-02T14:00:00Z,1,1,0,0,0,0,0,0,0,0,0,0,0.0,0.0,0.0,0.0,0,0.0,0.0,0.0,0.0,False,a,,,,,2526
801,614574,35,343,Alex Tóth,Tóth.A,3,0.0,4.9,4,8,Home,2026-05-03T13:00:00Z,3,0,0,0,0,0,0,0,0,0,0,0,0.0,0.0,0.0,0.0,0,0.0,0.0,0.0,0.0,False,a,,,,,2526
802,572702,35,344,Keiber Lamadrid,Lamadrid,3,0.0,5.0,19,5,Away,2026-05-02T14:00:00Z,0,3,0,0,0,0,0,0,0,0,0,0,0.0,0.0,0.0,0.0,0,0.0,0.0,0.0,0.0,False,a,,,,,2526
803,499857,35,345,Teddy Sharman-Lowe,Sharman-Lowe,1,0.0,4.0,7,16,Home,2026-05-04T14:00:00Z,1,3,0,0,0,0,0,0,0,0,0,0,0.0,0.0,0.0,0.0,0,0.0,0.0,0.0,0.0,False,a,,,,,2526
804,616221,35,342,João Victor de Souza Menezes,Souza,2,0.0,4.0,18,2,Away,2026-05-03T18:00:00Z,2,1,0,0,0,0,0,0,0,0,0,0,0.0,0.0,0.0,0.0,0,0.0,0.0,0.0,0.0,False,a,,,,,2526
805,469130,35,345,Lorenzo Lucca,Lucca,4,0.0,5.4,16,7,Away,2026-05-04T14:00:00Z,3,1,0,0,0,0,0,0,0,0,0,0,0.0,0.0,0.0,0.0,0,0.0,0.0,0.0,0.0,False,a,,,,,2526
806,436416,35,343,Christos Mandas,Mandas,1,0.0,4.0,4,8,Home,2026-05-03T13:00:00Z,3,0,0,0,0,0,0,0,0,0,0,0,0.0,0.0,0.0,0.0,0,0.0,0.0,0.0,0.0,False,a,,,,,2526
807,499604,35,343,Rayan Vitor Simplício Rocha,Rayan,3,1.4,5.4,4,8,Home,2026-05-03T13:00:00Z,3,0,85,1,0,1,0,0,0,0,25,8,0.57,0.23,0.8,0.35,9,8.7,34.6,5.6,47.0,False,a,,,,,2526
808,173879,35,342,Tammy Abraham,Abraham,4,0.2,5.8,2,18,Home,2026-05-03T18:00:00Z,1,2,59,0,0,0,2,0,0,0,2,1,0.0,0.0,0.0,1.0,2,0.2,0.2,1.3,0.0,False,a,,,,,2526
809,685628,35,350,Jerome Abbey,Abbey,3,0.0,4.5,20,17,Home,2026-05-02T14:00:00Z,1,1,0,0,0,0,0,0,0,0,0,0,0.0,0.0,0.0,0.0,0,0.0,0.0,0.0,0.0,False,a,,,,,2526
810,559610,35,344,Luka Bentt,Bentt,3,0.0,4.5,5,19,Home,2026-05-02T14:00:00Z,3,0,0,0,0,0,0,0,0,0,0,0,0.0,0.0,0.0,0.0,0,0.0,0.0,0.0,0.0,False,a,,,,,2526
811,536134,35,342,Rio Kyerematen,Kyerematen,3,0.0,4.5,18,2,Away,2026-05-03T18:00:00Z,2,1,0,0,0,0,0,0,0,0,0,0,0.0,0.0,0.0,0.0,0,0.0,0.0,0.0,0.0,False,a,,,,,2526
812,515046,35,350,Melker Ellborg,Ellborg,1,0.1,4.0,17,20,Away,2026-05-02T14:00:00Z,1,1,0,0,0,0,0,0,0,0,0,0,0.0,0.0,0.0,0.0,0,0.0,0.0,0.0,0.0,False,a,,,,,2526
813,536661,35,350,Nilson Angulo,Angulo,3,0.0,5.0,17,20,Away,2026-05-02T14:00:00Z,1,1,0,0,0,0,0,0,0,0,0,0,0.0,0.0,0.0,0.0,0,0.0,0.0,0.0,0.0,False,d,Lack of match fitness - 50% chance of playing,,,,2526
814,470315,35,345,Luca Netz,Netz,2,0.0,4.5,16,7,Away,2026-05-04T14:00:00Z,3,1,90,0,0,0,1,0,0,0,11,4,0.0,0.0,0.0,2.15,10,0.0,0.0,0.0,0.0,False,a,,,,,2526
815,220362,35,344,Axel Disasi,Disasi,2,0.2,4.5,19,5,Away,2026-05-02T14:00:00Z,0,3,90,0,0,0,3,0,0,0,1,1,0.0,0.0,0.0,2.27,4,1.4,11.0,0.8,2.0,False,a,,,,,2526
816,209041,35,350,Angel Gomes,Angel,3,0.0,4.6,20,17,Home,2026-05-02T14:00:00Z,1,1,12,0,0,0,0,0,0,0,2,1,0.0,0.02,0.02,0.1,1,0.3,1.0,1.8,0.0,False,a,,,,,2526
817,155511,35,350,Adam Armstrong,Armstrong,4,0.1,5.2,20,17,Home,2026-05-02T14:00:00Z,1,1,90,0,0,0,1,0,0,0,9,2,0.32,0.17,0.49,0.66,3,6.9,11.8,13.3,44.0,False,a,,,,,2526
818,613232,35,342,James Wilson,Wilson,4,0.0,4.5,18,2,Away,2026-05-03T18:00:00Z,2,1,0,0,0,0,0,0,0,0,0,0,0.0,0.0,0.0,0.0,0,0.0,0.0,0.0,0.0,False,a,,,,,2526
819,494556,35,344,Ollie Shield,Shield,2,0.0,4.0,5,19,Home,2026-05-02T14:00:00Z,3,0,0,0,0,0,0,0,0,0,0,0,0.0,0.0,0.0,0.0,0,0.0,0.0,0.0,0.0,False,a,,,,,2526
820,644593,35,347,Kian McMahon-Brown,McMahon-Brown,3,0.0,4.5,3,11,Away,2026-05-01T19:00:00Z,1,3,0,0,0,0,0,0,0,0,0,0,0.0,0.0,0.0,0.0,0,0.0,0.0,0.0,0.0,False,a,,,,,2526
821,570929,35,350,Jack Whittaker,Whittaker,3,0.0,4.5,17,20,Away,2026-05-02T14:00:00Z,1,1,0,0,0,0,0,0,0,0,0,0,0.0,0.0,0.0,0.0,0,0.0,0.0,0.0,0.0,False,a,,,,,2526
822,571087,35,350,Jaydon Jones,Jones,3,0.0,4.5,17,20,Away,2026-05-02T14:00:00Z,1,1,0,0,0,0,0,0,0,0,0,0,0.0,0.0,0.0,0.0,0,0.0,0.0,0.0,0.0,False,a,,,,,2526
823,649240,35,344,Joshua Stephenson,Stephenson,2,0.0,4.0,5,19,Home,2026-05-02T14:00:00Z,3,0,0,0,0,0,0,0,0,0,0,0,0.0,0.0,0.0,0.0,0,0.0,0.0,0.0,0.0,False,a,,,,,2526
824,587433,35,344,Conor McManus,McManus,2,0.0,4.0,5,19,Home,2026-05-02T14:00:00Z,3,0,0,0,0,0,0,0,0,0,0,0,0.0,0.0,0.0,0.0,0,0.0,0.0,0.0,0.0,False,a,,,,,2526
825,553742,35,344,Finlay Herrick,Herrick,1,0.0,4.0,19,5,Away,2026-05-02T14:00:00Z,0,3,0,0,0,0,0,0,0,0,0,0,0.0,0.0,0.0,0.0,0,0.0,0.0,0.0,0.0,False,a,,,,,2526
826,547671,35,344,Riley Owen,Owen,3,0.0,4.5,5,19,Home,2026-05-02T14:00:00Z,3,0,0,0,0,0,0,0,0,0,0,0,0.0,0.0,0.0,0.0,0,0.0,0.0,0.0,0.0,False,a,,,,,2526
827,576634,35,348,Jim Thwaites,Thwaites,3,0.0,4.5,14,12,Home,2026-05-03T14:30:00Z,3,2,0,0,0,0,0,0,0,0,0,0,0.0,0.0,0.0,0.0,0,0.0,0.0,0.0,0.0,False,a,,,,,2526
828,491460,35,350,Alfie Brooks,Brooks,1,0.0,4.0,20,17,Home,2026-05-02T14:00:00Z,1,1,0,0,0,0,0,0,0,0,0,0,0.0,0.0,0.0,0.0,0,0.0,0.0,0.0,0.0,False,a,,,,,2526
829,619734,35,345,Jesse Derry,Derry,3,0.0,4.5,7,16,Home,2026-05-04T14:00:00Z,1,3,45,0,0,0,2,0,0,0,5,1,0.1,0.02,0.12,1.09,3,0.0,0.0,0.0,0.0,False,d,Head injury - 75% chance of playing,,,,2526
830,677945,35,348,Will Wright,Wright,4,0.0,4.5,12,14,Away,2026-05-03T14:30:00Z,2,3,0,0,0,0,0,0,0,0,0,0,0.0,0.0,0.0,0.0,0,0.0,0.0,0.0,0.0,False,a,,,,,2526
831,627888,35,350,Josh Gracey,Gracey,1,0.0,4.0,20,17,Home,2026-05-02T14:00:00Z,1,1,0,0,0,0,0,0,0,0,0,0,0.0,0.0,0.0,0.0,0,0.0,0.0,0.0,0.0,False,a,,,,,2526
832,718875,35,348,Talla Ndiaye,Ndiaye,2,0.0,4.0,12,14,Away,2026-05-03T14:30:00Z,2,3,0,0,0,0,0,0,0,0,0,0,0.0,0.0,0.0,0.0,0,0.0,0.0,0.0,0.0,False,a,,,,,2526
