player_id,player_code,gameweek,fixture_id,name,web_name,position_id,selected_by_percent,value,team_id,opponent_id,h_a,kickoff_time,team_score,opponent_score,minutes,goals_scored,assists,clean_sheets,goals_conceded,yellow_cards,red_cards,bonus,bps,total_points,xG,xA,xGI,xGC,DefCon,ict_index,influence,creativity,threat,in_dreamteam,status,news,corners_indirect_freekicks_order,direct_freekicks_order,penalties_order,season
1,154561,32,311,David Raya Martín,Raya,1,33.4,6.0,1,4,Home,2026-04-11T11:30:00Z,1,2,90,0,0,0,2,0,0,0,8,1,0.0,0.0,0.0,1.19,0,1.4,14.4,0.0,0.0,False,a,,,,,2526
2,109745,32,311,Kepa Arrizabalaga Revuelta,Arrizabalaga,1,0.4,4.0,1,4,Home,2026-04-11T11:30:00Z,1,2,0,0,0,0,0,0,0,0,0,0,0.0,0.0,0.0,0.0,0,0.0,0.0,0.0,0.0,False,a,,,,,2526
3,463748,32,311,Karl Hein,Hein,1,0.2,4.0,1,4,Home,2026-04-11T11:30:00Z,1,2,0,0,0,0,0,0,0,0,0,0,0.0,0.0,0.0,0.0,0,0.0,0.0,0.0,0.0,False,u,Has joined Werder Bremen on loan for the rest of the season.,,,,2526
4,551221,32,311,Tommy Setford,Setford,1,0.2,3.9,1,4,Home,2026-04-11T11:30:00Z,1,2,0,0,0,0,0,0,0,0,0,0,0.0,0.0,0.0,0.0,0,0.0,0.0,0.0,0.0,False,a,,,,,2526
5,226597,32,311,Gabriel dos Santos Magalhães,Gabriel,2,42.3,7.2,1,4,Home,2026-04-11T11:30:00Z,1,2,90,0,1,0,2,0,0,0,12,4,0.08,0.01,0.09,1.19,8,3.8,16.0,0.6,21.0,False,a,,,,,2526
6,462424,32,311,William Saliba,Saliba,2,13.7,6.1,1,4,Home,2026-04-11T11:30:00Z,1,2,90,0,0,0,2,0,0,0,12,1,0.0,0.0,0.0,1.19,6,2.9,16.6,10.8,2.0,False,a,,,,,2526
7,466075,32,311,Riccardo Calafiori,Calafiori,2,6.0,5.6,1,4,Home,2026-04-11T11:30:00Z,1,2,0,0,0,0,0,0,0,0,0,0,0.0,0.0,0.0,0.0,0,0.0,0.0,0.0,0.0,False,d,Knock - 75% chance of playing,,,,2526
8,445122,32,311,Jurriën Timber,J.Timber,2,23.5,6.2,1,4,Home,2026-04-11T11:30:00Z,1,2,0,0,0,0,0,0,0,0,0,0,0.0,0.0,0.0,0.0,0,0.0,0.0,0.0,0.0,False,d,Ankle injury - 75% chance of playing,,,,2526
9,440854,32,311,Jakub Kiwior,Kiwior,2,0.0,5.4,1,4,Home,2026-04-11T11:30:00Z,1,2,0,0,0,0,0,0,0,0,0,0,0.0,0.0,0.0,0.0,0,0.0,0.0,0.0,0.0,False,u,has joined Porto on loan for the rest of the season.,,,,2526
10,499169,32,311,Myles Lewis-Skelly,Lewis-Skelly,2,1.4,5.0,1,4,Home,2026-04-11T11:30:00Z,1,2,90,0,0,0,2,0,0,0,5,1,0.05,0.02,0.07,1.19,5,2.3,14.0,2.3,7.0,False,a,,,,,2526
11,198869,32,311,Benjamin White,White,2,0.5,5.1,1,4,Home,2026-04-11T11:30:00Z,1,2,75,0,0,0,2,0,0,0,13,1,0.02,0.02,0.04,1.18,9,3.5,20.2,12.3,2.0,False,a,,,,,2526
12,206325,32,318,Oleksandr Zinchenko,Zinchenko,2,0.2,4.9,16,2,Home,2026-04-12T13:00:00Z,1,1,0,0,0,0,0,0,0,0,0,0,0.0,0.0,0.0,0.0,0,0.0,0.0,0.0,0.0,False,u,has joined Ajax permanently.,,,,2526
13,563324,32,311,Brayden Clarke,Clarke,2,0.4,3.7,1,4,Home,2026-04-11T11:30:00Z,1,2,0,0,0,0,0,0,0,0,0,0,0.0,0.0,0.0,0.0,0,0.0,0.0,0.0,0.0,False,a,,,,,2526
14,588793,32,311,Maldini Kacurri,Kacurri,2,0.1,3.9,1,4,Home,2026-04-11T11:30:00Z,1,2,0,0,0,0,0,0,0,0,0,0,0.0,0.0,0.0,0.0,0,0.0,0.0,0.0,0.0,False,u,has joined Morecambe on loan for the rest of the season.,,,,2526
15,499167,32,311,Josh Nichols,Nichols,2,0.2,3.7,1,4,Home,2026-04-11T11:30:00Z,1,2,0,0,0,0,0,0,0,0,0,0,0.0,0.0,0.0,0.0,0,0.0,0.0,0.0,0.0,False,a,,,,,2526
16,223340,32,311,Bukayo Saka,Saka,3,7.5,9.8,1,4,Home,2026-04-11T11:30:00Z,1,2,0,0,0,0,0,0,0,0,0,0,0.0,0.0,0.0,0.0,0,0.0,0.0,0.0,0.0,False,d,Achilles injury - 75% chance of playing,2.0,2.0,1.0,2526
17,184029,32,311,Martin Ødegaard,Ødegaard,3,1.5,7.8,1,4,Home,2026-04-11T11:30:00Z,1,2,0,0,0,0,0,0,0,0,0,0,0.0,0.0,0.0,0.0,0,0.0,0.0,0.0,0.0,False,d,Knock - 75% chance of playing,4.0,,3.0,2526
18,248857,32,311,Noni Madueke,Madueke,3,0.9,6.8,1,4,Home,2026-04-11T11:30:00Z,1,2,53,0,0,0,1,0,0,0,4,1,0.0,0.07,0.07,0.7,2,1.3,3.4,5.9,4.0,False,a,,3.0,,,2526
19,444145,32,311,Gabriel Martinelli Silva,Martinelli,3,0.9,6.8,1,4,Home,2026-04-11T11:30:00Z,1,2,53,0,0,0,1,0,0,0,3,1,0.0,0.01,0.01,0.7,1,1.4,1.2,10.8,2.0,False,a,,,,,2526
20,116216,32,311,Leandro Trossard,Trossard,3,0.8,6.5,1,4,Home,2026-04-11T11:30:00Z,1,2,36,0,0,0,1,0,0,0,4,1,0.0,0.01,0.01,0.49,2,2.8,8.0,14.0,6.0,False,a,,,,4.0,2526
21,204480,32,311,Declan Rice,Rice,3,24.9,7.2,1,4,Home,2026-04-11T11:30:00Z,1,2,90,0,0,0,2,0,0,2,26,4,0.1,0.33,0.43,1.19,8,7.3,20.4,39.3,13.0,False,a,,1.0,1.0,,2526
22,195384,32,311,Mikel Merino Zazón,Merino,3,0.8,5.4,1,4,Home,2026-04-11T11:30:00Z,1,2,0,0,0,0,0,0,0,0,0,0,0.0,0.0,0.0,0.0,0,0.0,0.0,0.0,0.0,False,i,Foot injury - Unknown return date,,,,2526
23,438098,32,311,Fábio Ferreira Vieira,Fábio Vieira,3,0.0,5.4,1,4,Home,2026-04-11T11:30:00Z,1,2,0,0,0,0,0,0,0,0,0,0,0.0,0.0,0.0,0.0,0,0.0,0.0,0.0,0.0,False,u,has joined Hamburger on loan for the rest of the season.,,,,2526
24,128295,32,311,Christian Nørgaard,Nørgaard,3,0.1,5.1,1,4,Home,2026-04-11T11:30:00Z,1,2,0,0,0,0,0,0,0,0,0,0,0.0,0.0,0.0,0.0,0,0.0,0.0,0.0,0.0,False,a,,,,,2526
25,499175,32,311,Ethan Nwaneri,Nwaneri,3,0.1,5.0,1,4,Home,2026-04-11T11:30:00Z,1,2,0,0,0,0,0,0,0,0,0,0,0.0,0.0,0.0,0.0,0,0.0,0.0,0.0,0.0,False,u,has joined Marseille on loan for the rest of the season.,,,,2526
26,481655,32,311,Martín Zubimendi Ibáñez,Zubimendi,3,3.3,5.0,1,4,Home,2026-04-11T11:30:00Z,1,2,75,0,0,0,2,0,0,0,14,2,0.0,0.01,0.01,1.18,10,2.0,10.6,4.9,4.0,False,a,,,,,2526
27,200641,32,312,Reiss Nelson,Nelson,3,0.1,4.8,5,9,Home,2026-04-11T14:00:00Z,2,2,45,0,0,0,1,0,0,0,5,1,0.03,0.02,0.05,0.74,4,2.4,5.6,13.8,5.0,False,a,,,,,2526
28,588796,32,311,Ismeal Kabia,Kabia,3,0.1,4.5,1,4,Home,2026-04-11T11:30:00Z,1,2,0,0,0,0,0,0,0,0,0,0,0.0,0.0,0.0,0.0,0,0.0,0.0,0.0,0.0,False,u,has joined Shrewsbury Town on loan for the rest of the season.,,,,2526
29,437742,32,311,Albert Sambi Lokonga,Sambi,3,0.0,4.5,1,4,Home,2026-04-11T11:30:00Z,1,2,0,0,0,0,0,0,0,0,0,0,0.0,0.0,0.0,0.0,0,0.0,0.0,0.0,0.0,False,u,has joined Hamburger permanently.,,,,2526
30,219847,32,311,Kai Havertz,Havertz,4,0.5,7.3,1,4,Home,2026-04-11T11:30:00Z,1,2,53,0,0,0,1,0,0,0,-5,1,0.96,0.01,0.97,0.7,7,1.6,1.0,1.3,14.0,False,a,,,,,2526
31,205651,32,311,Gabriel Fernando de Jesus,G.Jesus,4,0.3,6.4,1,4,Home,2026-04-11T11:30:00Z,1,2,14,0,0,0,0,0,0,0,5,1,0.08,0.04,0.12,0.01,0,3.9,6.4,11.5,21.0,False,a,,,,,2526
32,98980,32,318,Emiliano Martínez Romero,Martinez,1,4.6,5.1,2,16,Away,2026-04-12T13:00:00Z,1,1,0,0,0,0,0,0,0,0,0,0,0.0,0.0,0.0,0.0,0,0.0,0.0,0.0,0.0,False,d,Calf injury - 75% chance of playing,,,,2526
33,72147,32,318,Marco Bizot,M.Bizot,1,0.4,4.2,2,16,Away,2026-04-12T13:00:00Z,1,1,90,0,0,0,1,0,0,0,14,3,0.0,0.0,0.0,1.15,0,2.5,25.4,0.0,0.0,False,a,,,,,2526
34,462492,32,318,Joe Gauci,Gauci,1,0.1,4.0,2,16,Away,2026-04-12T13:00:00Z,1,1,0,0,0,0,0,0,0,0,0,0,0.0,0.0,0.0,0.0,0,0.0,0.0,0.0,0.0,False,u,Has joined Port Vale on loan for the rest of the season.,,,,2526
35,462381,32,318,Filip Marschall,Marschall,1,0.0,4.0,2,16,Away,2026-04-12T13:00:00Z,1,1,0,0,0,0,0,0,0,0,0,0,0.0,0.0,0.0,0.0,0,0.0,0.0,0.0,0.0,False,u,Has joined Stevenage permanently.,,,,2526
36,199796,32,318,Matty Cash,Cash,2,8.3,4.7,2,16,Away,2026-04-12T13:00:00Z,1,1,90,0,0,0,1,1,0,0,5,1,0.03,0.02,0.05,1.15,4,2.9,11.6,4.3,13.0,False,a,,3.0,,,2526
37,101188,32,318,Lucas Digne,Digne,2,1.6,4.5,2,16,Away,2026-04-12T13:00:00Z,1,1,77,0,0,0,1,0,0,0,16,2,0.0,0.07,0.07,1.15,8,5.8,22.8,30.8,4.0,False,a,,2.0,2.0,,2526
38,199798,32,318,Ezri Konsa Ngoyo,Konsa,2,7.9,4.4,2,16,Away,2026-04-12T13:00:00Z,1,1,0,0,0,0,0,0,0,0,0,0,0.0,0.0,0.0,0.0,0,0.0,0.0,0.0,0.0,False,a,,,,,2526
39,441302,32,318,Ian Maatsen,Maatsen,2,0.6,4.2,2,16,Away,2026-04-12T13:00:00Z,1,1,12,0,0,0,0,0,0,0,6,1,0.15,0.0,0.15,0.0,0,2.3,3.4,0.3,19.0,False,a,,,,,2526
40,149484,32,318,Tyrone Mings,Mings,2,0.7,4.3,2,16,Away,2026-04-12T13:00:00Z,1,1,0,0,0,0,0,0,0,0,0,0,0.0,0.0,0.0,0.0,0,0.0,0.0,0.0,0.0,False,d,Knock - 75% chance of playing,,,,2526
41,244954,32,318,Pau Torres,Pau,2,0.3,4.3,2,16,Away,2026-04-12T13:00:00Z,1,1,90,0,0,0,1,0,0,0,8,2,0.0,0.01,0.01,1.15,2,1.6,14.4,1.4,0.0,False,a,,,,,2526
42,606798,32,318,Andrés García,A.García,2,0.2,3.9,2,16,Away,2026-04-12T13:00:00Z,1,1,1,0,0,0,0,0,0,0,3,1,0.0,0.0,0.0,0.0,0,0.1,0.2,0.3,0.0,False,a,,,,,2526
43,106468,32,318,Álex Moreno Lopera,Alex Moreno,2,1.6,4.0,2,16,Away,2026-04-12T13:00:00Z,1,1,0,0,0,0,0,0,0,0,0,0,0.0,0.0,0.0,0.0,0,0.0,0.0,0.0,0.0,False,u,Has joined Girona permanently.,,,,2526
44,515597,32,318,Lamare Bogarde,Bogarde,2,0.5,4.0,2,16,Away,2026-04-12T13:00:00Z,1,1,0,0,0,0,0,0,0,0,0,0,0.0,0.0,0.0,0.0,0,0.0,0.0,0.0,0.0,False,a,,,,,2526
45,514315,32,318,Lino da Cruz Sousa,Sousa,2,0.3,3.8,2,16,Away,2026-04-12T13:00:00Z,1,1,0,0,0,0,0,0,0,0,0,0,0.0,0.0,0.0,0.0,0,0.0,0.0,0.0,0.0,False,u,has joined Rotherham on loan for the rest of the season.,,,,2526
46,587178,32,318,Yasin Özcan,Yasin,2,0.1,4.0,2,16,Away,2026-04-12T13:00:00Z,1,1,0,0,0,0,0,0,0,0,0,0,0.0,0.0,0.0,0.0,0,0.0,0.0,0.0,0.0,False,u,has joined Anderlecht on loan for the rest of the season.,,,,2526
47,244850,32,318,Morgan Rogers,Rogers,3,22.4,7.4,2,16,Away,2026-04-12T13:00:00Z,1,1,77,0,1,0,1,0,0,0,14,5,0.18,0.03,0.21,1.15,11,3.6,6.0,18.3,12.0,False,a,,,1.0,,2526
48,166989,32,318,Youri Tielemans,Tielemans,3,0.6,5.9,2,16,Away,2026-04-12T13:00:00Z,1,1,90,0,0,0,1,0,0,0,20,2,0.02,0.17,0.19,1.15,10,6.0,24.2,30.8,5.0,False,a,,5.0,,,2526
49,215711,32,318,Leon Bailey,Bailey,3,0.1,5.5,2,16,Away,2026-04-12T13:00:00Z,1,1,0,0,0,0,0,0,0,0,0,0,0.0,0.0,0.0,0.0,0,0.0,0.0,0.0,0.0,False,a,,4.0,,,2526
50,195546,32,318,Emiliano Buendía Stati,Buendía,3,0.4,5.3,2,16,Away,2026-04-12T13:00:00Z,1,1,12,0,0,0,0,0,0,0,7,1,0.0,0.06,0.06,0.0,1,2.4,3.4,20.8,0.0,False,a,,,6.0,2.0,2526
51,469247,32,318,Samuel Iling-Junior,Iling Jr,3,0.0,5.5,2,16,Away,2026-04-12T13:00:00Z,1,1,0,0,0,0,0,0,0,0,0,0,0.0,0.0,0.0,0.0,0,0.0,0.0,0.0,0.0,False,u,has joined Pisa on loan for the rest of the season.,,,,2526
52,232653,32,315,Jacob Ramsey,J.Ramsey,3,0.2,5.3,15,8,Away,2026-04-12T13:00:00Z,1,2,6,0,0,0,1,0,0,0,6,1,0.0,0.01,0.01,0.85,1,0.5,4.2,0.6,0.0,False,a,,,,,2526
53,204646,32,318,Donyell Malen,Malen,3,0.4,5.1,2,16,Away,2026-04-12T13:00:00Z,1,1,0,0,0,0,0,0,0,0,0,0,0.0,0.0,0.0,0.0,0,0.0,0.0,0.0,0.0,False,u,has joined Roma on loan for the rest of the season.,,,,2526
54,122806,32,318,John McGinn,McGinn,3,0.6,5.3,2,16,Away,2026-04-12T13:00:00Z,1,1,90,0,0,0,1,1,0,0,16,1,0.1,0.07,0.17,1.15,5,4.4,9.4,14.8,20.0,False,a,,,,,2526
55,88894,32,318,Ross Barkley,Barkley,3,0.1,4.8,2,16,Away,2026-04-12T13:00:00Z,1,1,76,0,0,0,1,0,0,0,13,2,0.02,0.03,0.05,1.15,6,3.1,9.2,4.5,17.0,False,a,,,,,2526
56,491287,32,318,Enzo Barrenechea,Barrenechea,3,0.0,5.0,2,16,Away,2026-04-12T13:00:00Z,1,1,0,0,0,0,0,0,0,0,0,0,0.0,0.0,0.0,0.0,0,0.0,0.0,0.0,0.0,False,u,Season-long loan to Benfica,,,,2526
57,461421,32,318,Lewis Dobbin,Dobbin,3,0.0,5.0,2,16,Away,2026-04-12T13:00:00Z,1,1,0,0,0,0,0,0,0,0,0,0,0.0,0.0,0.0,0.0,0,0.0,0.0,0.0,0.0,False,u,Has joined Preston North End on loan for the rest of the season.,,,,2526
58,226944,32,318,Boubacar Kamara,Kamara,3,0.2,4.9,2,16,Away,2026-04-12T13:00:00Z,1,1,0,0,0,0,0,0,0,0,0,0,0.0,0.0,0.0,0.0,0,0.0,0.0,0.0,0.0,False,i,Knee injury - Expected back 01 Jun,,,,2526
59,449871,32,318,Amadou Onana,Onana,3,0.7,4.8,2,16,Away,2026-04-12T13:00:00Z,1,1,90,0,0,0,1,0,0,1,21,3,0.02,0.04,0.06,1.15,11,4.4,21.8,15.1,7.0,False,a,,,,,2526
60,577731,32,318,Ben Broggio,Broggio,3,0.2,4.4,2,16,Away,2026-04-12T13:00:00Z,1,1,0,0,0,0,0,0,0,0,0,0,0.0,0.0,0.0,0.0,0,0.0,0.0,0.0,0.0,False,u,has joined Falkirk on loan for the rest of the season.,,,,2526
61,151589,32,318,Leander Dendoncker,Dendoncker,3,0.1,4.5,2,16,Away,2026-04-12T13:00:00Z,1,1,0,0,0,0,0,0,0,0,0,0,0.0,0.0,0.0,0.0,0,0.0,0.0,0.0,0.0,False,u,Has joined Real Oviedo permanently.,,,,2526
62,559962,32,318,Jamaldeen Jimoh-Aloba,Jimoh-Aloba,3,0.1,4.5,2,16,Away,2026-04-12T13:00:00Z,1,1,0,0,0,0,0,0,0,0,0,0,0.0,0.0,0.0,0.0,0,0.0,0.0,0.0,0.0,False,u,has joined West Brom on loan for the rest of the season.,,,,2526
63,537403,32,318,Kadan Young,Young,3,0.5,4.3,2,16,Away,2026-04-12T13:00:00Z,1,1,0,0,0,0,0,0,0,0,0,0,0.0,0.0,0.0,0.0,0,0.0,0.0,0.0,0.0,False,u,has joined Reading on loan for the rest of the season.,,,,2526
64,178301,32,318,Ollie Watkins,Watkins,4,8.2,8.5,2,16,Away,2026-04-12T13:00:00Z,1,1,86,0,0,0,1,0,0,0,2,2,0.26,0.0,0.26,1.15,3,2.4,2.0,11.8,10.0,False,a,,,,3.0,2526
65,576756,32,318,Zépiqueno Redmond,Redmond,4,0.3,4.5,2,16,Away,2026-04-12T13:00:00Z,1,1,0,0,0,0,0,0,0,0,0,0,0.0,0.0,0.0,0.0,0,0.0,0.0,0.0,0.0,False,u,has joined Huddersfield Town on loan for the rest of the season.,,,,2526
66,69752,32,311,Norberto Murara Neto,Neto,1,0.1,4.5,4,1,Away,2026-04-11T11:30:00Z,2,1,0,0,0,0,0,0,0,0,0,0,0.0,0.0,0.0,0.0,0,0.0,0.0,0.0,0.0,False,u,Has joined Botafogo permanently.,,,,2526
67,457569,32,311,Đorđe Petrović,Petrović,1,5.7,4.6,4,1,Away,2026-04-11T11:30:00Z,2,1,90,0,0,0,1,0,0,0,10,2,0.0,0.0,0.0,2.32,0,1.4,14.2,0.0,0.0,False,a,,,,,2526
68,444172,32,311,Will Dennis,Dennis,1,0.7,4.0,4,1,Away,2026-04-11T11:30:00Z,2,1,0,0,0,0,0,0,0,0,0,0,0.0,0.0,0.0,0.0,0,0.0,0.0,0.0,0.0,False,u,has joined Leyton Orient on loan for the rest of the season.,,,,2526
69,568791,32,311,Callan McKenna,McKenna,1,0.2,3.9,4,1,Away,2026-04-11T11:30:00Z,2,1,0,0,0,0,0,0,0,0,0,0,0.0,0.0,0.0,0.0,0,0.0,0.0,0.0,0.0,False,a,,,,,2526
70,495145,32,311,Alex Paulsen,Paulsen,1,0.1,4.0,4,1,Away,2026-04-11T11:30:00Z,2,1,0,0,0,0,0,0,0,0,0,0,0.0,0.0,0.0,0.0,0,0.0,0.0,0.0,0.0,False,u,Has joined Lechia Gdansk on loan for the rest of the season.,,,,2526
71,477580,32,311,Illia Zabarnyi,Zabarnyi,2,0.0,5.0,4,1,Away,2026-04-11T11:30:00Z,2,1,0,0,0,0,0,0,0,0,0,0,0.0,0.0,0.0,0.0,0,0.0,0.0,0.0,0.0,False,u,Has joined Paris Saint-Germain permanently.,,,,2526
72,221466,32,311,Marcos Senesi Barón,Senesi,2,22.3,5.2,4,1,Away,2026-04-11T11:30:00Z,2,1,90,0,0,0,1,0,0,0,11,4,0.0,0.02,0.02,2.32,10,2.6,24.8,1.3,0.0,False,a,,,,,2526
73,54469,32,311,Adam Smith,Smith,2,0.2,4.4,4,1,Away,2026-04-11T11:30:00Z,2,1,1,0,0,0,0,0,0,0,3,1,0.0,0.0,0.0,0.13,0,0.0,0.0,0.0,0.0,False,a,,,,,2526
74,494521,32,311,Adrien Truffert,Truffert,2,4.3,4.7,4,1,Away,2026-04-11T11:30:00Z,2,1,90,0,1,0,1,1,0,0,9,4,0.0,0.01,0.01,2.32,7,1.1,6.6,2.6,2.0,False,a,,,,,2526
75,541462,32,311,Matai Akinmboni,Akinmboni,2,0.2,3.8,4,1,Away,2026-04-11T11:30:00Z,2,1,0,0,0,0,0,0,0,0,0,0,0.0,0.0,0.0,0.0,0,0.0,0.0,0.0,0.0,False,a,,,,,2526
76,518906,32,311,Owen Bevan,Bevan,2,0.2,3.8,4,1,Away,2026-04-11T11:30:00Z,2,1,0,0,0,0,0,0,0,0,0,0,0.0,0.0,0.0,0.0,0,0.0,0.0,0.0,0.0,False,a,,,,,2526
77,463981,32,311,James Hill,Hill,2,8.7,4.2,4,1,Away,2026-04-11T11:30:00Z,2,1,90,0,0,0,1,1,0,0,14,3,0.0,0.01,0.01,2.32,12,4.1,30.4,10.4,0.0,False,a,,,,,2526
78,436893,32,311,Julián Araujo Zúñiga,J.Araujo,2,0.5,3.8,4,1,Away,2026-04-11T11:30:00Z,2,1,0,0,0,0,0,0,0,0,0,0,0.0,0.0,0.0,0.0,0,0.0,0.0,0.0,0.0,False,u,has joined Celtic on loan for the rest of the season.,,,,2526
79,223911,32,311,Chris Mepham,Mepham,2,0.1,4.0,4,1,Away,2026-04-11T11:30:00Z,2,1,0,0,0,0,0,0,0,0,0,0,0.0,0.0,0.0,0.0,0,0.0,0.0,0.0,0.0,False,u,has joined West Bromwich Albion permanently.,,,,2526
80,575901,32,311,Julio Soler Barreto,Soler,2,0.2,3.9,4,1,Away,2026-04-11T11:30:00Z,2,1,0,0,0,0,0,0,0,0,0,0,0.0,0.0,0.0,0.0,0,0.0,0.0,0.0,0.0,False,a,,,,,2526
81,222683,32,311,Justin Kluivert,Kluivert,3,0.6,6.9,4,1,Away,2026-04-11T11:30:00Z,2,1,0,0,0,0,0,0,0,0,0,0,0.0,0.0,0.0,0.0,0,0.0,0.0,0.0,0.0,False,i,Knee injury - Expected back 09 May,,3.0,1.0,2526
82,437730,32,314,Antoine Semenyo,Semenyo,3,56.6,8.2,13,7,Away,2026-04-12T15:30:00Z,3,0,90,0,0,1,0,1,0,0,13,2,0.29,0.03,0.32,1.14,3,6.7,10.6,18.7,38.0,False,a,,,4.0,,2526
83,533463,32,312,Dango Ouattara,O.Dango,3,2.8,6.0,5,9,Home,2026-04-11T14:00:00Z,2,2,90,0,0,0,2,0,0,0,12,2,0.09,0.32,0.41,1.53,8,8.8,12.6,28.2,47.0,False,a,,3.0,,,2526
84,201658,32,311,Marcus Tavernier,Tavernier,3,5.0,5.4,4,1,Away,2026-04-11T11:30:00Z,2,1,90,0,0,0,1,0,0,0,14,2,0.01,0.05,0.06,2.32,9,3.2,10.8,17.8,3.0,False,a,,2.0,2.0,4.0,2526
85,200785,32,311,Tyler Adams,Adams,3,0.3,4.9,4,1,Away,2026-04-11T11:30:00Z,2,1,20,0,0,0,0,0,0,0,5,1,0.05,0.0,0.05,0.41,3,1.0,4.4,0.2,5.0,False,a,,,,,2526
86,111317,32,311,David Brooks,Brooks,3,0.2,5.0,4,1,Away,2026-04-11T11:30:00Z,2,1,20,0,0,0,0,0,0,0,6,1,0.0,0.03,0.03,0.41,5,0.5,4.6,0.8,0.0,False,a,,5.0,4.0,,2526
87,158499,32,311,Ryan Christie,Christie,3,0.2,4.9,4,1,Away,2026-04-11T11:30:00Z,2,1,69,0,0,0,1,0,0,0,11,2,0.04,0.02,0.06,1.91,6,1.3,6.4,3.3,3.0,False,a,,6.0,,,2526
88,155408,32,311,Lewis Cook,Cook,3,0.0,4.9,4,1,Away,2026-04-11T11:30:00Z,2,1,0,0,0,0,0,0,0,0,0,0,0.0,0.0,0.0,0.0,0,0.0,0.0,0.0,0.0,False,i,Hamstring injury - Unknown return date,4.0,,,2526
89,168991,32,311,Philip Billing,Philip,3,0.0,4.9,4,1,Away,2026-04-11T11:30:00Z,2,1,0,0,0,0,0,0,0,0,0,0,0.0,0.0,0.0,0.0,0,0.0,0.0,0.0,0.0,False,u,has joined Midtjylland permanently.,,,,2526
90,503139,32,311,Alex Scott,Scott,3,2.3,5.0,4,1,Away,2026-04-11T11:30:00Z,2,1,90,1,0,0,1,0,0,3,33,12,0.39,0.05,0.44,2.32,13,8.7,54.4,12.4,20.0,True,a,,3.0,6.0,,2526
91,224995,32,311,Luis Sinisterra Lucumí,Sinisterra,3,0.0,5.0,4,1,Away,2026-04-11T11:30:00Z,2,1,0,0,0,0,0,0,0,0,0,0,0.0,0.0,0.0,0.0,0,0.0,0.0,0.0,0.0,False,u,has joined Cruzeiro on loan for the rest of the season.,,,,2526
92,441240,32,311,Romain Faivre,Faivre,3,0.1,4.5,4,1,Away,2026-04-11T11:30:00Z,2,1,0,0,0,0,0,0,0,0,0,0,0.0,0.0,0.0,0.0,0,0.0,0.0,0.0,0.0,False,u,has joined Auxerre permanently.,,,,2526
93,424044,32,311,Hamed Traorè,H.Traorè,3,0.3,4.5,4,1,Away,2026-04-11T11:30:00Z,2,1,0,0,0,0,0,0,0,0,0,0,0.0,0.0,0.0,0.0,0,0.0,0.0,0.0,0.0,False,u,has joined Marseille on loan for the rest of the season.,,,,2526
94,550596,32,311,Dominic Sadi,Sadi,3,0.0,4.5,4,1,Away,2026-04-11T11:30:00Z,2,1,0,0,0,0,0,0,0,0,0,0,0.0,0.0,0.0,0.0,0,0.0,0.0,0.0,0.0,False,u,has joined Novi Pazar on loan for the rest of the season.,,,,2526
95,530121,32,311,Zain Silcott-Duberry,Silcott-Duberry,3,0.1,4.4,4,1,Away,2026-04-11T11:30:00Z,2,1,0,0,0,0,0,0,0,0,0,0,0.0,0.0,0.0,0.0,0,0.0,0.0,0.0,0.0,False,u,has joined Olympiakos permanently.,,,,2526
96,606775,32,311,Ben Winterburn,Winterburn,3,0.0,4.5,4,1,Away,2026-04-11T11:30:00Z,2,1,0,0,0,0,0,0,0,0,0,0,0.0,0.0,0.0,0.0,0,0.0,0.0,0.0,0.0,False,u,has joined Barnet on loan for the rest of the season.,,,,2526
97,444102,32,311,Francisco Evanilson de Lima Barbosa,Evanilson,4,2.5,6.7,4,1,Away,2026-04-11T11:30:00Z,2,1,89,0,1,0,1,0,0,0,22,5,0.04,0.03,0.07,2.19,6,6.2,25.2,13.9,23.0,False,a,,,,,2526
98,168636,32,311,Enes Ünal,Enes Ünal,4,0.0,5.4,4,1,Away,2026-04-11T11:30:00Z,2,1,1,0,0,0,0,0,0,0,3,1,0.0,0.0,0.0,0.13,0,0.1,1.0,0.0,0.0,False,a,,,1.0,,2526
99,590760,32,311,Daniel Adu-Adjei,Adu-Adjei,4,0.1,4.4,4,1,Away,2026-04-11T11:30:00Z,2,1,0,0,0,0,0,0,0,0,0,0,0.0,0.0,0.0,0.0,0,0.0,0.0,0.0,0.0,False,u,has joined HNK Rijeka permanently.,,,,2526
100,560262,32,311,Junior Kroupi,Kroupi.Jr,4,5.7,4.6,4,1,Away,2026-04-11T11:30:00Z,2,1,84,1,0,0,1,1,0,1,25,6,0.66,0.0,0.66,2.08,2,7.7,30.6,0.8,46.0,False,a,,,,2.0,2526
101,200720,32,312,Caoimhín Kelleher,Kelleher,1,12.9,4.8,5,9,Home,2026-04-11T14:00:00Z,2,2,90,0,0,0,2,0,0,0,14,2,0.0,0.0,0.0,1.53,0,3.8,37.6,0.0,0.0,False,a,,,,,2526
102,235448,32,312,Ellery Balcombe,Balcombe,1,0.3,3.9,5,9,Home,2026-04-11T14:00:00Z,2,2,0,0,0,0,0,0,0,0,0,0,0.0,0.0,0.0,0.0,0,0.0,0.0,0.0,0.0,False,a,,,,,2526
103,503300,32,312,Matthew Cox,Cox,1,0.1,3.9,5,9,Home,2026-04-11T14:00:00Z,2,2,0,0,0,0,0,0,0,0,0,0,0.0,0.0,0.0,0.0,0,0.0,0.0,0.0,0.0,False,u,has joined Shrewsbury Town on loan for the rest of the season.,,,,2526
104,535017,32,312,Julian Eyestone,Eyestone,1,0.1,3.9,5,9,Home,2026-04-11T14:00:00Z,2,2,0,0,0,0,0,0,0,0,0,0,0.0,0.0,0.0,0.0,0,0.0,0.0,0.0,0.0,False,a,,,,,2526
105,507433,32,312,Hákon Rafn Valdimarsson,Valdimarsson,1,0.6,3.8,5,9,Home,2026-04-11T14:00:00Z,2,2,0,0,0,0,0,0,0,0,0,0,0.0,0.0,0.0,0.0,0,0.0,0.0,0.0,0.0,False,a,,,,,2526
106,432830,32,312,Nathan Collins,Collins,2,2.8,4.9,5,9,Home,2026-04-11T14:00:00Z,2,2,90,0,0,0,2,0,0,0,10,3,0.24,0.01,0.25,1.53,11,3.2,19.0,1.2,12.0,False,a,,,,,2526
107,249231,32,312,Keane Lewis-Potter,Lewis-Potter,2,1.6,4.8,5,9,Home,2026-04-11T14:00:00Z,2,2,90,0,0,0,2,0,0,0,10,1,0.02,0.52,0.54,1.53,6,6.8,20.0,39.8,8.0,False,a,,,1.0,,2526
108,191866,32,312,Kristoffer Ajer,Ajer,2,0.2,4.4,5,9,Home,2026-04-11T14:00:00Z,2,2,0,0,0,0,0,0,0,0,0,0,0.0,0.0,0.0,0.0,0,0.0,0.0,0.0,0.0,False,a,,,,,2526
109,194010,32,312,Rico Henry,Henry,2,0.1,4.3,5,9,Home,2026-04-11T14:00:00Z,2,2,0,0,0,0,0,0,0,0,0,0,0.0,0.0,0.0,0.0,0,0.0,0.0,0.0,0.0,False,i,Hamstring injury - Unknown return date,,,,2526
110,607464,32,312,Michael Kayode,Kayode,2,1.1,4.6,5,9,Home,2026-04-11T14:00:00Z,2,2,90,0,1,0,2,0,0,0,21,4,0.09,0.01,0.1,1.53,7,5.9,37.0,13.0,9.0,False,a,,,,,2526
111,231065,32,312,Ethan Pinnock,Pinnock,2,0.1,4.2,5,9,Home,2026-04-11T14:00:00Z,2,2,0,0,0,0,0,0,0,0,0,0,0.0,0.0,0.0,0.0,0,0.0,0.0,0.0,0.0,False,a,,,,,2526
112,226956,32,312,Mads Roerslev Rasmussen,Roerslev,2,0.0,4.5,5,9,Home,2026-04-11T14:00:00Z,2,2,0,0,0,0,0,0,0,0,0,0,0.0,0.0,0.0,0.0,0,0.0,0.0,0.0,0.0,False,u,Has joined Southampton permanently.,,,,2526
113,444765,32,312,Sepp van den Berg,Van den Berg,2,1.4,4.6,5,9,Home,2026-04-11T14:00:00Z,2,2,90,0,0,0,2,0,0,0,10,3,0.0,0.09,0.09,1.53,11,5.2,37.4,14.3,0.0,False,a,,,,,2526
114,622536,32,312,Benjamin Arthur,Arthur,2,0.2,3.8,5,9,Home,2026-04-11T14:00:00Z,2,2,0,0,0,0,0,0,0,0,0,0,0.0,0.0,0.0,0.0,0,0.0,0.0,0.0,0.0,False,u,has joined Celtic on loan for the rest of the season.,,,,2526
115,612534,32,312,Benjamin Fredrick,Fredrick,2,0.1,4.0,5,9,Home,2026-04-11T14:00:00Z,2,2,0,0,0,0,0,0,0,0,0,0,0.0,0.0,0.0,0.0,0,0.0,0.0,0.0,0.0,False,u,has joined Dender on loan for the rest of the season.,,,,2526
116,472713,32,312,Aaron Hickey,Hickey,2,0.3,4.0,5,9,Home,2026-04-11T14:00:00Z,2,2,0,0,0,0,0,0,0,0,0,0,0.0,0.0,0.0,0.0,0,0.0,0.0,0.0,0.0,False,d,Hamstring injury - 50% chance of playing,,,,2526
117,570241,32,312,Kim Ji-soo,Ji-soo,2,0.1,3.9,5,9,Home,2026-04-11T14:00:00Z,2,2,0,0,0,0,0,0,0,0,0,0,0.0,0.0,0.0,0.0,0,0.0,0.0,0.0,0.0,False,u,has joined Kaiserslautern on loan for the rest of the season.,,,,2526
118,499717,32,312,Jayden Meghoma,Meghoma,2,0.0,4.0,5,9,Home,2026-04-11T14:00:00Z,2,2,0,0,0,0,0,0,0,0,0,0,0.0,0.0,0.0,0.0,0,0.0,0.0,0.0,0.0,False,u,Has joined Rangers on loan for the rest of the season.,,,,2526
119,446008,32,317,Bryan Mbeumo,Mbeumo,3,20.1,8.5,14,11,Home,2026-04-13T19:00:00Z,1,2,20,0,0,0,0,0,0,0,3,1,0.07,0.19,0.26,0.35,1,3.2,3.6,15.3,13.0,False,a,,2.0,2.0,,2526
120,513418,32,312,Kevin Schade,Schade,3,1.8,7.0,5,9,Home,2026-04-11T14:00:00Z,2,2,90,0,1,0,2,0,0,0,11,5,0.94,0.01,0.95,1.53,5,4.4,1.4,11.5,31.0,False,a,,,,3.0,2526
121,440089,32,312,Mikkel Damsgaard,Damsgaard,3,0.8,5.6,5,9,Home,2026-04-11T14:00:00Z,2,2,45,0,0,0,1,0,0,0,3,1,0.01,0.0,0.01,0.8,5,0.9,2.2,5.3,1.0,False,a,,,3.0,,2526
122,543295,32,312,Antoni Milambo,Milambo,3,0.0,5.2,5,9,Home,2026-04-11T14:00:00Z,2,2,0,0,0,0,0,0,0,0,0,0,0.0,0.0,0.0,0.0,0,0.0,0.0,0.0,0.0,False,i,Knee injury - Expected back 01 Jun,,,,2526
123,244858,32,312,Fábio Freitas Gouveia Carvalho,Carvalho,3,0.1,4.6,5,9,Home,2026-04-11T14:00:00Z,2,2,0,0,0,0,0,0,0,0,0,0,0.0,0.0,0.0,0.0,0,0.0,0.0,0.0,0.0,False,i,Knee injury - Expected back 01 Jun,,,4.0,2526
124,56979,32,312,Jordan Henderson,Henderson,3,0.3,5.0,5,9,Home,2026-04-11T14:00:00Z,2,2,0,0,0,0,0,0,0,0,0,0,0.0,0.0,0.0,0.0,0,0.0,0.0,0.0,0.0,False,d,Knock - 25% chance of playing,,,,2526
125,204580,32,312,Vitaly Janelt,Janelt,3,0.1,4.9,5,9,Home,2026-04-11T14:00:00Z,2,2,0,0,0,0,0,0,0,0,0,0,0.0,0.0,0.0,0.0,0,0.0,0.0,0.0,0.0,False,i,Foot injury - Unknown return date,2.0,,,2526
126,207283,32,312,Mathias Jensen,Jensen,3,0.1,4.9,5,9,Home,2026-04-11T14:00:00Z,2,2,90,0,0,0,2,0,0,0,20,2,0.05,0.2,0.25,1.53,10,8.4,16.6,47.9,19.0,False,a,,1.0,2.0,5.0,2526
127,626464,32,312,Gustavo Nunes Fernandes Gomes,Nunes,3,0.0,4.9,5,9,Home,2026-04-11T14:00:00Z,2,2,0,0,0,0,0,0,0,0,0,0,0.0,0.0,0.0,0.0,0,0.0,0.0,0.0,0.0,False,u,has joined Swansea City on loan for the rest of the season.,,,,2526
128,428580,32,312,Frank Onyeka,Onyeka,3,0.0,4.8,5,9,Home,2026-04-11T14:00:00Z,2,2,0,0,0,0,0,0,0,0,0,0,0.0,0.0,0.0,0.0,0,0.0,0.0,0.0,0.0,False,u,has joined Coventry City on loan for the rest of the season.,,,,2526
129,508395,32,312,Yehor Yarmoliuk,Yarmoliuk,3,0.1,5.0,5,9,Home,2026-04-11T14:00:00Z,2,2,90,0,0,0,2,0,0,0,15,4,0.0,0.02,0.02,1.53,13,1.8,14.4,4.0,0.0,False,a,,,,,2526
130,606689,32,312,Romelle Donovan,Donovan,3,0.1,4.4,5,9,Home,2026-04-11T14:00:00Z,2,2,0,0,0,0,0,0,0,0,0,0,0.0,0.0,0.0,0.0,0,0.0,0.0,0.0,0.0,False,a,,,,,2526
131,628204,32,312,Yunus Emre Konak,Konak,3,0.1,4.3,5,9,Home,2026-04-11T14:00:00Z,2,2,0,0,0,0,0,0,0,0,0,0,0.0,0.0,0.0,0.0,0,0.0,0.0,0.0,0.0,False,u,has joined Oxford United on loan for the rest of the season.,,,,2526
132,220695,32,312,Paris Maghoma,Maghoma,3,0.0,4.5,5,9,Home,2026-04-11T14:00:00Z,2,2,0,0,0,0,0,0,0,0,0,0,0.0,0.0,0.0,0.0,0,0.0,0.0,0.0,0.0,False,u,has joined Norwich City permanently.,,,,2526
133,450539,32,312,Myles Peart-Harris,Peart-Harris,3,0.0,4.4,5,9,Home,2026-04-11T14:00:00Z,2,2,0,0,0,0,0,0,0,0,0,0,0.0,0.0,0.0,0.0,0,0.0,0.0,0.0,0.0,False,u,has joined Oxford United permanently.,,,,2526
134,591357,32,312,Ryan Trevitt,Trevitt,3,0.0,4.5,5,9,Home,2026-04-11T14:00:00Z,2,2,0,0,0,0,0,0,0,0,0,0,0.0,0.0,0.0,0.0,0,0.0,0.0,0.0,0.0,False,u,Has joined Wigan on loan for the rest of the season,,,,2526
135,216646,32,315,Yoane Wissa,Wissa,4,0.6,7.3,15,8,Away,2026-04-12T13:00:00Z,1,2,1,0,0,0,0,0,0,0,3,1,0.0,0.0,0.0,0.06,0,0.0,0.0,0.0,0.0,False,a,,,,,2526
136,502500,32,312,Igor Thiago Nascimento Rodrigues,Thiago,4,34.0,7.3,5,9,Home,2026-04-11T14:00:00Z,2,2,90,2,0,0,2,0,0,3,49,13,1.41,0.06,1.47,1.53,6,14.1,74.4,14.9,52.0,True,a,,,,2.0,2526
137,533710,32,312,Iwan Morgan,Morgan,4,0.3,4.4,5,9,Home,2026-04-11T14:00:00Z,2,2,0,0,0,0,0,0,0,0,0,0,0.0,0.0,0.0,0.0,0,0.0,0.0,0.0,0.0,False,u,has joined Shrewsbury on loan for the rest of the season.,,,,2526
138,49262,32,313,Jason Steele,Steele,1,0.2,4.2,6,3,Away,2026-04-11T14:00:00Z,2,0,0,0,0,0,0,0,0,0,0,0,0.0,0.0,0.0,0.0,0,0.0,0.0,0.0,0.0,False,a,,,,,2526
139,489639,32,313,Bart Verbruggen,Verbruggen,1,8.9,4.5,6,3,Away,2026-04-11T14:00:00Z,2,0,90,0,0,1,0,0,0,2,36,9,0.0,0.0,0.0,0.88,0,4.0,40.0,0.0,0.0,False,a,,,,,2526
140,209288,32,313,Tom McGill,McGill,1,0.3,3.9,6,3,Away,2026-04-11T14:00:00Z,2,0,0,0,0,0,0,0,0,0,0,0,0.0,0.0,0.0,0.0,0,0.0,0.0,0.0,0.0,False,a,,,,,2526
141,472739,32,313,Carl Rushworth,Rushworth,1,0.0,4.0,6,3,Away,2026-04-11T14:00:00Z,2,0,0,0,0,0,0,0,0,0,0,0,0.0,0.0,0.0,0.0,0,0.0,0.0,0.0,0.0,False,u,Has joined Coventry City on loan for the rest of the season.,,,,2526
142,240514,32,313,Kjell Scherpen,Scherpen,1,0.0,4.0,6,3,Away,2026-04-11T14:00:00Z,2,0,0,0,0,0,0,0,0,0,0,0,0.0,0.0,0.0,0.0,0,0.0,0.0,0.0,0.0,False,u,Has joined Union SG permanently,,,,2526
143,204120,32,313,Olivier Boscagli,Boscagli,2,0.1,4.2,6,3,Away,2026-04-11T14:00:00Z,2,0,90,0,0,1,0,0,0,2,36,10,0.0,0.02,0.02,0.88,17,4.4,32.6,11.1,0.0,False,a,,3.0,,,2526
144,550090,32,313,Diego Coppola,Coppola,2,0.0,4.2,6,3,Away,2026-04-11T14:00:00Z,2,0,0,0,0,0,0,0,0,0,0,0,0.0,0.0,0.0,0.0,0,0.0,0.0,0.0,0.0,False,u,has joined Paris FC on loan for the rest of the season.,,,,2526
145,465730,32,313,Maxim De Cuyper,De Cuyper,2,1.6,4.3,6,3,Away,2026-04-11T14:00:00Z,2,0,0,0,0,0,0,0,0,0,0,0,0.0,0.0,0.0,0.0,0,0.0,0.0,0.0,0.0,False,a,,,1.0,,2526
146,83299,32,313,Lewis Dunk,Dunk,2,0.9,4.5,6,3,Away,2026-04-11T14:00:00Z,2,0,0,0,0,0,0,0,0,0,0,0,0.0,0.0,0.0,0.0,0,0.0,0.0,0.0,0.0,False,s,Suspended until 26 Apr,,3.0,,2526
147,204214,32,313,Pervis Estupiñán Tenorio,Estupiñan,2,0.0,4.5,6,3,Away,2026-04-11T14:00:00Z,2,0,0,0,0,0,0,0,0,0,0,0,0.0,0.0,0.0,0.0,0,0.0,0.0,0.0,0.0,False,u,Has joined AC Milan permanently,,,,2526
148,231416,32,313,Ferdi Kadıoğlu,F.Kadıoğlu,2,0.7,4.4,6,3,Away,2026-04-11T14:00:00Z,2,0,90,0,0,1,0,0,0,0,34,6,0.02,0.03,0.05,0.88,9,2.4,17.4,3.5,3.0,False,a,,,,,2526
149,223434,32,313,Igor Julio dos Santos de Paulo,Igor,2,0.1,4.5,6,3,Away,2026-04-11T14:00:00Z,2,0,0,0,0,0,0,0,0,0,0,0,0.0,0.0,0.0,0.0,0,0.0,0.0,0.0,0.0,False,a,,,,,2526
150,232792,32,313,Tariq Lamptey,Lamptey,2,0.1,4.4,6,3,Away,2026-04-11T14:00:00Z,2,0,0,0,0,0,0,0,0,0,0,0,0.0,0.0,0.0,0.0,0,0.0,0.0,0.0,0.0,False,u,has joined Fiorentina permanently.,,,,2526
151,469142,32,313,Jan Paul van Hecke,Van Hecke,2,10.0,4.5,6,3,Away,2026-04-11T14:00:00Z,2,0,90,0,0,1,0,1,0,0,24,5,0.0,0.11,0.11,0.88,6,3.2,17.8,14.6,0.0,False,a,,,,,2526
152,111478,32,313,Joël Veltman,Veltman,2,0.1,4.3,6,3,Away,2026-04-11T14:00:00Z,2,0,2,0,0,0,0,0,0,0,3,1,0.0,0.0,0.0,0.0,0,0.0,0.0,0.0,0.0,False,a,,,,,2526
153,110735,32,313,Adam Webster,Webster,2,0.0,4.4,6,3,Away,2026-04-11T14:00:00Z,2,0,0,0,0,0,0,0,0,0,0,0,0.0,0.0,0.0,0.0,0,0.0,0.0,0.0,0.0,False,i,Knee injury - Unknown return date,,,,2526
154,439135,32,313,Eiran Cashin,Cashin,2,0.0,4.0,6,3,Away,2026-04-11T14:00:00Z,2,0,0,0,0,0,0,0,0,0,0,0,0.0,0.0,0.0,0.0,0,0.0,0.0,0.0,0.0,False,u,has joined Blackburn Rovers on loan for the rest of the season.,,,,2526
155,589100,32,313,Jacob Slater,Slater,2,0.1,4.0,6,3,Away,2026-04-11T14:00:00Z,2,0,0,0,0,0,0,0,0,0,0,0,0.0,0.0,0.0,0.0,0,0.0,0.0,0.0,0.0,False,u,has joined Harrogate Town on loan until January.,,,,2526
156,547720,32,313,Charlie Tasker,Tasker,2,0.2,3.8,6,3,Away,2026-04-11T14:00:00Z,2,0,0,0,0,0,0,0,0,0,0,0,0.0,0.0,0.0,0.0,0,0.0,0.0,0.0,0.0,False,a,,,,,2526
157,451340,32,313,Mitoma Kaoru,Mitoma,3,2.2,6.1,6,3,Away,2026-04-11T14:00:00Z,2,0,10,0,0,0,0,0,0,0,7,1,0.0,0.06,0.06,0.04,4,1.2,5.0,1.3,6.0,False,a,,,,,2526
158,463067,32,313,Georginio Rutter,Georginio,3,0.3,5.6,6,3,Away,2026-04-11T14:00:00Z,2,0,15,0,0,0,0,0,0,0,3,1,0.02,0.0,0.02,0.04,4,1.0,3.6,0.4,6.0,False,a,,,,,2526
159,109345,32,313,Solly March,March,3,0.0,5.8,6,3,Away,2026-04-11T14:00:00Z,2,0,0,0,0,0,0,0,0,0,0,0,0.0,0.0,0.0,0.0,0,0.0,0.0,0.0,0.0,False,a,,,,,2526
160,592031,32,313,Yankuba Minteh,Minteh,3,2.7,5.5,6,3,Away,2026-04-11T14:00:00Z,2,0,79,0,0,1,0,0,0,0,13,3,0.09,0.2,0.29,0.84,7,7.3,11.0,40.5,21.0,False,a,,5.0,,,2526
161,474120,32,313,Julio Enciso Espínola,Enciso,3,0.0,5.4,6,3,Away,2026-04-11T14:00:00Z,2,0,0,0,0,0,0,0,0,0,0,0,0.0,0.0,0.0,0.0,0,0.0,0.0,0.0,0.0,False,u,has joined Strasbourg permanently.,,,,2526
162,513433,32,313,Brajan Gruda,Gruda,3,0.0,5.4,6,3,Away,2026-04-11T14:00:00Z,2,0,0,0,0,0,0,0,0,0,0,0,0.0,0.0,0.0,0.0,0,0.0,0.0,0.0,0.0,False,u,has joined Leipzig on loan for the rest of the season.,,,,2526
163,532529,32,313,Jack Hinshelwood,Hinshelwood,3,0.4,5.1,6,3,Away,2026-04-11T14:00:00Z,2,0,74,0,0,1,0,0,0,0,12,3,0.45,0.32,0.77,0.84,9,5.7,10.4,14.3,32.0,False,a,,,,,2526
164,219249,32,313,Matt O'Riley,O'Riley,3,0.3,5.5,6,3,Away,2026-04-11T14:00:00Z,2,0,0,0,0,0,0,0,0,0,0,0,0.0,0.0,0.0,0.0,0,0.0,0.0,0.0,0.0,False,a,,,,3.0,2526
165,516211,32,313,Abdallah Sima,Sima,3,0.0,5.4,6,3,Away,2026-04-11T14:00:00Z,2,0,0,0,0,0,0,0,0,0,0,0,0.0,0.0,0.0,0.0,0,0.0,0.0,0.0,0.0,False,u,has joined Lens permanently.,,,,2526
166,509416,32,313,Yasin Ayari,Ayari,3,0.4,4.8,6,3,Away,2026-04-11T14:00:00Z,2,0,90,0,1,1,0,0,0,0,30,8,0.0,0.02,0.02,0.88,17,7.0,40.6,22.9,6.0,False,a,,,2.0,,2526
167,535301,32,313,Carlos Baleba,Baleba,3,1.5,4.5,6,3,Away,2026-04-11T14:00:00Z,2,0,15,0,0,0,0,0,0,0,3,1,0.0,0.0,0.0,0.04,2,0.2,1.4,0.1,0.0,False,a,,,,,2526
168,536916,32,317,Facundo Buonanotte,Buonanotte,3,0.1,4.6,11,14,Away,2026-04-13T19:00:00Z,2,1,0,0,0,0,0,0,0,0,0,0,0.0,0.0,0.0,0.0,0,0.0,0.0,0.0,0.0,False,a,,,,,2526
169,514254,32,313,Diego Gómez Amarilla,Gomez,3,0.9,4.9,6,3,Away,2026-04-11T14:00:00Z,2,0,87,0,0,1,0,0,0,0,9,5,0.04,0.11,0.15,0.88,12,2.2,7.0,6.8,8.0,False,a,,,5.0,,2526
170,15157,32,313,James Milner,Milner,3,0.1,4.9,6,3,Away,2026-04-11T14:00:00Z,2,0,0,0,0,0,0,0,0,0,0,0,0.0,0.0,0.0,0.0,0,0.0,0.0,0.0,0.0,False,d,Knock - 75% chance of playing,,,1.0,2526
171,441192,32,313,Jeremy Sarmiento Morante,Sarmiento,3,0.0,4.9,6,3,Away,2026-04-11T14:00:00Z,2,0,0,0,0,0,0,0,0,0,0,0,0.0,0.0,0.0,0.0,0,0.0,0.0,0.0,0.0,False,u,has joined Middlesbrough on loan for the rest of the season.,,,,2526
172,549074,32,313,Tom Watson,Watson,3,0.0,4.8,6,3,Away,2026-04-11T14:00:00Z,2,0,0,0,0,0,0,0,0,0,0,0,0.0,0.0,0.0,0.0,0,0.0,0.0,0.0,0.0,False,u,has joined Millwall on loan for the rest of the season.,,,,2526
173,467779,32,313,Mats Wieffer,Wieffer,3,0.5,4.9,6,3,Away,2026-04-11T14:00:00Z,2,0,90,2,0,1,0,0,0,3,60,18,0.25,0.0,0.25,0.88,14,11.5,90.4,0.8,24.0,True,a,,,,,2526
174,611695,32,313,Malick Yalcouyé,Yalcouye,3,0.0,5.0,6,3,Away,2026-04-11T14:00:00Z,2,0,0,0,0,0,0,0,0,0,0,0,0.0,0.0,0.0,0.0,0,0.0,0.0,0.0,0.0,False,u,Has joined Swansea City on loan for the rest of the season.,,,,2526
175,567121,32,313,Joe Knight,Knight,3,0.1,4.4,6,3,Away,2026-04-11T14:00:00Z,2,0,0,0,0,0,0,0,0,0,0,0,0.0,0.0,0.0,0.0,0,0.0,0.0,0.0,0.0,False,u,has joined Stevenage permanently.,,,,2526
176,550141,32,313,Adrian Mazilu,Mazilu,3,0.0,4.5,6,3,Away,2026-04-11T14:00:00Z,2,0,0,0,0,0,0,0,0,0,0,0,0.0,0.0,0.0,0.0,0,0.0,0.0,0.0,0.0,False,u,has joined Dinamo Bucharest permanently.,,,,2526
177,513834,32,313,Andrew Moran,Moran,3,0.0,4.5,6,3,Away,2026-04-11T14:00:00Z,2,0,0,0,0,0,0,0,0,0,0,0,0.0,0.0,0.0,0.0,0,0.0,0.0,0.0,0.0,False,u,Has joined Los Angeles FC on loan for the rest of the season.,,,,2526
178,50175,32,313,Danny Welbeck,Welbeck,4,8.3,6.2,6,3,Away,2026-04-11T14:00:00Z,2,0,74,0,0,1,0,0,0,0,9,2,1.06,0.03,1.09,0.84,6,12.0,17.4,11.8,91.0,False,a,,,4.0,2.0,2526
179,487117,32,313,Evan Ferguson,Ferguson,4,0.0,5.5,6,3,Away,2026-04-11T14:00:00Z,2,0,0,0,0,0,0,0,0,0,0,0,0.0,0.0,0.0,0.0,0,0.0,0.0,0.0,0.0,False,u,Has joined AS Roma on loan for the rest of the season,,,,2526
180,608181,32,313,Stefanos Tzimas,Tzimas,4,0.1,5.2,6,3,Away,2026-04-11T14:00:00Z,2,0,0,0,0,0,0,0,0,0,0,0,0.0,0.0,0.0,0.0,0,0.0,0.0,0.0,0.0,False,i,Knee injury - Expected back 01 Jun,,,,2526
181,647850,32,313,Charalampos Kostoulas,Kostoulas,4,0.3,4.8,6,3,Away,2026-04-11T14:00:00Z,2,0,0,0,0,0,0,0,0,0,0,0,0.0,0.0,0.0,0.0,0,0.0,0.0,0.0,0.0,False,a,,,,,2526
182,432720,32,314,James Trafford,Trafford,1,0.9,4.5,13,7,Away,2026-04-12T15:30:00Z,3,0,0,0,0,0,0,0,0,0,0,0,0.0,0.0,0.0,0.0,0,0.0,0.0,0.0,0.0,False,a,,,,,2526
183,518030,32,313,Max Weiß,Weiss,1,0.1,4.3,3,6,Home,2026-04-11T14:00:00Z,0,2,0,0,0,0,0,0,0,0,0,0,0.0,0.0,0.0,0.0,0,0.0,0.0,0.0,0.0,False,a,,,,,2526
184,489571,32,313,Etienne Green,Green,1,0.2,4.0,3,6,Home,2026-04-11T14:00:00Z,0,2,0,0,0,0,0,0,0,0,0,0,0.0,0.0,0.0,0.0,0,0.0,0.0,0.0,0.0,False,u,has joined FC Fredericia permanently.,,,,2526
185,51943,32,313,Václav Hladký,Hladký,1,0.2,3.9,3,6,Home,2026-04-11T14:00:00Z,0,2,0,0,0,0,0,0,0,0,0,0,0.0,0.0,0.0,0.0,0,0.0,0.0,0.0,0.0,False,a,,,,,2526
186,192290,32,313,Connor Roberts,Roberts,2,0.0,4.3,3,6,Home,2026-04-11T14:00:00Z,0,2,0,0,0,0,0,0,0,0,0,0,0.0,0.0,0.0,0.0,0,0.0,0.0,0.0,0.0,False,i,Achilles injury - Unknown return date,,,,2526
187,58621,32,313,Kyle Walker,Walker,2,1.1,4.4,3,6,Home,2026-04-11T14:00:00Z,0,2,8,0,0,0,1,0,0,0,3,1,0.0,0.0,0.0,0.13,3,0.6,5.4,0.8,0.0,False,a,,,,,2526
188,247245,32,313,Hannes Delcroix,Delcroix,2,0.2,3.8,3,6,Home,2026-04-11T14:00:00Z,0,2,0,0,0,0,0,0,0,0,0,0,0.0,0.0,0.0,0.0,0,0.0,0.0,0.0,0.0,False,u,has joined Lugano permanently.,,,,2526
189,461567,32,313,Owen Dodgson,Dodgson,2,0.0,4.0,3,6,Home,2026-04-11T14:00:00Z,0,2,0,0,0,0,0,0,0,0,0,0,0.0,0.0,0.0,0.0,0,0.0,0.0,0.0,0.0,False,u,Has joined Stockport County on loan for the rest of the season.,,,,2526
190,478969,32,313,Hjalmar Ekdal,Ekdal,2,0.7,3.8,3,6,Home,2026-04-11T14:00:00Z,0,2,90,0,0,0,2,0,0,0,15,1,0.0,0.01,0.01,1.93,8,2.4,22.6,0.9,0.0,False,a,,,,,2526
191,477717,32,313,Maxime Estève,Estève,2,7.5,3.9,3,6,Home,2026-04-11T14:00:00Z,0,2,90,0,0,0,2,1,0,0,6,2,0.0,0.0,0.0,1.93,11,2.3,20.0,0.9,2.0,False,a,,,,,2526
192,494960,32,313,Quilindschy Hartman,Hartman,2,0.6,4.0,3,6,Home,2026-04-11T14:00:00Z,0,2,81,0,0,0,1,0,0,0,5,2,0.0,0.02,0.02,1.81,4,1.1,8.6,2.6,0.0,False,a,,,,,2526
193,461188,32,313,Bashir Humphreys,Humphreys,2,0.1,3.9,3,6,Home,2026-04-11T14:00:00Z,0,2,81,0,0,0,1,0,0,0,14,2,0.05,0.03,0.08,1.81,7,5.9,24.4,21.5,13.0,False,a,,,,,2526
194,241231,32,313,Jordan Beyer,Jordan,2,0.1,3.9,3,6,Home,2026-04-11T14:00:00Z,0,2,0,0,0,0,0,0,0,0,0,0,0.0,0.0,0.0,0.0,0,0.0,0.0,0.0,0.0,False,i,Hamstring injury - Unknown return date,,,,2526
195,549329,32,313,Lucas Pires Silva,Lucas Pires,2,0.3,3.8,3,6,Home,2026-04-11T14:00:00Z,0,2,8,0,0,0,1,0,0,0,-1,1,0.0,0.0,0.0,0.13,2,0.2,2.0,0.3,0.0,False,a,,,,,2526
196,450072,32,313,Shurandy Sambo,Sambo,2,0.0,4.0,3,6,Home,2026-04-11T14:00:00Z,0,2,0,0,0,0,0,0,0,0,0,0,0.0,0.0,0.0,0.0,0,0.0,0.0,0.0,0.0,False,u,has joined Sparta Rotterdam on loan for the rest of the season.,,,,2526
197,519895,32,313,Oliver Sonne,Sonne,2,0.2,3.8,3,6,Home,2026-04-11T14:00:00Z,0,2,0,0,0,0,0,0,0,0,0,0,0.0,0.0,0.0,0.0,0,0.0,0.0,0.0,0.0,False,u,has joined Sparta Prague on loan for the rest of the season.,,,,2526
198,180804,32,313,Axel Tuanzebe,Tuanzebe,2,0.9,3.9,3,6,Home,2026-04-11T14:00:00Z,0,2,0,0,0,0,0,0,0,0,0,0,0.0,0.0,0.0,0.0,0,0.0,0.0,0.0,0.0,False,a,,,,,2526
199,208912,32,313,Joe Worrall,Worrall,2,0.2,3.8,3,6,Home,2026-04-11T14:00:00Z,0,2,0,0,0,0,0,0,0,0,0,0,0.0,0.0,0.0,0.0,0,0.0,0.0,0.0,0.0,False,a,,,,,2526
200,444180,32,313,Jaidon Anthony,Anthony,3,2.1,5.0,3,6,Home,2026-04-11T14:00:00Z,0,2,90,0,0,0,2,0,0,0,5,2,0.34,0.03,0.37,1.93,4,6.3,13.6,14.4,35.0,False,a,,2.0,,,2526
201,183751,32,313,Manuel Benson Hedilazio,Benson,3,0.0,5.4,3,6,Home,2026-04-11T14:00:00Z,0,2,0,0,0,0,0,0,0,0,0,0,0.0,0.0,0.0,0.0,0,0.0,0.0,0.0,0.0,False,u,has joined Maccabi Haifa permanently.,,,,2526
202,179458,32,313,Jacob Bruun Larsen,Bruun Larsen,3,0.0,5.2,3,6,Home,2026-04-11T14:00:00Z,0,2,23,0,0,0,1,0,0,0,3,1,0.0,0.0,0.0,0.13,1,0.7,0.4,2.4,4.0,False,a,,,2.0,3.0,2526
203,578614,32,313,Enock Agyei,Boateng,3,0.0,4.7,3,6,Home,2026-04-11T14:00:00Z,0,2,0,0,0,0,0,0,0,0,0,0,0.0,0.0,0.0,0.0,0,0.0,0.0,0.0,0.0,False,a,,,,,2526
204,250735,32,313,Darko Churlinov,Churlinov,3,0.0,4.9,3,6,Home,2026-04-11T14:00:00Z,0,2,0,0,0,0,0,0,0,0,0,0,0.0,0.0,0.0,0.0,0,0.0,0.0,0.0,0.0,False,u,has joined Kocaelispor  permanently.,,,,2526
205,172567,32,313,Josh Cullen,Cullen,3,0.8,4.9,3,6,Home,2026-04-11T14:00:00Z,0,2,0,0,0,0,0,0,0,0,0,0,0.0,0.0,0.0,0.0,0,0.0,0.0,0.0,0.0,False,i,Knee injury - Expected back 30 Sep,,,,2526
206,174592,32,313,Marcus Edwards,Edwards,3,0.1,4.7,3,6,Home,2026-04-11T14:00:00Z,0,2,74,0,0,0,1,0,0,0,9,2,0.02,0.02,0.04,1.81,3,2.8,4.2,4.5,19.0,False,a,,,3.0,,2526
207,465527,32,313,Hannibal Mejbri,Hannibal,3,0.2,4.7,3,6,Home,2026-04-11T14:00:00Z,0,2,0,0,0,0,0,0,0,0,0,0,0.0,0.0,0.0,0.0,0,0.0,0.0,0.0,0.0,False,i,Hamstring injury - Expected back 01 May,,,,2526
208,487702,32,313,Luca Koleosho,Koleosho,3,0.0,5.0,3,6,Home,2026-04-11T14:00:00Z,0,2,0,0,0,0,0,0,0,0,0,0,0.0,0.0,0.0,0.0,0,0.0,0.0,0.0,0.0,False,u,has joined Paris FC on loan for the rest of the season.,,,,2526
209,167887,32,313,Josh Laurent,Laurent,3,0.0,4.8,3,6,Home,2026-04-11T14:00:00Z,0,2,0,0,0,0,0,0,0,0,0,0,0.0,0.0,0.0,0.0,0,0.0,0.0,0.0,0.0,False,a,,,,,2526
210,469272,32,313,Loum Tchaouna,Tchaouna,3,0.0,4.8,3,6,Home,2026-04-11T14:00:00Z,0,2,0,0,0,0,0,0,0,0,0,0,0.0,0.0,0.0,0.0,0,0.0,0.0,0.0,0.0,False,a,,,4.0,,2526
211,447715,32,313,Aaron Ramsey,A.Ramsey,3,1.4,4.4,3,6,Home,2026-04-11T14:00:00Z,0,2,0,0,0,0,0,0,0,0,0,0,0.0,0.0,0.0,0.0,0,0.0,0.0,0.0,0.0,False,u,has joined Leicester City on loan for the rest of the season.,,,,2526
212,576323,32,313,Oluwaseun Adewumi,Adewumi,3,0.0,4.5,3,6,Home,2026-04-11T14:00:00Z,0,2,0,0,0,0,0,0,0,0,0,0,0.0,0.0,0.0,0.0,0,0.0,0.0,0.0,0.0,False,u,Has joined Cercle Brugge on loan for the rest of the season.,,,,2526
213,551206,32,313,Jaydon Banel,Banel,3,0.0,4.5,3,6,Home,2026-04-11T14:00:00Z,0,2,0,0,0,0,0,0,0,0,0,0,0.0,0.0,0.0,0.0,0,0.0,0.0,0.0,0.0,False,u,has joined Derby County on loan for the rest of the season.,,,,2526
214,437748,32,313,Mike Trésor Ndayishimiye,Trésor,3,0.1,4.3,3,6,Home,2026-04-11T14:00:00Z,0,2,15,0,0,0,1,0,0,0,6,1,0.0,0.0,0.0,0.13,2,2.1,6.6,14.8,0.0,False,a,,,,,2526
215,431639,32,313,Zian Flemming,Flemming,4,0.4,5.3,3,6,Home,2026-04-11T14:00:00Z,0,2,90,0,0,0,2,0,0,0,10,2,0.39,0.0,0.39,1.93,3,5.4,5.4,4.0,45.0,False,a,,,5.0,1.0,2526
216,492831,32,313,Zeki Amdouni,Amdouni,4,0.0,4.8,3,6,Home,2026-04-11T14:00:00Z,0,2,0,0,0,0,0,0,0,0,0,0,0.0,0.0,0.0,0.0,0,0.0,0.0,0.0,0.0,False,d,Lack of match fitness - 25% chance of playing,,,,2526
217,435973,32,313,Lyle Foster,Foster,4,0.8,4.9,3,6,Home,2026-04-11T14:00:00Z,0,2,0,0,0,0,0,0,0,0,0,0,0.0,0.0,0.0,0.0,0,0.0,0.0,0.0,0.0,False,a,,,,,2526
218,44699,32,313,Ashley Barnes,Barnes,4,1.3,4.2,3,6,Home,2026-04-11T14:00:00Z,0,2,0,0,0,0,0,0,0,0,0,0,0.0,0.0,0.0,0.0,0,0.0,0.0,0.0,0.0,False,a,,,,2.0,2526
219,220598,32,313,Michael Obafemi,Obafemi,4,0.1,4.4,3,6,Home,2026-04-11T14:00:00Z,0,2,0,0,0,0,0,0,0,0,0,0,0.0,0.0,0.0,0.0,0,0.0,0.0,0.0,0.0,False,u,has joined Blackpool on loan for the rest of the season.,,,,2526
220,215059,32,314,Robert Lynch Sánchez,Sánchez,1,12.5,4.8,7,13,Home,2026-04-12T15:30:00Z,0,3,90,0,0,0,3,0,0,0,11,2,0.0,0.0,0.0,2.29,0,3.9,39.4,0.0,0.0,False,a,,,,,2526
221,508479,32,314,Filip Jörgensen,Jörgensen,1,0.2,4.3,7,13,Home,2026-04-12T15:30:00Z,0,3,0,0,0,0,0,0,0,0,0,0,0.0,0.0,0.0,0.0,0,0.0,0.0,0.0,0.0,False,d,Groin Injury - 25% chance of playing,,,,2526
222,549939,32,314,Mike Penders,Penders,1,0.0,4.0,7,13,Home,2026-04-12T15:30:00Z,0,3,0,0,0,0,0,0,0,0,0,0,0.0,0.0,0.0,0.0,0,0.0,0.0,0.0,0.0,False,u,Has joined RC Strasbourg on loan for the rest of the season.,,,,2526
223,471798,32,314,Gabriel Słonina,Slonina,1,0.1,3.9,7,13,Home,2026-04-12T15:30:00Z,0,3,0,0,0,0,0,0,0,0,0,0,0.0,0.0,0.0,0.0,0,0.0,0.0,0.0,0.0,False,a,,,,,2526
224,179268,32,314,Marc Cucurella Saseta,Cucurella,2,15.3,6.0,7,13,Home,2026-04-12T15:30:00Z,0,3,90,0,0,0,3,1,0,0,-1,0,0.54,0.04,0.58,2.29,7,8.8,25.6,25.9,36.0,False,a,,,,,2526
225,225796,32,314,Reece James,James,2,6.6,5.6,7,13,Home,2026-04-12T15:30:00Z,0,3,0,0,0,0,0,0,0,0,0,0,0.0,0.0,0.0,0.0,0,0.0,0.0,0.0,0.0,False,i,Hamstring injury - Unknown return date,1.0,1.0,,2526
226,180736,32,314,Trevoh Chalobah,Chalobah,2,10.8,5.4,7,13,Home,2026-04-12T15:30:00Z,0,3,0,0,0,0,0,0,0,0,0,0,0.0,0.0,0.0,0.0,0,0.0,0.0,0.0,0.0,False,i,Ankle injury - Expected back 04 May,,,,2526
227,460028,32,314,Levi Samuels Colwill,Colwill,2,0.1,4.7,7,13,Home,2026-04-12T15:30:00Z,0,3,0,0,0,0,0,0,0,0,0,0,0.0,0.0,0.0,0.0,0,0.0,0.0,0.0,0.0,False,i,Anterior cruciate ligament - Expected back 24 May,,,,2526
228,482609,32,314,Malo Gusto,Gusto,2,2.1,4.9,7,13,Home,2026-04-12T15:30:00Z,0,3,87,0,0,0,3,0,0,0,-1,1,0.0,0.01,0.01,2.12,6,1.6,13.2,2.3,0.0,False,a,,,,,2526
229,242880,32,314,Benoît Badiashile Mukinayi,B.Badiashile,2,0.0,4.4,7,13,Home,2026-04-12T15:30:00Z,0,3,0,0,0,0,0,0,0,0,0,0,0.0,0.0,0.0,0.0,0,0.0,0.0,0.0,0.0,False,a,,,,,2526
230,444463,32,314,Wesley Fofana,Fofana,2,0.4,4.4,7,13,Home,2026-04-12T15:30:00Z,0,3,90,0,0,0,3,0,0,0,7,3,0.0,0.0,0.0,2.29,16,3.1,30.8,0.3,0.0,False,a,,,,,2526
231,574458,32,314,Mamadou Sarr,M.Sarr,2,0.0,4.5,7,13,Home,2026-04-12T15:30:00Z,0,3,0,0,0,0,0,0,0,0,0,0,0.0,0.0,0.0,0.0,0,0.0,0.0,0.0,0.0,False,a,,,,,2526
232,109646,32,314,Tosin Adarabioyo,Tosin,2,0.3,4.0,7,13,Home,2026-04-12T15:30:00Z,0,3,0,0,0,0,0,0,0,0,0,0,0.0,0.0,0.0,0.0,0,0.0,0.0,0.0,0.0,False,a,,,,,2526
233,577016,32,314,Josh Acheampong,Acheampong,2,1.7,3.7,7,13,Home,2026-04-12T15:30:00Z,0,3,2,0,0,0,0,0,0,0,4,1,0.0,0.0,0.0,0.17,1,0.2,2.0,0.4,0.0,False,a,,,,,2526
234,622758,32,314,Aarón Anselmino,Anselmino,2,0.1,4.0,7,13,Home,2026-04-12T15:30:00Z,0,3,0,0,0,0,0,0,0,0,0,0,0.0,0.0,0.0,0.0,0,0.0,0.0,0.0,0.0,False,u,has joined Strasbourg on loan for the rest of the season.,,,,2526
235,244851,32,314,Cole Palmer,Palmer,3,18.7,10.5,7,13,Home,2026-04-12T15:30:00Z,0,3,90,0,0,0,3,0,0,0,16,4,0.28,0.21,0.49,2.29,12,6.5,14.8,28.2,22.0,False,a,,,3.0,1.0,2526
236,247632,32,314,Pedro Lomba Neto,Neto,3,4.4,7.0,7,13,Home,2026-04-12T15:30:00Z,0,3,90,0,0,0,3,0,0,0,11,2,0.05,0.18,0.23,2.29,5,7.1,10.8,41.0,19.0,False,a,,2.0,4.0,,2526
237,448047,32,314,Enzo Fernández,Enzo,3,12.3,6.5,7,13,Home,2026-04-12T15:30:00Z,0,3,0,0,0,0,0,0,0,0,0,0,0.0,0.0,0.0,0.0,0,0.0,0.0,0.0,0.0,False,a,,3.0,2.0,2.0,2526
238,624773,32,314,Estêvão Almeida de Oliveira Gonçalves,Estêvão,3,1.8,6.4,7,13,Home,2026-04-12T15:30:00Z,0,3,66,0,0,0,2,1,0,0,-4,1,0.0,0.01,0.01,1.76,2,1.4,0.0,10.8,4.0,False,a,,4.0,,3.0,2526
239,463936,32,314,Jamie Bynoe-Gittens,Gittens,3,0.1,6.0,7,13,Home,2026-04-12T15:30:00Z,0,3,0,0,0,0,0,0,0,0,0,0,0.0,0.0,0.0,0.0,0,0.0,0.0,0.0,0.0,False,d,Hamstring injury - 25% chance of playing,,,,2526
240,213198,32,314,Christopher Nkunku,Nkunku,3,0.1,5.9,7,13,Home,2026-04-12T15:30:00Z,0,3,0,0,0,0,0,0,0,0,0,0,0.0,0.0,0.0,0.0,0,0.0,0.0,0.0,0.0,False,u,has joined AC Milan permanently.,,,,2526
241,486672,32,314,Moisés Caicedo Corozo,Caicedo,3,7.5,5.7,7,13,Home,2026-04-12T15:30:00Z,0,3,81,0,0,0,3,0,0,0,8,2,0.03,0.01,0.04,2.03,4,0.3,0.0,1.8,2.0,False,a,,,,,2526
242,215413,32,312,Kiernan Dewsbury-Hall,Dewsbury-Hall,3,4.7,5.1,9,5,Away,2026-04-11T14:00:00Z,2,2,90,1,0,0,2,0,0,2,36,9,0.37,0.05,0.42,2.84,10,11.3,48.0,26.5,38.0,False,a,,3.0,,,2526
243,550615,32,312,Tyrique George,George,3,0.1,4.8,9,5,Away,2026-04-11T14:00:00Z,2,2,16,0,0,0,1,0,0,0,5,1,0.08,0.04,0.12,0.97,2,3.4,5.4,5.0,24.0,False,a,,,,,2526
244,514356,32,314,Roméo Lavia,Lavia,3,0.0,4.9,7,13,Home,2026-04-12T15:30:00Z,0,3,23,0,0,0,1,0,0,0,10,1,0.0,0.34,0.34,0.53,4,2.1,6.0,14.5,0.0,False,a,,,,,2526
245,465920,32,314,Mykhailo Mudryk,Mudryk,3,0.0,4.9,7,13,Home,2026-04-12T15:30:00Z,0,3,0,0,0,0,0,0,0,0,0,0,0.0,0.0,0.0,0.0,0,0.0,0.0,0.0,0.0,False,s,Suspended - unknown return date,,,,2526
246,532605,32,314,Andrey Nascimento dos Santos,Andrey Santos,3,0.3,4.5,7,13,Home,2026-04-12T15:30:00Z,0,3,66,0,0,0,2,0,0,0,12,2,0.05,0.02,0.07,1.76,7,3.0,15.0,11.1,4.0,False,a,,,,,2526
247,491007,32,314,Dário Luís Essugo,D.Essugo,3,0.1,4.3,7,13,Home,2026-04-12T15:30:00Z,0,3,8,0,0,0,0,1,0,0,0,0,0.0,0.0,0.0,0.26,4,0.5,4.6,0.3,0.0,False,a,,,,,2526
248,611134,32,314,Kendry Páez Andrade,Paez,3,0.0,4.5,7,13,Home,2026-04-12T15:30:00Z,0,3,0,0,0,0,0,0,0,0,0,0,0.0,0.0,0.0,0.0,0,0.0,0.0,0.0,0.0,False,u,has joined River Plate on loan for the rest of the season.,,,,2526
249,475168,32,314,João Pedro Junqueira de Jesus,João Pedro,4,50.3,7.7,7,13,Home,2026-04-12T15:30:00Z,0,3,81,0,0,0,3,0,0,0,9,2,0.18,0.01,0.19,2.03,1,1.2,0.2,1.0,11.0,False,a,,,,,2526
250,463034,32,314,Liam Delap,Delap,4,0.9,6.2,7,13,Home,2026-04-12T15:30:00Z,0,3,9,0,0,0,0,0,0,0,2,1,0.0,0.0,0.0,0.26,1,0.0,0.0,0.0,0.0,False,a,,,,,2526
251,517052,32,314,Nicolas Jackson,N.Jackson,4,0.1,6.5,7,13,Home,2026-04-12T15:30:00Z,0,3,0,0,0,0,0,0,0,0,0,0,0.0,0.0,0.0,0.0,0,0.0,0.0,0.0,0.0,False,u,has joined Bayern Munich on loan for the rest of the season.,,,,2526
252,499309,32,314,Marc Guiu Paz,Marc Guiu,4,5.2,4.0,7,13,Home,2026-04-12T15:30:00Z,0,3,0,0,0,0,0,0,0,0,0,0,0.0,0.0,0.0,0.0,0,0.0,0.0,0.0,0.0,False,a,,,,,2526
253,172649,32,315,Dean Henderson,Henderson,1,8.1,5.1,8,15,Home,2026-04-12T13:00:00Z,2,1,90,0,0,0,1,0,0,0,12,2,0.0,0.0,0.0,1.13,0,1.5,14.8,0.0,0.0,False,a,,,,,2526
254,121709,32,315,Walter Benítez,Benitez,1,0.3,3.9,8,15,Home,2026-04-12T13:00:00Z,2,1,0,0,0,0,0,0,0,0,0,0,0.0,0.0,0.0,0.0,0,0.0,0.0,0.0,0.0,False,a,,,,,2526
255,169593,32,315,Remi Matthews,Matthews,1,0.1,3.9,8,15,Home,2026-04-12T13:00:00Z,2,1,0,0,0,0,0,0,0,0,0,0,0.0,0.0,0.0,0.0,0,0.0,0.0,0.0,0.0,False,a,,,,,2526
256,247348,32,315,Daniel Muñoz Mejía,Muñoz,2,7.3,5.8,8,15,Home,2026-04-12T13:00:00Z,2,1,90,0,0,0,1,0,0,0,13,4,0.27,0.05,0.32,1.13,12,8.8,22.0,7.0,59.0,False,a,,,,,2526
257,437499,32,315,Maxence Lacroix,Lacroix,2,4.9,5.1,8,15,Home,2026-04-12T13:00:00Z,2,1,90,0,0,0,1,0,0,0,11,4,0.0,0.01,0.01,1.13,14,2.2,19.4,0.6,2.0,False,a,,,,,2526
258,244723,32,315,Tyrick Mitchell,Mitchell,2,2.2,5.0,8,15,Home,2026-04-12T13:00:00Z,2,1,90,0,1,0,1,0,0,0,23,5,0.0,0.55,0.55,1.13,7,5.9,29.8,26.8,2.0,False,a,,,,,2526
259,218364,32,315,Borna Sosa,Sosa,2,0.1,4.8,8,15,Home,2026-04-12T13:00:00Z,2,1,1,0,0,0,0,0,0,0,3,1,0.0,0.0,0.0,0.0,0,0.1,0.2,0.3,0.0,False,a,,,,,2526
260,209036,32,314,Marc Guéhi,Guéhi,2,33.9,5.1,13,7,Away,2026-04-12T15:30:00Z,3,0,90,1,0,1,0,0,0,3,48,15,0.33,0.04,0.37,1.14,9,10.5,67.6,16.8,21.0,True,a,,,,,2526
261,427623,32,315,Chris Richards,Richards,2,2.4,4.4,8,15,Home,2026-04-12T13:00:00Z,2,1,90,0,0,0,1,0,0,0,10,2,0.0,0.01,0.01,1.13,9,1.3,12.2,1.0,0.0,False,a,,,,,2526
262,515621,32,315,Chadi Riad Dnanou,Chadi Riad,2,0.0,4.0,8,15,Home,2026-04-12T13:00:00Z,2,1,0,0,0,0,0,0,0,0,0,0,0.0,0.0,0.0,0.0,0,0.0,0.0,0.0,0.0,False,a,,,,,2526
263,57328,32,315,Nathaniel Clyne,Clyne,2,0.5,3.8,8,15,Home,2026-04-12T13:00:00Z,2,1,0,0,0,0,0,0,0,0,0,0,0.0,0.0,0.0,0.0,0,0.0,0.0,0.0,0.0,False,a,,,,,2526
264,156074,32,315,Rob Holding,Holding,2,0.0,4.0,8,15,Home,2026-04-12T13:00:00Z,2,1,0,0,0,0,0,0,0,0,0,0,0.0,0.0,0.0,0.0,0,0.0,0.0,0.0,0.0,False,u,Has joined Colorado Rapids permanently.,,,,2526
265,590012,32,315,Caleb Kporha,Kporha,2,0.0,4.0,8,15,Home,2026-04-12T13:00:00Z,2,1,0,0,0,0,0,0,0,0,0,0,0.0,0.0,0.0,0.0,0,0.0,0.0,0.0,0.0,False,a,,,,,2526
266,232413,32,311,Eberechi Eze,Eze,3,7.7,7.2,1,4,Home,2026-04-11T11:30:00Z,1,2,36,0,0,0,1,0,0,0,8,1,0.0,0.08,0.08,0.49,5,1.9,6.8,12.4,0.0,False,a,,,,,2526
267,232185,32,315,Ismaïla Sarr,Sarr,3,3.9,6.3,8,15,Home,2026-04-12T13:00:00Z,2,1,26,0,0,0,0,0,0,0,5,1,0.06,0.07,0.13,0.02,4,1.8,4.4,4.3,9.0,False,a,,,,3.0,2526
268,438464,32,315,Cheick Doucouré,Doucouré,3,0.0,4.9,8,15,Home,2026-04-12T13:00:00Z,2,1,0,0,0,0,0,0,0,0,0,0,0.0,0.0,0.0,0.0,0,0.0,0.0,0.0,0.0,False,i,Lack of match fitness - Expected back 01 Jun,,,,2526
269,606921,32,315,Romain Esse,Esse,3,0.1,4.7,8,15,Home,2026-04-12T13:00:00Z,2,1,0,0,0,0,0,0,0,0,0,0,0.0,0.0,0.0,0.0,0,0.0,0.0,0.0,0.0,False,u,has joined Coventry City on loan for the rest of the season.,,,,2526
270,108413,32,315,Will Hughes,Hughes,3,0.1,4.7,8,15,Home,2026-04-12T13:00:00Z,2,1,63,0,0,0,1,0,0,0,10,2,0.0,0.01,0.01,1.12,8,0.9,6.8,2.1,0.0,False,a,,3.0,,,2526
271,209400,32,315,Daichi Kamada,Kamada,3,0.1,5.0,8,15,Home,2026-04-12T13:00:00Z,2,1,14,0,0,0,0,0,0,0,3,1,0.0,0.01,0.01,0.0,2,0.3,0.4,0.3,2.0,False,a,,4.0,,,2526
272,152551,32,315,Jefferson Lerma Solís,Lerma,3,0.1,4.9,8,15,Home,2026-04-12T13:00:00Z,2,1,90,0,1,0,1,0,0,0,20,5,0.63,0.03,0.66,1.13,10,1.7,3.6,2.8,11.0,False,a,,,,,2526
273,496221,32,315,Adam Wharton,Wharton,3,0.6,5.0,8,15,Home,2026-04-12T13:00:00Z,2,1,26,0,0,0,0,0,0,0,4,1,0.0,0.01,0.01,0.02,4,0.6,5.8,0.3,0.0,False,a,,2.0,,,2526
274,579075,32,315,Asher Agbinone,Agbinone,3,0.1,4.3,8,15,Home,2026-04-12T13:00:00Z,2,1,0,0,0,0,0,0,0,0,0,0,0.0,0.0,0.0,0.0,0,0.0,0.0,0.0,0.0,False,a,,,,,2526
275,466117,32,315,Naouirou Ahamada,Ahamada,3,0.0,4.3,8,15,Home,2026-04-12T13:00:00Z,2,1,0,0,0,0,0,0,0,0,0,0,0.0,0.0,0.0,0.0,0,0.0,0.0,0.0,0.0,False,u,has joined AJ Auxerre permanently.,,,,2526
276,489706,32,315,Justin Devenny,Devenny,3,1.2,4.3,8,15,Home,2026-04-12T13:00:00Z,2,1,0,0,0,0,0,0,0,0,0,0,0.0,0.0,0.0,0.0,0,0.0,0.0,0.0,0.0,False,a,,,2.0,4.0,2526
277,450535,32,315,Malcolm Ebiowei,Ebiowei,3,0.0,4.5,8,15,Home,2026-04-12T13:00:00Z,2,1,0,0,0,0,0,0,0,0,0,0,0.0,0.0,0.0,0.0,0,0.0,0.0,0.0,0.0,False,u,Has joined Blackpool permanently.,,,,2526
278,450542,32,315,Jesurun Rak-Sakyi,J.Rak-Sakyi,3,0.0,4.4,8,15,Home,2026-04-12T13:00:00Z,2,1,0,0,0,0,0,0,0,0,0,0,0.0,0.0,0.0,0.0,0,0.0,0.0,0.0,0.0,False,u,has joined Stoke City on loan for the rest of the season.,,,,2526
279,536694,32,315,Matheus França de Oliveira,M.França,3,0.0,4.5,8,15,Home,2026-04-12T13:00:00Z,2,1,0,0,0,0,0,0,0,0,0,0,0.0,0.0,0.0,0.0,0,0.0,0.0,0.0,0.0,False,u,Has joined CR Vasco da Gama on loan for the rest of the season.,,,,2526
280,531989,32,315,David Ozoh,Ozoh,3,0.0,4.5,8,15,Home,2026-04-12T13:00:00Z,2,1,0,0,0,0,0,0,0,0,0,0,0.0,0.0,0.0,0.0,0,0.0,0.0,0.0,0.0,False,u,Has joined Derby County on loan for the rest of the season.,,,,2526
281,530318,32,315,Kaden Rodney,Rodney,3,0.0,4.4,8,15,Home,2026-04-12T13:00:00Z,2,1,0,0,0,0,0,0,0,0,0,0,0.0,0.0,0.0,0.0,0,0.0,0.0,0.0,0.0,False,a,,,,,2526
282,574398,32,315,Franco Umeh-Chibueze,Umeh,3,0.0,4.5,8,15,Home,2026-04-12T13:00:00Z,2,1,0,0,0,0,0,0,0,0,0,0,0.0,0.0,0.0,0.0,0,0.0,0.0,0.0,0.0,False,u,has joined Portsmouth permanently.,,,,2526
283,231747,32,315,Jean-Philippe Mateta,Mateta,4,6.6,7.5,8,15,Home,2026-04-12T13:00:00Z,2,1,25,2,0,0,0,0,0,3,53,12,1.08,0.0,1.08,0.02,5,11.7,73.0,10.1,34.0,True,a,,,,2.0,2526
284,205533,32,315,Eddie Nketiah,Nketiah,4,0.3,5.4,8,15,Home,2026-04-12T13:00:00Z,2,1,0,0,0,0,0,0,0,0,0,0,0.0,0.0,0.0,0.0,0,0.0,0.0,0.0,0.0,False,i,Hamstring injury - Expected back 01 Jun,,,,2526
285,199670,32,315,Odsonne Édouard,Édouard,4,0.2,5.0,8,15,Home,2026-04-12T13:00:00Z,2,1,0,0,0,0,0,0,0,0,0,0,0.0,0.0,0.0,0.0,0,0.0,0.0,0.0,0.0,False,u,has joined RC Lens permanently.,,,,2526
286,576980,32,315,Zach Marsh,Marsh,4,0.3,4.4,8,15,Home,2026-04-12T13:00:00Z,2,1,0,0,0,0,0,0,0,0,0,0,0.0,0.0,0.0,0.0,0,0.0,0.0,0.0,0.0,False,a,,,,,2526
287,111234,32,312,Jordan Pickford,Pickford,1,13.3,5.6,9,5,Away,2026-04-11T14:00:00Z,2,2,90,0,0,0,2,1,0,0,0,0,0.0,0.0,0.0,2.84,0,1.3,13.4,0.0,0.0,False,a,,,,,2526
288,229600,32,312,Mark Travers,Travers,1,0.1,4.3,9,5,Away,2026-04-11T14:00:00Z,2,2,0,0,0,0,0,0,0,0,0,0,0.0,0.0,0.0,0.0,0,0.0,0.0,0.0,0.0,False,a,,,,,2526
289,447325,32,312,Harry Tyrer,Tyrer,1,0.1,3.9,9,5,Away,2026-04-11T14:00:00Z,2,2,0,0,0,0,0,0,0,0,0,0,0.0,0.0,0.0,0.0,0,0.0,0.0,0.0,0.0,False,u,has joined Cardiff City permanently.,,,,2526
290,480455,32,312,Jarrad Branthwaite,Branthwaite,2,0.5,5.3,9,5,Away,2026-04-11T14:00:00Z,2,2,90,0,0,0,2,0,0,0,7,3,0.06,0.0,0.06,2.84,12,3.1,29.2,0.8,1.0,False,a,,,,,2526
291,17761,32,312,James Tarkowski,Tarkowski,2,11.7,5.7,9,5,Away,2026-04-11T14:00:00Z,2,2,90,0,0,0,2,0,0,0,11,3,0.0,0.0,0.0,2.84,14,3.3,32.4,0.6,0.0,False,a,,,,,2526
292,224967,32,312,Vitalii Mykolenko,Mykolenko,2,0.6,4.9,9,5,Away,2026-04-11T14:00:00Z,2,2,90,0,0,0,2,0,0,0,7,3,0.0,0.01,0.01,2.84,10,3.0,18.2,11.9,0.0,False,a,,,,,2526
293,512462,32,312,Jake O'Brien,O'Brien,2,0.7,4.9,9,5,Away,2026-04-11T14:00:00Z,2,2,90,0,1,0,2,0,0,0,10,4,0.11,0.01,0.12,2.84,6,2.3,16.4,2.5,4.0,False,a,,,,,2526
294,59949,32,312,Séamus Coleman,Coleman,2,0.1,4.2,9,5,Away,2026-04-11T14:00:00Z,2,2,0,0,0,0,0,0,0,0,0,0,0.0,0.0,0.0,0.0,0,0.0,0.0,0.0,0.0,False,a,,,,,2526
295,106611,32,312,Michael Keane,Keane,2,3.0,4.5,9,5,Away,2026-04-11T14:00:00Z,2,2,0,0,0,0,0,0,0,0,0,0,0.0,0.0,0.0,0.0,0,0.0,0.0,0.0,0.0,False,a,,,,,2526
296,243571,32,312,Nathan Patterson,Patterson,2,0.0,4.4,9,5,Away,2026-04-11T14:00:00Z,2,2,0,0,0,0,0,0,0,0,0,0,0.0,0.0,0.0,0.0,0,0.0,0.0,0.0,0.0,False,a,,,,,2526
297,496178,32,312,Roman Dixon,Dixon,2,0.2,3.8,9,5,Away,2026-04-11T14:00:00Z,2,2,0,0,0,0,0,0,0,0,0,0,0.0,0.0,0.0,0.0,0,0.0,0.0,0.0,0.0,False,u,has joined Stockport County on loan for the rest of the season.,,,,2526
298,474907,32,312,Reece Welch,Welch,2,0.1,3.8,9,5,Away,2026-04-11T14:00:00Z,2,2,0,0,0,0,0,0,0,0,0,0,0.0,0.0,0.0,0.0,0,0.0,0.0,0.0,0.0,False,a,,,,,2526
299,440993,32,312,Iliman Ndiaye,Ndiaye,3,4.2,6.2,9,5,Away,2026-04-11T14:00:00Z,2,2,90,0,0,0,2,0,0,0,15,2,0.07,0.07,0.14,2.84,10,7.4,18.6,34.4,21.0,False,a,,,,1.0,2526
300,433154,32,312,Dwight McNeil,McNeil,3,0.2,5.5,9,5,Away,2026-04-11T14:00:00Z,2,2,73,0,0,0,1,0,0,0,7,2,0.17,0.01,0.18,1.86,7,2.0,6.0,4.9,9.0,False,a,,2.0,,,2526
301,502697,32,312,Carlos Alcaraz Durán,Alcaraz,3,0.1,5.2,9,5,Away,2026-04-11T14:00:00Z,2,2,0,0,0,0,0,0,0,0,0,0,0.0,0.0,0.0,0.0,0,0.0,0.0,0.0,0.0,False,d,Knock - 50% chance of playing,,,,2526
302,80801,32,312,Idrissa Gana Gueye,Gana,3,0.1,5.4,9,5,Away,2026-04-11T14:00:00Z,2,2,73,0,1,0,1,0,0,0,25,5,0.11,0.6,0.71,1.86,9,6.4,28.8,12.8,22.0,False,a,,,,,2526
303,232928,32,312,James Garner,Garner,3,4.4,5.3,9,5,Away,2026-04-11T14:00:00Z,2,2,90,0,0,0,2,1,0,0,17,3,0.0,0.02,0.02,2.84,17,4.0,18.8,17.3,4.0,False,a,,1.0,3.0,2.0,2526
304,490094,32,312,Tim Iroegbunam,Iroegbunam,3,0.0,4.8,9,5,Away,2026-04-11T14:00:00Z,2,2,16,0,0,0,1,0,0,0,5,1,0.0,0.0,0.0,0.97,2,0.5,4.6,0.3,0.0,False,a,,,,,2526
305,609873,32,312,Harrison Armstrong,Armstrong,3,0.1,4.5,9,5,Away,2026-04-11T14:00:00Z,2,2,0,0,0,0,0,0,0,0,0,0,0.0,0.0,0.0,0.0,0,0.0,0.0,0.0,0.0,False,a,,,,,2526
306,547801,32,312,Callum Bates,Bates,3,0.1,4.3,9,5,Away,2026-04-11T14:00:00Z,2,2,0,0,0,0,0,0,0,0,0,0,0.0,0.0,0.0,0.0,0,0.0,0.0,0.0,0.0,False,a,,,,,2526
307,504296,32,312,Coby Ebere,Ebere,3,0.0,4.4,9,5,Away,2026-04-11T14:00:00Z,2,2,0,0,0,0,0,0,0,0,0,0,0.0,0.0,0.0,0.0,0,0.0,0.0,0.0,0.0,False,a,,,,,2526
308,496279,32,312,Isaac Heath,Heath,3,0.0,4.5,9,5,Away,2026-04-11T14:00:00Z,2,2,0,0,0,0,0,0,0,0,0,0,0.0,0.0,0.0,0.0,0,0.0,0.0,0.0,0.0,False,u,has joined Accrington on loan for the rest of the season.,,,,2526
309,491557,32,312,Jenson Metcalfe,Metcalfe,3,0.0,4.5,9,5,Away,2026-04-11T14:00:00Z,2,2,0,0,0,0,0,0,0,0,0,0,0.0,0.0,0.0,0.0,0,0.0,0.0,0.0,0.0,False,u,Has joined Bradford City permanently.,,,,2526
310,586309,32,312,Thierno Barry,Barry,4,0.8,5.7,9,5,Away,2026-04-11T14:00:00Z,2,2,16,0,0,0,1,0,0,0,3,1,0.0,0.01,0.01,0.97,0,1.3,1.0,10.3,2.0,False,a,,,,,2526
311,486385,32,312,Norberto Bercique Gomes Betuncal,Beto,4,2.9,5.0,9,5,Away,2026-04-11T14:00:00Z,2,2,73,1,0,0,1,0,0,1,27,7,0.57,0.01,0.58,1.86,2,9.0,37.2,12.7,40.0,False,a,,,,3.0,2526
312,491012,32,312,Youssef Ramalho Chermiti,Y.Chermiti,4,0.1,4.9,9,5,Away,2026-04-11T14:00:00Z,2,2,0,0,0,0,0,0,0,0,0,0,0.0,0.0,0.0,0.0,0,0.0,0.0,0.0,0.0,False,u,has joined Rangers permanently.,,,,2526
313,536241,32,312,Martin Sherif,Sherif,4,0.1,4.4,9,5,Away,2026-04-11T14:00:00Z,2,2,0,0,0,0,0,0,0,0,0,0,0.0,0.0,0.0,0.0,0,0.0,0.0,0.0,0.0,False,u,has joined Port Vale on loan for the rest of the season.,,,,2526
314,80201,32,316,Bernd Leno,Leno,1,1.8,4.9,10,12,Away,2026-04-11T16:30:00Z,0,2,90,0,0,0,2,0,0,0,13,2,0.0,0.0,0.0,1.59,0,2.6,26.0,0.0,0.0,False,a,,,,,2526
315,428971,32,316,Steven Benda,Benda,1,0.0,4.0,10,12,Away,2026-04-11T16:30:00Z,0,2,0,0,0,0,0,0,0,0,0,0,0.0,0.0,0.0,0.0,0,0.0,0.0,0.0,0.0,False,u,has joined Feyenoord on loan for the rest of the season.,,,,2526
316,169528,32,316,Antonee Robinson,Robinson,2,0.8,4.9,10,12,Away,2026-04-11T16:30:00Z,0,2,68,0,0,0,2,0,0,0,9,3,0.0,0.03,0.03,1.15,10,3.7,23.0,12.3,2.0,False,a,,,,,2526
317,174874,32,316,Joachim Andersen,Andersen,2,4.8,4.6,10,12,Away,2026-04-11T16:30:00Z,0,2,90,0,0,0,2,0,0,0,8,1,0.06,0.22,0.28,1.59,6,3.5,17.4,2.3,15.0,False,a,,,,,2526
318,232892,32,316,Calvin Bassey,Bassey,2,0.7,4.4,10,12,Away,2026-04-11T16:30:00Z,0,2,90,0,0,0,2,0,0,0,13,3,0.0,0.0,0.0,1.59,13,2.8,25.0,0.5,2.0,False,a,,,,,2526
319,166477,32,316,Timothy Castagne,Castagne,2,0.1,4.3,10,12,Away,2026-04-11T16:30:00Z,0,2,90,0,0,0,2,0,0,0,15,1,0.02,0.12,0.14,1.59,8,8.9,29.2,40.5,19.0,False,a,,,,,2526
320,219924,32,316,Issa Diop,Diop,2,0.1,4.3,10,12,Away,2026-04-11T16:30:00Z,0,2,0,0,0,0,0,0,0,0,0,0,0.0,0.0,0.0,0.0,0,0.0,0.0,0.0,0.0,False,a,,,,,2526
321,246301,32,316,Jorge Cuenca Barreno,J.Cuenca,2,0.1,4.3,10,12,Away,2026-04-11T16:30:00Z,0,2,0,0,0,0,0,0,0,0,0,0,0.0,0.0,0.0,0.0,0,0.0,0.0,0.0,0.0,False,a,,,,,2526
322,167074,32,316,Kenny Tete,Tete,2,0.3,4.5,10,12,Away,2026-04-11T16:30:00Z,0,2,0,0,0,0,0,0,0,0,0,0,0.0,0.0,0.0,0.0,0,0.0,0.0,0.0,0.0,False,i,Foot injury - Unknown return date,,,,2526
323,591385,32,316,Samuel Amissah,Amissah,2,0.1,3.8,10,12,Away,2026-04-11T16:30:00Z,0,2,0,0,0,0,0,0,0,0,0,0,0.0,0.0,0.0,0.0,0,0.0,0.0,0.0,0.0,False,a,,,,,2526
324,153133,32,316,Alex Iwobi,Iwobi,3,2.1,6.4,10,12,Away,2026-04-11T16:30:00Z,0,2,90,0,0,0,2,0,0,0,20,2,0.04,0.32,0.36,1.59,9,8.7,27.4,32.7,27.0,False,a,,2.0,,,2526
325,209289,32,316,Emile Smith Rowe,Smith Rowe,3,0.5,5.6,10,12,Away,2026-04-11T16:30:00Z,0,2,45,0,0,0,0,0,0,0,0,1,0.22,0.01,0.23,0.78,4,2.5,5.4,2.7,17.0,False,a,,,,,2526
326,159533,32,320,Adama Traoré Diarra,Adama,3,0.2,5.1,19,20,Home,2026-04-10T19:00:00Z,4,0,12,0,0,0,0,0,0,0,-1,1,0.35,0.0,0.35,0.12,0,0.2,0.0,0.2,4.0,False,a,,,,,2526
327,156689,32,316,Andreas Hoelgebaum Pereira,Andreas,3,0.1,5.3,10,12,Away,2026-04-11T16:30:00Z,0,2,0,0,0,0,0,0,0,0,0,0,0.0,0.0,0.0,0.0,0,0.0,0.0,0.0,0.0,False,u,has joined Palmeiras permanently.,,,,2526
328,184349,32,316,Ryan Sessegnon,Sessegnon,3,0.2,5.4,10,12,Away,2026-04-11T16:30:00Z,0,2,21,0,0,0,0,0,0,0,3,1,0.0,0.0,0.0,0.43,3,1.1,7.8,0.7,2.0,False,a,,,,,2526
329,153682,32,316,Harry Wilson,Wilson,3,22.3,6.1,10,12,Away,2026-04-11T16:30:00Z,0,2,79,0,0,0,2,0,0,0,13,2,0.04,0.2,0.24,1.48,5,5.9,12.6,37.1,9.0,False,a,,1.0,1.0,3.0,2526
330,207189,32,316,Sander Berge,Berge,3,0.1,4.9,10,12,Away,2026-04-11T16:30:00Z,0,2,90,0,0,0,2,0,0,0,22,4,0.03,0.15,0.18,1.59,12,4.3,20.0,14.6,8.0,False,a,,,,,2526
331,76357,32,316,Tom Cairney,Cairney,3,0.0,4.8,10,12,Away,2026-04-11T16:30:00Z,0,2,0,0,0,0,0,0,0,0,0,0,0.0,0.0,0.0,0.0,0,0.0,0.0,0.0,0.0,False,a,,,,,2526
332,212314,32,316,Saša Lukić,Lukić,3,0.1,4.9,10,12,Away,2026-04-11T16:30:00Z,0,2,45,0,0,0,0,0,0,0,5,1,0.0,0.09,0.09,0.78,7,4.5,14.6,24.6,6.0,False,a,,3.0,,,2526
333,573062,32,316,Martial Godo,Godo,3,0.0,4.5,10,12,Away,2026-04-11T16:30:00Z,0,2,0,0,0,0,0,0,0,0,0,0,0.0,0.0,0.0,0.0,0,0.0,0.0,0.0,0.0,False,u,has joined Strasbourg permanently.,,,,2526
334,515024,32,316,Luke Harris,Harris,3,0.0,4.5,10,12,Away,2026-04-11T16:30:00Z,0,2,0,0,0,0,0,0,0,0,0,0,0.0,0.0,0.0,0.0,0,0.0,0.0,0.0,0.0,False,u,Has joined Oxford United on loan for the rest of the season.,,,,2526
335,577725,32,316,Josh King,King,3,1.8,4.4,10,12,Away,2026-04-11T16:30:00Z,0,2,45,0,0,0,2,0,0,0,4,1,0.0,0.01,0.01,0.81,4,0.6,2.6,1.6,2.0,False,a,,,,,2526
336,153366,32,316,Harrison Reed,Reed,3,0.3,4.3,10,12,Away,2026-04-11T16:30:00Z,0,2,0,0,0,0,0,0,0,0,0,0,0.0,0.0,0.0,0.0,0,0.0,0.0,0.0,0.0,False,i,Knock - Unknown return date,,,,2526
337,102057,32,316,Raúl Jiménez Rodríguez,Raúl,4,2.4,6.1,10,12,Away,2026-04-11T16:30:00Z,0,2,10,0,0,0,0,0,0,0,1,1,0.15,0.01,0.16,0.1,0,2.0,0.0,11.5,10.0,False,a,,,2.0,1.0,2526
338,244042,32,316,Rodrigo Muniz Carvalho,Muniz,4,0.7,5.3,10,12,Away,2026-04-11T16:30:00Z,0,2,79,0,0,0,2,0,0,0,2,2,0.27,0.06,0.33,1.48,4,4.7,2.4,21.8,23.0,False,a,,,,,2526
339,437495,32,317,Illan Meslier,Meslier,1,0.3,4.1,11,14,Away,2026-04-13T19:00:00Z,2,1,0,0,0,0,0,0,0,0,0,0,0.0,0.0,0.0,0.0,0,0.0,0.0,0.0,0.0,False,a,,,,,2526
340,97846,32,317,Alex Cairns,Cairns,1,0.1,3.9,11,14,Away,2026-04-13T19:00:00Z,2,1,0,0,0,0,0,0,0,0,0,0,0.0,0.0,0.0,0.0,0,0.0,0.0,0.0,0.0,False,a,,,,,2526
341,59735,32,317,Karl Darlow,Darlow,1,5.3,3.9,11,14,Away,2026-04-13T19:00:00Z,2,1,90,0,0,0,1,0,0,0,23,4,0.0,0.0,0.0,1.31,0,4.9,48.8,0.0,0.0,False,a,,,,,2526
342,226182,32,317,Jayden Bogle,Bogle,2,0.5,4.4,11,14,Away,2026-04-13T19:00:00Z,2,1,90,0,1,0,1,0,0,1,28,6,0.0,0.89,0.89,1.31,6,6.1,20.8,33.8,6.0,False,a,,,,,2526
343,222694,32,317,Pascal Struijk,Struijk,2,2.6,4.3,11,14,Away,2026-04-13T19:00:00Z,2,1,90,0,0,0,1,0,0,0,18,2,0.23,0.0,0.23,1.31,9,4.8,23.6,0.5,24.0,False,a,,,,,2526
344,434752,32,317,Jaka Bijol,Bijol,2,0.7,3.9,11,14,Away,2026-04-13T19:00:00Z,2,1,90,0,0,0,1,0,0,0,11,4,0.04,0.0,0.04,1.31,10,2.7,20.6,0.3,6.0,False,a,,,,,2526
345,437738,32,317,Sebastiaan Bornauw,Bornauw,2,0.1,3.8,11,14,Away,2026-04-13T19:00:00Z,2,1,0,0,0,0,0,0,0,0,0,0,0.0,0.0,0.0,0.0,0,0.0,0.0,0.0,0.0,False,a,,,,,2526
346,113564,32,317,Sam Byram,Byram,2,0.3,3.7,11,14,Away,2026-04-13T19:00:00Z,2,1,0,0,0,0,0,0,0,0,0,0,0.0,0.0,0.0,0.0,0,0.0,0.0,0.0,0.0,False,a,,,,,2526
347,243526,32,317,Gabriel Gudmundsson,Gudmundsson,2,3.3,3.8,11,14,Away,2026-04-13T19:00:00Z,2,1,90,0,0,0,1,0,0,0,18,2,0.0,0.29,0.29,1.31,6,4.1,18.8,16.6,6.0,False,a,,,,,2526
348,214225,32,317,Joe Rodon,Rodon,2,3.4,3.9,11,14,Away,2026-04-13T19:00:00Z,2,1,0,0,0,0,0,0,0,0,0,0,0.0,0.0,0.0,0.0,0,0.0,0.0,0.0,0.0,False,i,Ankle injury - Expected back 01 May,,,,2526
349,492368,32,317,Isaac Schmidt,Schmidt,2,0.1,4.0,11,14,Away,2026-04-13T19:00:00Z,2,1,0,0,0,0,0,0,0,0,0,0,0.0,0.0,0.0,0.0,0,0.0,0.0,0.0,0.0,False,u,has joined Werder Bremen on loan for the rest of the season.,,,,2526
350,427637,32,317,Brenden Aaronson,Aaronson,3,1.1,5.4,11,14,Away,2026-04-13T19:00:00Z,2,1,85,0,1,0,1,0,0,0,21,5,0.1,0.03,0.13,1.29,7,5.6,23.4,25.3,7.0,False,a,,,,,2526
351,492859,32,317,Wilfried Gnonto,Gnonto,3,0.1,5.1,11,14,Away,2026-04-13T19:00:00Z,2,1,16,0,0,0,0,0,0,0,3,1,0.0,0.02,0.02,0.64,2,1.1,3.8,3.0,4.0,False,a,,,,,2526
352,221399,32,317,Jack Harrison,Harrison,3,0.0,5.1,11,14,Away,2026-04-13T19:00:00Z,2,1,0,0,0,0,0,0,0,0,0,0,0.0,0.0,0.0,0.0,0,0.0,0.0,0.0,0.0,False,u,has joined ACF Fiorentina on loan for the rest of the season.,,,,2526
353,200617,32,317,Daniel James,James,3,0.1,5.2,11,14,Away,2026-04-13T19:00:00Z,2,1,0,0,0,0,0,0,0,0,0,0,0.0,0.0,0.0,0.0,0,0.0,0.0,0.0,0.0,False,i,Muscle injury - Unknown return date,,,,2526
354,199598,32,317,Ethan Ampadu,Ampadu,3,0.6,4.9,11,14,Away,2026-04-13T19:00:00Z,2,1,90,0,0,0,1,1,0,0,18,3,0.08,0.09,0.17,1.31,14,4.2,19.0,14.8,8.0,False,a,,,,,2526
355,248937,32,317,Sam Greenwood,Greenwood,3,0.0,4.9,11,14,Away,2026-04-13T19:00:00Z,2,1,0,0,0,0,0,0,0,0,0,0,0.0,0.0,0.0,0.0,0,0.0,0.0,0.0,0.0,False,u,has joined Pogon Szczecin permanently.,,,,2526
356,486520,32,317,Ilia Gruev,Gruev,3,0.1,4.7,11,14,Away,2026-04-13T19:00:00Z,2,1,16,0,0,0,0,0,0,0,3,1,0.03,0.01,0.04,0.64,3,0.6,2.2,2.9,1.0,False,a,,4.0,,,2526
357,433952,32,317,Largie Ramazani,Ramazani,3,0.0,4.9,11,14,Away,2026-04-13T19:00:00Z,2,1,0,0,0,0,0,0,0,0,0,0,0.0,0.0,0.0,0.0,0,0.0,0.0,0.0,0.0,False,u,has joined Valencia on loan for the rest of the season.,,,,2526
358,248056,32,317,Tanaka Ao,Tanaka,3,0.2,4.8,11,14,Away,2026-04-13T19:00:00Z,2,1,73,0,0,0,1,0,0,0,19,2,0.42,0.47,0.89,0.67,8,10.8,27.6,69.6,11.0,False,a,,,,,2526
359,536119,32,317,Charlie Crew,Crew,3,0.0,4.5,11,14,Away,2026-04-13T19:00:00Z,2,1,0,0,0,0,0,0,0,0,0,0,0.0,0.0,0.0,0.0,0,0.0,0.0,0.0,0.0,False,u,Has joined Doncaster Rovers on loan for the rest of the season.,,,,2526
360,462635,32,317,Joe Gelhardt,Gelhardt,3,0.0,4.5,11,14,Away,2026-04-13T19:00:00Z,2,1,0,0,0,0,0,0,0,0,0,0,0.0,0.0,0.0,0.0,0,0.0,0.0,0.0,0.0,False,u,Has joined Hull City on loan for the rest of the season.,,,,2526
361,470294,32,317,Darko Gyabi,Gyabi,3,0.0,4.5,11,14,Away,2026-04-13T19:00:00Z,2,1,0,0,0,0,0,0,0,0,0,0,0.0,0.0,0.0,0.0,0,0.0,0.0,0.0,0.0,False,u,has joined Hull City permanently.,,,,2526
362,235826,32,317,Joël Piroe,Piroe,4,0.3,4.9,11,14,Away,2026-04-13T19:00:00Z,2,1,0,0,0,0,0,0,0,0,0,0,0.0,0.0,0.0,0.0,0,0.0,0.0,0.0,0.0,False,a,,,,3.0,2526
363,106617,32,317,Patrick Bamford,Bamford,4,0.3,4.9,11,14,Away,2026-04-13T19:00:00Z,2,1,0,0,0,0,0,0,0,0,0,0,0.0,0.0,0.0,0.0,0,0.0,0.0,0.0,0.0,False,u,has departed the club as a free agent.,,,,2526
364,565297,32,317,Mateo Joseph Fernández-Regatillo,Mateo Joseph,4,0.0,5.0,11,14,Away,2026-04-13T19:00:00Z,2,1,0,0,0,0,0,0,0,0,0,0,0.0,0.0,0.0,0.0,0,0.0,0.0,0.0,0.0,False,u,Has joined RCD Mallorca on loan for the rest of the season.,,,,2526
365,174594,32,317,Lukas Nmecha,Nmecha,4,0.6,5.0,11,14,Away,2026-04-13T19:00:00Z,2,1,0,0,0,0,0,0,0,0,0,0,0.0,0.0,0.0,0.0,0,0.0,0.0,0.0,0.0,False,a,,,,2.0,2526
366,116535,32,316,Alisson Becker,A.Becker,1,5.7,5.4,12,10,Home,2026-04-11T16:30:00Z,2,0,0,0,0,0,0,0,0,0,0,0,0.0,0.0,0.0,0.0,0,0.0,0.0,0.0,0.0,False,i,Muscle injury - Unknown return date,,,,2526
367,449027,32,316,Giorgi Mamardashvili,Mamardashvili,1,0.7,4.1,12,10,Home,2026-04-11T16:30:00Z,2,0,90,0,0,1,0,0,0,2,35,9,0.0,0.0,0.0,1.04,0,3.3,33.0,0.0,0.0,False,a,,,,,2526
368,586268,32,316,Ármin Pécsi,Pécsi,1,0.9,3.8,12,10,Home,2026-04-11T16:30:00Z,2,0,0,0,0,0,0,0,0,0,0,0,0.0,0.0,0.0,0.0,0,0.0,0.0,0.0,0.0,False,a,,,,,2526
369,155503,32,316,Freddie Woodman,Woodman,1,0.2,3.9,12,10,Home,2026-04-11T16:30:00Z,2,0,0,0,0,0,0,0,0,0,0,0,0.0,0.0,0.0,0.0,0,0.0,0.0,0.0,0.0,False,a,,,,,2526
370,216094,32,316,Jeremie Frimpong,Frimpong,2,5.2,5.7,12,10,Home,2026-04-11T16:30:00Z,2,0,68,0,0,1,0,0,0,0,22,6,0.0,0.17,0.17,0.58,3,5.1,10.4,33.0,8.0,False,a,,,,,2526
371,544877,32,316,Milos Kerkez,Kerkez,2,3.1,5.6,12,10,Home,2026-04-11T16:30:00Z,2,0,0,0,0,0,0,0,0,0,0,0,0.0,0.0,0.0,0.0,0,0.0,0.0,0.0,0.0,False,a,,,,,2526
372,122798,32,316,Andrew Robertson,Robertson,2,1.0,5.7,12,10,Home,2026-04-11T16:30:00Z,2,0,90,0,0,1,0,0,0,0,26,6,0.36,0.02,0.38,1.04,5,5.2,15.8,12.3,24.0,False,a,,,,,2526
373,97032,32,316,Virgil van Dijk,Virgil,2,32.1,6.3,12,10,Home,2026-04-11T16:30:00Z,2,0,90,0,0,1,0,0,0,1,28,9,0.13,0.02,0.15,1.04,13,5.3,37.4,2.9,13.0,False,a,,,,,2526
374,204716,32,316,Ibrahima Konaté,Konaté,2,4.1,5.5,12,10,Home,2026-04-11T16:30:00Z,2,0,90,0,0,1,0,0,0,0,24,6,0.0,0.01,0.01,1.04,3,1.2,9.6,2.2,0.0,False,a,,,,,2526
375,492777,32,316,Conor Bradley,Bradley,2,0.1,4.9,12,10,Home,2026-04-11T16:30:00Z,2,0,0,0,0,0,0,0,0,0,0,0,0.0,0.0,0.0,0.0,0,0.0,0.0,0.0,0.0,False,i,Knee injury - Expected back 01 Jun,,,,2526
376,171287,32,316,Joe Gomez,Gomez,2,0.2,4.9,12,10,Home,2026-04-11T16:30:00Z,2,0,21,0,0,0,0,0,0,0,9,1,0.0,0.0,0.0,0.45,3,0.7,6.6,0.2,0.0,False,a,,,,,2526
377,214285,32,316,Konstantinos Tsimikas,Tsimikas,2,0.0,4.8,12,10,Home,2026-04-11T16:30:00Z,2,0,0,0,0,0,0,0,0,0,0,0,0.0,0.0,0.0,0.0,0,0.0,0.0,0.0,0.0,False,u,has joined AS Roma on loan for the rest of the season.,,,,2526
378,611926,32,316,Amara Nallo,Nallo,2,1.0,3.7,12,10,Home,2026-04-11T16:30:00Z,2,0,0,0,0,0,0,0,0,0,0,0,0.0,0.0,0.0,0.0,0,0.0,0.0,0.0,0.0,False,a,,,,,2526
379,219937,32,316,Rhys Williams,R.Williams,2,0.6,3.7,12,10,Home,2026-04-11T16:30:00Z,2,0,0,0,0,0,0,0,0,0,0,0,0.0,0.0,0.0,0.0,0,0.0,0.0,0.0,0.0,False,a,,,,,2526
380,489580,32,316,Calvin Ramsay,Ramsay,2,0.2,3.7,12,10,Home,2026-04-11T16:30:00Z,2,0,0,0,0,0,0,0,0,0,0,0,0.0,0.0,0.0,0.0,0,0.0,0.0,0.0,0.0,False,a,,,,,2526
381,118748,32,316,Mohamed Salah,M.Salah,3,14.0,14.0,12,10,Home,2026-04-11T16:30:00Z,2,0,89,1,0,1,0,0,0,0,26,8,0.43,0.31,0.74,1.04,5,13.2,48.6,29.2,54.0,False,a,,2.0,4.0,1.0,2526
382,494595,32,316,Florian Wirtz,Wirtz,3,9.0,8.3,12,10,Home,2026-04-11T16:30:00Z,2,0,67,0,1,1,0,0,0,0,21,6,0.3,0.24,0.54,0.58,7,8.7,26.2,42.9,18.0,False,a,,4.0,5.0,,2526
383,244731,32,316,Luis Díaz Marulanda,Luis Díaz,3,0.0,8.0,12,10,Home,2026-04-11T16:30:00Z,2,0,0,0,0,0,0,0,0,0,0,0,0.0,0.0,0.0,0.0,0,0.0,0.0,0.0,0.0,False,u,Has joined Bayern Munch permanently.,,,,2526
384,243298,32,316,Cody Gakpo,Gakpo,3,5.6,7.3,12,10,Home,2026-04-11T16:30:00Z,2,0,90,0,1,1,0,0,0,0,14,6,0.13,0.05,0.18,1.04,6,5.4,17.8,11.3,25.0,False,a,,3.0,,3.0,2526
385,223541,32,316,Federico Chiesa,Chiesa,3,0.3,6.3,12,10,Home,2026-04-11T16:30:00Z,2,0,0,0,0,0,0,0,0,0,0,0,0.0,0.0,0.0,0.0,0,0.0,0.0,0.0,0.0,False,a,,,,,2526
386,243016,32,316,Alexis Mac Allister,Mac Allister,3,2.2,6.3,12,10,Home,2026-04-11T16:30:00Z,2,0,22,0,0,0,0,0,0,0,2,1,0.1,0.02,0.12,0.45,1,1.2,0.8,10.3,1.0,False,a,,,,4.0,2526
387,424876,32,316,Dominik Szoboszlai,Szoboszlai,3,13.2,7.1,12,10,Home,2026-04-11T16:30:00Z,2,0,90,0,0,1,0,0,0,0,18,5,0.02,0.05,0.07,1.04,15,5.6,23.6,25.4,7.0,False,a,,1.0,2.0,2.0,2526
388,206915,32,316,Curtis Jones,C.Jones,3,0.1,5.4,12,10,Home,2026-04-11T16:30:00Z,2,0,45,0,0,0,0,0,0,0,10,1,0.0,0.03,0.03,0.2,6,1.3,5.0,3.8,4.0,False,d,Groin Injury - 75% chance of playing,,,,2526
389,444884,32,318,Harvey Elliott,Elliott,3,0.2,5.1,2,16,Away,2026-04-12T13:00:00Z,1,1,0,0,0,0,0,0,0,0,0,0,0.0,0.0,0.0,0.0,0,0.0,0.0,0.0,0.0,False,a,,,,,2526
390,441266,32,316,Ryan Gravenberch,Gravenberch,3,4.5,5.5,12,10,Home,2026-04-11T16:30:00Z,2,0,45,0,0,0,0,0,0,0,7,1,0.0,0.02,0.02,0.84,7,1.6,13.8,1.7,0.0,False,a,,,,,2526
391,496208,32,311,Ben Gannon-Doak,Gannon-Doak,3,0.0,4.8,4,1,Away,2026-04-11T11:30:00Z,2,1,0,0,0,0,0,0,0,0,0,0,0.0,0.0,0.0,0.0,0,0.0,0.0,0.0,0.0,False,a,,,,,2526
392,158983,32,316,Endo Wataru,Endo,3,0.1,4.9,12,10,Home,2026-04-11T16:30:00Z,2,0,0,0,0,0,0,0,0,0,0,0,0.0,0.0,0.0,0.0,0,0.0,0.0,0.0,0.0,False,i,Foot injury - Unknown return date,,,,2526
393,535928,32,316,Stefan Bajčetić Maquieira,Bajcetic,3,0.1,4.2,12,10,Home,2026-04-11T16:30:00Z,2,0,0,0,0,0,0,0,0,0,0,0,0.0,0.0,0.0,0.0,0,0.0,0.0,0.0,0.0,False,i,Hamstring injury - Unknown return date,,,,2526
394,491501,32,316,James McConnell,McConnell,3,0.0,4.4,12,10,Home,2026-04-11T16:30:00Z,2,0,0,0,0,0,0,0,0,0,0,0,0.0,0.0,0.0,0.0,0,0.0,0.0,0.0,0.0,False,u,has joined Ajax on loan for the rest of the season.,,,,2526
395,440148,32,316,Tyler Morton,Morton,3,0.0,4.5,12,10,Home,2026-04-11T16:30:00Z,2,0,0,0,0,0,0,0,0,0,0,0,0.0,0.0,0.0,0.0,0,0.0,0.0,0.0,0.0,False,u,Has joined Lyon permanently.,,,,2526
396,591386,32,316,Trey Nyoni,Nyoni,3,0.3,4.3,12,10,Home,2026-04-11T16:30:00Z,2,0,1,0,0,0,0,0,0,0,3,1,0.0,0.0,0.0,0.0,0,0.0,0.0,0.1,0.0,False,a,,,,,2526
397,447203,32,316,Darwin Núñez Ribeiro,Darwin,4,0.1,6.5,12,10,Home,2026-04-11T16:30:00Z,2,0,0,0,0,0,0,0,0,0,0,0,0.0,0.0,0.0,0.0,0,0.0,0.0,0.0,0.0,False,u,Has joined Al-Hilal permanently.,,,,2526
398,500058,32,316,Jayden Danns,Danns,4,0.1,4.3,12,10,Home,2026-04-11T16:30:00Z,2,0,0,0,0,0,0,0,0,0,0,0,0.0,0.0,0.0,0.0,0,0.0,0.0,0.0,0.0,False,i,Hamstring injury - Unknown return date,,,,2526
399,121160,32,314,Ederson Santana de Moraes,Ederson M.,1,0.8,5.3,13,7,Away,2026-04-12T15:30:00Z,3,0,0,0,0,0,0,0,0,0,0,0,0.0,0.0,0.0,0.0,0,0.0,0.0,0.0,0.0,False,u,has joined Fenerbache permanently.,,,,2526
400,88248,32,318,Stefan Ortega Moreno,Ortega Moreno,1,0.2,4.7,16,2,Home,2026-04-12T13:00:00Z,1,1,0,0,0,0,0,0,0,0,0,0,0.0,0.0,0.0,0.0,0,0.0,0.0,0.0,0.0,False,a,,,,,2526
401,122074,32,314,Marcus Bettinelli,Bettinelli,1,0.4,3.8,13,7,Away,2026-04-12T15:30:00Z,3,0,0,0,0,0,0,0,0,0,0,0,0.0,0.0,0.0,0.0,0,0.0,0.0,0.0,0.0,False,a,,,,,2526
402,448514,32,314,Rayan Aït-Nouri,Aït-Nouri,2,4.3,5.7,13,7,Away,2026-04-12T15:30:00Z,3,0,26,0,0,0,0,0,0,0,1,1,0.0,0.11,0.11,0.89,2,1.9,5.8,12.8,0.0,False,a,,,,,2526
403,477424,32,314,Joško Gvardiol,Gvardiol,2,3.2,5.8,13,7,Away,2026-04-12T15:30:00Z,3,0,0,0,0,0,0,0,0,0,0,0,0.0,0.0,0.0,0.0,0,0.0,0.0,0.0,0.0,False,i,Leg injury - Unknown return date,,,,2526
404,211975,32,314,Manuel Akanji,Akanji,2,0.3,5.4,13,7,Away,2026-04-12T15:30:00Z,3,0,0,0,0,0,0,0,0,0,0,0,0.0,0.0,0.0,0.0,0,0.0,0.0,0.0,0.0,False,u,has joined Inter Milan on loan for the rest of the season.,,,,2526
405,126184,32,314,Nathan Aké,Aké,2,0.6,5.2,13,7,Away,2026-04-12T15:30:00Z,3,0,0,0,0,0,0,0,0,0,0,0,0.0,0.0,0.0,0.0,0,0.0,0.0,0.0,0.0,False,a,,,,,2526
406,578153,32,314,Abdukodir Khusanov,Khusanov,2,0.5,5.4,13,7,Away,2026-04-12T15:30:00Z,3,0,90,0,0,1,0,0,0,0,25,6,0.03,0.03,0.06,1.14,4,4.3,19.0,22.9,1.0,False,a,,,,,2526
407,465351,32,314,Matheus Nunes,Matheus N.,2,3.1,5.3,13,7,Away,2026-04-12T15:30:00Z,3,0,90,0,0,1,0,0,0,0,33,6,0.0,0.17,0.17,1.14,4,6.4,22.2,39.9,2.0,False,a,,,,4.0,2526
408,171314,32,314,Rúben dos Santos Gato Alves Dias,Rúben,2,3.3,5.5,13,7,Away,2026-04-12T15:30:00Z,3,0,0,0,0,0,0,0,0,0,0,0,0.0,0.0,0.0,0.0,0,0.0,0.0,0.0,0.0,False,i,Hamstring injury - Unknown return date,,,,2526
409,97299,32,314,John Stones,Stones,2,0.6,5.4,13,7,Away,2026-04-12T15:30:00Z,3,0,0,0,0,0,0,0,0,0,0,0,0.0,0.0,0.0,0.0,0,0.0,0.0,0.0,0.0,False,d,Calf injury - 75% chance of playing,,,,2526
410,477064,32,314,Rico Lewis,Lewis,2,1.2,4.6,13,7,Away,2026-04-12T15:30:00Z,3,0,0,0,0,0,0,0,0,0,0,0,0.0,0.0,0.0,0.0,0,0.0,0.0,0.0,0.0,False,a,,,,,2526
411,472769,32,314,Nico O'Reilly,O'Reilly,2,13.2,5.0,13,7,Away,2026-04-12T15:30:00Z,3,0,63,1,0,1,0,0,0,2,44,14,0.43,0.33,0.76,0.25,5,11.1,46.2,25.8,39.0,True,d,Muscle injury - 75% chance of playing,,,,2526
412,616222,32,314,Vitor de Oliveira Nunes dos Reis,Vitor Reis,2,0.0,5.0,13,7,Away,2026-04-12T15:30:00Z,3,0,0,0,0,0,0,0,0,0,0,0,0.0,0.0,0.0,0.0,0,0.0,0.0,0.0,0.0,False,u,Has joined Girona on loan for the rest of the season.,,,,2526
413,438234,32,314,Omar Marmoush,Marmoush,3,2.5,8.3,13,7,Away,2026-04-12T15:30:00Z,3,0,0,0,0,0,0,0,0,0,0,0,0.0,0.0,0.0,0.0,0,0.0,0.0,0.0,0.0,False,a,,4.0,1.0,2.0,2526
414,209244,32,314,Phil Foden,Foden,3,7.9,8.0,13,7,Away,2026-04-12T15:30:00Z,3,0,14,0,0,0,0,0,0,0,6,1,0.0,0.04,0.04,0.62,4,3.7,8.6,24.7,4.0,False,a,,5.0,,,2526
415,510281,32,314,Sávio Moreira de Oliveira,Savinho,3,0.4,6.9,13,7,Away,2026-04-12T15:30:00Z,3,0,14,0,0,0,0,0,0,0,4,1,0.0,0.03,0.03,0.62,0,1.1,2.0,5.3,4.0,False,a,,,,,2526
416,165809,32,314,Bernardo Mota Veiga de Carvalho e Silva,Bernardo,3,0.7,6.2,13,7,Away,2026-04-12T15:30:00Z,3,0,80,0,0,1,0,0,0,0,16,3,0.25,0.08,0.33,0.52,9,5.2,14.2,7.6,30.0,False,a,,1.0,,,2526
417,466052,32,314,Rayan Cherki,Cherki,3,8.3,6.3,13,7,Away,2026-04-12T15:30:00Z,3,0,75,0,2,1,0,0,0,1,41,10,0.2,0.65,0.85,0.52,2,10.7,44.6,36.5,26.0,False,a,,3.0,2.0,,2526
418,248875,32,314,Jérémy Doku,Doku,3,2.5,6.4,13,7,Away,2026-04-12T15:30:00Z,3,0,75,1,0,1,0,0,0,0,29,8,0.18,0.06,0.24,0.52,9,9.9,37.8,17.6,44.0,False,a,,,,3.0,2526
419,114283,32,312,Jack Grealish,Grealish,3,5.7,6.3,9,5,Away,2026-04-11T14:00:00Z,2,2,0,0,0,0,0,0,0,0,0,0,0.0,0.0,0.0,0.0,0,0.0,0.0,0.0,0.0,False,i,Foot injury - Expected back 01 Jun,,,,2526
420,59859,32,314,İlkay Gündoğan,Gündoğan,3,0.1,6.3,13,7,Away,2026-04-12T15:30:00Z,3,0,0,0,0,0,0,0,0,0,0,0,0.0,0.0,0.0,0.0,0,0.0,0.0,0.0,0.0,False,u,has joined Galatasaray permanently.,,,,2526
421,220566,32,314,Rodrigo 'Rodri' Hernandez Cascante,Rodrigo,3,0.5,6.3,13,7,Away,2026-04-12T15:30:00Z,3,0,90,0,0,1,0,0,0,0,11,3,0.0,0.04,0.04,1.14,8,2.7,13.0,11.7,2.0,False,a,,,,,2526
422,91651,32,314,Mateo Kovačić,Kovačić,3,0.0,5.8,13,7,Away,2026-04-12T15:30:00Z,3,0,9,0,0,0,0,0,0,0,4,1,0.0,0.03,0.03,0.62,0,0.5,1.8,2.8,0.0,False,a,,,,,2526
423,465694,32,314,Nico González Iglesias,N.Gonzalez,3,0.1,5.9,13,7,Away,2026-04-12T15:30:00Z,3,0,0,0,0,0,0,0,0,0,0,0,0.0,0.0,0.0,0.0,0,0.0,0.0,0.0,0.0,False,a,,,,,2526
424,477555,32,316,Oscar Bobb,Bobb,3,0.2,5.1,10,12,Away,2026-04-11T16:30:00Z,0,2,45,0,0,0,2,0,0,0,11,1,0.09,0.04,0.13,0.81,2,4.7,10.4,15.2,21.0,False,a,,,,,2526
425,575204,32,314,Claudio Echeverri,Echeverri,3,0.0,5.4,13,7,Away,2026-04-12T15:30:00Z,3,0,0,0,0,0,0,0,0,0,0,0,0.0,0.0,0.0,0.0,0,0.0,0.0,0.0,0.0,False,u,has joined Girona on loan for the rest of the season.,,,,2526
426,432714,32,318,James McAtee,McAtee,3,0.1,5.0,16,2,Home,2026-04-12T13:00:00Z,1,1,0,0,0,0,0,0,0,0,0,0,0.0,0.0,0.0,0.0,0,0.0,0.0,0.0,0.0,False,a,,,,5.0,2526
427,433036,32,314,Tijjani Reijnders,Reijnders,3,9.2,5.0,13,7,Away,2026-04-12T15:30:00Z,3,0,0,0,0,0,0,0,0,0,0,0,0.0,0.0,0.0,0.0,0,0.0,0.0,0.0,0.0,False,a,,4.0,3.0,,2526
428,566164,32,314,Sverre Nypan,Nypan,3,0.0,5.0,13,7,Away,2026-04-12T15:30:00Z,3,0,0,0,0,0,0,0,0,0,0,0,0.0,0.0,0.0,0.0,0,0.0,0.0,0.0,0.0,False,a,,,,,2526
429,155405,32,314,Kalvin Phillips,Phillips,3,0.1,4.7,13,7,Away,2026-04-12T15:30:00Z,3,0,0,0,0,0,0,0,0,0,0,0,0.0,0.0,0.0,0.0,0,0.0,0.0,0.0,0.0,False,u,has joined Sheffield United on loan for the rest of the season.,,,,2526
430,223094,32,314,Erling Haaland,Haaland,4,58.9,14.4,13,7,Away,2026-04-12T15:30:00Z,3,0,90,0,0,1,0,0,0,0,5,2,0.58,0.0,0.58,1.14,6,4.3,3.0,2.5,37.0,False,a,,,,1.0,2526
431,451302,32,317,Altay Bayındır,Bayindir,1,0.3,4.7,14,11,Home,2026-04-13T19:00:00Z,1,2,0,0,0,0,0,0,0,0,0,0,0.0,0.0,0.0,0.0,0,0.0,0.0,0.0,0.0,False,a,,,,,2526
432,202641,32,317,André Onana,Onana,1,0.1,4.9,14,11,Home,2026-04-13T19:00:00Z,1,2,0,0,0,0,0,0,0,0,0,0,0.0,0.0,0.0,0.0,0,0.0,0.0,0.0,0.0,False,u,has joined Trabzonspor on loan for the rest of the season.,,,,2526
433,588555,32,317,Elyh Harrison,Harrison,1,0.0,4.0,14,11,Home,2026-04-13T19:00:00Z,1,2,0,0,0,0,0,0,0,0,0,0,0.0,0.0,0.0,0.0,0,0.0,0.0,0.0,0.0,False,u,On loan to Shrewsbury Town,,,,2526
434,21205,32,317,Tom Heaton,Heaton,1,0.3,3.8,14,11,Home,2026-04-13T19:00:00Z,1,2,0,0,0,0,0,0,0,0,0,0,0.0,0.0,0.0,0.0,0,0.0,0.0,0.0,0.0,False,a,,,,,2526
435,461537,32,317,Dermot Mee,Mee,1,0.1,3.9,14,11,Home,2026-04-13T19:00:00Z,1,2,0,0,0,0,0,0,0,0,0,0,0.0,0.0,0.0,0.0,0,0.0,0.0,0.0,0.0,False,a,,,,,2526
436,209365,32,317,Matthijs de Ligt,De Ligt,2,1.8,4.9,14,11,Home,2026-04-13T19:00:00Z,1,2,0,0,0,0,0,0,0,0,0,0,0.0,0.0,0.0,0.0,0,0.0,0.0,0.0,0.0,False,i,Back injury - Unknown return date,,,,2526
437,221820,32,317,Lisandro Martínez,Martinez,2,0.5,4.8,14,11,Home,2026-04-13T19:00:00Z,1,2,55,0,0,0,2,0,1,0,4,-3,0.0,0.06,0.06,1.96,5,1.5,12.2,2.3,0.0,False,s,Suspended until 09 May,,,,2526
438,230001,32,317,Noussair Mazraoui,Mazraoui,2,0.2,4.9,14,11,Home,2026-04-13T19:00:00Z,1,2,69,0,0,0,2,0,0,0,5,1,0.02,0.01,0.03,2.01,9,1.7,11.6,2.1,3.0,False,a,,,,,2526
439,661712,32,317,Diego León Blanco,D.Leon,2,0.1,4.1,14,11,Home,2026-04-13T19:00:00Z,1,2,0,0,0,0,0,0,0,0,0,0,0.0,0.0,0.0,0.0,0,0.0,0.0,0.0,0.0,False,a,,,,,2526
440,216051,32,317,Diogo Dalot Teixeira,Dalot,2,4.7,4.6,14,11,Home,2026-04-13T19:00:00Z,1,2,20,0,0,0,0,0,0,0,6,1,0.02,0.01,0.03,0.35,4,1.1,7.2,1.1,3.0,False,a,,,,,2526
441,596777,32,317,Patrick Dorgu,Dorgu,2,2.6,4.1,14,11,Home,2026-04-13T19:00:00Z,1,2,0,0,0,0,0,0,0,0,0,0,0.0,0.0,0.0,0.0,0,0.0,0.0,0.0,0.0,False,i,Hamstring injury - Unknown return date,,,,2526
442,95658,32,317,Harry Maguire,Maguire,2,1.4,4.4,14,11,Home,2026-04-13T19:00:00Z,1,2,0,0,0,0,0,0,0,0,0,0,0.0,0.0,0.0,0.0,0,0.0,0.0,0.0,0.0,False,a,,,,,2526
443,106760,32,317,Luke Shaw,Shaw,2,0.8,4.5,14,11,Home,2026-04-13T19:00:00Z,1,2,90,0,0,0,2,1,0,0,5,0,0.03,0.04,0.07,2.37,5,3.6,12.0,14.8,9.0,False,a,,,,,2526
444,550864,32,317,Leny Yoro,Yoro,2,1.3,4.1,14,11,Home,2026-04-13T19:00:00Z,1,2,90,0,0,0,2,0,0,0,15,3,0.2,0.19,0.39,2.37,15,6.7,29.4,12.8,25.0,False,a,,,,,2526
445,577974,32,317,Harry Amass,Amass,2,0.1,4.0,14,11,Home,2026-04-13T19:00:00Z,1,2,0,0,0,0,0,0,0,0,0,0,0.0,0.0,0.0,0.0,0,0.0,0.0,0.0,0.0,False,u,has joined Norwich City on loan for the rest of the season.,,,,2526
446,547676,32,317,Tyler Fredricson,Fredricson,2,0.1,3.7,14,11,Home,2026-04-13T19:00:00Z,1,2,0,0,0,0,0,0,0,0,0,0,0.0,0.0,0.0,0.0,0,0.0,0.0,0.0,0.0,False,a,,,,,2526
447,606745,32,317,Ayden Heaven,Heaven,2,2.1,3.7,14,11,Home,2026-04-13T19:00:00Z,1,2,0,0,0,0,0,0,0,0,0,0,0.0,0.0,0.0,0.0,0,0.0,0.0,0.0,0.0,False,a,,,,,2526
448,222690,32,317,Tyrell Malacia,Malacia,2,0.4,3.7,14,11,Home,2026-04-13T19:00:00Z,1,2,0,0,0,0,0,0,0,0,0,0,0.0,0.0,0.0,0.0,0,0.0,0.0,0.0,0.0,False,a,,,,,2526
449,141746,32,317,Bruno Borges Fernandes,B.Fernandes,3,45.0,10.3,14,11,Home,2026-04-13T19:00:00Z,1,2,90,0,1,0,2,1,0,0,27,4,0.02,0.49,0.51,2.37,6,11.4,36.4,71.8,6.0,False,a,,1.0,1.0,1.0,2526
450,430871,32,317,Matheus Santos Carneiro da Cunha,Cunha,3,8.4,8.0,14,11,Home,2026-04-13T19:00:00Z,1,2,90,0,0,0,2,1,0,0,9,1,0.14,0.06,0.2,2.37,7,8.7,13.4,27.2,46.0,False,a,,,,,2526
451,176297,32,317,Marcus Rashford,Rashford,3,0.0,7.0,14,11,Home,2026-04-13T19:00:00Z,1,2,0,0,0,0,0,0,0,0,0,0,0.0,0.0,0.0,0.0,0,0.0,0.0,0.0,0.0,False,u,Has joined Barcelona on loan for the rest of the season,,,,2526
452,493250,32,317,Amad Diallo,Amad,3,1.4,6.2,14,11,Home,2026-04-13T19:00:00Z,1,2,69,0,0,0,2,0,0,0,11,2,0.05,0.01,0.06,2.01,2,2.1,3.8,3.8,13.0,False,a,,3.0,,,2526
453,493105,32,314,Alejandro Garnacho Ferreyra,Garnacho,3,0.5,6.4,7,13,Home,2026-04-12T15:30:00Z,0,3,23,0,0,0,1,0,0,0,3,1,0.0,0.01,0.01,0.53,1,0.4,0.2,1.7,2.0,False,a,,,,,2526
454,467169,32,317,Antony dos Santos,Antony,3,0.1,5.9,14,11,Home,2026-04-13T19:00:00Z,1,2,0,0,0,0,0,0,0,0,0,0,0.0,0.0,0.0,0.0,0,0.0,0.0,0.0,0.0,False,u,has joined Real Betis permanently.,,,,2526
455,184341,32,317,Mason Mount,Mount,3,0.3,5.9,14,11,Home,2026-04-13T19:00:00Z,1,2,0,0,0,0,0,0,0,0,0,0,0.0,0.0,0.0,0.0,0,0.0,0.0,0.0,0.0,False,a,,,,,2526
456,209243,32,318,Jadon Sancho,Sancho,3,0.2,5.8,2,16,Away,2026-04-12T13:00:00Z,1,1,0,0,0,0,0,0,0,0,0,0,0.0,0.0,0.0,0.0,0,0.0,0.0,0.0,0.0,False,d,Shoulder injury - 50% chance of playing,6.0,,,2526
457,61256,32,317,Carlos Henrique Casimiro,Casemiro,3,3.2,5.7,14,11,Home,2026-04-13T19:00:00Z,1,2,90,1,0,0,2,0,0,2,38,9,0.24,0.12,0.36,2.37,11,15.0,51.6,50.0,48.0,False,a,,,,,2526
458,516895,32,317,Kobbie Mainoo,Mainoo,3,1.2,4.7,14,11,Home,2026-04-13T19:00:00Z,1,2,0,0,0,0,0,0,0,0,0,0,0.0,0.0,0.0,0.0,0,0.0,0.0,0.0,0.0,False,d,Knock - 75% chance of playing,,,,2526
459,232112,32,317,Manuel Ugarte Ribeiro,Ugarte,3,0.1,4.7,14,11,Home,2026-04-13T19:00:00Z,1,2,90,0,0,0,2,0,0,0,20,4,0.22,0.01,0.23,2.37,12,4.7,28.4,8.1,10.0,False,a,,,,,2526
460,490881,32,317,Toby Collyer,Collyer,3,0.0,4.5,14,11,Home,2026-04-13T19:00:00Z,1,2,0,0,0,0,0,0,0,0,0,0,0.0,0.0,0.0,0.0,0,0.0,0.0,0.0,0.0,False,u,has joined Hull City on loan for the rest of the season.,,,,2526
461,556639,32,317,Jayce Fitzgerald,Fitzgerald,3,0.0,4.3,14,11,Home,2026-04-13T19:00:00Z,1,2,0,0,0,0,0,0,0,0,0,0,0.0,0.0,0.0,0.0,0,0.0,0.0,0.0,0.0,False,a,,,,,2526
462,547037,32,317,Jack Fletcher,J.Fletcher,3,0.1,4.3,14,11,Home,2026-04-13T19:00:00Z,1,2,0,0,0,0,0,0,0,0,0,0,0.0,0.0,0.0,0.0,0,0.0,0.0,0.0,0.0,False,a,,,,,2526
463,618873,32,317,Sékou Koné,Kone,3,0.1,4.3,14,11,Home,2026-04-13T19:00:00Z,1,2,0,0,0,0,0,0,0,0,0,0,0.0,0.0,0.0,0.0,0,0.0,0.0,0.0,0.0,False,u,has joined Lausanne-Sport on loan for the rest of the season.,,,,2526
464,559684,32,317,Jack Moorhouse,Moorhouse,3,0.0,4.5,14,11,Home,2026-04-13T19:00:00Z,1,2,0,0,0,0,0,0,0,0,0,0,0.0,0.0,0.0,0.0,0,0.0,0.0,0.0,0.0,False,u,has joined Leyton Orient on loan for the rest of the season.,,,,2526
465,497894,32,317,Rasmus Højlund,Højlund,4,0.3,6.3,14,11,Home,2026-04-13T19:00:00Z,1,2,0,0,0,0,0,0,0,0,0,0,0.0,0.0,0.0,0.0,0,0.0,0.0,0.0,0.0,False,u,has joined Napoli on loan for the rest of the season.,,,,2526
466,458249,32,317,Joshua Zirkzee,Zirkzee,4,0.4,5.8,14,11,Home,2026-04-13T19:00:00Z,1,2,0,0,0,0,0,0,0,0,0,0,0.0,0.0,0.0,0.0,0,0.0,0.0,0.0,0.0,False,a,,,,,2526
467,596047,32,317,Chido Obi,Obi,4,1.4,4.2,14,11,Home,2026-04-13T19:00:00Z,1,2,0,0,0,0,0,0,0,0,0,0,0.0,0.0,0.0,0.0,0,0.0,0.0,0.0,0.0,False,a,,,,,2526
468,575034,32,317,Ethan Wheatley,Wheatley,4,0.1,4.5,14,11,Home,2026-04-13T19:00:00Z,1,2,0,0,0,0,0,0,0,0,0,0,0.0,0.0,0.0,0.0,0,0.0,0.0,0.0,0.0,False,u,has joined Bradford City on loan for the rest of the season.,,,,2526
469,98747,32,315,Nick Pope,Pope,1,4.3,5.0,15,8,Away,2026-04-12T13:00:00Z,1,2,0,0,0,0,0,0,0,0,0,0,0.0,0.0,0.0,0.0,0,0.0,0.0,0.0,0.0,False,a,,,,,2526
470,67089,32,313,Martin Dúbravka,Dúbravka,1,29.5,4.0,3,6,Home,2026-04-11T14:00:00Z,0,2,90,0,0,0,2,0,0,0,12,2,0.0,0.0,0.0,1.93,0,3.1,30.6,0.0,0.0,False,a,,,,,2526
471,81441,32,315,Mark Gillespie,Gillespie,1,0.1,3.9,15,8,Away,2026-04-12T13:00:00Z,1,2,0,0,0,0,0,0,0,0,0,0,0.0,0.0,0.0,0.0,0,0.0,0.0,0.0,0.0,False,a,,,,,2526
472,111452,32,315,Odysseas Vlachodimos,Odysseas,1,0.0,4.0,15,8,Away,2026-04-12T13:00:00Z,1,2,0,0,0,0,0,0,0,0,0,0,0.0,0.0,0.0,0.0,0,0.0,0.0,0.0,0.0,False,u,Has joined Sevilla on loan for the rest of the season.,,,,2526
473,487838,32,315,Lewis Hall,Hall,2,4.0,5.4,15,8,Away,2026-04-12T13:00:00Z,1,2,90,0,0,0,2,0,0,0,9,1,0.04,0.07,0.11,2.56,4,4.9,17.8,20.4,11.0,False,a,,2.0,1.0,,2526
474,119471,32,315,Fabian Schär,Schär,2,1.1,5.2,15,8,Away,2026-04-12T13:00:00Z,1,2,0,0,0,0,0,0,0,0,0,0,0.0,0.0,0.0,0.0,0,0.0,0.0,0.0,0.0,False,i,Ankle injury - Expected back 10 May,,4.0,,2526
475,220237,32,315,Sven Botman,Botman,2,0.4,4.9,15,8,Away,2026-04-12T13:00:00Z,1,2,90,0,0,0,2,0,0,0,3,3,0.07,0.01,0.08,2.56,12,3.3,24.0,1.2,8.0,False,a,,,,,2526
476,78916,32,315,Dan Burn,Burn,2,3.4,5.0,15,8,Away,2026-04-12T13:00:00Z,1,2,0,0,0,0,0,0,0,0,0,0,0.0,0.0,0.0,0.0,0,0.0,0.0,0.0,0.0,False,a,,,,,2526
477,441191,32,315,Tino Livramento,Livramento,2,1.9,4.9,15,8,Away,2026-04-12T13:00:00Z,1,2,90,0,0,0,2,0,0,0,8,1,0.0,0.03,0.03,2.56,2,1.7,10.2,7.0,0.0,False,a,,,,,2526
478,77794,32,315,Kieran Trippier,Trippier,2,1.4,4.9,15,8,Away,2026-04-12T13:00:00Z,1,2,0,0,0,0,0,0,0,0,0,0,0.0,0.0,0.0,0.0,0,0.0,0.0,0.0,0.0,False,a,,4.0,2.0,,2526
479,111773,32,315,Emil Krafth,Krafth,2,0.0,4.3,15,8,Away,2026-04-12T13:00:00Z,1,2,0,0,0,0,0,0,0,0,0,0,0.0,0.0,0.0,0.0,0,0.0,0.0,0.0,0.0,False,i,Knee injury - Unknown return date,,,,2526
480,101148,32,315,Jamaal Lascelles,Lascelles,2,0.0,4.3,15,8,Away,2026-04-12T13:00:00Z,1,2,0,0,0,0,0,0,0,0,0,0,0.0,0.0,0.0,0.0,0,0.0,0.0,0.0,0.0,False,u,has joined Leicester City permanently.,,,,2526
481,545477,32,315,Alex Murphy,A.Murphy,2,0.7,3.8,15,8,Away,2026-04-12T13:00:00Z,1,2,0,0,0,0,0,0,0,0,0,0,0.0,0.0,0.0,0.0,0,0.0,0.0,0.0,0.0,False,a,,,,,2526
482,441024,32,315,Harrison Ashby,Ashby,2,0.1,3.9,15,8,Away,2026-04-12T13:00:00Z,1,2,0,0,0,0,0,0,0,0,0,0,0.0,0.0,0.0,0.0,0,0.0,0.0,0.0,0.0,False,u,has joined Bradford City on loan for the rest of the season.,,,,2526
483,578512,32,315,Miodrag Pivaš,Pivas,2,0.4,3.8,15,8,Away,2026-04-12T13:00:00Z,1,2,0,0,0,0,0,0,0,0,0,0,0.0,0.0,0.0,0.0,0,0.0,0.0,0.0,0.0,False,a,,,,,2526
484,169359,32,315,Matt Targett,Targett,2,0.1,4.0,15,8,Away,2026-04-12T13:00:00Z,1,2,0,0,0,0,0,0,0,0,0,0,0.0,0.0,0.0,0.0,0,0.0,0.0,0.0,0.0,False,u,has joined Middlesbrough on loan for the rest of the season.,,,,2526
485,232826,32,315,Anthony Gordon,Gordon,3,7.3,7.4,15,8,Away,2026-04-12T13:00:00Z,1,2,70,0,0,1,0,0,0,0,5,3,0.04,0.03,0.07,1.42,2,1.6,0.2,6.3,9.0,False,a,,,,1.0,2526
486,449434,32,315,Anthony Elanga,Elanga,3,2.7,6.5,15,8,Away,2026-04-12T13:00:00Z,1,2,1,0,0,0,0,0,0,0,3,1,0.0,0.0,0.0,0.06,0,0.3,0.0,3.0,0.0,False,a,,5.0,,,2526
487,201666,32,315,Harvey Barnes,Barnes,3,1.1,6.1,15,8,Away,2026-04-12T13:00:00Z,1,2,19,0,0,0,2,0,0,0,3,1,0.0,0.01,0.01,1.14,0,0.4,0.4,1.4,2.0,False,a,,,,,2526
488,208706,32,315,Bruno Guimarães Rodriguez Moura,Bruno G.,3,4.4,6.8,15,8,Away,2026-04-12T13:00:00Z,1,2,0,0,0,0,0,0,0,0,0,0,0.0,0.0,0.0,0.0,0,0.0,0.0,0.0,0.0,False,i,Hamstring injury - Expected back 25 Apr,3.0,5.0,2.0,2526
489,114243,32,315,Jacob Murphy,J.Murphy,3,0.6,5.9,15,8,Away,2026-04-12T13:00:00Z,1,2,90,0,0,0,2,0,0,0,4,2,0.05,0.01,0.06,2.5,5,2.7,5.4,12.5,9.0,False,a,,,,,2526
490,180974,32,315,Joelinton Cássio Apolinário de Lira,Joelinton,3,0.3,5.9,15,8,Away,2026-04-12T13:00:00Z,1,2,83,0,0,0,1,1,0,0,2,1,0.0,0.01,0.01,1.71,8,0.3,0.6,2.1,0.0,False,s,Suspended until 02 May,,,,2526
491,432422,32,315,Sandro Tonali,Tonali,3,1.1,5.3,15,8,Away,2026-04-12T13:00:00Z,1,2,90,0,0,0,2,0,0,0,13,2,0.0,0.05,0.05,2.5,8,2.3,7.8,15.2,0.0,False,a,,1.0,3.0,,2526
492,640108,32,315,Antoñito Cordero Campillo,Antoñito C.,3,0.0,4.9,15,8,Away,2026-04-12T13:00:00Z,1,2,0,0,0,0,0,0,0,0,0,0,0.0,0.0,0.0,0.0,0,0.0,0.0,0.0,0.0,False,u,has joined Cadiz on loan for the rest of the season.,,,,2526
493,180135,32,317,Sean Longstaff,Longstaff,3,0.2,4.8,11,14,Away,2026-04-13T19:00:00Z,2,1,4,0,0,0,0,0,0,0,3,1,0.0,0.0,0.0,0.02,0,0.3,0.4,2.1,0.0,False,a,,2.0,2.0,,2526
494,200089,32,315,Joe Willock,Willock,3,0.1,5.0,15,8,Away,2026-04-12T13:00:00Z,1,2,0,0,0,0,0,0,0,0,0,0,0.0,0.0,0.0,0.0,0,0.0,0.0,0.0,0.0,False,a,,,,,2526
495,153127,32,315,Isaac Hayden,Hayden,3,0.0,4.5,15,8,Away,2026-04-12T13:00:00Z,1,2,0,0,0,0,0,0,0,0,0,0,0.0,0.0,0.0,0.0,0,0.0,0.0,0.0,0.0,False,u,Has departed the club as a free agent.,,,,2526
496,564510,32,315,Garang Kuol,Kuol,3,0.0,4.4,15,8,Away,2026-04-12T13:00:00Z,1,2,0,0,0,0,0,0,0,0,0,0,0.0,0.0,0.0,0.0,0,0.0,0.0,0.0,0.0,False,u,has joined Sparta Prague permanently.,,,,2526
497,547719,32,315,Lewis Miley,L.Miley,3,1.8,4.4,15,8,Away,2026-04-12T13:00:00Z,1,2,90,0,1,0,2,0,0,1,25,6,0.0,0.01,0.01,2.56,4,4.0,22.0,17.7,0.0,False,a,,,,,2526
498,461484,32,315,Joe White,White,3,0.0,4.5,15,8,Away,2026-04-12T13:00:00Z,1,2,0,0,0,0,0,0,0,0,0,0,0.0,0.0,0.0,0.0,0,0.0,0.0,0.0,0.0,False,u,has joined Bradford City on loan for the rest of the season.,,,,2526
499,219168,32,316,Alexander Isak,Isak,4,3.5,10.3,12,10,Home,2026-04-11T16:30:00Z,2,0,21,0,0,0,0,0,0,0,1,1,0.0,0.0,0.0,0.45,2,0.9,8.0,1.1,0.0,False,a,,,,,2526
500,538207,32,315,William Osula,Osula,4,0.2,5.4,15,8,Away,2026-04-12T13:00:00Z,1,2,83,1,0,0,1,0,0,2,29,8,0.94,0.01,0.95,1.71,3,8.6,34.0,1.8,50.0,False,a,,,,,2526
501,599303,32,315,Sean Neave,Neave,4,0.3,4.3,15,8,Away,2026-04-12T13:00:00Z,1,2,0,0,0,0,0,0,0,0,0,0,0.0,0.0,0.0,0.0,0,0.0,0.0,0.0,0.0,False,a,,,,,2526
502,85633,32,318,Matz Sels,Sels,1,4.9,4.6,16,2,Home,2026-04-12T13:00:00Z,1,1,90,0,0,0,1,0,0,0,16,3,0.0,0.0,0.0,1.02,0,3.6,35.6,0.0,0.0,False,a,,,,,2526
503,475123,32,318,Carlos Miguel dos Santos Pereira,C.Miguel,1,0.1,4.0,16,2,Home,2026-04-12T13:00:00Z,1,1,0,0,0,0,0,0,0,0,0,0,0.0,0.0,0.0,0.0,0,0.0,0.0,0.0,0.0,False,u,Has joined Palmeiras permanently.,,,,2526
504,224068,32,318,Matt Turner,Turner,1,0.1,4.0,16,2,Home,2026-04-12T13:00:00Z,1,1,0,0,0,0,0,0,0,0,0,0,0.0,0.0,0.0,0.0,0,0.0,0.0,0.0,0.0,False,u,Has joined Lyon permanently.,,,,2526
505,227444,32,318,Nikola Milenković,Milenković,2,3.2,5.1,16,2,Home,2026-04-12T13:00:00Z,1,1,90,0,0,0,1,0,0,0,10,2,0.0,0.0,0.0,1.02,5,1.3,12.6,0.7,0.0,False,a,,,,,2526
506,575476,32,318,Murillo Costa dos Santos,Murillo,2,2.2,5.2,16,2,Home,2026-04-12T13:00:00Z,1,1,90,0,0,0,1,1,0,0,-4,-1,0.13,0.01,0.14,1.02,8,1.2,3.6,1.7,7.0,False,a,,,2.0,,2526
507,159506,32,318,Ola Aina,Aina,2,2.4,4.7,16,2,Home,2026-04-12T13:00:00Z,1,1,88,0,0,0,1,0,0,0,20,2,0.0,0.13,0.13,1.02,7,4.8,19.6,26.2,2.0,False,a,,,,,2526
508,215136,32,318,Neco Williams,N.Williams,2,3.5,4.7,16,2,Home,2026-04-12T13:00:00Z,1,1,90,1,0,0,1,0,0,3,27,11,0.12,0.29,0.41,1.02,6,12.0,56.4,31.1,32.0,False,a,,3.0,,,2526
509,451432,32,318,David Mota Veiga Teixeira do Carmo,David Carmo,2,0.0,4.5,16,2,Home,2026-04-12T13:00:00Z,1,1,0,0,0,0,0,0,0,0,0,0,0.0,0.0,0.0,0.0,0,0.0,0.0,0.0,0.0,False,u,has joined Real Oviedo on loan for the rest of the season.,,,,2526
510,575458,32,318,Jair Paula da Cunha Filho,Jair Cunha,2,0.1,4.2,16,2,Home,2026-04-12T13:00:00Z,1,1,0,0,0,0,0,0,0,0,0,0,0.0,0.0,0.0,0.0,0,0.0,0.0,0.0,0.0,False,d,Foot injury - 50% chance of playing,,,,2526
511,485047,32,318,Felipe Rodrigues da Silva,Morato,2,0.1,4.3,16,2,Home,2026-04-12T13:00:00Z,1,1,0,0,0,0,0,0,0,0,0,0,0.0,0.0,0.0,0.0,0,0.0,0.0,0.0,0.0,False,a,,,,,2526
512,204822,32,318,Omar Richards,O.Richards,2,0.0,4.5,16,2,Home,2026-04-12T13:00:00Z,1,1,0,0,0,0,0,0,0,0,0,0,0.0,0.0,0.0,0.0,0,0.0,0.0,0.0,0.0,False,u,has joined Rio Ave on loan for the rest of the season.,,,,2526
513,549067,32,318,Zach Abbott,Abbott,2,0.3,3.8,16,2,Home,2026-04-12T13:00:00Z,1,1,0,0,0,0,0,0,0,0,0,0,0.0,0.0,0.0,0.0,0,0.0,0.0,0.0,0.0,False,a,,,,,2526
514,90585,32,318,Willy Boly,Boly,2,0.3,3.8,16,2,Home,2026-04-12T13:00:00Z,1,1,0,0,0,0,0,0,0,0,0,0,0.0,0.0,0.0,0.0,0,0.0,0.0,0.0,0.0,False,i,Knee injury - Unknown return date,,,,2526
515,222531,32,318,Morgan Gibbs-White,Gibbs-White,3,5.2,7.4,16,2,Home,2026-04-12T13:00:00Z,1,1,83,0,0,0,1,0,0,0,3,2,0.31,0.03,0.34,0.7,3,3.5,2.4,2.8,30.0,False,a,,,1.0,2.0,2526
516,209046,32,318,Callum Hudson-Odoi,Hudson-Odoi,3,0.7,5.7,16,2,Home,2026-04-12T13:00:00Z,1,1,90,0,1,0,1,0,0,2,23,7,0.08,0.3,0.38,1.02,5,11.4,32.0,57.5,24.0,False,a,,,,,2526
517,215379,32,318,Elliot Anderson,Anderson,3,7.9,5.6,16,2,Home,2026-04-12T13:00:00Z,1,1,90,0,0,0,1,0,0,0,17,4,0.05,0.11,0.16,1.02,15,4.0,13.0,13.9,13.0,False,a,,1.0,3.0,4.0,2526
518,510500,32,318,João Pedro Ferreira da Silva,Jota,3,0.0,5.4,16,2,Home,2026-04-12T13:00:00Z,1,1,0,0,0,0,0,0,0,0,0,0,0.0,0.0,0.0,0.0,0,0.0,0.0,0.0,0.0,False,u,has joined Besiktas on loan for the rest of the season.,,,,2526
519,250199,32,318,Nicolás Domínguez,Dominguez,3,0.0,5.0,16,2,Home,2026-04-12T13:00:00Z,1,1,6,0,0,0,0,0,0,0,2,1,0.0,0.0,0.0,0.33,0,0.0,0.0,0.3,0.0,False,a,,,,,2526
520,243345,32,318,Lewis O'Brien,O'Brien,3,0.0,5.0,16,2,Home,2026-04-12T13:00:00Z,1,1,0,0,0,0,0,0,0,0,0,0,0.0,0.0,0.0,0.0,0,0.0,0.0,0.0,0.0,False,u,Has joined Wrexham permanently.,,,,2526
521,210462,32,318,Ibrahim Sangaré,Sangaré,3,0.1,4.9,16,2,Home,2026-04-12T13:00:00Z,1,1,90,0,0,0,1,0,0,0,19,4,0.0,0.03,0.03,1.02,12,4.5,15.6,23.3,6.0,False,a,,,,,2526
522,204968,32,318,Ryan Yates,Yates,3,0.1,4.7,16,2,Home,2026-04-12T13:00:00Z,1,1,1,0,0,0,0,0,0,0,3,1,0.0,0.0,0.0,0.0,0,0.0,0.0,0.0,0.0,False,a,,,,,2526
523,569014,32,318,Eric da Silva Moreira,Da Silva Moreira,3,0.1,4.5,16,2,Home,2026-04-12T13:00:00Z,1,1,0,0,0,0,0,0,0,0,0,0,0.0,0.0,0.0,0.0,0,0.0,0.0,0.0,0.0,False,a,,,,,2526
524,495161,32,318,Marko Stamenić,Stamenic,3,0.0,4.5,16,2,Home,2026-04-12T13:00:00Z,1,1,0,0,0,0,0,0,0,0,0,0,0.0,0.0,0.0,0.0,0,0.0,0.0,0.0,0.0,False,u,Has joined Swansea City permanently.,,,,2526
525,60689,32,318,Chris Wood,Wood,4,4.5,7.1,16,2,Home,2026-04-12T13:00:00Z,1,1,25,0,0,0,0,0,0,0,1,1,0.17,0.01,0.18,0.72,0,0.9,0.0,1.8,9.0,False,a,,,,1.0,2526
526,482973,32,318,Igor Jesus Maciel da Cruz,Igor Jesus,4,1.3,5.8,16,2,Home,2026-04-12T13:00:00Z,1,1,88,0,0,0,1,0,0,0,7,2,0.29,0.09,0.38,1.02,4,2.4,0.0,12.3,12.0,False,a,,,,3.0,2526
527,210156,32,318,Taiwo Awoniyi,Awoniyi,4,0.3,5.2,16,2,Home,2026-04-12T13:00:00Z,1,1,0,0,0,0,0,0,0,0,0,0,0.0,0.0,0.0,0.0,0,0.0,0.0,0.0,0.0,False,a,,,,,2526
528,232571,32,319,Anthony Patterson,Patterson,1,0.2,4.2,17,18,Home,2026-04-12T13:00:00Z,1,0,0,0,0,0,0,0,0,0,0,0,0.0,0.0,0.0,0.0,0,0.0,0.0,0.0,0.0,False,u,has joined Millwall on loan for the rest of the season.,,,,2526
529,74854,32,319,Simon Moore,Moore,1,0.3,3.9,17,18,Home,2026-04-12T13:00:00Z,1,0,0,0,0,0,0,0,0,0,0,0,0.0,0.0,0.0,0.0,0,0.0,0.0,0.0,0.0,False,i,Hand injury - Unknown return date,,,,2526
530,490000,32,319,Blondy Nna Noukeu,Nna Noukeu,1,0.1,3.9,17,18,Home,2026-04-12T13:00:00Z,1,0,0,0,0,0,0,0,0,0,0,0,0.0,0.0,0.0,0.0,0,0.0,0.0,0.0,0.0,False,u,has joined US Boulogne CO permanently.,,,,2526
531,223827,32,319,Daniel Ballard,Ballard,2,3.3,4.7,17,18,Home,2026-04-12T13:00:00Z,1,0,0,0,0,0,0,0,0,0,0,0,0.0,0.0,0.0,0.0,0,0.0,0.0,0.0,0.0,False,d,Hamstring injury - 50% chance of playing,,,,2526
532,487676,32,319,Trai Hume,Hume,2,0.3,4.5,17,18,Home,2026-04-12T13:00:00Z,1,0,8,0,0,0,0,1,0,0,1,0,0.0,0.12,0.12,0.06,2,2.1,6.4,14.2,0.0,False,a,,2.0,,,2526
533,220684,32,319,Aji Alese,Alese,2,0.0,4.0,17,18,Home,2026-04-12T13:00:00Z,1,0,0,0,0,0,0,0,0,0,0,0,0.0,0.0,0.0,0.0,0,0.0,0.0,0.0,0.0,False,u,has joined Portsmouth on loan for the rest of the season.,,,,2526
534,232820,32,319,Joe Anderson,Anderson,2,0.3,3.8,17,18,Home,2026-04-12T13:00:00Z,1,0,0,0,0,0,0,0,0,0,0,0,0.0,0.0,0.0,0.0,0,0.0,0.0,0.0,0.0,False,u,has joined Barrow FC permanently.,,,,2526
535,461195,32,319,Dennis Cirkin,Cirkin,2,0.0,4.0,17,18,Home,2026-04-12T13:00:00Z,1,0,0,0,0,0,0,0,0,0,0,0,0.0,0.0,0.0,0.0,0,0.0,0.0,0.0,0.0,False,a,,,,,2526
536,477547,32,319,Leo Fuhr Hjelde,Hjelde,2,0.0,4.0,17,18,Home,2026-04-12T13:00:00Z,1,0,0,0,0,0,0,0,0,0,0,0,0.0,0.0,0.0,0.0,0,0.0,0.0,0.0,0.0,False,u,has joined Sheffield United on loan for the rest of the season.,,,,2526
537,492066,32,319,Niall Huggins,Huggins,2,0.1,4.0,17,18,Home,2026-04-12T13:00:00Z,1,0,0,0,0,0,0,0,0,0,0,0,0.0,0.0,0.0,0.0,0,0.0,0.0,0.0,0.0,False,u,has joined Wycombe Wanderers on loan for the rest of the season.,,,,2526
538,514613,32,319,Zak Johnson,Johnson,2,0.2,3.8,17,18,Home,2026-04-12T13:00:00Z,1,0,0,0,0,0,0,0,0,0,0,0,0.0,0.0,0.0,0.0,0,0.0,0.0,0.0,0.0,False,u,has joined York City on loan for the rest of the season.,,,,2526
539,167512,32,319,Luke O'Nien,O'Nien,2,0.1,4.0,17,18,Home,2026-04-12T13:00:00Z,1,0,90,0,0,1,0,0,0,0,25,6,0.02,0.08,0.1,0.84,7,2.1,11.8,1.6,8.0,False,a,,,,,2526
540,465702,32,319,Timothée Pembélé,Pembele,2,0.3,3.9,17,18,Home,2026-04-12T13:00:00Z,1,0,0,0,0,0,0,0,0,0,0,0,0.0,0.0,0.0,0.0,0,0.0,0.0,0.0,0.0,False,u,has joined Le Havre AC on loan for the rest of the season.,,,,2526
541,434399,32,319,Reinildo Mandava,Reinildo,2,2.8,3.8,17,18,Home,2026-04-12T13:00:00Z,1,0,90,0,0,1,0,0,0,1,32,7,0.0,0.02,0.02,0.84,8,2.1,18.6,2.4,0.0,False,a,,,,,2526
542,519634,32,319,Jenson Seelt,Seelt,2,0.1,4.0,17,18,Home,2026-04-12T13:00:00Z,1,0,0,0,0,0,0,0,0,0,0,0,0.0,0.0,0.0,0.0,0,0.0,0.0,0.0,0.0,False,u,has joined Wolfsburg on loan for the rest of the season.,,,,2526
543,535818,32,319,Simon Adingra,Adingra,3,0.3,4.9,17,18,Home,2026-04-12T13:00:00Z,1,0,0,0,0,0,0,0,0,0,0,0,0.0,0.0,0.0,0.0,0,0.0,0.0,0.0,0.0,False,u,has joined AS Monaco on loan for the rest of the season.,,,,2526
544,547027,32,319,Habib Diarra,Diarra,3,0.1,5.3,17,18,Home,2026-04-12T13:00:00Z,1,0,90,0,1,1,0,0,0,0,16,6,0.04,0.03,0.07,0.84,2,5.4,16.4,26.8,11.0,False,a,,,,1.0,2526
545,124165,32,319,Patrick Roberts,Roberts,3,0.0,5.4,17,18,Home,2026-04-12T13:00:00Z,1,0,0,0,0,0,0,0,0,0,0,0,0.0,0.0,0.0,0.0,0,0.0,0.0,0.0,0.0,False,u,has joined Birmingham City permanently.,,,,2526
546,626844,32,319,Milan Aleksić,Aleksić,3,0.0,4.9,17,18,Home,2026-04-12T13:00:00Z,1,0,0,0,0,0,0,0,0,0,0,0,0.0,0.0,0.0,0.0,0,0.0,0.0,0.0,0.0,False,a,,,,,2526
547,484420,32,319,Enzo Le Fée,E.Le Fée,3,1.1,4.9,17,18,Home,2026-04-12T13:00:00Z,1,0,90,0,0,1,0,0,0,0,24,3,0.0,0.45,0.45,0.84,7,4.5,15.0,27.7,2.0,False,a,,3.0,2.0,2.0,2526
548,461199,32,319,Romaine Mundle,Mundle,3,0.0,4.9,17,18,Home,2026-04-12T13:00:00Z,1,0,0,0,0,0,0,0,0,0,0,0,0.0,0.0,0.0,0.0,0,0.0,0.0,0.0,0.0,False,i,Hamstring injury - Expected back 01 Jun,,,,2526
549,223336,32,319,Dan Neil,Neil,3,0.0,4.8,17,18,Home,2026-04-12T13:00:00Z,1,0,0,0,0,0,0,0,0,0,0,0,0.0,0.0,0.0,0.0,0,0.0,0.0,0.0,0.0,False,u,has joined Ipswich Town on loan for the rest of the season.,,,,2526
550,215460,32,319,Ian Poveda-Ocampo,Poveda,3,0.0,4.7,17,18,Home,2026-04-12T13:00:00Z,1,0,0,0,0,0,0,0,0,0,0,0,0.0,0.0,0.0,0.0,0,0.0,0.0,0.0,0.0,False,a,,,,,2526
551,554197,32,319,Chris Rigg,Rigg,3,0.0,4.7,17,18,Home,2026-04-12T13:00:00Z,1,0,81,0,0,1,0,1,0,0,7,2,0.05,0.14,0.19,0.78,4,1.8,1.4,14.9,2.0,False,a,,,,,2526
552,577669,32,319,Noah Sadiki,Sadiki,3,0.1,4.9,17,18,Home,2026-04-12T13:00:00Z,1,0,90,0,0,1,0,0,0,0,15,3,0.16,0.04,0.2,0.84,11,5.3,15.2,24.8,13.0,False,a,,,,,2526
553,549912,32,319,Chemsdine Talbi,Talbi,3,0.2,4.9,17,18,Home,2026-04-12T13:00:00Z,1,0,8,0,0,0,0,0,0,0,5,1,0.0,0.0,0.0,0.06,3,0.3,3.0,0.4,0.0,False,a,,,,,2526
554,477851,32,319,Abdoullah Ba,Ba,3,0.3,4.3,17,18,Home,2026-04-12T13:00:00Z,1,0,0,0,0,0,0,0,0,0,0,0,0.0,0.0,0.0,0.0,0,0.0,0.0,0.0,0.0,False,a,,,,,2526
555,171422,32,319,Alan Browne,Browne,3,0.0,4.5,17,18,Home,2026-04-12T13:00:00Z,1,0,0,0,0,0,0,0,0,0,0,0,0.0,0.0,0.0,0.0,0,0.0,0.0,0.0,0.0,False,u,has joined Middlesbrough on loan for the rest of the season.,,,,2526
556,458297,32,319,Pierre Ekwah Elimby,Ekwah,3,0.0,4.5,17,18,Home,2026-04-12T13:00:00Z,1,0,0,0,0,0,0,0,0,0,0,0,0.0,0.0,0.0,0.0,0,0.0,0.0,0.0,0.0,False,u,Has joined AS Saint-Etienne permanently.,,,,2526
557,547410,32,319,Harrison Jones,H.Jones,3,0.1,4.3,17,18,Home,2026-04-12T13:00:00Z,1,0,0,0,0,0,0,0,0,0,0,0,0.0,0.0,0.0,0.0,0,0.0,0.0,0.0,0.0,False,a,,,,,2526
558,493837,32,319,Jay Matete,Matete,3,0.2,4.3,17,18,Home,2026-04-12T13:00:00Z,1,0,0,0,0,0,0,0,0,0,0,0,0.0,0.0,0.0,0.0,0,0.0,0.0,0.0,0.0,False,u,has joined MK Dons permanently.,,,,2526
559,500696,32,319,Nectarios Triantis,Triantis,3,0.0,4.4,17,18,Home,2026-04-12T13:00:00Z,1,0,0,0,0,0,0,0,0,0,0,0,0.0,0.0,0.0,0.0,0,0.0,0.0,0.0,0.0,False,u,has joined Minnesota United permanently.,,,,2526
560,437505,32,319,Wilson Isidor,Isidor,4,1.3,5.0,17,18,Home,2026-04-12T13:00:00Z,1,0,1,0,0,0,0,0,0,0,3,1,0.0,0.0,0.0,0.0,0,0.0,0.0,0.0,0.0,False,a,,,,,2526
561,564406,32,319,Eliezer Mayenda Dossou,Mayenda,4,0.5,5.2,17,18,Home,2026-04-12T13:00:00Z,1,0,0,0,0,0,0,0,0,0,0,0,0.0,0.0,0.0,0.0,0,0.0,0.0,0.0,0.0,False,a,,,,,2526
562,611975,32,319,Ahmed Abdullahi,Abdullahi,4,0.4,4.2,17,18,Home,2026-04-12T13:00:00Z,1,0,0,0,0,0,0,0,0,0,0,0,0.0,0.0,0.0,0.0,0,0.0,0.0,0.0,0.0,False,a,,,,,2526
563,551153,32,319,Luís Hemir Silva Semedo,Luís Hemir,4,0.1,4.4,17,18,Home,2026-04-12T13:00:00Z,1,0,0,0,0,0,0,0,0,0,0,0,0.0,0.0,0.0,0.0,0,0.0,0.0,0.0,0.0,False,u,has joined Moreirense on loan for the rest of the season.,,,,2526
564,440955,32,319,Nazarii Rusyn,Rusyn,4,0.1,4.4,17,18,Home,2026-04-12T13:00:00Z,1,0,0,0,0,0,0,0,0,0,0,0,0.0,0.0,0.0,0.0,0,0.0,0.0,0.0,0.0,False,u,has joined Arka on loan for the rest of the season.,,,,2526
565,184254,32,319,Guglielmo Vicario,Vicario,1,5.2,4.7,18,17,Away,2026-04-12T13:00:00Z,0,1,0,0,0,0,0,0,0,0,0,0,0.0,0.0,0.0,0.0,0,0.0,0.0,0.0,0.0,False,d,Hernia - 50% chance of playing,,,,2526
566,214572,32,319,Brandon Austin,Austin,1,0.3,3.9,18,17,Away,2026-04-12T13:00:00Z,0,1,0,0,0,0,0,0,0,0,0,0,0.0,0.0,0.0,0.0,0,0.0,0.0,0.0,0.0,False,a,,,,,2526
567,485055,32,319,Antonín Kinský,Kinsky,1,1.6,3.9,18,17,Away,2026-04-12T13:00:00Z,0,1,90,0,0,0,1,0,0,0,9,2,0.0,0.0,0.0,1.33,0,1.3,13.2,0.0,0.0,False,a,,,,,2526
568,441164,32,319,Pedro Porro Sauceda,Pedro Porro,2,9.4,5.1,18,17,Away,2026-04-12T13:00:00Z,0,1,90,0,0,0,1,1,0,0,15,1,0.1,0.16,0.26,1.33,6,11.7,28.6,47.5,41.0,False,a,,3.0,2.0,,2526
569,221632,32,319,Cristian Romero,Romero,2,3.1,5.0,18,17,Away,2026-04-12T13:00:00Z,0,1,69,0,0,0,1,1,0,0,11,1,0.04,0.01,0.05,1.07,9,3.2,12.2,10.4,9.0,False,d,Knee injury - 25% chance of playing,,,,2526
570,135720,32,319,Kevin Danso,Danso,2,0.1,4.2,18,17,Away,2026-04-12T13:00:00Z,0,1,20,0,0,0,0,0,0,0,4,1,0.0,0.01,0.01,0.26,4,1.3,10.2,0.7,2.0,False,a,,,,,2526
571,115556,32,319,Ben Davies,Davies,2,0.1,4.3,18,17,Away,2026-04-12T13:00:00Z,0,1,0,0,0,0,0,0,0,0,0,0,0.0,0.0,0.0,0.0,0,0.0,0.0,0.0,0.0,False,i,Ankle injury - Unknown return date,,,,2526
572,493125,32,319,Radu Drăgușin,Dragusin,2,0.0,4.5,18,17,Away,2026-04-12T13:00:00Z,0,1,0,0,0,0,0,0,0,0,0,0,0.0,0.0,0.0,0.0,0,0.0,0.0,0.0,0.0,False,a,,,,,2526
573,232859,32,319,Djed Spence,Spence,2,0.9,4.1,18,17,Away,2026-04-12T13:00:00Z,0,1,0,0,0,0,0,0,0,0,0,0,0.0,0.0,0.0,0.0,0,0.0,0.0,0.0,0.0,False,a,,,,,2526
574,487053,32,319,Destiny Udogie,Udogie,2,0.3,4.3,18,17,Away,2026-04-12T13:00:00Z,0,1,90,0,0,0,1,0,0,0,12,2,0.0,0.04,0.04,1.33,5,3.2,11.8,18.4,2.0,False,a,,,,,2526
575,491279,32,319,Micky van de Ven,Van de Ven,2,18.3,4.4,18,17,Away,2026-04-12T13:00:00Z,0,1,90,0,0,0,1,1,0,0,10,1,0.0,0.0,0.0,1.33,7,2.1,20.8,0.2,0.0,False,a,,,,,2526
576,548308,32,319,Ashley Phillips,Phillips,2,0.0,4.0,18,17,Away,2026-04-12T13:00:00Z,0,1,0,0,0,0,0,0,0,0,0,0,0.0,0.0,0.0,0.0,0,0.0,0.0,0.0,0.0,False,u,Has joined Stoke City on loan for the rest of the season.,,,,2526
577,553299,32,319,Takai Kōta,Takai,2,0.0,4.0,18,17,Away,2026-04-12T13:00:00Z,0,1,0,0,0,0,0,0,0,0,0,0,0.0,0.0,0.0,0.0,0,0.0,0.0,0.0,0.0,False,u,has joined Borussia Mönchengladbach on loan for the rest of the season.,,,,2526
578,610799,32,319,Luka Vušković,Vuskovic,2,0.3,3.9,18,17,Away,2026-04-12T13:00:00Z,0,1,0,0,0,0,0,0,0,0,0,0,0.0,0.0,0.0,0.0,0,0.0,0.0,0.0,0.0,False,u,has joined Hamburger SV on loan for the rest of the season.,,,,2526
579,85971,32,319,Son Heung-min,Son,3,0.1,8.5,18,17,Away,2026-04-12T13:00:00Z,0,1,0,0,0,0,0,0,0,0,0,0,0.0,0.0,0.0,0.0,0,0.0,0.0,0.0,0.0,False,u,has joined Los Angeles FC permanently.,,,,2526
580,242898,32,315,Brennan Johnson,Johnson,3,2.3,6.5,8,15,Home,2026-04-12T13:00:00Z,2,1,63,0,0,0,1,0,0,0,9,2,0.0,0.01,0.01,1.12,6,2.0,6.4,11.6,2.0,False,a,,1.0,3.0,,2526
581,172780,32,319,James Maddison,Maddison,3,0.1,6.8,18,17,Away,2026-04-12T13:00:00Z,0,1,0,0,0,0,0,0,0,0,0,0,0.0,0.0,0.0,0.0,0,0.0,0.0,0.0,0.0,False,i,Anterior cruciate ligament - Expected back 24 May,,,,2526
582,460842,32,319,Mohammed Kudus,Kudus,3,9.3,6.4,18,17,Away,2026-04-12T13:00:00Z,0,1,0,0,0,0,0,0,0,0,0,0,0.0,0.0,0.0,0.0,0,0.0,0.0,0.0,0.0,False,i,Thigh injury - Unknown return date,,4.0,3.0,2526
583,445044,32,319,Dejan Kulusevski,Kulusevski,3,0.0,6.4,18,17,Away,2026-04-12T13:00:00Z,0,1,0,0,0,0,0,0,0,0,0,0,0.0,0.0,0.0,0.0,0,0.0,0.0,0.0,0.0,False,i,Knee injury - Unknown return date,,,,2526
584,511499,32,319,Mathys Tel,Tel,3,0.1,6.2,18,17,Away,2026-04-12T13:00:00Z,0,1,29,0,0,0,0,0,0,0,1,1,0.0,0.08,0.08,0.26,1,2.3,4.6,14.6,4.0,False,a,,1.0,,,2526
585,202993,32,319,Rodrigo Bentancur,Bentancur,3,0.2,5.2,18,17,Away,2026-04-12T13:00:00Z,0,1,0,0,0,0,0,0,0,0,0,0,0.0,0.0,0.0,0.0,0,0.0,0.0,0.0,0.0,False,d,Hamstring injury - 50% chance of playing,,,,2526
586,570526,32,319,Lucas Bergvall,Bergvall,3,0.2,5.2,18,17,Away,2026-04-12T13:00:00Z,0,1,60,0,0,0,1,0,0,0,-2,2,0.0,0.03,0.03,1.07,3,0.2,0.0,3.7,2.0,False,a,,,,,2526
587,227127,32,319,Yves Bissouma,Bissouma,3,0.0,5.2,18,17,Away,2026-04-12T13:00:00Z,0,1,0,0,0,0,0,0,0,0,0,0,0.0,0.0,0.0,0.0,0,0.0,0.0,0.0,0.0,False,a,,,,,2526
588,550839,32,319,Wilson Odobert,Odobert,3,0.0,5.3,18,17,Away,2026-04-12T13:00:00Z,0,1,0,0,0,0,0,0,0,0,0,0,0.0,0.0,0.0,0.0,0,0.0,0.0,0.0,0.0,False,i,Knee injury - Unknown return date,,,,2526
589,235674,32,319,Manor Solomon,Solomon,3,0.0,5.4,18,17,Away,2026-04-12T13:00:00Z,0,1,0,0,0,0,0,0,0,0,0,0,0.0,0.0,0.0,0.0,0,0.0,0.0,0.0,0.0,False,u,has joined Fiorentina on loan for the rest of the season.,,,,2526
590,436234,32,319,Bryan Gil Salvatierra,Bryan,3,0.0,4.9,18,17,Away,2026-04-12T13:00:00Z,0,1,0,0,0,0,0,0,0,0,0,0,0.0,0.0,0.0,0.0,0,0.0,0.0,0.0,0.0,False,u,has joined Girona permanently.,,,,2526
591,547701,32,319,Archie Gray,Gray,3,0.2,4.8,18,17,Away,2026-04-12T13:00:00Z,0,1,60,0,0,0,1,0,0,0,7,2,0.0,0.0,0.0,1.07,5,0.4,3.6,0.8,0.0,False,a,,,,,2526
592,499721,32,319,Mikey Moore,Moore,3,0.0,5.0,18,17,Away,2026-04-12T13:00:00Z,0,1,0,0,0,0,0,0,0,0,0,0,0.0,0.0,0.0,0.0,0,0.0,0.0,0.0,0.0,False,u,Has joined Rangers on loan for the rest of the season.,,,,2526
593,482442,32,319,Pape Matar Sarr,P.M.Sarr,3,1.1,4.5,18,17,Away,2026-04-12T13:00:00Z,0,1,29,0,0,0,0,0,0,0,4,1,0.0,0.01,0.01,0.26,2,0.4,3.4,0.9,0.0,False,a,,,,,2526
594,623095,32,319,Yang Min-hyeok,Min-hyeok,3,0.0,4.5,18,17,Away,2026-04-12T13:00:00Z,0,1,0,0,0,0,0,0,0,0,0,0,0.0,0.0,0.0,0.0,0,0.0,0.0,0.0,0.0,False,u,has joined Coventry City on loan for the rest of the season.,,,,2526
595,499726,32,319,Callum Olusesi,Olusesi,3,0.2,4.3,18,17,Away,2026-04-12T13:00:00Z,0,1,0,0,0,0,0,0,0,0,0,0,0.0,0.0,0.0,0.0,0,0.0,0.0,0.0,0.0,False,a,,,,,2526
596,154566,32,319,Dominic Solanke-Mitchell,Solanke,4,1.1,7.2,18,17,Away,2026-04-12T13:00:00Z,0,1,90,0,0,0,1,0,0,0,6,2,0.56,0.0,0.56,1.33,2,7.1,5.0,1.2,65.0,False,a,,,,2.0,2526
597,212319,32,319,Richarlison de Andrade,Richarlison,4,5.6,6.3,18,17,Away,2026-04-12T13:00:00Z,0,1,60,0,0,0,1,0,0,0,11,2,0.14,0.03,0.17,1.07,9,6.2,14.0,3.6,44.0,False,a,,,,5.0,2526
598,552427,32,319,Will Lankshear,Lankshear,4,0.0,4.5,18,17,Away,2026-04-12T13:00:00Z,0,1,0,0,0,0,0,0,0,0,0,0,0.0,0.0,0.0,0.0,0,0.0,0.0,0.0,0.0,False,u,has joined Oxford United on loan for the rest of the season.,,,,2526
599,490145,32,319,Dane Scarlett,Scarlett,4,0.5,4.3,18,17,Away,2026-04-12T13:00:00Z,0,1,0,0,0,0,0,0,0,0,0,0,0.0,0.0,0.0,0.0,0,0.0,0.0,0.0,0.0,False,u,has joined Hibernian on loan for the rest of the season.,,,,2526
600,84182,32,320,Alphonse Areola,Areola,1,2.0,4.2,19,20,Home,2026-04-10T19:00:00Z,4,0,0,0,0,0,0,0,0,0,0,0,0.0,0.0,0.0,0.0,0,0.0,0.0,0.0,0.0,False,a,,,,,2526
601,82143,32,320,Wes Foderingham,Foderingham,1,0.2,4.0,19,20,Home,2026-04-10T19:00:00Z,4,0,0,0,0,0,0,0,0,0,0,0,0.0,0.0,0.0,0.0,0,0.0,0.0,0.0,0.0,False,u,has joined Aris Limassol permanently.,,,,2526
602,483364,32,320,Krisztián Hegyi,Hegyi,1,0.2,3.9,19,20,Home,2026-04-10T19:00:00Z,4,0,0,0,0,0,0,0,0,0,0,0,0.0,0.0,0.0,0.0,0,0.0,0.0,0.0,0.0,False,u,has joined MTK Budapest on loan for the rest of the season.,,,,2526
603,613804,32,320,El Hadji Malick Diouf,Diouf,2,2.4,4.1,19,20,Home,2026-04-10T19:00:00Z,4,0,90,0,0,1,0,0,0,0,23,6,0.03,0.05,0.08,0.59,4,5.2,15.4,33.6,3.0,False,a,,,,,2526
604,109533,32,320,Emerson Palmieri dos Santos,Emerson,2,0.1,4.4,19,20,Home,2026-04-10T19:00:00Z,4,0,0,0,0,0,0,0,0,0,0,0,0.0,0.0,0.0,0.0,0,0.0,0.0,0.0,0.0,False,u,has joined Marseille permanently.,,,,2526
605,214048,32,320,Maximilian Kilman,Kilman,2,0.1,4.1,19,20,Home,2026-04-10T19:00:00Z,4,0,0,0,0,0,0,0,0,0,0,0,0.0,0.0,0.0,0.0,0,0.0,0.0,0.0,0.0,False,a,,,,,2526
606,233963,32,320,Konstantinos Mavropanos,Mavropanos,2,0.5,4.4,19,20,Home,2026-04-10T19:00:00Z,4,0,90,2,0,1,0,0,0,3,59,21,0.35,0.05,0.4,0.59,9,15.0,87.0,10.7,52.0,True,a,,,,,2526
607,210494,32,320,Nayef Aguerd,N.Aguerd,2,0.0,4.4,19,20,Home,2026-04-10T19:00:00Z,4,0,0,0,0,0,0,0,0,0,0,0,0.0,0.0,0.0,0.0,0,0.0,0.0,0.0,0.0,False,u,has joined Marseille permanently.,,,,2526
608,536109,32,320,Ollie Scarles,Scarles,2,0.0,4.3,19,20,Home,2026-04-10T19:00:00Z,4,0,0,0,0,0,0,0,0,0,0,0,0.0,0.0,0.0,0.0,0,0.0,0.0,0.0,0.0,False,a,,5.0,,,2526
609,462116,32,320,Jean-Clair Todibo,Todibo,2,0.1,4.3,19,20,Home,2026-04-10T19:00:00Z,4,0,0,0,0,0,0,0,0,0,0,0,0.0,0.0,0.0,0.0,0,0.0,0.0,0.0,0.0,False,a,,,,,2526
610,214590,32,320,Aaron Wan-Bissaka,Wan-Bissaka,2,4.6,4.1,19,20,Home,2026-04-10T19:00:00Z,4,0,0,0,0,0,0,0,0,0,0,0,0.0,0.0,0.0,0.0,0,0.0,0.0,0.0,0.0,False,a,,,,,2526
611,518438,32,320,Kaelan Casey,Casey,2,0.1,4.0,19,20,Home,2026-04-10T19:00:00Z,4,0,0,0,0,0,0,0,0,0,0,0,0.0,0.0,0.0,0.0,0,0.0,0.0,0.0,0.0,False,u,has joined Leyton Orient on loan for the rest of the season.,,,,2526
612,224024,32,320,Lucas Tolentino Coelho de Lima,L.Paquetá,3,1.1,5.9,19,20,Home,2026-04-10T19:00:00Z,4,0,0,0,0,0,0,0,0,0,0,0,0.0,0.0,0.0,0.0,0,0.0,0.0,0.0,0.0,False,u,has joined Flamengo permanently.,,,,2526
613,215439,32,320,Tomáš Souček,Souček,3,0.3,5.7,19,20,Home,2026-04-10T19:00:00Z,4,0,90,0,0,1,0,0,0,0,14,3,0.04,0.01,0.05,0.59,8,2.9,13.6,6.0,9.0,False,a,,,,,2526
614,101178,32,313,James Ward-Prowse,Ward-Prowse,3,0.2,5.6,3,6,Home,2026-04-11T14:00:00Z,0,2,90,0,0,0,2,0,0,0,21,4,0.0,0.4,0.4,1.93,15,8.8,25.2,62.8,0.0,False,a,,1.0,1.0,,2526
615,450070,32,320,Crysencio Summerville,Summerville,3,1.4,5.5,19,20,Home,2026-04-10T19:00:00Z,4,0,77,0,0,1,0,0,0,0,-3,3,0.41,0.01,0.42,0.46,5,2.4,0.0,12.0,15.0,False,a,,2.0,,,2526
616,213999,32,320,Edson Álvarez Velázquez,Álvarez,3,0.0,4.9,19,20,Home,2026-04-10T19:00:00Z,4,0,0,0,0,0,0,0,0,0,0,0,0.0,0.0,0.0,0.0,0,0.0,0.0,0.0,0.0,False,u,Has joined Fenerbahçe on loan for the rest of the season.,,,,2526
617,149519,32,320,Maxwel Cornet,Cornet,3,0.0,4.9,19,20,Home,2026-04-10T19:00:00Z,4,0,0,0,0,0,0,0,0,0,0,0,0.0,0.0,0.0,0.0,0,0.0,0.0,0.0,0.0,False,u,has joined Genoa on loan for the rest of the season.,,,,2526
618,197024,32,320,Guido Rodríguez,G.Rodriguez,3,0.0,4.8,19,20,Home,2026-04-10T19:00:00Z,4,0,0,0,0,0,0,0,0,0,0,0,0.0,0.0,0.0,0.0,0,0.0,0.0,0.0,0.0,False,u,has joined Valencia on loan for the rest of the season.,,,,2526
619,577114,32,320,Luis Guilherme Lira dos Santos,L.Guilherme,3,0.0,4.9,19,20,Home,2026-04-10T19:00:00Z,4,0,0,0,0,0,0,0,0,0,0,0,0.0,0.0,0.0,0.0,0,0.0,0.0,0.0,0.0,False,u,has joined Sporting CP permanently.,,,,2526
620,490885,32,320,George Earthy,Earthy,3,0.0,4.5,19,20,Home,2026-04-10T19:00:00Z,4,0,0,0,0,0,0,0,0,0,0,0,0.0,0.0,0.0,0.0,0,0.0,0.0,0.0,0.0,False,u,has joined Bristol City on loan for the rest of the season.,,,,2526
621,229384,32,320,Andy Irving,Irving,3,0.2,4.3,19,20,Home,2026-04-10T19:00:00Z,4,0,0,0,0,0,0,0,0,0,0,0,0.0,0.0,0.0,0.0,0,0.0,0.0,0.0,0.0,False,u,has joined Sparta Prague permanently.,,,,2526
622,518442,32,320,Lewis Orford,Orford,3,0.1,4.4,19,20,Home,2026-04-10T19:00:00Z,4,0,0,0,0,0,0,0,0,0,0,0,0.0,0.0,0.0,0.0,0,0.0,0.0,0.0,0.0,False,u,has joined Stevenage on loan for the rest of the season.,,,,2526
623,490142,32,320,Freddie Potts,Potts,3,0.5,4.4,19,20,Home,2026-04-10T19:00:00Z,4,0,12,0,0,0,0,0,0,0,3,1,0.0,0.0,0.0,0.12,0,0.1,0.4,0.1,0.0,False,a,,,,,2526
624,178186,32,320,Jarrod Bowen,Bowen,4,10.0,7.6,19,20,Home,2026-04-10T19:00:00Z,4,0,90,0,3,1,0,0,0,1,46,14,0.34,0.11,0.45,0.59,12,11.7,51.4,37.1,28.0,True,a,,1.0,1.0,2.0,2526
625,91889,32,320,Niclas Füllkrug,Füllkrug,4,0.6,5.6,19,20,Home,2026-04-10T19:00:00Z,4,0,0,0,0,0,0,0,0,0,0,0,0.0,0.0,0.0,0.0,0,0.0,0.0,0.0,0.0,False,u,has joined AC Milan on loan for the rest of the season.,,,,2526
626,565431,32,320,Callum Marshall,Marshall,4,0.5,4.3,19,20,Home,2026-04-10T19:00:00Z,4,0,0,0,0,0,0,0,0,0,0,0,0.0,0.0,0.0,0.0,0,0.0,0.0,0.0,0.0,False,u,has joined VfL Bochum 1848 on loan for the rest of the season.,,,,2526
627,101982,32,320,Sam Johnstone,Johnstone,1,0.1,4.4,20,19,Away,2026-04-10T19:00:00Z,0,4,0,0,0,0,0,0,0,0,0,0,0.0,0.0,0.0,0.0,0,0.0,0.0,0.0,0.0,False,i,Shoulder injury - Expected back 24 May,,,,2526
628,149065,32,320,José Malheiro de Sá,José Sá,1,1.2,4.2,20,19,Away,2026-04-10T19:00:00Z,0,4,90,0,0,0,4,0,0,0,2,1,0.0,0.0,0.0,2.35,0,2.3,23.4,0.0,0.0,False,a,,,,,2526
629,79602,32,320,Daniel Bentley,Bentley,1,0.5,3.9,20,19,Away,2026-04-10T19:00:00Z,0,4,0,0,0,0,0,0,0,0,0,0,0.0,0.0,0.0,0.0,0,0.0,0.0,0.0,0.0,False,a,,,,,2526
630,138001,32,312,Tom King,King,1,1.2,3.9,9,5,Away,2026-04-11T14:00:00Z,2,2,0,0,0,0,0,0,0,0,0,0,0.0,0.0,0.0,0.0,0,0.0,0.0,0.0,0.0,False,a,,,,,2526
631,516939,32,320,Emmanuel Agbadou,Agbadou,2,0.1,4.2,20,19,Away,2026-04-10T19:00:00Z,0,4,0,0,0,0,0,0,0,0,0,0,0.0,0.0,0.0,0.0,0,0.0,0.0,0.0,0.0,False,u,has joined Besiktas permanently.,,,,2526
632,87835,32,320,Matt Doherty,Doherty,2,0.1,4.4,20,19,Away,2026-04-10T19:00:00Z,0,4,0,0,0,0,0,0,0,0,0,0,0.0,0.0,0.0,0.0,0,0.0,0.0,0.0,0.0,False,d,Muscle injury - 50% chance of playing,,,,2526
633,490721,32,320,Hugo Bueno López,H.Bueno,2,0.2,4.3,20,19,Away,2026-04-10T19:00:00Z,0,4,90,0,0,0,4,0,0,0,1,0,0.05,0.02,0.07,2.35,7,4.8,18.8,17.2,12.0,False,a,,1.0,,,2526
634,501837,32,320,Yerson Mosquera Valdelamar,Mosquera,2,0.1,4.3,20,19,Away,2026-04-10T19:00:00Z,0,4,70,0,0,0,3,1,0,0,-1,0,0.08,0.06,0.14,1.66,6,3.1,9.8,10.8,10.0,False,s,Suspended until 02 May,,,,2526
635,483081,32,320,Rodrigo Martins Gomes,R.Gomes,2,0.1,4.4,20,19,Away,2026-04-10T19:00:00Z,0,4,29,0,0,0,3,0,0,0,-9,0,0.0,0.0,0.0,1.3,1,0.7,2.4,2.3,2.0,False,a,,,,,2526
636,231480,32,320,Santiago Ignacio Bueno,S.Bueno,2,0.1,4.4,20,19,Away,2026-04-10T19:00:00Z,0,4,90,0,0,0,4,0,0,0,-3,0,0.0,0.0,0.0,2.35,8,2.0,19.4,0.4,0.0,False,a,,,,,2526
637,510362,32,320,Toti Gomes,Toti,2,0.1,4.2,20,19,Away,2026-04-10T19:00:00Z,0,4,0,0,0,0,0,0,0,0,0,0,0.0,0.0,0.0,0.0,0,0.0,0.0,0.0,0.0,False,a,,,,,2526
638,441271,32,320,Ki-Jana Hoever,Hoever,2,0.9,3.8,20,19,Away,2026-04-10T19:00:00Z,0,4,0,0,0,0,0,0,0,0,0,0,0.0,0.0,0.0,0.0,0,0.0,0.0,0.0,0.0,False,u,has joined Sheffield United on loan for the rest of the season.,,,,2526
639,560248,32,320,Bastien Meupiyou Menadjou,Meupiyou,2,0.0,4.0,20,19,Away,2026-04-10T19:00:00Z,0,4,0,0,0,0,0,0,0,0,0,0,0.0,0.0,0.0,0.0,0,0.0,0.0,0.0,0.0,False,u,On loan to FC Alverca,,,,2526
640,641221,32,320,Pedro Cardoso de Lima,Pedro Lima,2,0.4,4.0,20,19,Away,2026-04-10T19:00:00Z,0,4,0,0,0,0,0,0,0,0,0,0,0.0,0.0,0.0,0.0,0,0.0,0.0,0.0,0.0,False,a,,,,,2526
641,517179,32,320,Alfie Pond,Pond,2,0.9,3.9,20,19,Away,2026-04-10T19:00:00Z,0,4,0,0,0,0,0,0,0,0,0,0,0.0,0.0,0.0,0.0,0,0.0,0.0,0.0,0.0,False,u,has joined Crewe Alexandra on loan for the rest of the season.,,,,2526
642,184754,32,320,Hwang Hee-chan,Hee Chan,3,0.1,5.6,20,19,Away,2026-04-10T19:00:00Z,0,4,19,0,0,0,1,0,0,0,3,1,0.04,0.01,0.05,0.69,1,0.4,0.0,1.5,4.0,False,a,,,2.0,3.0,2526
643,509291,32,320,André Trindade da Costa Neto,André,3,0.1,5.2,20,19,Away,2026-04-10T19:00:00Z,0,4,90,0,0,0,4,0,0,0,19,4,0.02,0.06,0.08,2.35,12,3.5,17.4,17.0,1.0,False,a,,,,,2526
644,231057,32,320,Jean-Ricner Bellegarde,Bellegarde,3,0.0,5.1,20,19,Away,2026-04-10T19:00:00Z,0,4,60,0,0,0,1,1,0,0,3,1,0.01,0.01,0.02,1.05,5,0.8,3.8,1.2,3.0,False,a,,,4.0,,2526
645,643135,32,320,Fer López González,Fer López,3,0.0,5.1,20,19,Away,2026-04-10T19:00:00Z,0,4,0,0,0,0,0,0,0,0,0,0,0.0,0.0,0.0,0.0,0,0.0,0.0,0.0,0.0,False,u,has joined Celta Vigo on loan for the rest of the season.,,,,2526
646,448089,32,320,João Victor Gomes da Silva,J.Gomes,3,0.4,5.3,20,19,Away,2026-04-10T19:00:00Z,0,4,84,0,0,0,4,0,0,0,13,2,0.04,0.02,0.06,2.35,7,1.7,5.0,4.8,7.0,False,a,,,3.0,,2526
647,181284,32,320,Gonçalo Manuel Ganchinho Guedes,Guedes,3,0.0,5.5,20,19,Away,2026-04-10T19:00:00Z,0,4,0,0,0,0,0,0,0,0,0,0,0.0,0.0,0.0,0.0,0,0.0,0.0,0.0,0.0,False,u,Has joined Real Sociedad permanently.,,,,2526
648,433312,32,320,Marshall Munetsi,Munetsi,3,0.0,5.3,20,19,Away,2026-04-10T19:00:00Z,0,4,0,0,0,0,0,0,0,0,0,0,0.0,0.0,0.0,0.0,0,0.0,0.0,0.0,0.0,False,u,has joined Paris FC on loan for the rest of the season.,,,,2526
649,476502,32,320,Boubacar Traoré,B.Traore,3,0.0,5.0,20,19,Away,2026-04-10T19:00:00Z,0,4,0,0,0,0,0,0,0,0,0,0,0.0,0.0,0.0,0.0,0,0.0,0.0,0.0,0.0,False,u,Has joined FC Metz on loan for the rest of the season.,,,,2526
650,497606,32,320,Tawanda Chirewa,Chirewa,3,0.2,4.3,20,19,Away,2026-04-10T19:00:00Z,0,4,0,0,0,0,0,0,0,0,0,0,0.0,0.0,0.0,0.0,0,0.0,0.0,0.0,0.0,False,u,has joined Barnsley on loan for the rest of the season.,,,,2526
651,596054,32,320,Tom Edozie,Edozie,3,0.4,4.3,20,19,Away,2026-04-10T19:00:00Z,0,4,5,0,0,0,0,0,0,0,2,1,0.06,0.0,0.06,0.0,1,0.6,0.0,0.3,6.0,False,a,,,,,2526
652,593001,32,320,Enso González Medina,Gonzalez,3,1.3,4.3,20,19,Away,2026-04-10T19:00:00Z,0,4,0,0,0,0,0,0,0,0,0,0,0.0,0.0,0.0,0.0,0,0.0,0.0,0.0,0.0,False,a,,,,,2526
653,240299,32,320,Joe Hodge,Hodge,3,0.0,4.5,20,19,Away,2026-04-10T19:00:00Z,0,4,0,0,0,0,0,0,0,0,0,0,0.0,0.0,0.0,0.0,0,0.0,0.0,0.0,0.0,False,u,Signed by CD Tondela,,,,2526
654,247412,32,315,Jørgen Strand Larsen,Strand Larsen,4,1.7,6.0,8,15,Home,2026-04-12T13:00:00Z,2,1,64,0,0,0,1,0,0,0,7,2,0.02,0.02,0.04,1.12,5,1.0,1.2,5.2,4.0,False,a,,,,,2526
655,449988,32,320,Fábio Soares Silva,Fábio Silva,4,0.2,4.9,20,19,Away,2026-04-10T19:00:00Z,0,4,0,0,0,0,0,0,0,0,0,0,0.0,0.0,0.0,0.0,0,0.0,0.0,0.0,0.0,False,u,has joined Borussia Dortmund permanently.,,,,2526
656,429414,32,320,Saša Kalajdžić,Kalajdžić,4,0.0,4.9,20,19,Away,2026-04-10T19:00:00Z,0,4,0,0,0,0,0,0,0,0,0,0,0.0,0.0,0.0,0.0,0,0.0,0.0,0.0,0.0,False,u,has joined LASK on loan for the rest of the season.,,,,2526
657,589507,32,320,Leon Chiwome,Chiwome,4,0.0,4.4,20,19,Away,2026-04-10T19:00:00Z,0,4,0,0,0,0,0,0,0,0,0,0,0.0,0.0,0.0,0.0,0,0.0,0.0,0.0,0.0,False,a,,,,,2526
658,531363,32,320,Nathan Fraser,Fraser,4,1.8,4.2,20,19,Away,2026-04-10T19:00:00Z,0,4,0,0,0,0,0,0,0,0,0,0,0.0,0.0,0.0,0.0,0,0.0,0.0,0.0,0.0,False,a,,,,,2526
659,158534,32,320,Kyle Walker-Peters,Walker-Peters,2,0.2,4.2,19,20,Home,2026-04-10T19:00:00Z,4,0,90,0,0,1,0,0,0,0,40,6,0.0,0.08,0.08,0.59,7,5.7,26.2,26.9,4.0,False,a,,,,,2526
660,466525,32,317,Anton Stach,Stach,3,2.1,4.8,11,14,Away,2026-04-13T19:00:00Z,2,1,0,0,0,0,0,0,0,0,0,0,0.0,0.0,0.0,0.0,0,0.0,0.0,0.0,0.0,False,i,Ankle injury - Expected back 01 May,1.0,1.0,,2526
661,510663,32,316,Hugo Ekitiké,Ekitiké,4,29.0,9.2,12,10,Home,2026-04-11T16:30:00Z,2,0,0,0,0,0,0,0,0,0,0,0,0.0,0.0,0.0,0.0,0,0.0,0.0,0.0,0.0,False,a,,,,,2526
662,500040,32,311,Cristhian Mosquera,Mosquera,2,0.2,5.3,1,4,Home,2026-04-11T11:30:00Z,1,2,14,0,0,0,0,0,0,0,3,1,0.0,0.01,0.01,0.01,1,0.4,3.0,0.9,0.0,False,a,,,,,2526
663,230376,32,320,Jhon Arias,J.Arias,3,0.1,4.9,20,19,Away,2026-04-10T19:00:00Z,0,4,0,0,0,0,0,0,0,0,0,0,0.0,0.0,0.0,0.0,0,0.0,0.0,0.0,0.0,False,u,has joined Palmeiras permanently.,,,,2526
664,86873,32,316,Benjamin Lecomte,Lecomte,1,0.7,3.9,10,12,Away,2026-04-11T16:30:00Z,0,2,0,0,0,0,0,0,0,0,0,0,0.0,0.0,0.0,0.0,0,0.0,0.0,0.0,0.0,False,a,,,,,2526
665,201595,32,317,Lucas Estella Perri,Perri,1,0.3,4.4,11,14,Away,2026-04-13T19:00:00Z,2,1,0,0,0,0,0,0,0,0,0,0,0.0,0.0,0.0,0.0,0,0.0,0.0,0.0,0.0,False,a,,,,,2526
666,224117,32,311,Viktor Gyökeres,Gyökeres,4,11.7,8.8,1,4,Home,2026-04-11T11:30:00Z,1,2,90,1,0,0,2,1,0,0,6,5,1.02,0.01,1.03,1.19,0,6.5,26.2,3.1,36.0,False,a,,,,2.0,2526
667,499300,32,312,Adam Aznou,Aznou,2,0.1,4.2,9,5,Away,2026-04-11T14:00:00Z,2,2,0,0,0,0,0,0,0,0,0,0,0.0,0.0,0.0,0.0,0,0.0,0.0,0.0,0.0,False,a,,,,,2526
668,84450,32,319,Granit Xhaka,Xhaka,3,3.2,5.1,17,18,Home,2026-04-12T13:00:00Z,1,0,90,0,0,1,0,0,0,0,21,5,0.13,0.09,0.22,0.84,16,3.2,15.6,11.5,5.0,False,a,,1.0,1.0,,2526
669,456512,32,318,Dan Ndoye,Ndoye,3,0.7,5.5,16,2,Home,2026-04-12T13:00:00Z,1,1,1,0,0,0,0,0,0,0,3,1,0.0,0.0,0.0,0.0,1,0.1,1.0,0.0,0.0,False,a,,4.0,,,2526
670,498016,32,319,Robin Roefs,Roefs,1,7.7,4.8,17,18,Home,2026-04-12T13:00:00Z,1,0,90,0,0,1,0,0,0,3,42,11,0.0,0.0,0.0,0.84,0,5.5,55.4,0.0,0.0,True,a,,,,,2526
671,75115,32,320,Callum Wilson,Wilson,4,0.5,5.8,19,20,Home,2026-04-10T19:00:00Z,4,0,8,0,0,0,0,0,0,0,3,1,0.0,0.0,0.0,0.12,2,0.1,1.0,0.1,0.0,False,a,,,,,2526
672,551210,32,314,Jorrel Hato,Hato,2,0.2,4.6,7,13,Home,2026-04-12T15:30:00Z,0,3,90,0,0,0,3,0,0,0,7,1,0.0,0.01,0.01,2.29,7,2.5,22.0,1.2,2.0,False,a,,,,,2526
673,154296,32,319,João Maria Lobo Alves Palhares Costa Palhinha Gonçalves,J.Palhinha,3,0.7,5.5,18,17,Away,2026-04-12T13:00:00Z,0,1,29,0,0,0,0,0,0,0,2,1,0.0,0.0,0.0,0.26,4,0.4,3.4,0.4,0.0,False,a,,,,,2526
674,225321,32,315,Aaron Ramsdale,Ramsdale,1,0.8,4.8,15,8,Away,2026-04-12T13:00:00Z,1,2,90,0,0,0,2,1,0,0,8,1,0.0,0.0,0.0,2.56,0,2.3,22.6,0.0,0.0,False,a,,,,,2526
675,107265,32,318,Angus Gunn,Gunn,1,1.1,4.0,16,2,Home,2026-04-12T13:00:00Z,1,1,0,0,0,0,0,0,0,0,0,0,0.0,0.0,0.0,0.0,0,0.0,0.0,0.0,0.0,False,a,,,,,2526
676,503714,32,313,Lesley Ugochukwu,Ugochukwu,3,0.1,5.0,3,6,Home,2026-04-11T14:00:00Z,0,2,66,0,0,0,1,0,0,0,5,2,0.05,0.0,0.05,1.81,2,0.7,0.6,2.3,4.0,False,a,,,,,2526
677,485337,32,315,Evann Guessand,Guessand,3,0.1,6.2,8,15,Home,2026-04-12T13:00:00Z,2,1,0,0,0,0,0,0,0,0,0,0,0.0,0.0,0.0,0.0,0,0.0,0.0,0.0,0.0,False,i,Knee injury - Expected back 02 May,,,,2526
678,105717,32,319,Arthur Masuaku,Masuaku,2,0.5,3.9,17,18,Home,2026-04-12T13:00:00Z,1,0,0,0,0,0,0,0,0,0,0,0,0.0,0.0,0.0,0.0,0,0.0,0.0,0.0,0.0,False,u,has joined RC Lens on loan for the rest of the season.,,,,2526
679,467189,32,320,Mads Hermansen,Hermansen,1,0.5,4.2,19,20,Home,2026-04-10T19:00:00Z,4,0,90,0,0,1,0,0,0,0,27,7,0.0,0.0,0.0,0.59,0,2.5,24.6,0.0,0.0,False,a,,,,,2526
680,440323,32,313,Armando Broja,Broja,4,0.2,5.2,3,6,Home,2026-04-11T14:00:00Z,0,2,8,0,0,0,1,0,0,0,2,1,0.0,0.0,0.0,0.13,0,0.2,1.0,0.6,0.0,False,a,,,,,2526
681,485711,32,317,Benjamin Sesko,Šeško,4,6.4,7.4,14,11,Home,2026-04-13T19:00:00Z,1,2,90,0,0,0,2,0,0,0,10,2,0.31,0.01,0.32,2.37,2,5.7,10.4,2.3,44.0,False,a,,,,,2526
682,497949,32,320,David Møller Wolfe,Møller Wolfe,2,0.1,4.2,20,19,Away,2026-04-10T19:00:00Z,0,4,0,0,0,0,0,0,0,0,0,0,0.0,0.0,0.0,0.0,0,0.0,0.0,0.0,0.0,False,a,,,,,2526
683,201895,32,319,Omar Alderete,Alderete,2,6.1,4.1,17,18,Home,2026-04-12T13:00:00Z,1,0,90,0,0,1,0,0,0,0,29,8,0.0,0.0,0.0,0.84,10,2.3,22.4,0.8,0.0,False,a,,,,,2526
684,465642,32,315,Malick Thiaw,Thiaw,2,6.5,5.1,15,8,Away,2026-04-12T13:00:00Z,1,2,90,0,0,0,2,1,0,0,7,2,0.0,0.02,0.02,2.56,10,2.0,16.8,1.5,2.0,False,a,,,,,2526
685,242882,32,311,Bafodé Diakité,Diakité,2,0.3,4.1,4,1,Away,2026-04-11T11:30:00Z,2,1,0,0,0,0,0,0,0,0,0,0,0.0,0.0,0.0,0.0,0,0.0,0.0,0.0,0.0,False,a,,,,,2526
686,611922,32,316,Rio Ngumoha,Ngumoha,3,0.9,4.3,12,10,Home,2026-04-11T16:30:00Z,2,0,68,1,0,1,0,0,0,3,39,11,0.12,0.43,0.55,0.58,7,12.3,49.4,31.8,42.0,False,a,,,,,2526
687,606774,32,311,Remy Rees-Dottin,Rees-Dottin,3,0.2,4.3,4,1,Away,2026-04-11T11:30:00Z,2,1,0,0,0,0,0,0,0,0,0,0,0.0,0.0,0.0,0.0,0,0.0,0.0,0.0,0.0,False,a,,,,,2526
688,481283,32,318,James Wright,Wright,1,0.6,3.9,2,16,Away,2026-04-12T13:00:00Z,1,1,0,0,0,0,0,0,0,0,0,0,0.0,0.0,0.0,0.0,0,0.0,0.0,0.0,0.0,False,a,,,,,2526
689,623110,32,315,Seung-Soo Park,Seung soo,3,0.5,4.3,15,8,Away,2026-04-12T13:00:00Z,1,2,0,0,0,0,0,0,0,0,0,0,0.0,0.0,0.0,0.0,0,0.0,0.0,0.0,0.0,False,a,,,,,2526
690,590014,32,315,Rio Cardines,Cardines,3,0.3,4.4,8,15,Home,2026-04-12T13:00:00Z,2,1,0,0,0,0,0,0,0,0,0,0,0.0,0.0,0.0,0.0,0,0.0,0.0,0.0,0.0,False,a,,,,,2526
691,177815,32,317,Dominic Calvert-Lewin,Calvert-Lewin,4,10.4,5.6,11,14,Away,2026-04-13T19:00:00Z,2,1,90,0,0,0,1,0,0,0,4,2,1.31,0.02,1.33,1.31,4,8.5,7.2,7.1,71.0,False,a,,,,1.0,2526
692,647681,32,316,Giovanni Leoni,Leoni,2,0.0,4.9,12,10,Home,2026-04-11T16:30:00Z,2,0,0,0,0,0,0,0,0,0,0,0,0.0,0.0,0.0,0.0,0,0.0,0.0,0.0,0.0,False,i,Knee injury - Expected back 01 Sep,,,,2526
693,503301,32,318,Omari Hutchinson,Hutchinson,3,0.1,5.4,16,2,Home,2026-04-12T13:00:00Z,1,1,64,0,0,0,1,1,0,0,3,1,0.0,0.01,0.01,0.3,6,0.7,1.0,1.8,4.0,False,a,,2.0,,,2526
694,200834,32,319,Nordi Mukiele,Mukiele,2,6.8,4.5,17,18,Home,2026-04-12T13:00:00Z,1,0,81,1,0,1,0,0,0,2,35,14,0.26,0.06,0.32,0.78,5,8.0,45.4,9.8,25.0,True,a,,,,,2526
695,523705,32,320,Jackson Tchatchoua,Tchatchoua,2,0.0,4.4,20,19,Away,2026-04-10T19:00:00Z,0,4,90,0,0,0,4,0,0,0,-2,0,0.0,0.1,0.1,2.35,5,4.7,13.4,27.2,6.0,False,a,,,,,2526
696,465680,32,318,Arnaud Kalimuendo,Kalimuendo,4,0.1,6.0,16,2,Home,2026-04-12T13:00:00Z,1,1,0,0,0,0,0,0,0,0,0,0,0.0,0.0,0.0,0.0,0,0.0,0.0,0.0,0.0,False,u,has joined Eintracht Frankfurt on loan for the rest of the season.,,,,2526
697,489888,32,311,Amine Adli,Adli,3,0.3,5.4,4,1,Away,2026-04-11T11:30:00Z,2,1,0,0,0,0,0,0,0,0,0,0,0.0,0.0,0.0,0.0,0,0.0,0.0,0.0,0.0,False,a,,,,,2526
698,435997,32,317,Noah Okafor,Okafor,3,0.4,5.5,11,14,Away,2026-04-13T19:00:00Z,2,1,73,2,0,0,1,0,0,3,46,15,0.15,0.04,0.19,0.67,3,10.3,73.2,2.1,28.0,True,a,,,,,2526
699,230046,32,318,Douglas Luiz Soares de Paulo,Douglas Luiz,3,0.1,4.9,2,16,Away,2026-04-12T13:00:00Z,1,1,13,0,0,0,0,0,0,0,4,1,0.0,0.0,0.0,0.0,2,0.5,3.0,1.5,0.0,False,a,,1.0,,,2526
700,616077,32,311,Max Dowman,Dowman,3,0.7,4.2,1,4,Home,2026-04-11T11:30:00Z,1,2,36,0,0,0,1,0,0,0,4,1,0.0,0.1,0.1,0.49,0,2.8,3.0,15.1,10.0,False,a,,,,,2526
701,569577,32,318,Triston Rowe,Rowe,2,0.1,4.0,2,16,Away,2026-04-12T13:00:00Z,1,1,0,0,0,0,0,0,0,0,0,0,0.0,0.0,0.0,0.0,0,0.0,0.0,0.0,0.0,False,u,has joined Annecy on loan for the rest of the season.,,,,2526
702,645618,32,318,Bradley Burrowes,Burrowes,3,0.1,4.3,2,16,Away,2026-04-12T13:00:00Z,1,1,0,0,0,0,0,0,0,0,0,0,0.0,0.0,0.0,0.0,0,0.0,0.0,0.0,0.0,False,a,,,,,2526
703,564505,32,318,Sam Proctor,Proctor,1,0.6,3.9,2,16,Away,2026-04-12T13:00:00Z,1,1,0,0,0,0,0,0,0,0,0,0,0.0,0.0,0.0,0.0,0,0.0,0.0,0.0,0.0,False,a,,,,,2526
704,461446,32,312,Tyler Onyango,Onyango,3,0.0,4.5,9,5,Away,2026-04-11T14:00:00Z,2,2,0,0,0,0,0,0,0,0,0,0,0.0,0.0,0.0,0.0,0,0.0,0.0,0.0,0.0,False,u,has joined Stockport County on loan for the rest of the season.,,,,2526
705,491745,32,312,Elijah Campbell,Campbell,2,0.2,3.9,9,5,Away,2026-04-11T14:00:00Z,2,2,0,0,0,0,0,0,0,0,0,0,0.0,0.0,0.0,0.0,0,0.0,0.0,0.0,0.0,False,u,has joined Port Vale on loan for the rest of the season.,,,,2526
706,220627,32,317,James Justin,Justin,2,1.4,3.9,11,14,Away,2026-04-13T19:00:00Z,2,1,90,0,0,0,1,1,0,0,17,1,0.03,0.03,0.06,1.31,9,3.1,20.8,6.1,4.0,False,a,,3.0,,,2526
707,496661,32,312,Tyler Dibling,Dibling,3,0.0,5.3,9,5,Away,2026-04-11T14:00:00Z,2,2,0,0,0,0,0,0,0,0,0,0,0.0,0.0,0.0,0.0,0,0.0,0.0,0.0,0.0,False,a,,,,,2526
708,551226,32,320,Mateus Gonçalo Espanha Fernandes,M.Fernandes,3,0.4,5.5,19,20,Home,2026-04-10T19:00:00Z,4,0,84,0,0,1,0,1,0,0,12,2,0.0,0.22,0.22,0.46,4,4.6,6.2,39.6,0.0,False,a,,4.0,,,2526
709,431248,32,320,Ladislav Krejcí,Krejčí,2,0.1,4.5,20,19,Away,2026-04-10T19:00:00Z,0,4,90,0,0,0,4,0,0,0,0,0,0.01,0.06,0.07,2.35,8,4.4,27.2,12.6,4.0,False,a,,,,,2526
710,534836,32,318,Travis Patterson,Patterson,2,0.2,3.9,2,16,Away,2026-04-12T13:00:00Z,1,1,0,0,0,0,0,0,0,0,0,0,0.0,0.0,0.0,0.0,0,0.0,0.0,0.0,0.0,False,a,,,,,2526
711,646243,32,311,Andre Harriman-Annous,Harriman-Annous,3,0.0,4.4,1,4,Home,2026-04-11T11:30:00Z,1,2,0,0,0,0,0,0,0,0,0,0,0.0,0.0,0.0,0.0,0,0.0,0.0,0.0,0.0,False,a,,,,,2526
712,488024,32,315,Yéremy Pino Santos,Yeremy,3,0.2,5.8,8,15,Home,2026-04-12T13:00:00Z,2,1,75,0,0,0,1,0,0,0,22,2,0.15,0.67,0.82,1.13,11,6.2,10.0,38.9,13.0,False,a,,,1.0,,2526
713,551483,32,311,Álex Jiménez Sánchez,A.Jimenez,2,0.3,4.5,4,1,Away,2026-04-11T11:30:00Z,2,1,89,0,0,0,1,0,0,0,9,2,0.0,0.01,0.01,2.19,4,0.8,6.6,1.5,0.0,False,a,,,,,2526
714,470313,32,315,Nick Woltemade,Woltemade,4,6.7,6.7,15,8,Away,2026-04-12T13:00:00Z,1,2,6,0,0,0,1,0,0,0,2,1,0.0,0.0,0.0,0.85,0,0.0,0.0,0.0,0.0,False,a,,,,3.0,2526
715,221389,32,318,John Victor Maciel Furtado,John,1,0.3,4.0,16,2,Home,2026-04-12T13:00:00Z,1,1,0,0,0,0,0,0,0,0,0,0,0.0,0.0,0.0,0.0,0,0.0,0.0,0.0,0.0,False,i,Knee injury - Expected back 01 Jun,,,,2526
716,500151,32,318,Nicolò Savona,Savona,2,0.1,4.5,16,2,Home,2026-04-12T13:00:00Z,1,1,0,0,0,0,0,0,0,0,0,0,0.0,0.0,0.0,0.0,0,0.0,0.0,0.0,0.0,False,i,Knee injury - Unknown return date,,,,2526
717,493362,32,319,Xavi Simons,Xavi,3,1.2,6.5,18,17,Away,2026-04-12T13:00:00Z,0,1,5,0,0,0,0,0,0,0,4,1,0.0,0.01,0.01,0.16,0,0.4,0.8,1.4,2.0,False,a,,2.0,3.0,4.0,2526
718,564940,32,320,Soungoutou Magassa,S.Magassa,3,0.0,5.0,19,20,Home,2026-04-10T19:00:00Z,4,0,5,0,0,0,0,0,0,0,3,1,0.0,0.0,0.0,0.12,2,0.2,1.2,0.3,0.0,False,a,,,,,2526
719,184667,32,318,Victor Lindelöf,Lindelöf,2,0.1,4.5,2,16,Away,2026-04-12T13:00:00Z,1,1,90,0,0,0,1,0,0,0,5,2,0.25,0.0,0.25,1.15,2,2.2,6.2,1.4,14.0,False,a,,,,,2526
720,488213,32,320,Tolu Arokodare,Tolu,4,0.1,5.3,20,19,Away,2026-04-10T19:00:00Z,0,4,19,0,0,0,1,0,0,0,4,1,0.0,0.0,0.0,0.69,0,1.4,2.0,10.4,2.0,False,a,,,,5.0,2526
721,620487,32,311,Veljko Milosavljevic,Milosavljević,2,0.0,4.4,4,1,Away,2026-04-11T11:30:00Z,2,1,0,0,0,0,0,0,0,0,0,0,0.0,0.0,0.0,0.0,0,0.0,0.0,0.0,0.0,False,a,,,,,2526
722,216055,32,313,Florentino Ibrain Morris Luís,Florentino,3,0.0,5.0,3,6,Home,2026-04-11T14:00:00Z,0,2,81,0,0,0,1,1,0,0,6,1,0.03,0.05,0.08,1.81,6,1.7,0.0,17.0,1.0,False,a,,,,,2526
723,651426,32,315,Jaydee Canvot,Canvot,2,0.2,4.5,8,15,Home,2026-04-12T13:00:00Z,2,1,90,0,0,0,1,0,0,0,9,4,0.37,0.05,0.42,1.13,12,4.3,31.4,4.9,7.0,False,a,,,,,2526
724,247955,32,319,Lutsharel Geertruida,Geertruida,2,0.1,4.5,17,18,Home,2026-04-12T13:00:00Z,1,0,0,0,0,0,0,0,0,0,0,0,0.0,0.0,0.0,0.0,0,0.0,0.0,0.0,0.0,False,a,,,,,2526
725,448104,32,311,Piero Hincapié,Hincapie,2,0.7,5.1,1,4,Home,2026-04-11T11:30:00Z,1,2,0,0,0,0,0,0,0,0,0,0,0.0,0.0,0.0,0.0,0,0.0,0.0,0.0,0.0,False,a,,,,,2526
726,247693,32,319,Randal Kolo Muani,Kolo Muani,4,0.4,6.9,18,17,Away,2026-04-12T13:00:00Z,0,1,90,0,0,0,1,0,0,0,6,2,0.0,0.03,0.03,1.33,4,4.0,7.8,26.0,6.0,False,a,,,,,2526
727,218328,32,316,Samuel Chukwueze,Chukwueze,3,0.1,5.3,10,12,Away,2026-04-11T16:30:00Z,0,2,10,0,0,0,0,0,0,0,3,1,0.13,0.09,0.22,0.1,2,3.4,4.2,21.1,9.0,False,a,,,,,2526
728,513466,32,312,Merlin Röhl,Röhl,3,0.0,5.0,9,5,Away,2026-04-11T14:00:00Z,2,2,0,0,0,0,0,0,0,0,0,0,0.0,0.0,0.0,0.0,0,0.0,0.0,0.0,0.0,False,a,,,,,2526
729,560441,32,318,Luis Eduardo Soares da Silva,Cuiabano,2,0.0,4.5,16,2,Home,2026-04-12T13:00:00Z,1,1,0,0,0,0,0,0,0,0,0,0,0.0,0.0,0.0,0.0,0,0.0,0.0,0.0,0.0,False,u,has joined Vasco de Gama on loan for the rest of the season.,,,,2526
730,441264,32,319,Brian Brobbey,Brobbey,4,0.7,5.3,17,18,Home,2026-04-12T13:00:00Z,1,0,90,0,0,1,0,1,0,0,-6,1,0.67,0.0,0.67,0.84,4,4.4,0.0,1.7,44.0,False,a,,,,,2526
731,560552,32,316,Kevin Santos Lopes de Macedo,Kevin,3,0.1,5.7,10,12,Away,2026-04-11T16:30:00Z,0,2,0,0,0,0,0,0,0,0,0,0,0.0,0.0,0.0,0.0,0,0.0,0.0,0.0,0.0,False,i,Foot injury - Unknown return date,,,,2526
732,660392,32,315,Christantus Uche,Uche,4,0.1,5.5,8,15,Home,2026-04-12T13:00:00Z,2,1,0,0,0,0,0,0,0,0,0,0,0.0,0.0,0.0,0.0,0,0.0,0.0,0.0,0.0,False,a,,,,,2526
733,465247,32,317,Senne Lammens,Lammens,1,2.9,5.1,14,11,Home,2026-04-13T19:00:00Z,1,2,90,0,0,0,2,0,0,0,9,2,0.0,0.0,0.0,2.37,0,2.8,27.6,0.0,0.0,False,a,,,,,2526
734,476887,32,318,Dilane Bakwa,Bakwa,3,0.0,5.9,16,2,Home,2026-04-12T13:00:00Z,1,1,0,0,0,0,0,0,0,0,0,0,0.0,0.0,0.0,0.0,0,0.0,0.0,0.0,0.0,False,a,,,,,2526
735,110504,32,319,Bertrand Traoré,Traoré,3,0.0,5.5,17,18,Home,2026-04-12T13:00:00Z,1,0,0,0,0,0,0,0,0,0,0,0,0.0,0.0,0.0,0.0,0,0.0,0.0,0.0,0.0,False,i,Knee injury - Expected back 02 May,,,,2526
736,204936,32,314,Gianluigi Donnarumma,Donnarumma,1,9.3,5.6,13,7,Away,2026-04-12T15:30:00Z,3,0,90,0,0,1,0,0,0,0,29,7,0.0,0.0,0.0,1.14,0,2.5,25.4,0.0,0.0,False,a,,,,,2526
737,631786,32,316,Jonah Kusi-Asare,Kusi-Asare,4,0.1,4.5,10,12,Away,2026-04-11T16:30:00Z,0,2,0,0,0,0,0,0,0,0,0,0,0.0,0.0,0.0,0.0,0,0.0,0.0,0.0,0.0,False,a,,,,,2526
738,37096,32,320,Lukasz Fabianski,Fabianski,1,0.0,4.5,19,20,Home,2026-04-10T19:00:00Z,4,0,0,0,0,0,0,0,0,0,0,0,0.0,0.0,0.0,0.0,0,0.0,0.0,0.0,0.0,False,d,Back injury - 25% chance of playing,,,,2526
739,590039,32,314,Divine Mukasa,Mukasa,3,0.0,4.4,13,7,Away,2026-04-12T15:30:00Z,3,0,0,0,0,0,0,0,0,0,0,0,0.0,0.0,0.0,0.0,0,0.0,0.0,0.0,0.0,False,u,has joined Leicester City on loan for the rest of the season.,,,,2526
740,566213,32,314,Stephen Mfuni,Mfuni,2,0.0,3.9,13,7,Away,2026-04-12T15:30:00Z,3,0,0,0,0,0,0,0,0,0,0,0,0.0,0.0,0.0,0.0,0,0.0,0.0,0.0,0.0,False,u,has joined Watford on loan for the rest of the season.,,,,2526
741,600882,32,317,Harry Gray,Gray,4,0.1,4.5,11,14,Away,2026-04-13T19:00:00Z,2,1,0,0,0,0,0,0,0,0,0,0,0.0,0.0,0.0,0.0,0,0.0,0.0,0.0,0.0,False,u,has joined Rotherham United on loan for the rest of the season.,,,,2526
742,616288,32,314,Ryan McAidoo,McAidoo,3,0.0,4.5,13,7,Away,2026-04-12T15:30:00Z,3,0,0,0,0,0,0,0,0,0,0,0,0.0,0.0,0.0,0.0,0,0.0,0.0,0.0,0.0,False,a,,,,,2526
743,611912,32,314,Landon Emenalo,Emenalo,3,0.0,4.5,7,13,Home,2026-04-12T15:30:00Z,0,3,0,0,0,0,0,0,0,0,0,0,0.0,0.0,0.0,0.0,0,0.0,0.0,0.0,0.0,False,a,,,,,2526
744,556637,32,313,Nehemiah Oriola,Oriola,3,0.0,4.5,6,3,Away,2026-04-11T14:00:00Z,2,0,0,0,0,0,0,0,0,0,0,0,0.0,0.0,0.0,0.0,0,0.0,0.0,0.0,0.0,False,a,,,,,2526
745,640419,32,319,Jun'ai Byfield,Byfield,2,0.0,4.0,18,17,Away,2026-04-12T13:00:00Z,0,1,0,0,0,0,0,0,0,0,0,0,0.0,0.0,0.0,0.0,0,0.0,0.0,0.0,0.0,False,a,,,,,2526
746,596042,32,316,Kieran Morrison,Morrison,3,0.0,4.5,12,10,Home,2026-04-11T16:30:00Z,2,0,0,0,0,0,0,0,0,0,0,0,0.0,0.0,0.0,0.0,0,0.0,0.0,0.0,0.0,False,a,,,,,2526
747,602903,32,320,Ezra Mayers,Mayers,2,0.0,4.0,19,20,Home,2026-04-10T19:00:00Z,4,0,0,0,0,0,0,0,0,0,0,0,0.0,0.0,0.0,0.0,0,0.0,0.0,0.0,0.0,False,a,,,,,2526
748,183656,32,312,Josh Dasilva,Dasilva,3,0.0,4.9,5,9,Home,2026-04-11T14:00:00Z,2,2,0,0,0,0,0,0,0,0,0,0,0.0,0.0,0.0,0.0,0,0.0,0.0,0.0,0.0,False,i,Lack of match fitness - Expected back 24 May,,,,2526
749,647671,32,320,Mateus Mané,Mané,4,1.4,4.3,20,19,Away,2026-04-10T19:00:00Z,0,4,29,0,0,0,3,0,0,0,1,1,0.0,0.01,0.01,1.3,0,0.0,0.0,3.8,0.0,False,a,,2.0,1.0,,2526
750,499716,32,319,James Rowswell,Rowswell,2,0.0,4.0,18,17,Away,2026-04-12T13:00:00Z,0,1,0,0,0,0,0,0,0,0,0,0,0.0,0.0,0.0,0.0,0,0.0,0.0,0.0,0.0,False,a,,,,,2526
751,590035,32,319,Yusuf Akhamrich,Akhamrich,3,0.0,4.5,18,17,Away,2026-04-12T13:00:00Z,0,1,0,0,0,0,0,0,0,0,0,0,0.0,0.0,0.0,0.0,0,0.0,0.0,0.0,0.0,False,u,has joined Bristol Rovers on loan for the rest of the season.,,,,2526
752,643473,32,320,Airidas Golambeckis,Golambeckis,2,0.0,4.0,19,20,Home,2026-04-10T19:00:00Z,4,0,0,0,0,0,0,0,0,0,0,0,0.0,0.0,0.0,0.0,0,0.0,0.0,0.0,0.0,False,a,,,,,2526
753,19236,32,315,John Ruddy,Ruddy,1,0.0,4.0,15,8,Away,2026-04-12T13:00:00Z,1,2,0,0,0,0,0,0,0,0,0,0,0.0,0.0,0.0,0.0,0,0.0,0.0,0.0,0.0,False,a,,,,,2526
754,577285,32,318,George Hemmings,George Hemmings,3,0.0,4.5,2,16,Away,2026-04-12T13:00:00Z,1,1,0,0,0,0,0,0,0,0,0,0,0.0,0.0,0.0,0.0,0,0.0,0.0,0.0,0.0,False,a,,,,,2526
755,576628,32,317,Shea Lacey,Lacey,3,0.0,4.5,14,11,Home,2026-04-13T19:00:00Z,1,2,0,0,0,0,0,0,0,0,0,0,0.0,0.0,0.0,0.0,0,0.0,0.0,0.0,0.0,False,a,,,,,2526
756,678552,32,311,Malcom DaCosta,DaCosta,3,0.0,4.5,4,1,Away,2026-04-11T11:30:00Z,2,1,0,0,0,0,0,0,0,0,0,0,0.0,0.0,0.0,0.0,0,0.0,0.0,0.0,0.0,False,a,,,,,2526
757,516875,32,318,Ronnie Hollingshead,Hollingshead,1,0.0,4.0,2,16,Away,2026-04-12T13:00:00Z,1,1,0,0,0,0,0,0,0,0,0,0,0.0,0.0,0.0,0.0,0,0.0,0.0,0.0,0.0,False,a,,,,,2526
758,630699,32,320,Mohamadou Kanté,Mohamadou Kanté,3,0.0,4.5,19,20,Home,2026-04-10T19:00:00Z,4,0,0,0,0,0,0,0,0,0,0,0,0.0,0.0,0.0,0.0,0,0.0,0.0,0.0,0.0,False,a,,,,,2526
759,616065,32,311,Marli Salmon,Salmon,2,0.0,4.0,1,4,Home,2026-04-11T11:30:00Z,1,2,0,0,0,0,0,0,0,0,0,0,0.0,0.0,0.0,0.0,0,0.0,0.0,0.0,0.0,False,a,,,,,2526
760,519440,32,316,Wellity Lucky,Lucky,2,0.0,4.0,12,10,Home,2026-04-11T16:30:00Z,2,0,0,0,0,0,0,0,0,0,0,0,0.0,0.0,0.0,0.0,0,0.0,0.0,0.0,0.0,False,a,,,,,2526
761,604988,32,313,Freddie Simmonds,Simmonds,2,0.0,4.0,6,3,Away,2026-04-11T14:00:00Z,2,0,0,0,0,0,0,0,0,0,0,0,0.0,0.0,0.0,0.0,0,0.0,0.0,0.0,0.0,False,a,,,,,2526
762,672492,32,315,Joél Drakes-Thomas,Drakes-Thomas,3,0.0,4.5,8,15,Home,2026-04-12T13:00:00Z,2,1,0,0,0,0,0,0,0,0,0,0,0.0,0.0,0.0,0.0,0,0.0,0.0,0.0,0.0,False,a,,,,,2526
763,516234,32,314,Charlie Gray,Gray,3,0.0,4.5,13,7,Away,2026-04-12T15:30:00Z,3,0,0,0,0,0,0,0,0,0,0,0,0.0,0.0,0.0,0.0,0,0.0,0.0,0.0,0.0,False,a,,,,,2526
764,580921,32,314,Reigan Heskey,Heskey,3,0.0,4.5,13,7,Away,2026-04-12T15:30:00Z,3,0,0,0,0,0,0,0,0,0,0,0,0.0,0.0,0.0,0.0,0,0.0,0.0,0.0,0.0,False,a,,,,,2526
765,553746,32,315,Leo Shahar,Shahar,2,0.0,4.0,15,8,Away,2026-04-12T13:00:00Z,1,2,0,0,0,0,0,0,0,0,0,0,0.0,0.0,0.0,0.0,0,0.0,0.0,0.0,0.0,False,a,,,,,2526
766,601956,32,320,Saheed Olagunju,Olagunju,2,0.0,4.0,20,19,Away,2026-04-10T19:00:00Z,0,4,0,0,0,0,0,0,0,0,0,0,0.0,0.0,0.0,0.0,0,0.0,0.0,0.0,0.0,False,a,,,,,2526
767,605319,32,320,Luke Rawlings,Rawlings,3,0.0,4.5,20,19,Away,2026-04-10T19:00:00Z,0,4,0,0,0,0,0,0,0,0,0,0,0.0,0.0,0.0,0.0,0,0.0,0.0,0.0,0.0,False,a,,,,,2526
768,664015,32,318,Leon Routh,Leon Routh,2,0.0,4.0,2,16,Away,2026-04-12T13:00:00Z,1,1,0,0,0,0,0,0,0,0,0,0,0.0,0.0,0.0,0.0,0,0.0,0.0,0.0,0.0,False,a,,,,,2526
769,576620,32,317,Bendito Mantato,Bendito Mantato,3,0.0,4.5,14,11,Home,2026-04-13T19:00:00Z,1,2,0,0,0,0,0,0,0,0,0,0,0.0,0.0,0.0,0.0,0,0.0,0.0,0.0,0.0,False,a,,,,,2526
770,619536,32,316,Seth Ridgeon,Ridgeon,3,0.0,4.5,10,12,Away,2026-04-11T16:30:00Z,0,2,0,0,0,0,0,0,0,0,0,0,0.0,0.0,0.0,0.0,0,0.0,0.0,0.0,0.0,False,a,,,,,2526
771,519913,32,317,Tyler Fletcher,Fletcher,3,0.0,4.4,14,11,Home,2026-04-13T19:00:00Z,1,2,0,0,0,0,0,0,0,0,0,0,0.0,0.0,0.0,0.0,0,0.0,0.0,0.0,0.0,False,a,,,,,2526
772,666607,32,315,Sam Alabi,Alabi,3,0.0,4.5,15,8,Away,2026-04-12T13:00:00Z,1,2,0,0,0,0,0,0,0,0,0,0,0.0,0.0,0.0,0.0,0,0.0,0.0,0.0,0.0,False,a,,,,,2526
773,643426,32,315,Dean Benamar,Benamar,2,0.0,4.0,8,15,Home,2026-04-12T13:00:00Z,2,1,0,0,0,0,0,0,0,0,0,0,0.0,0.0,0.0,0.0,0,0.0,0.0,0.0,0.0,False,a,,,,,2526
774,232356,32,319,Jenson Jones,Jenson Jones,2,0.0,4.0,17,18,Home,2026-04-12T13:00:00Z,1,0,0,0,0,0,0,0,0,0,0,0,0.0,0.0,0.0,0.0,0,0.0,0.0,0.0,0.0,False,a,,,,,2526
775,604211,32,319,Tymur Tutierov,Tutierov,3,0.0,4.5,17,18,Home,2026-04-12T13:00:00Z,1,0,0,0,0,0,0,0,0,0,0,0,0.0,0.0,0.0,0.0,0,0.0,0.0,0.0,0.0,False,u,has joined Exeter City on loan for the rest of the season.,,,,2526
776,647960,32,313,Oliver Pimlott,Pimlott,3,0.0,4.5,3,6,Home,2026-04-11T14:00:00Z,0,2,0,0,0,0,0,0,0,0,0,0,0.0,0.0,0.0,0.0,0,0.0,0.0,0.0,0.0,False,a,,,,,2526
777,514362,32,320,Temple Ojinnaka,Ojinnaka,3,0.0,4.5,20,19,Away,2026-04-10T19:00:00Z,0,4,0,0,0,0,0,0,0,0,0,0,0.0,0.0,0.0,0.0,0,0.0,0.0,0.0,0.0,False,u,has joined Shrewsbury Town on loan for the rest of the season.,,,,2526
778,589121,32,320,Ethan Sutherland,Sutherland,3,0.0,4.5,20,19,Away,2026-04-10T19:00:00Z,0,4,0,0,0,0,0,0,0,0,0,0,0.0,0.0,0.0,0.0,0,0.0,0.0,0.0,0.0,False,a,,,,,2526
779,629068,32,312,Braiden Graham,Graham,4,0.0,4.5,9,5,Away,2026-04-11T14:00:00Z,2,2,0,0,0,0,0,0,0,0,0,0,0.0,0.0,0.0,0.0,0,0.0,0.0,0.0,0.0,False,a,,,,,2526
780,631106,32,315,Ben Casey,Casey,4,0.0,4.5,8,15,Home,2026-04-12T13:00:00Z,2,1,0,0,0,0,0,0,0,0,0,0,0.0,0.0,0.0,0.0,0,0.0,0.0,0.0,0.0,False,a,,,,,2526
781,618027,32,318,TJ Carroll,Carroll,2,0.0,4.0,2,16,Away,2026-04-12T13:00:00Z,1,1,0,0,0,0,0,0,0,0,0,0,0.0,0.0,0.0,0.0,0,0.0,0.0,0.0,0.0,False,a,,,,,2526
782,40383,32,311,Fraser Forster,Forster,1,0.0,4.0,4,1,Away,2026-04-11T11:30:00Z,2,1,0,0,0,0,0,0,0,0,0,0,0.0,0.0,0.0,0.0,0,0.0,0.0,0.0,0.0,False,a,,,,,2526
783,60307,32,313,Pascal Groß,Groß,3,1.8,5.5,6,3,Away,2026-04-11T14:00:00Z,2,0,90,0,1,1,0,0,0,0,31,6,0.0,0.2,0.2,0.88,9,9.2,38.2,51.3,2.0,False,a,,1.0,,,2526
784,704232,32,313,George Brierley,Brierley,3,0.0,4.5,3,6,Home,2026-04-11T14:00:00Z,0,2,0,0,0,0,0,0,0,0,0,0,0.0,0.0,0.0,0.0,0,0.0,0.0,0.0,0.0,False,a,,,,,2526
785,530335,32,320,Pablo Felipe Pereira de Jesus,Pablo,4,0.0,5.4,19,20,Home,2026-04-10T19:00:00Z,4,0,77,0,1,1,0,0,0,0,24,5,0.1,0.28,0.38,0.46,10,8.9,37.0,30.9,21.0,False,a,,,,,2526
786,505079,32,316,Alfie McNally,McNally,1,0.0,4.0,10,12,Away,2026-04-11T16:30:00Z,0,2,0,0,0,0,0,0,0,0,0,0,0.0,0.0,0.0,0.0,0,0.0,0.0,0.0,0.0,False,a,,,,,2526
787,565863,32,317,Sam Chambers,Chambers,3,0.0,4.4,11,14,Away,2026-04-13T19:00:00Z,2,1,0,0,0,0,0,0,0,0,0,0,0.0,0.0,0.0,0.0,0,0.0,0.0,0.0,0.0,False,a,,,,,2526
788,576637,32,317,Godwill Kukonki,Kukonki,2,0.0,4.0,14,11,Home,2026-04-13T19:00:00Z,1,2,0,0,0,0,0,0,0,0,0,0,0.0,0.0,0.0,0.0,0,0.0,0.0,0.0,0.0,False,a,,,,,2526
789,518335,32,314,Max Merrick,Merrick,1,0.0,4.0,7,13,Home,2026-04-12T15:30:00Z,0,3,0,0,0,0,0,0,0,0,0,0,0.0,0.0,0.0,0.0,0,0.0,0.0,0.0,0.0,False,a,,,,,2526
790,611917,32,319,Lucá Williams-Barnett,Williams-Barnett,3,0.0,4.5,18,17,Away,2026-04-12T13:00:00Z,0,1,0,0,0,0,0,0,0,0,0,0,0.0,0.0,0.0,0.0,0,0.0,0.0,0.0,0.0,False,a,,,,,2526
791,247670,32,320,Valentín Castellanos,Taty,4,0.1,5.5,19,20,Home,2026-04-10T19:00:00Z,4,0,81,2,0,1,0,1,0,2,55,11,0.72,0.08,0.8,0.46,5,15.0,70.0,25.4,55.0,False,a,,,,,2526
792,653481,32,318,Alysson Edward Franco da Rocha dos Santos,Alysson,3,0.0,5.0,2,16,Away,2026-04-12T13:00:00Z,1,1,0,0,0,0,0,0,0,0,0,0,0.0,0.0,0.0,0.0,0,0.0,0.0,0.0,0.0,False,a,,,,,2526
793,591384,32,315,George King,King,2,0.0,4.0,8,15,Home,2026-04-12T13:00:00Z,2,1,0,0,0,0,0,0,0,0,0,0,0.0,0.0,0.0,0.0,0,0.0,0.0,0.0,0.0,False,a,,,,,2526
794,494307,32,314,Max Alleyne,Alleyne,2,0.0,3.9,13,7,Away,2026-04-12T15:30:00Z,3,0,0,0,0,0,0,0,0,0,0,0,0.0,0.0,0.0,0.0,0,0.0,0.0,0.0,0.0,False,a,,,,,2526
795,597320,32,313,Harry Howell,Howell,3,0.0,4.5,6,3,Away,2026-04-11T14:00:00Z,2,0,0,0,0,0,0,0,0,0,0,0,0.0,0.0,0.0,0.0,0,0.0,0.0,0.0,0.0,False,a,,,,,2526
796,232787,32,319,Conor Gallagher,Gallagher,3,0.1,5.0,18,17,Away,2026-04-12T13:00:00Z,0,1,84,0,0,0,1,0,0,0,13,2,0.0,0.04,0.04,1.16,7,2.8,12.2,15.9,0.0,False,a,,,,,2526
797,593174,32,312,Kaye Furo,Furo,4,0.0,4.5,5,9,Home,2026-04-11T14:00:00Z,2,2,0,0,0,0,0,0,0,0,0,0,0.0,0.0,0.0,0.0,0,0.0,0.0,0.0,0.0,False,a,,,,,2526
798,502988,32,315,Danny Imray,Imray,2,0.0,4.0,8,15,Home,2026-04-12T13:00:00Z,2,1,0,0,0,0,0,0,0,0,0,0,0.0,0.0,0.0,0.0,0,0.0,0.0,0.0,0.0,False,u,has joined West Brom on loan for the rest of the season.,,,,2526
799,658013,32,311,Charlie Stevens,Stevens,3,0.0,4.5,4,1,Away,2026-04-11T11:30:00Z,2,1,0,0,0,0,0,0,0,0,0,0,0.0,0.0,0.0,0.0,0,0.0,0.0,0.0,0.0,False,a,,,,,2526
800,699989,32,319,Djiamgone Jocelin Ta Bi,Jocelin.T,3,0.0,4.9,17,18,Home,2026-04-12T13:00:00Z,1,0,0,0,0,0,0,0,0,0,0,0,0.0,0.0,0.0,0.0,0,0.0,0.0,0.0,0.0,False,i,Ankle injury - Expected back 01 Jun,,,,2526
801,614574,32,311,Alex Tóth,Tóth.A,3,0.0,4.9,4,1,Away,2026-04-11T11:30:00Z,2,1,5,0,0,0,0,0,0,0,4,1,0.0,0.0,0.0,0.24,2,0.2,2.0,0.0,0.0,False,a,,,,,2526
802,572702,32,320,Keiber Lamadrid,Lamadrid,3,0.0,5.0,19,20,Home,2026-04-10T19:00:00Z,4,0,0,0,0,0,0,0,0,0,0,0,0.0,0.0,0.0,0.0,0,0.0,0.0,0.0,0.0,False,a,,,,,2526
803,499857,32,314,Teddy Sharman-Lowe,Sharman-Lowe,1,0.0,4.0,7,13,Home,2026-04-12T15:30:00Z,0,3,0,0,0,0,0,0,0,0,0,0,0.0,0.0,0.0,0.0,0,0.0,0.0,0.0,0.0,False,a,,,,,2526
804,616221,32,319,João Victor de Souza Menezes,Souza,2,0.0,4.0,18,17,Away,2026-04-12T13:00:00Z,0,1,0,0,0,0,0,0,0,0,0,0,0.0,0.0,0.0,0.0,0,0.0,0.0,0.0,0.0,False,a,,,,,2526
805,469130,32,318,Lorenzo Lucca,Lucca,4,0.0,5.4,16,2,Home,2026-04-12T13:00:00Z,1,1,0,0,0,0,0,0,0,0,0,0,0.0,0.0,0.0,0.0,0,0.0,0.0,0.0,0.0,False,a,,,,,2526
806,436416,32,311,Christos Mandas,Mandas,1,0.0,4.0,4,1,Away,2026-04-11T11:30:00Z,2,1,0,0,0,0,0,0,0,0,0,0,0.0,0.0,0.0,0.0,0,0.0,0.0,0.0,0.0,False,a,,,,,2526
807,499604,32,311,Rayan Vitor Simplício Rocha,Rayan,3,1.9,5.5,4,1,Away,2026-04-11T11:30:00Z,2,1,69,0,0,0,1,0,0,0,10,2,0.0,0.06,0.06,1.91,4,2.9,7.4,17.7,4.0,False,a,,,,,2526
808,173879,32,318,Tammy Abraham,Abraham,4,0.2,5.8,2,16,Away,2026-04-12T13:00:00Z,1,1,3,0,0,0,0,0,0,0,3,1,0.0,0.0,0.0,0.0,0,0.0,0.0,0.0,0.0,False,a,,,,,2526
809,685628,32,320,Jerome Abbey,Abbey,3,0.0,4.5,20,19,Away,2026-04-10T19:00:00Z,0,4,0,0,0,0,0,0,0,0,0,0,0.0,0.0,0.0,0.0,0,0.0,0.0,0.0,0.0,False,a,,,,,2526
810,559610,32,312,Luka Bentt,Bentt,3,0.0,4.5,5,9,Home,2026-04-11T14:00:00Z,2,2,0,0,0,0,0,0,0,0,0,0,0.0,0.0,0.0,0.0,0,0.0,0.0,0.0,0.0,False,a,,,,,2526
811,536134,32,319,Rio Kyerematen,Kyerematen,3,0.0,4.5,18,17,Away,2026-04-12T13:00:00Z,0,1,0,0,0,0,0,0,0,0,0,0,0.0,0.0,0.0,0.0,0,0.0,0.0,0.0,0.0,False,a,,,,,2526
812,515046,32,319,Melker Ellborg,Ellborg,1,0.1,4.0,17,18,Home,2026-04-12T13:00:00Z,1,0,0,0,0,0,0,0,0,0,0,0,0.0,0.0,0.0,0.0,0,0.0,0.0,0.0,0.0,False,a,,,,,2526
813,536661,32,319,Nilson Angulo,Angulo,3,0.0,5.0,17,18,Home,2026-04-12T13:00:00Z,1,0,0,0,0,0,0,0,0,0,0,0,0.0,0.0,0.0,0.0,0,0.0,0.0,0.0,0.0,False,d,Unknown - 50% chance of playing,,,,2526
814,470315,32,318,Luca Netz,Netz,2,0.0,4.5,16,2,Home,2026-04-12T13:00:00Z,1,1,0,0,0,0,0,0,0,0,0,0,0.0,0.0,0.0,0.0,0,0.0,0.0,0.0,0.0,False,a,,,,,2526
815,220362,32,320,Axel Disasi,Disasi,2,0.1,4.5,19,20,Home,2026-04-10T19:00:00Z,4,0,90,0,0,1,0,0,0,0,25,6,0.0,0.0,0.0,0.59,6,1.6,15.6,0.5,0.0,False,a,,,,,2526
816,209041,32,320,Angel Gomes,Angel,3,0.0,4.7,20,19,Away,2026-04-10T19:00:00Z,0,4,60,0,0,0,1,0,0,0,8,2,0.1,0.08,0.18,1.05,0,2.9,3.0,17.7,8.0,False,a,,,,,2526
817,155511,32,320,Adam Armstrong,Armstrong,4,0.1,5.2,20,19,Away,2026-04-10T19:00:00Z,0,4,70,0,0,0,3,0,0,0,4,2,0.16,0.01,0.17,1.66,0,2.9,0.0,0.8,30.0,False,a,,,,,2526
818,613232,32,319,James Wilson,Wilson,4,0.0,4.5,18,17,Away,2026-04-12T13:00:00Z,0,1,0,0,0,0,0,0,0,0,0,0,0.0,0.0,0.0,0.0,0,0.0,0.0,0.0,0.0,False,a,,,,,2526
819,494556,32,312,Ollie Shield,Shield,2,0.0,4.0,5,9,Home,2026-04-11T14:00:00Z,2,2,0,0,0,0,0,0,0,0,0,0,0.0,0.0,0.0,0.0,0,0.0,0.0,0.0,0.0,False,a,,,,,2526
820,644593,32,313,Kian McMahon-Brown,McMahon-Brown,3,0.0,4.5,3,6,Home,2026-04-11T14:00:00Z,0,2,0,0,0,0,0,0,0,0,0,0,0.0,0.0,0.0,0.0,0,0.0,0.0,0.0,0.0,False,a,,,,,2526
821,570929,32,319,Jack Whittaker,Whittaker,3,0.0,4.5,17,18,Home,2026-04-12T13:00:00Z,1,0,0,0,0,0,0,0,0,0,0,0,0.0,0.0,0.0,0.0,0,0.0,0.0,0.0,0.0,False,a,,,,,2526
822,571087,32,319,Jaydon Jones,Jones,3,0.0,4.5,17,18,Home,2026-04-12T13:00:00Z,1,0,0,0,0,0,0,0,0,0,0,0,0.0,0.0,0.0,0.0,0,0.0,0.0,0.0,0.0,False,a,,,,,2526
823,649240,32,312,Joshua Stephenson,Stephenson,2,0.0,4.0,5,9,Home,2026-04-11T14:00:00Z,2,2,0,0,0,0,0,0,0,0,0,0,0.0,0.0,0.0,0.0,0,0.0,0.0,0.0,0.0,False,a,,,,,2526
824,587433,32,312,Conor McManus,McManus,2,0.0,4.0,5,9,Home,2026-04-11T14:00:00Z,2,2,0,0,0,0,0,0,0,0,0,0,0.0,0.0,0.0,0.0,0,0.0,0.0,0.0,0.0,False,a,,,,,2526
825,553742,32,320,Finlay Herrick,Herrick,1,0.0,4.0,19,20,Home,2026-04-10T19:00:00Z,4,0,0,0,0,0,0,0,0,0,0,0,0.0,0.0,0.0,0.0,0,0.0,0.0,0.0,0.0,False,a,,,,,2526
826,547671,32,312,Riley Owen,Owen,3,0.0,4.5,5,9,Home,2026-04-11T14:00:00Z,2,2,0,0,0,0,0,0,0,0,0,0,0.0,0.0,0.0,0.0,0,0.0,0.0,0.0,0.0,False,a,,,,,2526
