player_id,player_code,gameweek,fixture_id,name,web_name,position_id,selected_by_percent,value,team_id,opponent_id,h_a,kickoff_time,team_score,opponent_score,minutes,goals_scored,assists,clean_sheets,goals_conceded,yellow_cards,red_cards,bonus,bps,total_points,xG,xA,xGI,xGC,DefCon,ict_index,influence,creativity,threat,in_dreamteam,status,news,corners_indirect_freekicks_order,direct_freekicks_order,penalties_order,season
1,154561,38,373,David Raya Martín,Raya,1,36.4,6.2,1,8,Away,2026-05-24T15:00:00Z,2,1,0,0,0,0,0,0,0,0,0,0,0.0,0.0,0.0,0.0,0,0.0,0.0,0.0,0.0,False,a,,,,,2526
2,109745,38,373,Kepa Arrizabalaga Revuelta,Arrizabalaga,1,0.4,4.0,1,8,Away,2026-05-24T15:00:00Z,2,1,90,0,0,0,1,0,0,0,11,2,0.0,0.0,0.0,0.98,0,2.0,19.8,0.0,0.0,False,a,,,,,2526
3,463748,38,373,Karl Hein,Hein,1,0.2,4.0,1,8,Away,2026-05-24T15:00:00Z,2,1,0,0,0,0,0,0,0,0,0,0,0.0,0.0,0.0,0.0,0,0.0,0.0,0.0,0.0,False,u,Has joined Werder Bremen on loan for the rest of the season.,,,,2526
4,551221,38,373,Tommy Setford,Setford,1,0.2,3.9,1,8,Away,2026-05-24T15:00:00Z,2,1,0,0,0,0,0,0,0,0,0,0,0.0,0.0,0.0,0.0,0,0.0,0.0,0.0,0.0,False,a,,,,,2526
5,226597,38,373,Gabriel dos Santos Magalhães,Gabriel,2,45.4,7.3,1,8,Away,2026-05-24T15:00:00Z,2,1,45,0,0,0,1,0,0,0,7,1,0.0,0.0,0.0,0.93,5,1.1,10.4,0.4,0.0,False,a,,,,,2526
6,462424,38,373,William Saliba,Saliba,2,17.1,6.3,1,8,Away,2026-05-24T15:00:00Z,2,1,0,0,0,0,0,0,0,0,0,0,0.0,0.0,0.0,0.0,0,0.0,0.0,0.0,0.0,False,a,,,,,2526
7,466075,38,373,Riccardo Calafiori,Calafiori,2,6.0,5.6,1,8,Away,2026-05-24T15:00:00Z,2,1,45,0,0,0,0,0,0,0,4,1,0.0,0.1,0.1,0.05,0,1.2,1.2,7.1,4.0,False,a,,,,,2526
8,445122,38,373,Jurriën Timber,J.Timber,2,15.2,6.0,1,8,Away,2026-05-24T15:00:00Z,2,1,0,0,0,0,0,0,0,0,0,0,0.0,0.0,0.0,0.0,0,0.0,0.0,0.0,0.0,False,d,Lack of match fitness - 25% chance of playing,,,,2526
9,440854,38,373,Jakub Kiwior,Kiwior,2,0.0,5.4,1,8,Away,2026-05-24T15:00:00Z,2,1,0,0,0,0,0,0,0,0,0,0,0.0,0.0,0.0,0.0,0,0.0,0.0,0.0,0.0,False,u,has joined Porto on loan for the rest of the season.,,,,2526
10,499169,38,373,Myles Lewis-Skelly,Lewis-Skelly,2,1.9,5.0,1,8,Away,2026-05-24T15:00:00Z,2,1,90,0,0,0,1,0,0,0,12,2,0.0,0.02,0.02,0.98,1,1.0,4.6,5.3,0.0,False,a,,,,,2526
11,198869,38,373,Benjamin White,White,2,0.5,5.1,1,8,Away,2026-05-24T15:00:00Z,2,1,0,0,0,0,0,0,0,0,0,0,0.0,0.0,0.0,0.0,0,0.0,0.0,0.0,0.0,False,i,Knee injury - Expected back 24 May,,,,2526
12,206325,38,377,Oleksandr Zinchenko,Zinchenko,2,0.2,4.9,16,4,Home,2026-05-24T15:00:00Z,1,1,0,0,0,0,0,0,0,0,0,0,0.0,0.0,0.0,0.0,0,0.0,0.0,0.0,0.0,False,u,has joined Ajax permanently.,,,,2526
13,563324,38,373,Brayden Clarke,Clarke,2,0.5,3.7,1,8,Away,2026-05-24T15:00:00Z,2,1,0,0,0,0,0,0,0,0,0,0,0.0,0.0,0.0,0.0,0,0.0,0.0,0.0,0.0,False,a,,,,,2526
14,588793,38,373,Maldini Kacurri,Kacurri,2,0.1,3.9,1,8,Away,2026-05-24T15:00:00Z,2,1,0,0,0,0,0,0,0,0,0,0,0.0,0.0,0.0,0.0,0,0.0,0.0,0.0,0.0,False,u,has joined Morecambe on loan for the rest of the season.,,,,2526
15,499167,38,373,Josh Nichols,Nichols,2,0.2,3.7,1,8,Away,2026-05-24T15:00:00Z,2,1,0,0,0,0,0,0,0,0,0,0,0.0,0.0,0.0,0.0,0,0.0,0.0,0.0,0.0,False,a,,,,,2526
16,223340,38,373,Bukayo Saka,Saka,3,11.6,10.0,1,8,Away,2026-05-24T15:00:00Z,2,1,0,0,0,0,0,0,0,0,0,0,0.0,0.0,0.0,0.0,0,0.0,0.0,0.0,0.0,False,a,,2.0,2.0,1.0,2526
17,184029,38,373,Martin Ødegaard,Ødegaard,3,1.7,7.8,1,8,Away,2026-05-24T15:00:00Z,2,1,0,0,0,0,0,0,0,0,0,0,0.0,0.0,0.0,0.0,0,0.0,0.0,0.0,0.0,False,a,,4.0,,3.0,2526
18,248857,38,373,Noni Madueke,Madueke,3,0.8,6.8,1,8,Away,2026-05-24T15:00:00Z,2,1,83,1,0,1,0,0,0,3,46,11,0.17,0.3,0.47,0.23,4,15.4,47.8,45.3,61.0,True,a,,3.0,,,2526
19,444145,38,373,Gabriel Martinelli Silva,Martinelli,3,0.9,6.8,1,8,Away,2026-05-24T15:00:00Z,2,1,90,0,1,0,1,0,0,2,28,7,0.13,0.24,0.37,0.98,4,8.9,29.0,31.4,29.0,False,a,,,,,2526
20,116216,38,373,Leandro Trossard,Trossard,3,1.8,6.6,1,8,Away,2026-05-24T15:00:00Z,2,1,0,0,0,0,0,0,0,0,0,0,0.0,0.0,0.0,0.0,0,0.0,0.0,0.0,0.0,False,a,,,,4.0,2526
21,204480,38,373,Declan Rice,Rice,3,23.3,7.2,1,8,Away,2026-05-24T15:00:00Z,2,1,0,0,0,0,0,0,0,0,0,0,0.0,0.0,0.0,0.0,0,0.0,0.0,0.0,0.0,False,a,,1.0,1.0,,2526
22,195384,38,373,Mikel Merino Zazón,Merino,3,0.7,5.3,1,8,Away,2026-05-24T15:00:00Z,2,1,28,0,0,0,1,0,0,0,-2,1,0.37,0.0,0.37,0.77,2,1.0,0.0,4.8,7.0,False,a,,,,,2526
23,438098,38,373,Fábio Ferreira Vieira,Fábio Vieira,3,0.0,5.4,1,8,Away,2026-05-24T15:00:00Z,2,1,0,0,0,0,0,0,0,0,0,0,0.0,0.0,0.0,0.0,0,0.0,0.0,0.0,0.0,False,u,has joined Hamburger on loan for the rest of the season.,,,,2526
24,128295,38,373,Christian Nørgaard,Nørgaard,3,0.1,5.1,1,8,Away,2026-05-24T15:00:00Z,2,1,45,0,0,0,0,0,0,0,9,1,0.03,0.04,0.07,0.05,5,1.6,7.6,5.1,3.0,False,a,,,,,2526
25,499175,38,373,Ethan Nwaneri,Nwaneri,3,0.1,5.0,1,8,Away,2026-05-24T15:00:00Z,2,1,0,0,0,0,0,0,0,0,0,0,0.0,0.0,0.0,0.0,0,0.0,0.0,0.0,0.0,False,u,has joined Marseille on loan for the rest of the season.,,,,2526
26,481655,38,373,Martín Zubimendi Ibáñez,Zubimendi,3,2.7,4.9,1,8,Away,2026-05-24T15:00:00Z,2,1,90,0,0,0,1,0,0,0,14,2,0.0,0.04,0.04,0.98,7,3.5,16.0,18.5,0.0,False,a,,,,,2526
27,200641,38,375,Reiss Nelson,Nelson,3,0.1,4.8,5,12,Away,2026-05-24T15:00:00Z,1,1,1,0,0,0,0,0,0,0,3,1,0.0,0.0,0.0,0.99,0,0.1,0.2,0.5,0.0,False,a,,,,,2526
28,588796,38,373,Ismeal Kabia,Kabia,3,0.1,4.5,1,8,Away,2026-05-24T15:00:00Z,2,1,0,0,0,0,0,0,0,0,0,0,0.0,0.0,0.0,0.0,0,0.0,0.0,0.0,0.0,False,u,has joined Shrewsbury Town on loan for the rest of the season.,,,,2526
29,437742,38,373,Albert Sambi Lokonga,Sambi,3,0.0,4.5,1,8,Away,2026-05-24T15:00:00Z,2,1,0,0,0,0,0,0,0,0,0,0,0.0,0.0,0.0,0.0,0,0.0,0.0,0.0,0.0,False,u,has joined Hamburger permanently.,,,,2526
30,219847,38,373,Kai Havertz,Havertz,4,0.7,7.3,1,8,Away,2026-05-24T15:00:00Z,2,1,45,0,1,0,1,0,0,0,17,4,0.4,0.18,0.58,0.93,3,7.5,23.6,35.7,16.0,False,a,,,,,2526
31,205651,38,373,Gabriel Fernando de Jesus,G.Jesus,4,0.4,6.4,1,8,Away,2026-05-24T15:00:00Z,2,1,74,1,0,1,0,1,0,0,19,5,0.88,0.03,0.91,0.23,3,10.4,33.8,16.9,53.0,False,a,,,,,2526
32,98980,38,376,Emiliano Martínez Romero,Martinez,1,4.4,5.0,2,13,Away,2026-05-24T15:00:00Z,2,1,0,0,0,0,0,0,0,0,0,0,0.0,0.0,0.0,0.0,0,0.0,0.0,0.0,0.0,False,a,,,,,2526
33,72147,38,376,Marco Bizot,M.Bizot,1,0.4,4.2,2,13,Away,2026-05-24T15:00:00Z,2,1,90,0,0,0,1,0,0,0,10,2,0.0,0.0,0.0,1.34,0,2.1,21.0,0.0,0.0,False,a,,,,,2526
34,462492,38,376,Joe Gauci,Gauci,1,0.1,4.0,2,13,Away,2026-05-24T15:00:00Z,2,1,0,0,0,0,0,0,0,0,0,0,0.0,0.0,0.0,0.0,0,0.0,0.0,0.0,0.0,False,u,Has joined Port Vale on loan for the rest of the season.,,,,2526
35,462381,38,376,Filip Marschall,Marschall,1,0.0,4.0,2,13,Away,2026-05-24T15:00:00Z,2,1,0,0,0,0,0,0,0,0,0,0,0.0,0.0,0.0,0.0,0,0.0,0.0,0.0,0.0,False,u,Has joined Stevenage permanently.,,,,2526
36,199796,38,376,Matty Cash,Cash,2,7.4,4.6,2,13,Away,2026-05-24T15:00:00Z,2,1,45,0,0,0,0,0,0,0,4,1,0.0,0.01,0.01,0.15,1,2.1,8.0,10.7,2.0,False,a,,3.0,,,2526
37,101188,38,376,Lucas Digne,Digne,2,1.5,4.5,2,13,Away,2026-05-24T15:00:00Z,2,1,0,0,0,0,0,0,0,0,0,0,0.0,0.0,0.0,0.0,0,0.0,0.0,0.0,0.0,False,a,,2.0,2.0,,2526
38,199798,38,376,Ezri Konsa Ngoyo,Konsa,2,7.0,4.4,2,13,Away,2026-05-24T15:00:00Z,2,1,0,0,0,0,0,0,0,0,0,0,0.0,0.0,0.0,0.0,0,0.0,0.0,0.0,0.0,False,a,,,,,2526
39,441302,38,376,Ian Maatsen,Maatsen,2,0.5,4.2,2,13,Away,2026-05-24T15:00:00Z,2,1,90,0,0,0,1,0,0,1,23,5,0.02,0.14,0.16,1.34,14,6.4,27.4,25.3,11.0,False,a,,,,,2526
40,149484,38,376,Tyrone Mings,Mings,2,0.6,4.3,2,13,Away,2026-05-24T15:00:00Z,2,1,90,0,0,0,1,0,0,0,13,4,0.0,0.0,0.0,1.34,11,2.7,26.4,0.8,0.0,False,a,,,,,2526
41,244954,38,376,Pau Torres,Pau,2,0.3,4.3,2,13,Away,2026-05-24T15:00:00Z,2,1,17,0,0,0,0,0,0,0,0,1,0.15,0.0,0.15,0.13,3,0.9,1.8,0.3,7.0,False,a,,,,,2526
42,606798,38,376,Andrés García,A.García,2,0.2,3.9,2,13,Away,2026-05-24T15:00:00Z,2,1,45,0,0,0,1,0,0,0,5,1,0.0,0.0,0.0,1.19,9,1.7,14.6,0.5,2.0,False,a,,,,,2526
43,106468,38,376,Álex Moreno Lopera,Alex Moreno,2,1.5,4.0,2,13,Away,2026-05-24T15:00:00Z,2,1,0,0,0,0,0,0,0,0,0,0,0.0,0.0,0.0,0.0,0,0.0,0.0,0.0,0.0,False,u,Has joined Girona permanently.,,,,2526
44,515597,38,376,Lamare Bogarde,Bogarde,2,0.5,4.0,2,13,Away,2026-05-24T15:00:00Z,2,1,72,0,0,0,1,0,0,0,5,2,0.0,0.0,0.0,1.22,3,0.5,3.2,1.4,0.0,False,a,,,,,2526
45,514315,38,376,Lino da Cruz Sousa,Sousa,2,0.2,3.8,2,13,Away,2026-05-24T15:00:00Z,2,1,0,0,0,0,0,0,0,0,0,0,0.0,0.0,0.0,0.0,0,0.0,0.0,0.0,0.0,False,u,has joined Rotherham on loan for the rest of the season.,,,,2526
46,587178,38,376,Yasin Özcan,Yasin,2,0.1,4.0,2,13,Away,2026-05-24T15:00:00Z,2,1,0,0,0,0,0,0,0,0,0,0,0.0,0.0,0.0,0.0,0,0.0,0.0,0.0,0.0,False,u,has joined Anderlecht on loan for the rest of the season.,,,,2526
47,244850,38,376,Morgan Rogers,Rogers,3,20.2,7.3,2,13,Away,2026-05-24T15:00:00Z,2,1,0,0,0,0,0,0,0,0,0,0,0.0,0.0,0.0,0.0,0,0.0,0.0,0.0,0.0,False,a,,,1.0,,2526
48,166989,38,376,Youri Tielemans,Tielemans,3,0.7,5.9,2,13,Away,2026-05-24T15:00:00Z,2,1,17,0,0,0,0,0,0,0,11,1,0.02,0.28,0.3,0.13,4,5.0,13.6,28.9,7.0,False,a,,5.0,,,2526
49,215711,38,376,Leon Bailey,Bailey,3,0.1,5.5,2,13,Away,2026-05-24T15:00:00Z,2,1,90,0,1,0,1,0,0,0,13,5,0.19,0.01,0.2,1.34,10,1.8,6.2,1.9,10.0,False,a,,4.0,,,2526
50,195546,38,376,Emiliano Buendía Stati,Buendía,3,0.4,5.3,2,13,Away,2026-05-24T15:00:00Z,2,1,90,0,0,0,1,0,0,2,32,6,0.08,0.06,0.14,1.34,15,8.4,28.0,33.7,22.0,False,a,,,6.0,2.0,2526
51,469247,38,376,Samuel Iling-Junior,Iling Jr,3,0.0,5.5,2,13,Away,2026-05-24T15:00:00Z,2,1,0,0,0,0,0,0,0,0,0,0,0.0,0.0,0.0,0.0,0,0.0,0.0,0.0,0.0,False,u,has joined Pisa on loan for the rest of the season.,,,,2526
52,232653,38,374,Jacob Ramsey,J.Ramsey,3,0.3,5.3,15,10,Away,2026-05-24T15:00:00Z,0,2,90,0,0,0,2,0,0,0,21,4,0.0,0.03,0.03,1.81,14,2.6,22.4,4.0,0.0,False,a,,,,,2526
53,204646,38,376,Donyell Malen,Malen,3,0.4,5.1,2,13,Away,2026-05-24T15:00:00Z,2,1,0,0,0,0,0,0,0,0,0,0,0.0,0.0,0.0,0.0,0,0.0,0.0,0.0,0.0,False,u,has joined Roma on loan for the rest of the season.,,,,2526
54,122806,38,376,John McGinn,McGinn,3,0.7,5.3,2,13,Away,2026-05-24T15:00:00Z,2,1,4,0,0,0,0,0,0,0,7,1,0.06,0.0,0.06,0.1,2,1.3,5.6,0.0,7.0,False,a,,,,,2526
55,88894,38,376,Ross Barkley,Barkley,3,0.1,4.8,2,13,Away,2026-05-24T15:00:00Z,2,1,85,0,1,0,1,0,0,0,19,5,0.0,0.08,0.08,1.25,3,3.7,22.2,15.2,0.0,False,a,,,,,2526
56,491287,38,376,Enzo Barrenechea,Barrenechea,3,0.0,5.0,2,13,Away,2026-05-24T15:00:00Z,2,1,0,0,0,0,0,0,0,0,0,0,0.0,0.0,0.0,0.0,0,0.0,0.0,0.0,0.0,False,u,Season-long loan to Benfica,,,,2526
57,461421,38,376,Lewis Dobbin,Dobbin,3,0.0,5.0,2,13,Away,2026-05-24T15:00:00Z,2,1,0,0,0,0,0,0,0,0,0,0,0.0,0.0,0.0,0.0,0,0.0,0.0,0.0,0.0,False,u,Has joined Preston North End on loan for the rest of the season.,,,,2526
58,226944,38,376,Boubacar Kamara,Kamara,3,0.2,4.9,2,13,Away,2026-05-24T15:00:00Z,2,1,0,0,0,0,0,0,0,0,0,0,0.0,0.0,0.0,0.0,0,0.0,0.0,0.0,0.0,False,i,Knee injury - Expected back 01 Jun,,,,2526
59,449871,38,376,Amadou Onana,Onana,3,0.6,4.8,2,13,Away,2026-05-24T15:00:00Z,2,1,17,0,0,0,0,0,0,0,5,1,0.0,0.0,0.0,0.13,2,0.5,3.6,1.5,0.0,False,a,,,,,2526
60,577731,38,376,Ben Broggio,Broggio,3,0.2,4.4,2,13,Away,2026-05-24T15:00:00Z,2,1,0,0,0,0,0,0,0,0,0,0,0.0,0.0,0.0,0.0,0,0.0,0.0,0.0,0.0,False,u,has joined Falkirk on loan for the rest of the season.,,,,2526
61,151589,38,376,Leander Dendoncker,Dendoncker,3,0.1,4.5,2,13,Away,2026-05-24T15:00:00Z,2,1,0,0,0,0,0,0,0,0,0,0,0.0,0.0,0.0,0.0,0,0.0,0.0,0.0,0.0,False,u,Has joined Real Oviedo permanently.,,,,2526
62,559962,38,376,Jamaldeen Jimoh-Aloba,Jimoh-Aloba,3,0.1,4.5,2,13,Away,2026-05-24T15:00:00Z,2,1,0,0,0,0,0,0,0,0,0,0,0.0,0.0,0.0,0.0,0,0.0,0.0,0.0,0.0,False,u,has joined West Brom on loan for the rest of the season.,,,,2526
63,537403,38,376,Kadan Young,Young,3,0.5,4.3,2,13,Away,2026-05-24T15:00:00Z,2,1,0,0,0,0,0,0,0,0,0,0,0.0,0.0,0.0,0.0,0,0.0,0.0,0.0,0.0,False,u,has joined Reading on loan for the rest of the season.,,,,2526
64,178301,38,376,Ollie Watkins,Watkins,4,13.0,8.7,2,13,Away,2026-05-24T15:00:00Z,2,1,90,2,0,0,1,0,0,3,63,13,1.24,0.01,1.25,1.34,2,16.3,73.4,2.5,87.0,True,a,,,,3.0,2526
65,576756,38,376,Zépiqueno Redmond,Redmond,4,0.3,4.5,2,13,Away,2026-05-24T15:00:00Z,2,1,0,0,0,0,0,0,0,0,0,0,0.0,0.0,0.0,0.0,0,0.0,0.0,0.0,0.0,False,u,has joined Huddersfield Town on loan for the rest of the season.,,,,2526
66,69752,38,377,Norberto Murara Neto,Neto,1,0.1,4.5,4,16,Away,2026-05-24T15:00:00Z,1,1,0,0,0,0,0,0,0,0,0,0,0.0,0.0,0.0,0.0,0,0.0,0.0,0.0,0.0,False,u,Has joined Botafogo permanently.,,,,2526
67,457569,38,377,Đorđe Petrović,Petrović,1,5.2,4.6,4,16,Away,2026-05-24T15:00:00Z,1,1,90,0,0,0,1,0,0,0,14,3,0.0,0.0,0.0,1.73,0,2.6,26.0,0.0,0.0,False,a,,,,,2526
68,444172,38,377,Will Dennis,Dennis,1,0.7,4.0,4,16,Away,2026-05-24T15:00:00Z,1,1,0,0,0,0,0,0,0,0,0,0,0.0,0.0,0.0,0.0,0,0.0,0.0,0.0,0.0,False,u,has joined Leyton Orient on loan for the rest of the season.,,,,2526
69,568791,38,377,Callan McKenna,McKenna,1,0.2,3.9,4,16,Away,2026-05-24T15:00:00Z,1,1,0,0,0,0,0,0,0,0,0,0,0.0,0.0,0.0,0.0,0,0.0,0.0,0.0,0.0,False,a,,,,,2526
70,495145,38,377,Alex Paulsen,Paulsen,1,0.1,4.0,4,16,Away,2026-05-24T15:00:00Z,1,1,0,0,0,0,0,0,0,0,0,0,0.0,0.0,0.0,0.0,0,0.0,0.0,0.0,0.0,False,u,Has joined Lechia Gdansk on loan for the rest of the season.,,,,2526
71,477580,38,377,Illia Zabarnyi,Zabarnyi,2,0.0,5.0,4,16,Away,2026-05-24T15:00:00Z,1,1,0,0,0,0,0,0,0,0,0,0,0.0,0.0,0.0,0.0,0,0.0,0.0,0.0,0.0,False,u,Has joined Paris Saint-Germain permanently.,,,,2526
72,221466,38,377,Marcos Senesi Barón,Senesi,2,22.0,5.2,4,16,Away,2026-05-24T15:00:00Z,1,1,90,0,0,0,1,0,0,0,11,2,0.0,0.02,0.02,1.73,7,3.0,25.6,2.3,2.0,False,a,,,,,2526
73,54469,38,377,Adam Smith,Smith,2,0.2,4.4,4,16,Away,2026-05-24T15:00:00Z,1,1,89,0,0,0,1,0,0,0,12,2,0.0,0.01,0.01,1.73,6,1.7,12.6,4.3,0.0,False,a,,,,,2526
74,494521,38,377,Adrien Truffert,Truffert,2,5.3,4.8,4,16,Away,2026-05-24T15:00:00Z,1,1,90,0,1,0,1,0,0,1,25,6,0.0,0.11,0.11,1.73,9,9.6,44.2,39.7,12.0,False,a,,,,,2526
75,541462,38,377,Matai Akinmboni,Akinmboni,2,0.2,3.8,4,16,Away,2026-05-24T15:00:00Z,1,1,0,0,0,0,0,0,0,0,0,0,0.0,0.0,0.0,0.0,0,0.0,0.0,0.0,0.0,False,a,,,,,2526
76,518906,38,377,Owen Bevan,Bevan,2,0.2,3.8,4,16,Away,2026-05-24T15:00:00Z,1,1,0,0,0,0,0,0,0,0,0,0,0.0,0.0,0.0,0.0,0,0.0,0.0,0.0,0.0,False,a,,,,,2526
77,463981,38,377,James Hill,Hill,2,7.4,4.2,4,16,Away,2026-05-24T15:00:00Z,1,1,90,0,0,0,1,1,0,0,5,3,0.0,0.01,0.01,1.73,10,1.9,16.8,1.8,0.0,False,a,,,,,2526
78,436893,38,377,Julián Araujo Zúñiga,J.Araujo,2,0.5,3.8,4,16,Away,2026-05-24T15:00:00Z,1,1,0,0,0,0,0,0,0,0,0,0,0.0,0.0,0.0,0.0,0,0.0,0.0,0.0,0.0,False,u,has joined Celtic on loan for the rest of the season.,,,,2526
79,223911,38,377,Chris Mepham,Mepham,2,0.1,4.0,4,16,Away,2026-05-24T15:00:00Z,1,1,0,0,0,0,0,0,0,0,0,0,0.0,0.0,0.0,0.0,0,0.0,0.0,0.0,0.0,False,u,has joined West Bromwich Albion permanently.,,,,2526
80,575901,38,377,Julio Soler Barreto,Soler,2,0.2,3.9,4,16,Away,2026-05-24T15:00:00Z,1,1,0,0,0,0,0,0,0,0,0,0,0.0,0.0,0.0,0.0,0,0.0,0.0,0.0,0.0,False,a,,,,,2526
81,222683,38,377,Justin Kluivert,Kluivert,3,0.6,6.9,4,16,Away,2026-05-24T15:00:00Z,1,1,17,0,0,0,0,0,0,0,2,1,0.07,0.01,0.08,0.51,1,0.8,0.2,0.7,7.0,False,a,,,3.0,1.0,2526
82,437730,38,376,Antoine Semenyo,Semenyo,3,46.2,8.0,13,2,Home,2026-05-24T15:00:00Z,1,2,57,1,0,0,1,0,0,0,18,6,0.1,0.07,0.17,0.45,2,9.0,36.2,14.4,39.0,False,a,,,4.0,,2526
83,533463,38,375,Dango Ouattara,O.Dango,3,1.6,5.6,5,12,Away,2026-05-24T15:00:00Z,1,1,90,0,0,0,1,0,0,0,2,2,0.52,0.01,0.53,3.04,7,1.6,2.4,2.8,11.0,False,a,,3.0,,,2526
84,201658,38,377,Marcus Tavernier,Tavernier,3,4.2,5.3,4,16,Away,2026-05-24T15:00:00Z,1,1,90,1,0,0,1,0,0,3,38,10,0.24,0.15,0.39,1.73,6,15.9,57.0,70.0,32.0,True,a,,2.0,2.0,4.0,2526
85,200785,38,377,Tyler Adams,Adams,3,0.3,4.9,4,16,Away,2026-05-24T15:00:00Z,1,1,90,0,0,0,1,0,0,0,14,4,0.02,0.02,0.04,1.73,17,1.7,12.2,4.1,1.0,False,a,,,,,2526
86,111317,38,377,David Brooks,Brooks,3,0.2,5.0,4,16,Away,2026-05-24T15:00:00Z,1,1,0,0,0,0,0,0,0,0,0,0,0.0,0.0,0.0,0.0,0,0.0,0.0,0.0,0.0,False,a,,5.0,4.0,,2526
87,158499,38,377,Ryan Christie,Christie,3,0.1,4.9,4,16,Away,2026-05-24T15:00:00Z,1,1,0,0,0,0,0,0,0,0,0,0,0.0,0.0,0.0,0.0,0,0.0,0.0,0.0,0.0,False,s,Suspended until 29 Aug,6.0,,,2526
88,155408,38,377,Lewis Cook,Cook,3,0.0,4.9,4,16,Away,2026-05-24T15:00:00Z,1,1,1,0,0,0,0,0,0,0,3,1,0.0,0.0,0.0,0.0,0,0.1,0.4,0.2,0.0,False,a,,4.0,,,2526
89,168991,38,377,Philip Billing,Philip,3,0.0,4.9,4,16,Away,2026-05-24T15:00:00Z,1,1,0,0,0,0,0,0,0,0,0,0,0.0,0.0,0.0,0.0,0,0.0,0.0,0.0,0.0,False,u,has joined Midtjylland permanently.,,,,2526
90,503139,38,377,Alex Scott,Scott,3,2.1,4.9,4,16,Away,2026-05-24T15:00:00Z,1,1,0,0,0,0,0,0,0,0,0,0,0.0,0.0,0.0,0.0,0,0.0,0.0,0.0,0.0,False,a,,3.0,6.0,,2526
91,224995,38,377,Luis Sinisterra Lucumí,Sinisterra,3,0.0,5.0,4,16,Away,2026-05-24T15:00:00Z,1,1,0,0,0,0,0,0,0,0,0,0,0.0,0.0,0.0,0.0,0,0.0,0.0,0.0,0.0,False,u,has joined Cruzeiro on loan for the rest of the season.,,,,2526
92,441240,38,377,Romain Faivre,Faivre,3,0.1,4.5,4,16,Away,2026-05-24T15:00:00Z,1,1,0,0,0,0,0,0,0,0,0,0,0.0,0.0,0.0,0.0,0,0.0,0.0,0.0,0.0,False,u,has joined Auxerre permanently.,,,,2526
93,424044,38,377,Hamed Traorè,H.Traorè,3,0.3,4.5,4,16,Away,2026-05-24T15:00:00Z,1,1,0,0,0,0,0,0,0,0,0,0,0.0,0.0,0.0,0.0,0,0.0,0.0,0.0,0.0,False,u,has joined Marseille on loan for the rest of the season.,,,,2526
94,550596,38,377,Dominic Sadi,Sadi,3,0.0,4.5,4,16,Away,2026-05-24T15:00:00Z,1,1,0,0,0,0,0,0,0,0,0,0,0.0,0.0,0.0,0.0,0,0.0,0.0,0.0,0.0,False,u,has joined Novi Pazar on loan for the rest of the season.,,,,2526
95,530121,38,377,Zain Silcott-Duberry,Silcott-Duberry,3,0.1,4.4,4,16,Away,2026-05-24T15:00:00Z,1,1,0,0,0,0,0,0,0,0,0,0,0.0,0.0,0.0,0.0,0,0.0,0.0,0.0,0.0,False,u,has joined Olympiakos permanently.,,,,2526
96,606775,38,377,Ben Winterburn,Winterburn,3,0.0,4.5,4,16,Away,2026-05-24T15:00:00Z,1,1,0,0,0,0,0,0,0,0,0,0,0.0,0.0,0.0,0.0,0,0.0,0.0,0.0,0.0,False,u,has joined Barnet on loan for the rest of the season.,,,,2526
97,444102,38,377,Francisco Evanilson de Lima Barbosa,Evanilson,4,2.4,6.6,4,16,Away,2026-05-24T15:00:00Z,1,1,72,0,0,0,1,0,0,0,9,2,0.06,0.01,0.07,1.22,7,0.8,2.4,2.6,3.0,False,a,,,,,2526
98,168636,38,377,Enes Ünal,Enes Ünal,4,0.0,5.4,4,16,Away,2026-05-24T15:00:00Z,1,1,17,0,0,0,0,0,0,0,6,1,0.07,0.0,0.07,0.51,1,1.7,5.0,0.8,11.0,False,a,,,1.0,,2526
99,590760,38,377,Daniel Adu-Adjei,Adu-Adjei,4,0.1,4.4,4,16,Away,2026-05-24T15:00:00Z,1,1,0,0,0,0,0,0,0,0,0,0,0.0,0.0,0.0,0.0,0,0.0,0.0,0.0,0.0,False,u,has joined HNK Rijeka permanently.,,,,2526
100,560262,38,377,Junior Kroupi,Kroupi.Jr,4,7.6,4.7,4,16,Away,2026-05-24T15:00:00Z,1,1,72,0,0,0,1,0,0,0,12,2,0.21,0.08,0.29,1.22,3,5.7,6.2,16.0,35.0,False,a,,,,2.0,2526
101,200720,38,375,Caoimhín Kelleher,Kelleher,1,12.0,4.8,5,12,Away,2026-05-24T15:00:00Z,1,1,90,0,0,0,1,0,0,2,26,6,0.0,0.0,0.0,3.04,0,5.5,54.8,0.0,0.0,False,a,,,,,2526
102,235448,38,375,Ellery Balcombe,Balcombe,1,0.2,3.9,5,12,Away,2026-05-24T15:00:00Z,1,1,0,0,0,0,0,0,0,0,0,0,0.0,0.0,0.0,0.0,0,0.0,0.0,0.0,0.0,False,a,,,,,2526
103,503300,38,375,Matthew Cox,Cox,1,0.1,3.9,5,12,Away,2026-05-24T15:00:00Z,1,1,0,0,0,0,0,0,0,0,0,0,0.0,0.0,0.0,0.0,0,0.0,0.0,0.0,0.0,False,u,has joined Shrewsbury Town on loan for the rest of the season.,,,,2526
104,535017,38,375,Julian Eyestone,Eyestone,1,0.1,3.9,5,12,Away,2026-05-24T15:00:00Z,1,1,0,0,0,0,0,0,0,0,0,0,0.0,0.0,0.0,0.0,0,0.0,0.0,0.0,0.0,False,a,,,,,2526
105,507433,38,375,Hákon Rafn Valdimarsson,Valdimarsson,1,1.0,3.8,5,12,Away,2026-05-24T15:00:00Z,1,1,0,0,0,0,0,0,0,0,0,0,0.0,0.0,0.0,0.0,0,0.0,0.0,0.0,0.0,False,a,,,,,2526
106,432830,38,375,Nathan Collins,Collins,2,2.4,4.9,5,12,Away,2026-05-24T15:00:00Z,1,1,90,0,0,0,1,1,0,0,13,3,0.0,0.33,0.33,3.04,14,5.0,35.2,10.7,4.0,False,a,,,,,2526
107,249231,38,375,Keane Lewis-Potter,Lewis-Potter,2,1.5,4.8,5,12,Away,2026-05-24T15:00:00Z,1,1,88,0,1,0,1,0,0,0,23,5,0.03,0.18,0.21,2.05,7,4.1,21.2,14.5,5.0,False,a,,,1.0,,2526
108,191866,38,375,Kristoffer Ajer,Ajer,2,0.2,4.4,5,12,Away,2026-05-24T15:00:00Z,1,1,0,0,0,0,0,0,0,0,0,0,0.0,0.0,0.0,0.0,0,0.0,0.0,0.0,0.0,False,a,,,,,2526
109,194010,38,375,Rico Henry,Henry,2,0.1,4.3,5,12,Away,2026-05-24T15:00:00Z,1,1,0,0,0,0,0,0,0,0,0,0,0.0,0.0,0.0,0.0,0,0.0,0.0,0.0,0.0,False,i,Hamstring injury - Expected back 01 Jun,,,,2526
110,607464,38,375,Michael Kayode,Kayode,2,1.0,4.6,5,12,Away,2026-05-24T15:00:00Z,1,1,90,0,0,0,1,0,0,0,8,2,0.0,0.01,0.01,3.04,5,2.0,19.2,1.1,0.0,False,a,,,,,2526
111,231065,38,375,Ethan Pinnock,Pinnock,2,0.1,4.2,5,12,Away,2026-05-24T15:00:00Z,1,1,0,0,0,0,0,0,0,0,0,0,0.0,0.0,0.0,0.0,0,0.0,0.0,0.0,0.0,False,a,,,,,2526
112,226956,38,375,Mads Roerslev Rasmussen,Roerslev,2,0.0,4.5,5,12,Away,2026-05-24T15:00:00Z,1,1,0,0,0,0,0,0,0,0,0,0,0.0,0.0,0.0,0.0,0,0.0,0.0,0.0,0.0,False,u,Has joined Southampton permanently.,,,,2526
113,444765,38,375,Sepp van den Berg,Van den Berg,2,1.0,4.4,5,12,Away,2026-05-24T15:00:00Z,1,1,90,0,0,0,1,0,0,0,6,4,0.0,0.03,0.03,3.04,10,2.4,19.4,0.6,4.0,False,a,,,,,2526
114,622536,38,375,Benjamin Arthur,Arthur,2,0.2,3.8,5,12,Away,2026-05-24T15:00:00Z,1,1,0,0,0,0,0,0,0,0,0,0,0.0,0.0,0.0,0.0,0,0.0,0.0,0.0,0.0,False,u,has joined Celtic on loan for the rest of the season.,,,,2526
115,612534,38,375,Benjamin Fredrick,Fredrick,2,0.1,4.0,5,12,Away,2026-05-24T15:00:00Z,1,1,0,0,0,0,0,0,0,0,0,0,0.0,0.0,0.0,0.0,0,0.0,0.0,0.0,0.0,False,u,has joined Dender on loan for the rest of the season.,,,,2526
116,472713,38,375,Aaron Hickey,Hickey,2,0.3,4.0,5,12,Away,2026-05-24T15:00:00Z,1,1,30,0,0,0,0,0,0,0,2,1,0.0,0.0,0.0,1.25,2,0.4,3.2,0.8,0.0,False,a,,,,,2526
117,570241,38,375,Kim Ji-soo,Ji-soo,2,0.1,3.9,5,12,Away,2026-05-24T15:00:00Z,1,1,0,0,0,0,0,0,0,0,0,0,0.0,0.0,0.0,0.0,0,0.0,0.0,0.0,0.0,False,u,has joined Kaiserslautern on loan for the rest of the season.,,,,2526
118,499717,38,375,Jayden Meghoma,Meghoma,2,0.0,4.0,5,12,Away,2026-05-24T15:00:00Z,1,1,0,0,0,0,0,0,0,0,0,0,0.0,0.0,0.0,0.0,0,0.0,0.0,0.0,0.0,False,u,Has joined Rangers on loan for the rest of the season.,,,,2526
119,446008,38,371,Bryan Mbeumo,Mbeumo,3,15.0,8.3,14,6,Away,2026-05-24T15:00:00Z,3,0,73,1,0,1,0,0,0,1,30,9,0.92,0.01,0.93,0.48,3,8.7,35.4,12.5,39.0,False,a,,2.0,2.0,,2526
120,513418,38,375,Kevin Schade,Schade,3,1.3,6.8,5,12,Away,2026-05-24T15:00:00Z,1,1,90,1,0,0,1,0,0,0,20,7,0.91,0.0,0.91,3.04,6,10.3,37.6,2.7,63.0,False,a,,,,3.0,2526
121,440089,38,375,Mikkel Damsgaard,Damsgaard,3,0.8,5.6,5,12,Away,2026-05-24T15:00:00Z,1,1,7,0,0,0,0,0,0,0,8,1,0.0,0.31,0.31,1.09,2,5.1,14.6,30.2,6.0,False,a,,,3.0,,2526
122,543295,38,375,Antoni Milambo,Milambo,3,0.0,5.2,5,12,Away,2026-05-24T15:00:00Z,1,1,0,0,0,0,0,0,0,0,0,0,0.0,0.0,0.0,0.0,0,0.0,0.0,0.0,0.0,False,i,Knee injury - Expected back 01 Jun,,,,2526
123,244858,38,375,Fábio Freitas Gouveia Carvalho,Carvalho,3,0.1,4.6,5,12,Away,2026-05-24T15:00:00Z,1,1,0,0,0,0,0,0,0,0,0,0,0.0,0.0,0.0,0.0,0,0.0,0.0,0.0,0.0,False,i,Knee injury - Expected back 01 Jun,,,4.0,2526
124,56979,38,375,Jordan Henderson,Henderson,3,0.3,5.0,5,12,Away,2026-05-24T15:00:00Z,1,1,59,0,0,0,1,1,0,0,7,0,0.0,0.02,0.02,1.79,3,1.4,4.6,9.0,0.0,False,a,,,,,2526
125,204580,38,375,Vitaly Janelt,Janelt,3,0.1,4.9,5,12,Away,2026-05-24T15:00:00Z,1,1,90,0,0,0,1,1,0,0,19,1,0.0,0.18,0.18,3.04,10,3.7,14.4,17.0,6.0,False,a,,2.0,,,2526
126,207283,38,375,Mathias Jensen,Jensen,3,0.1,4.9,5,12,Away,2026-05-24T15:00:00Z,1,1,82,0,0,0,1,0,0,0,12,2,0.04,0.2,0.24,1.95,7,4.8,7.6,37.4,3.0,False,a,,1.0,2.0,5.0,2526
127,626464,38,375,Gustavo Nunes Fernandes Gomes,Nunes,3,0.0,4.9,5,12,Away,2026-05-24T15:00:00Z,1,1,0,0,0,0,0,0,0,0,0,0,0.0,0.0,0.0,0.0,0,0.0,0.0,0.0,0.0,False,u,has joined Swansea City on loan for the rest of the season.,,,,2526
128,428580,38,375,Frank Onyeka,Onyeka,3,0.0,4.8,5,12,Away,2026-05-24T15:00:00Z,1,1,0,0,0,0,0,0,0,0,0,0,0.0,0.0,0.0,0.0,0,0.0,0.0,0.0,0.0,False,u,has joined Coventry City on loan for the rest of the season.,,,,2526
129,508395,38,375,Yehor Yarmoliuk,Yarmoliuk,3,0.1,5.0,5,12,Away,2026-05-24T15:00:00Z,1,1,0,0,0,0,0,0,0,0,0,0,0.0,0.0,0.0,0.0,0,0.0,0.0,0.0,0.0,False,a,,,,,2526
130,606689,38,375,Romelle Donovan,Donovan,3,0.1,4.4,5,12,Away,2026-05-24T15:00:00Z,1,1,0,0,0,0,0,0,0,0,0,0,0.0,0.0,0.0,0.0,0,0.0,0.0,0.0,0.0,False,a,,,,,2526
131,628204,38,375,Yunus Emre Konak,Konak,3,0.1,4.3,5,12,Away,2026-05-24T15:00:00Z,1,1,0,0,0,0,0,0,0,0,0,0,0.0,0.0,0.0,0.0,0,0.0,0.0,0.0,0.0,False,u,has joined Oxford United on loan for the rest of the season.,,,,2526
132,220695,38,375,Paris Maghoma,Maghoma,3,0.0,4.5,5,12,Away,2026-05-24T15:00:00Z,1,1,0,0,0,0,0,0,0,0,0,0,0.0,0.0,0.0,0.0,0,0.0,0.0,0.0,0.0,False,u,has joined Norwich City permanently.,,,,2526
133,450539,38,375,Myles Peart-Harris,Peart-Harris,3,0.0,4.4,5,12,Away,2026-05-24T15:00:00Z,1,1,0,0,0,0,0,0,0,0,0,0,0.0,0.0,0.0,0.0,0,0.0,0.0,0.0,0.0,False,u,has joined Oxford United permanently.,,,,2526
134,591357,38,375,Ryan Trevitt,Trevitt,3,0.0,4.5,5,12,Away,2026-05-24T15:00:00Z,1,1,0,0,0,0,0,0,0,0,0,0,0.0,0.0,0.0,0.0,0,0.0,0.0,0.0,0.0,False,u,Has joined Wigan on loan for the rest of the season,,,,2526
135,216646,38,374,Yoane Wissa,Wissa,4,0.6,7.3,15,10,Away,2026-05-24T15:00:00Z,0,2,24,0,0,0,1,1,0,0,2,0,0.0,0.0,0.0,0.59,1,1.4,2.0,10.4,2.0,False,a,,,,,2526
136,502500,38,375,Igor Thiago Nascimento Rodrigues,Thiago,4,30.2,7.2,5,12,Away,2026-05-24T15:00:00Z,1,1,90,0,0,0,1,0,0,0,8,2,0.05,0.0,0.05,3.04,5,2.3,8.6,3.8,11.0,False,a,,,,2.0,2526
137,533710,38,375,Iwan Morgan,Morgan,4,0.3,4.4,5,12,Away,2026-05-24T15:00:00Z,1,1,0,0,0,0,0,0,0,0,0,0,0.0,0.0,0.0,0.0,0,0.0,0.0,0.0,0.0,False,u,has joined Shrewsbury on loan for the rest of the season.,,,,2526
138,49262,38,371,Jason Steele,Steele,1,0.2,4.2,6,14,Home,2026-05-24T15:00:00Z,0,3,0,0,0,0,0,0,0,0,0,0,0.0,0.0,0.0,0.0,0,0.0,0.0,0.0,0.0,False,a,,,,,2526
139,489639,38,371,Bart Verbruggen,Verbruggen,1,9.3,4.6,6,14,Home,2026-05-24T15:00:00Z,0,3,90,0,0,0,3,0,0,0,12,2,0.0,0.0,0.0,1.66,0,3.9,38.8,0.0,0.0,False,a,,,,,2526
140,209288,38,371,Tom McGill,McGill,1,0.3,3.9,6,14,Home,2026-05-24T15:00:00Z,0,3,0,0,0,0,0,0,0,0,0,0,0.0,0.0,0.0,0.0,0,0.0,0.0,0.0,0.0,False,a,,,,,2526
141,472739,38,371,Carl Rushworth,Rushworth,1,0.0,4.0,6,14,Home,2026-05-24T15:00:00Z,0,3,0,0,0,0,0,0,0,0,0,0,0.0,0.0,0.0,0.0,0,0.0,0.0,0.0,0.0,False,u,Has joined Coventry City on loan for the rest of the season.,,,,2526
142,240514,38,371,Kjell Scherpen,Scherpen,1,0.0,4.0,6,14,Home,2026-05-24T15:00:00Z,0,3,0,0,0,0,0,0,0,0,0,0,0.0,0.0,0.0,0.0,0,0.0,0.0,0.0,0.0,False,u,Has joined Union SG permanently,,,,2526
143,204120,38,371,Olivier Boscagli,Boscagli,2,0.1,4.2,6,14,Home,2026-05-24T15:00:00Z,0,3,0,0,0,0,0,0,0,0,0,0,0.0,0.0,0.0,0.0,0,0.0,0.0,0.0,0.0,False,a,,3.0,,,2526
144,550090,38,371,Diego Coppola,Coppola,2,0.0,4.2,6,14,Home,2026-05-24T15:00:00Z,0,3,0,0,0,0,0,0,0,0,0,0,0.0,0.0,0.0,0.0,0,0.0,0.0,0.0,0.0,False,u,has joined Paris FC on loan for the rest of the season.,,,,2526
145,465730,38,371,Maxim De Cuyper,De Cuyper,2,1.7,4.3,6,14,Home,2026-05-24T15:00:00Z,0,3,45,0,0,0,2,0,0,0,-1,0,0.02,0.18,0.2,1.19,1,6.2,10.2,44.4,7.0,False,a,,,1.0,,2526
146,83299,38,371,Lewis Dunk,Dunk,2,1.0,4.5,6,14,Home,2026-05-24T15:00:00Z,0,3,90,0,0,0,3,0,0,0,4,1,0.0,0.03,0.03,1.66,5,2.1,16.0,3.3,2.0,False,a,,,3.0,,2526
147,204214,38,371,Pervis Estupiñán Tenorio,Estupiñan,2,0.0,4.5,6,14,Home,2026-05-24T15:00:00Z,0,3,0,0,0,0,0,0,0,0,0,0,0.0,0.0,0.0,0.0,0,0.0,0.0,0.0,0.0,False,u,Has joined AC Milan permanently,,,,2526
148,231416,38,371,Ferdi Kadıoğlu,F.Kadıoğlu,2,1.4,4.5,6,14,Home,2026-05-24T15:00:00Z,0,3,90,0,0,0,3,0,0,0,1,1,0.05,0.02,0.07,1.66,4,1.6,6.6,5.3,4.0,False,a,,,,,2526
149,223434,38,371,Igor Julio dos Santos de Paulo,Igor,2,0.1,4.5,6,14,Home,2026-05-24T15:00:00Z,0,3,0,0,0,0,0,0,0,0,0,0,0.0,0.0,0.0,0.0,0,0.0,0.0,0.0,0.0,False,a,,,,,2526
150,232792,38,371,Tariq Lamptey,Lamptey,2,0.1,4.4,6,14,Home,2026-05-24T15:00:00Z,0,3,0,0,0,0,0,0,0,0,0,0,0.0,0.0,0.0,0.0,0,0.0,0.0,0.0,0.0,False,u,has joined Fiorentina permanently.,,,,2526
151,469142,38,371,Jan Paul van Hecke,Van Hecke,2,10.7,4.7,6,14,Home,2026-05-24T15:00:00Z,0,3,90,0,0,0,3,0,0,0,2,1,0.0,0.04,0.04,1.66,7,1.9,17.6,1.6,0.0,False,a,,,,,2526
152,111478,38,371,Joël Veltman,Veltman,2,0.1,4.3,6,14,Home,2026-05-24T15:00:00Z,0,3,0,0,0,0,0,0,0,0,0,0,0.0,0.0,0.0,0.0,0,0.0,0.0,0.0,0.0,False,a,,,,,2526
153,110735,38,371,Adam Webster,Webster,2,0.0,4.4,6,14,Home,2026-05-24T15:00:00Z,0,3,0,0,0,0,0,0,0,0,0,0,0.0,0.0,0.0,0.0,0,0.0,0.0,0.0,0.0,False,i,Knee injury - Unknown return date,,,,2526
154,439135,38,371,Eiran Cashin,Cashin,2,0.0,4.0,6,14,Home,2026-05-24T15:00:00Z,0,3,0,0,0,0,0,0,0,0,0,0,0.0,0.0,0.0,0.0,0,0.0,0.0,0.0,0.0,False,u,has joined Blackburn Rovers on loan for the rest of the season.,,,,2526
155,589100,38,371,Jacob Slater,Slater,2,0.1,4.0,6,14,Home,2026-05-24T15:00:00Z,0,3,0,0,0,0,0,0,0,0,0,0,0.0,0.0,0.0,0.0,0,0.0,0.0,0.0,0.0,False,u,has joined Harrogate Town on loan until January.,,,,2526
156,547720,38,371,Charlie Tasker,Tasker,2,0.2,3.8,6,14,Home,2026-05-24T15:00:00Z,0,3,0,0,0,0,0,0,0,0,0,0,0.0,0.0,0.0,0.0,0,0.0,0.0,0.0,0.0,False,a,,,,,2526
157,451340,38,371,Mitoma Kaoru,Mitoma,3,1.9,6.1,6,14,Home,2026-05-24T15:00:00Z,0,3,0,0,0,0,0,0,0,0,0,0,0.0,0.0,0.0,0.0,0,0.0,0.0,0.0,0.0,False,i,Hamstring injury - Expected back 01 Jun,,,,2526
158,463067,38,371,Georginio Rutter,Georginio,3,0.3,5.6,6,14,Home,2026-05-24T15:00:00Z,0,3,16,0,0,0,0,0,0,0,1,1,0.06,0.0,0.06,0.06,2,0.8,1.6,1.6,5.0,False,a,,,,,2526
159,109345,38,371,Solly March,March,3,0.0,5.8,6,14,Home,2026-05-24T15:00:00Z,0,3,31,0,0,0,0,0,0,0,9,1,0.04,0.02,0.06,0.15,5,3.2,7.4,1.9,23.0,False,a,,,,,2526
160,592031,38,371,Yankuba Minteh,Minteh,3,2.5,5.5,6,14,Home,2026-05-24T15:00:00Z,0,3,45,0,0,0,1,0,0,0,6,1,0.0,0.11,0.11,0.47,3,2.5,9.2,15.5,0.0,False,a,,5.0,,,2526
161,474120,38,371,Julio Enciso Espínola,Enciso,3,0.0,5.4,6,14,Home,2026-05-24T15:00:00Z,0,3,0,0,0,0,0,0,0,0,0,0,0.0,0.0,0.0,0.0,0,0.0,0.0,0.0,0.0,False,u,has joined Strasbourg permanently.,,,,2526
162,513433,38,371,Brajan Gruda,Gruda,3,0.0,5.4,6,14,Home,2026-05-24T15:00:00Z,0,3,0,0,0,0,0,0,0,0,0,0,0.0,0.0,0.0,0.0,0,0.0,0.0,0.0,0.0,False,u,has joined Leipzig on loan for the rest of the season.,,,,2526
163,532529,38,371,Jack Hinshelwood,Hinshelwood,3,1.6,5.2,6,14,Home,2026-05-24T15:00:00Z,0,3,73,0,0,0,3,0,0,0,10,2,0.0,0.02,0.02,1.6,3,2.0,4.2,11.6,4.0,False,a,,,,,2526
164,219249,38,371,Matt O'Riley,O'Riley,3,0.3,5.5,6,14,Home,2026-05-24T15:00:00Z,0,3,0,0,0,0,0,0,0,0,0,0,0.0,0.0,0.0,0.0,0,0.0,0.0,0.0,0.0,False,a,,,,3.0,2526
165,516211,38,371,Abdallah Sima,Sima,3,0.0,5.4,6,14,Home,2026-05-24T15:00:00Z,0,3,0,0,0,0,0,0,0,0,0,0,0.0,0.0,0.0,0.0,0,0.0,0.0,0.0,0.0,False,u,has joined Lens permanently.,,,,2526
166,509416,38,371,Yasin Ayari,Ayari,3,0.4,4.8,6,14,Home,2026-05-24T15:00:00Z,0,3,0,0,0,0,0,0,0,0,0,0,0.0,0.0,0.0,0.0,0,0.0,0.0,0.0,0.0,False,a,,,2.0,,2526
167,535301,38,371,Carlos Baleba,Baleba,3,1.5,4.5,6,14,Home,2026-05-24T15:00:00Z,0,3,31,0,0,0,0,0,0,0,9,1,0.03,0.05,0.08,0.15,9,3.4,10.4,21.5,2.0,False,a,,,,,2526
168,536916,38,380,Facundo Buonanotte,Buonanotte,3,0.1,4.6,11,19,Away,2026-05-24T15:00:00Z,0,3,12,0,0,0,2,0,0,0,4,1,0.02,0.18,0.2,0.65,1,2.4,7.2,14.3,2.0,False,a,,,,,2526
169,514254,38,371,Diego Gómez Amarilla,Gomez,3,0.4,4.9,6,14,Home,2026-05-24T15:00:00Z,0,3,58,0,0,0,3,0,0,0,4,1,0.28,0.01,0.29,1.5,9,1.8,0.0,1.4,18.0,False,a,,,5.0,,2526
170,15157,38,371,James Milner,Milner,3,0.1,4.9,6,14,Home,2026-05-24T15:00:00Z,0,3,58,0,0,0,3,0,0,0,5,1,0.0,0.01,0.01,1.5,4,0.3,1.4,1.9,0.0,False,a,,,,1.0,2526
171,441192,38,371,Jeremy Sarmiento Morante,Sarmiento,3,0.0,4.9,6,14,Home,2026-05-24T15:00:00Z,0,3,0,0,0,0,0,0,0,0,0,0,0.0,0.0,0.0,0.0,0,0.0,0.0,0.0,0.0,False,u,has joined Middlesbrough on loan for the rest of the season.,,,,2526
172,549074,38,371,Tom Watson,Watson,3,0.0,4.8,6,14,Home,2026-05-24T15:00:00Z,0,3,0,0,0,0,0,0,0,0,0,0,0.0,0.0,0.0,0.0,0,0.0,0.0,0.0,0.0,False,u,has joined Millwall on loan for the rest of the season.,,,,2526
173,467779,38,371,Mats Wieffer,Wieffer,3,0.3,4.8,6,14,Home,2026-05-24T15:00:00Z,0,3,90,0,0,0,3,0,0,0,11,2,0.0,0.01,0.01,1.66,5,1.2,9.6,2.8,0.0,False,a,,,,,2526
174,611695,38,371,Malick Yalcouyé,Yalcouye,3,0.0,5.0,6,14,Home,2026-05-24T15:00:00Z,0,3,0,0,0,0,0,0,0,0,0,0,0.0,0.0,0.0,0.0,0,0.0,0.0,0.0,0.0,False,u,Has joined Swansea City on loan for the rest of the season.,,,,2526
175,567121,38,371,Joe Knight,Knight,3,0.1,4.4,6,14,Home,2026-05-24T15:00:00Z,0,3,0,0,0,0,0,0,0,0,0,0,0.0,0.0,0.0,0.0,0,0.0,0.0,0.0,0.0,False,u,has joined Stevenage permanently.,,,,2526
176,550141,38,371,Adrian Mazilu,Mazilu,3,0.0,4.5,6,14,Home,2026-05-24T15:00:00Z,0,3,0,0,0,0,0,0,0,0,0,0,0.0,0.0,0.0,0.0,0,0.0,0.0,0.0,0.0,False,u,has joined Dinamo Bucharest permanently.,,,,2526
177,513834,38,371,Andrew Moran,Moran,3,0.0,4.5,6,14,Home,2026-05-24T15:00:00Z,0,3,0,0,0,0,0,0,0,0,0,0,0.0,0.0,0.0,0.0,0,0.0,0.0,0.0,0.0,False,u,Has joined Los Angeles FC on loan for the rest of the season.,,,,2526
178,50175,38,371,Danny Welbeck,Welbeck,4,8.4,6.3,6,14,Home,2026-05-24T15:00:00Z,0,3,58,0,0,0,3,0,0,0,-1,1,0.0,0.01,0.01,1.5,1,0.3,0.0,2.1,4.0,False,a,,,4.0,2.0,2526
179,487117,38,371,Evan Ferguson,Ferguson,4,0.0,5.5,6,14,Home,2026-05-24T15:00:00Z,0,3,0,0,0,0,0,0,0,0,0,0,0.0,0.0,0.0,0.0,0,0.0,0.0,0.0,0.0,False,u,Has joined AS Roma on loan for the rest of the season,,,,2526
180,608181,38,371,Stefanos Tzimas,Tzimas,4,0.1,5.2,6,14,Home,2026-05-24T15:00:00Z,0,3,0,0,0,0,0,0,0,0,0,0,0.0,0.0,0.0,0.0,0,0.0,0.0,0.0,0.0,False,i,Knee injury - Expected back 01 Jun,,,,2526
181,647850,38,371,Charalampos Kostoulas,Kostoulas,4,0.3,4.8,6,14,Home,2026-05-24T15:00:00Z,0,3,31,0,0,0,0,0,0,0,4,1,0.19,0.08,0.27,0.15,1,4.4,3.8,21.6,19.0,False,a,,,,,2526
182,432720,38,376,James Trafford,Trafford,1,0.9,4.5,13,2,Home,2026-05-24T15:00:00Z,1,2,90,0,0,0,2,0,0,0,5,2,0.0,0.0,0.0,1.77,0,1.8,17.8,0.0,0.0,False,a,,,,,2526
183,518030,38,372,Max Weiß,Weiss,1,0.2,4.2,3,20,Home,2026-05-24T15:00:00Z,1,1,90,0,0,0,1,0,0,0,17,3,0.0,0.0,0.0,2.09,0,3.8,28.0,10.0,0.0,False,a,,,,,2526
184,489571,38,372,Etienne Green,Green,1,0.2,4.0,3,20,Home,2026-05-24T15:00:00Z,1,1,0,0,0,0,0,0,0,0,0,0,0.0,0.0,0.0,0.0,0,0.0,0.0,0.0,0.0,False,u,has joined FC Fredericia permanently.,,,,2526
185,51943,38,372,Václav Hladký,Hladký,1,0.1,3.9,3,20,Home,2026-05-24T15:00:00Z,1,1,0,0,0,0,0,0,0,0,0,0,0.0,0.0,0.0,0.0,0,0.0,0.0,0.0,0.0,False,a,,,,,2526
186,192290,38,372,Connor Roberts,Roberts,2,0.0,4.3,3,20,Home,2026-05-24T15:00:00Z,1,1,0,0,0,0,0,0,0,0,0,0,0.0,0.0,0.0,0.0,0,0.0,0.0,0.0,0.0,False,a,,,,,2526
187,58621,38,372,Kyle Walker,Walker,2,1.2,4.4,3,20,Home,2026-05-24T15:00:00Z,1,1,90,0,0,0,1,0,0,0,11,2,0.0,0.05,0.05,2.09,3,3.0,13.0,14.9,2.0,False,a,,,,,2526
188,247245,38,372,Hannes Delcroix,Delcroix,2,0.2,3.8,3,20,Home,2026-05-24T15:00:00Z,1,1,0,0,0,0,0,0,0,0,0,0,0.0,0.0,0.0,0.0,0,0.0,0.0,0.0,0.0,False,u,has joined Lugano permanently.,,,,2526
189,461567,38,372,Owen Dodgson,Dodgson,2,0.0,4.0,3,20,Home,2026-05-24T15:00:00Z,1,1,0,0,0,0,0,0,0,0,0,0,0.0,0.0,0.0,0.0,0,0.0,0.0,0.0,0.0,False,u,Has joined Stockport County on loan for the rest of the season.,,,,2526
190,478969,38,372,Hjalmar Ekdal,Ekdal,2,0.7,3.8,3,20,Home,2026-05-24T15:00:00Z,1,1,0,0,0,0,0,0,0,0,0,0,0.0,0.0,0.0,0.0,0,0.0,0.0,0.0,0.0,False,a,,,,,2526
191,477717,38,372,Maxime Estève,Estève,2,7.0,3.8,3,20,Home,2026-05-24T15:00:00Z,1,1,0,0,0,0,0,0,0,0,0,0,0.0,0.0,0.0,0.0,0,0.0,0.0,0.0,0.0,False,a,,,,,2526
192,494960,38,372,Quilindschy Hartman,Hartman,2,0.6,4.0,3,20,Home,2026-05-24T15:00:00Z,1,1,0,0,0,0,0,0,0,0,0,0,0.0,0.0,0.0,0.0,0,0.0,0.0,0.0,0.0,False,a,,,,,2526
193,461188,38,372,Bashir Humphreys,Humphreys,2,0.1,3.9,3,20,Home,2026-05-24T15:00:00Z,1,1,90,0,0,0,1,0,0,0,10,2,0.0,0.01,0.01,2.09,3,2.4,18.4,3.1,2.0,False,a,,,,,2526
194,241231,38,372,Jordan Beyer,Jordan,2,0.1,3.9,3,20,Home,2026-05-24T15:00:00Z,1,1,0,0,0,0,0,0,0,0,0,0,0.0,0.0,0.0,0.0,0,0.0,0.0,0.0,0.0,False,i,Hamstring injury - Expected back 01 Jun,,,,2526
195,549329,38,372,Lucas Pires Silva,Lucas Pires,2,0.3,3.8,3,20,Home,2026-05-24T15:00:00Z,1,1,90,0,0,0,1,0,0,0,17,2,0.27,0.05,0.32,2.09,3,10.6,24.8,30.6,51.0,False,a,,,,,2526
196,450072,38,372,Shurandy Sambo,Sambo,2,0.0,4.0,3,20,Home,2026-05-24T15:00:00Z,1,1,0,0,0,0,0,0,0,0,0,0,0.0,0.0,0.0,0.0,0,0.0,0.0,0.0,0.0,False,u,has joined Sparta Rotterdam on loan for the rest of the season.,,,,2526
197,519895,38,372,Oliver Sonne,Sonne,2,0.2,3.8,3,20,Home,2026-05-24T15:00:00Z,1,1,0,0,0,0,0,0,0,0,0,0,0.0,0.0,0.0,0.0,0,0.0,0.0,0.0,0.0,False,u,has joined Sparta Prague on loan for the rest of the season.,,,,2526
198,180804,38,372,Axel Tuanzebe,Tuanzebe,2,0.9,3.9,3,20,Home,2026-05-24T15:00:00Z,1,1,90,0,0,0,1,0,0,0,11,2,0.0,0.01,0.01,2.09,8,2.2,21.6,0.8,0.0,False,a,,,,,2526
199,208912,38,372,Joe Worrall,Worrall,2,0.2,3.8,3,20,Home,2026-05-24T15:00:00Z,1,1,0,0,0,0,0,0,0,0,0,0,0.0,0.0,0.0,0.0,0,0.0,0.0,0.0,0.0,False,a,,,,,2526
200,444180,38,372,Jaidon Anthony,Anthony,3,2.4,5.0,3,20,Home,2026-05-24T15:00:00Z,1,1,84,0,0,0,1,0,0,0,11,2,0.04,0.06,0.1,1.79,5,5.8,10.4,28.2,19.0,False,a,,2.0,,,2526
201,183751,38,372,Manuel Benson Hedilazio,Benson,3,0.0,5.4,3,20,Home,2026-05-24T15:00:00Z,1,1,0,0,0,0,0,0,0,0,0,0,0.0,0.0,0.0,0.0,0,0.0,0.0,0.0,0.0,False,u,has joined Maccabi Haifa permanently.,,,,2526
202,179458,38,372,Jacob Bruun Larsen,Bruun Larsen,3,0.0,5.2,3,20,Home,2026-05-24T15:00:00Z,1,1,5,0,0,0,0,0,0,0,4,1,0.02,0.02,0.04,0.3,0,1.3,2.0,4.8,6.0,False,a,,,2.0,3.0,2526
203,578614,38,372,Enock Agyei,Boateng,3,0.0,4.7,3,20,Home,2026-05-24T15:00:00Z,1,1,0,0,0,0,0,0,0,0,0,0,0.0,0.0,0.0,0.0,0,0.0,0.0,0.0,0.0,False,a,,,,,2526
204,250735,38,372,Darko Churlinov,Churlinov,3,0.0,4.9,3,20,Home,2026-05-24T15:00:00Z,1,1,0,0,0,0,0,0,0,0,0,0,0.0,0.0,0.0,0.0,0,0.0,0.0,0.0,0.0,False,u,has joined Kocaelispor  permanently.,,,,2526
205,172567,38,372,Josh Cullen,Cullen,3,0.8,4.9,3,20,Home,2026-05-24T15:00:00Z,1,1,0,0,0,0,0,0,0,0,0,0,0.0,0.0,0.0,0.0,0,0.0,0.0,0.0,0.0,False,i,Knee injury - Expected back 30 Sep,,,,2526
206,174592,38,372,Marcus Edwards,Edwards,3,0.1,4.7,3,20,Home,2026-05-24T15:00:00Z,1,1,15,0,0,0,0,0,0,0,9,1,0.01,0.14,0.15,0.49,1,4.3,6.4,28.2,8.0,False,a,,,3.0,,2526
207,465527,38,372,Hannibal Mejbri,Hannibal,3,0.1,4.7,3,20,Home,2026-05-24T15:00:00Z,1,1,65,0,0,0,1,1,0,0,15,1,0.16,0.3,0.46,1.6,5,6.9,15.2,33.2,21.0,False,a,,,,,2526
208,487702,38,372,Luca Koleosho,Koleosho,3,0.0,5.0,3,20,Home,2026-05-24T15:00:00Z,1,1,0,0,0,0,0,0,0,0,0,0,0.0,0.0,0.0,0.0,0,0.0,0.0,0.0,0.0,False,u,has joined Paris FC on loan for the rest of the season.,,,,2526
209,167887,38,372,Josh Laurent,Laurent,3,0.0,4.8,3,20,Home,2026-05-24T15:00:00Z,1,1,0,0,0,0,0,0,0,0,0,0,0.0,0.0,0.0,0.0,0,0.0,0.0,0.0,0.0,False,a,,,,,2526
210,469272,38,372,Loum Tchaouna,Tchaouna,3,0.0,4.8,3,20,Home,2026-05-24T15:00:00Z,1,1,74,0,1,0,1,0,0,0,13,5,0.02,0.04,0.06,1.6,2,3.8,15.6,14.3,8.0,False,a,,,4.0,,2526
211,447715,38,372,Aaron Ramsey,A.Ramsey,3,1.4,4.4,3,20,Home,2026-05-24T15:00:00Z,1,1,0,0,0,0,0,0,0,0,0,0,0.0,0.0,0.0,0.0,0,0.0,0.0,0.0,0.0,False,u,has joined Leicester City on loan for the rest of the season.,,,,2526
212,576323,38,372,Oluwaseun Adewumi,Adewumi,3,0.0,4.5,3,20,Home,2026-05-24T15:00:00Z,1,1,0,0,0,0,0,0,0,0,0,0,0.0,0.0,0.0,0.0,0,0.0,0.0,0.0,0.0,False,u,Has joined Cercle Brugge on loan for the rest of the season.,,,,2526
213,551206,38,372,Jaydon Banel,Banel,3,0.0,4.5,3,20,Home,2026-05-24T15:00:00Z,1,1,0,0,0,0,0,0,0,0,0,0,0.0,0.0,0.0,0.0,0,0.0,0.0,0.0,0.0,False,u,has joined Derby County on loan for the rest of the season.,,,,2526
214,437748,38,372,Mike Trésor Ndayishimiye,Trésor,3,0.1,4.3,3,20,Home,2026-05-24T15:00:00Z,1,1,0,0,0,0,0,0,0,0,0,0,0.0,0.0,0.0,0.0,0,0.0,0.0,0.0,0.0,False,a,,,,,2526
215,431639,38,372,Zian Flemming,Flemming,4,0.8,5.3,3,20,Home,2026-05-24T15:00:00Z,1,1,84,1,0,0,1,0,0,3,32,9,0.12,0.02,0.14,1.79,4,6.3,37.4,4.9,21.0,False,a,,,5.0,1.0,2526
216,492831,38,372,Zeki Amdouni,Amdouni,4,0.0,4.8,3,20,Home,2026-05-24T15:00:00Z,1,1,24,0,0,0,0,0,0,0,0,1,0.0,0.01,0.01,0.49,0,0.5,0.0,1.9,4.0,False,a,,,,,2526
217,435973,38,372,Lyle Foster,Foster,4,0.7,4.9,3,20,Home,2026-05-24T15:00:00Z,1,1,0,0,0,0,0,0,0,0,0,0,0.0,0.0,0.0,0.0,0,0.0,0.0,0.0,0.0,False,a,,,,,2526
218,44699,38,372,Ashley Barnes,Barnes,4,1.2,4.2,3,20,Home,2026-05-24T15:00:00Z,1,1,5,0,0,0,0,1,0,0,1,0,0.14,0.04,0.18,0.3,0,3.8,2.0,1.3,35.0,False,a,,,,2.0,2526
219,220598,38,372,Michael Obafemi,Obafemi,4,0.1,4.4,3,20,Home,2026-05-24T15:00:00Z,1,1,0,0,0,0,0,0,0,0,0,0,0.0,0.0,0.0,0.0,0,0.0,0.0,0.0,0.0,False,u,has joined Blackpool on loan for the rest of the season.,,,,2526
220,215059,38,378,Robert Lynch Sánchez,Sánchez,1,10.3,4.8,7,17,Away,2026-05-24T15:00:00Z,1,2,90,0,0,0,2,0,0,0,17,2,0.0,0.0,0.0,1.84,0,4.0,40.2,0.0,0.0,False,a,,,,,2526
221,508479,38,378,Filip Jörgensen,Jörgensen,1,0.2,4.3,7,17,Away,2026-05-24T15:00:00Z,1,2,0,0,0,0,0,0,0,0,0,0,0.0,0.0,0.0,0.0,0,0.0,0.0,0.0,0.0,False,a,,,,,2526
222,549939,38,378,Mike Penders,Penders,1,0.0,4.0,7,17,Away,2026-05-24T15:00:00Z,1,2,0,0,0,0,0,0,0,0,0,0,0.0,0.0,0.0,0.0,0,0.0,0.0,0.0,0.0,False,u,Has joined RC Strasbourg on loan for the rest of the season.,,,,2526
223,471798,38,378,Gabriel Słonina,Slonina,1,0.1,3.8,7,17,Away,2026-05-24T15:00:00Z,1,2,0,0,0,0,0,0,0,0,0,0,0.0,0.0,0.0,0.0,0,0.0,0.0,0.0,0.0,False,a,,,,,2526
224,179268,38,378,Marc Cucurella Saseta,Cucurella,2,14.6,6.1,7,17,Away,2026-05-24T15:00:00Z,1,2,90,0,0,0,2,0,0,0,-1,1,0.0,0.01,0.01,1.84,2,0.7,5.0,1.9,0.0,False,a,,,,,2526
225,225796,38,378,Reece James,James,2,6.0,5.6,7,17,Away,2026-05-24T15:00:00Z,1,2,38,0,0,0,0,0,0,0,5,1,0.02,0.04,0.06,0.46,0,1.4,5.0,1.6,7.0,False,a,,1.0,1.0,,2526
226,180736,38,378,Trevoh Chalobah,Chalobah,2,8.8,5.4,7,17,Away,2026-05-24T15:00:00Z,1,2,25,0,0,0,0,0,0,0,5,1,0.0,0.0,0.0,0.28,4,1.2,11.4,0.3,0.0,False,a,,,,,2526
227,460028,38,378,Levi Samuels Colwill,Colwill,2,0.2,4.7,7,17,Away,2026-05-24T15:00:00Z,1,2,90,0,0,0,2,0,0,0,12,3,0.0,0.1,0.1,1.84,13,3.6,31.2,1.2,4.0,False,a,,,,,2526
228,482609,38,378,Malo Gusto,Gusto,2,1.7,4.8,7,17,Away,2026-05-24T15:00:00Z,1,2,84,0,0,0,2,0,0,0,0,-1,0.0,0.55,0.55,1.77,7,2.8,11.2,12.5,4.0,False,a,,,,,2526
229,242880,38,378,Benoît Badiashile Mukinayi,B.Badiashile,2,0.0,4.4,7,17,Away,2026-05-24T15:00:00Z,1,2,0,0,0,0,0,0,0,0,0,0,0.0,0.0,0.0,0.0,0,0.0,0.0,0.0,0.0,False,a,,,,,2526
230,444463,38,378,Wesley Fofana,Fofana,2,0.4,4.4,7,17,Away,2026-05-24T15:00:00Z,1,2,61,0,0,0,2,0,1,0,-9,-2,0.0,0.0,0.0,1.56,7,0.2,2.0,0.3,0.0,False,s,Suspended until 05 Sep,,,,2526
231,574458,38,378,Mamadou Sarr,M.Sarr,2,0.0,4.5,7,17,Away,2026-05-24T15:00:00Z,1,2,0,0,0,0,0,0,0,0,0,0,0.0,0.0,0.0,0.0,0,0.0,0.0,0.0,0.0,False,a,,,,,2526
232,109646,38,378,Tosin Adarabioyo,Tosin,2,0.3,4.0,7,17,Away,2026-05-24T15:00:00Z,1,2,0,0,0,0,0,0,0,0,0,0,0.0,0.0,0.0,0.0,0,0.0,0.0,0.0,0.0,False,a,,,,,2526
233,577016,38,378,Josh Acheampong,Acheampong,2,1.8,3.7,7,17,Away,2026-05-24T15:00:00Z,1,2,5,0,0,0,0,0,0,0,3,1,0.02,0.0,0.02,0.07,0,0.5,0.8,0.1,4.0,False,a,,,,,2526
234,622758,38,378,Aarón Anselmino,Anselmino,2,0.1,4.0,7,17,Away,2026-05-24T15:00:00Z,1,2,0,0,0,0,0,0,0,0,0,0,0.0,0.0,0.0,0.0,0,0.0,0.0,0.0,0.0,False,u,has joined Strasbourg on loan for the rest of the season.,,,,2526
235,244851,38,378,Cole Palmer,Palmer,3,12.6,10.3,7,17,Away,2026-05-24T15:00:00Z,1,2,90,1,0,0,2,1,0,2,26,8,0.21,0.02,0.23,1.84,1,6.7,34.6,4.9,27.0,False,a,,,3.0,1.0,2526
236,247632,38,378,Pedro Lomba Neto,Neto,3,3.9,7.0,7,17,Away,2026-05-24T15:00:00Z,1,2,64,0,1,0,2,0,0,1,23,6,0.0,0.11,0.11,1.56,2,6.1,22.2,36.8,2.0,False,a,,2.0,4.0,,2526
237,448047,38,378,Enzo Fernández,Enzo,3,12.3,6.5,7,17,Away,2026-05-24T15:00:00Z,1,2,90,0,0,0,2,1,0,0,7,1,0.0,0.04,0.04,1.84,7,4.0,11.4,26.9,2.0,False,a,,3.0,2.0,2.0,2526
238,624773,38,378,Estêvão Almeida de Oliveira Gonçalves,Estêvão,3,1.7,6.4,7,17,Away,2026-05-24T15:00:00Z,1,2,0,0,0,0,0,0,0,0,0,0,0.0,0.0,0.0,0.0,0,0.0,0.0,0.0,0.0,False,i,Hamstring injury - Expected back 01 Jun,4.0,,3.0,2526
239,463936,38,378,Jamie Bynoe-Gittens,Gittens,3,0.1,6.0,7,17,Away,2026-05-24T15:00:00Z,1,2,0,0,0,0,0,0,0,0,0,0,0.0,0.0,0.0,0.0,0,0.0,0.0,0.0,0.0,False,d,Hamstring injury - 25% chance of playing,,,,2526
240,213198,38,378,Christopher Nkunku,Nkunku,3,0.1,5.9,7,17,Away,2026-05-24T15:00:00Z,1,2,0,0,0,0,0,0,0,0,0,0,0.0,0.0,0.0,0.0,0,0.0,0.0,0.0,0.0,False,u,has joined AC Milan permanently.,,,,2526
241,486672,38,378,Moisés Caicedo Corozo,Caicedo,3,7.1,5.7,7,17,Away,2026-05-24T15:00:00Z,1,2,84,0,0,0,2,0,0,0,12,2,0.04,0.05,0.09,1.77,6,3.3,11.2,14.3,7.0,False,a,,,,,2526
242,215413,38,379,Kiernan Dewsbury-Hall,Dewsbury-Hall,3,7.9,5.3,9,18,Away,2026-05-24T15:00:00Z,0,1,83,0,0,0,1,0,0,0,7,2,0.02,0.04,0.06,1.15,6,1.5,6.4,6.9,2.0,False,a,,3.0,,,2526
243,550615,38,379,Tyrique George,George,3,0.1,4.8,9,18,Away,2026-05-24T15:00:00Z,0,1,28,0,0,0,0,0,0,0,6,1,0.03,0.01,0.04,0.02,2,2.5,4.6,1.4,19.0,False,a,,,,,2526
244,514356,38,378,Roméo Lavia,Lavia,3,0.0,4.9,7,17,Away,2026-05-24T15:00:00Z,1,2,0,0,0,0,0,0,0,0,0,0,0.0,0.0,0.0,0.0,0,0.0,0.0,0.0,0.0,False,d,Knock - 75% chance of playing,,,,2526
245,465920,38,378,Mykhailo Mudryk,Mudryk,3,0.0,4.9,7,17,Away,2026-05-24T15:00:00Z,1,2,0,0,0,0,0,0,0,0,0,0,0.0,0.0,0.0,0.0,0,0.0,0.0,0.0,0.0,False,s,Suspended - unknown return date,,,,2526
246,532605,38,378,Andrey Nascimento dos Santos,Andrey Santos,3,0.3,4.4,7,17,Away,2026-05-24T15:00:00Z,1,2,0,0,0,0,0,0,0,0,0,0,0.0,0.0,0.0,0.0,0,0.0,0.0,0.0,0.0,False,a,,,,,2526
247,491007,38,378,Dário Luís Essugo,D.Essugo,3,0.1,4.3,7,17,Away,2026-05-24T15:00:00Z,1,2,0,0,0,0,0,0,0,0,0,0,0.0,0.0,0.0,0.0,0,0.0,0.0,0.0,0.0,False,a,,,,,2526
248,611134,38,378,Kendry Páez Andrade,Paez,3,0.0,4.5,7,17,Away,2026-05-24T15:00:00Z,1,2,0,0,0,0,0,0,0,0,0,0,0.0,0.0,0.0,0.0,0,0.0,0.0,0.0,0.0,False,u,has joined River Plate on loan for the rest of the season.,,,,2526
249,475168,38,378,João Pedro Junqueira de Jesus,João Pedro,4,34.8,7.4,7,17,Away,2026-05-24T15:00:00Z,1,2,90,0,0,0,2,1,0,0,0,1,0.59,0.0,0.59,1.84,6,1.2,0.4,0.3,11.0,False,a,,,,,2526
250,463034,38,378,Liam Delap,Delap,4,0.9,6.2,7,17,Away,2026-05-24T15:00:00Z,1,2,5,0,0,0,0,0,0,0,1,1,0.0,0.0,0.0,0.07,1,0.2,0.0,0.1,2.0,False,a,,,,,2526
251,517052,38,378,Nicolas Jackson,N.Jackson,4,0.1,6.5,7,17,Away,2026-05-24T15:00:00Z,1,2,0,0,0,0,0,0,0,0,0,0,0.0,0.0,0.0,0.0,0,0.0,0.0,0.0,0.0,False,u,has joined Bayern Munich on loan for the rest of the season.,,,,2526
252,499309,38,378,Marc Guiu Paz,Marc Guiu,4,5.2,4.0,7,17,Away,2026-05-24T15:00:00Z,1,2,0,0,0,0,0,0,0,0,0,0,0.0,0.0,0.0,0.0,0,0.0,0.0,0.0,0.0,False,a,,,,,2526
253,172649,38,373,Dean Henderson,Henderson,1,9.0,5.1,8,1,Home,2026-05-24T15:00:00Z,1,2,90,0,0,0,2,0,0,0,15,2,0.0,0.0,0.0,2.53,0,3.7,37.0,0.0,0.0,False,a,,,,,2526
254,121709,38,373,Walter Benítez,Benitez,1,0.3,3.9,8,1,Home,2026-05-24T15:00:00Z,1,2,0,0,0,0,0,0,0,0,0,0,0.0,0.0,0.0,0.0,0,0.0,0.0,0.0,0.0,False,a,,,,,2526
255,169593,38,373,Remi Matthews,Matthews,1,0.1,3.9,8,1,Home,2026-05-24T15:00:00Z,1,2,0,0,0,0,0,0,0,0,0,0,0.0,0.0,0.0,0.0,0,0.0,0.0,0.0,0.0,False,a,,,,,2526
256,247348,38,373,Daniel Muñoz Mejía,Muñoz,2,9.2,5.9,8,1,Home,2026-05-24T15:00:00Z,1,2,45,0,0,0,1,0,0,0,-3,1,0.05,0.01,0.06,1.17,0,2.0,1.6,1.8,17.0,False,a,,,,,2526
257,437499,38,373,Maxence Lacroix,Lacroix,2,7.1,5.2,8,1,Home,2026-05-24T15:00:00Z,1,2,0,0,0,0,0,0,0,0,0,0,0.0,0.0,0.0,0.0,0,0.0,0.0,0.0,0.0,False,a,,,,,2526
258,244723,38,373,Tyrick Mitchell,Mitchell,2,2.3,5.0,8,1,Home,2026-05-24T15:00:00Z,1,2,45,0,0,0,1,0,0,0,2,1,0.0,0.0,0.0,1.36,3,1.0,9.0,0.5,0.0,False,a,,,,,2526
259,218364,38,373,Borna Sosa,Sosa,2,0.1,4.8,8,1,Home,2026-05-24T15:00:00Z,1,2,0,0,0,0,0,0,0,0,0,0,0.0,0.0,0.0,0.0,0,0.0,0.0,0.0,0.0,False,d,Knock - 75% chance of playing,,,,2526
260,209036,38,376,Marc Guéhi,Guéhi,2,32.6,5.1,13,2,Home,2026-05-24T15:00:00Z,1,2,0,0,0,0,0,0,0,0,0,0,0.0,0.0,0.0,0.0,0,0.0,0.0,0.0,0.0,False,a,,,,,2526
261,427623,38,373,Chris Richards,Richards,2,2.2,4.4,8,1,Home,2026-05-24T15:00:00Z,1,2,0,0,0,0,0,0,0,0,0,0,0.0,0.0,0.0,0.0,0,0.0,0.0,0.0,0.0,False,i,Ankle injury - Expected back 01 Jun,,,,2526
262,515621,38,373,Chadi Riad Dnanou,Chadi Riad,2,0.1,4.0,8,1,Home,2026-05-24T15:00:00Z,1,2,90,0,0,0,2,0,0,0,14,3,0.18,0.03,0.21,2.53,12,4.7,26.8,0.8,19.0,False,a,,,,,2526
263,57328,38,373,Nathaniel Clyne,Clyne,2,0.5,3.8,8,1,Home,2026-05-24T15:00:00Z,1,2,90,0,0,0,2,0,0,0,1,1,0.0,0.0,0.0,2.53,8,1.8,16.6,1.4,0.0,False,a,,,,,2526
264,156074,38,373,Rob Holding,Holding,2,0.0,4.0,8,1,Home,2026-05-24T15:00:00Z,1,2,0,0,0,0,0,0,0,0,0,0,0.0,0.0,0.0,0.0,0,0.0,0.0,0.0,0.0,False,u,Has joined Colorado Rapids permanently.,,,,2526
265,590012,38,373,Caleb Kporha,Kporha,2,0.0,4.0,8,1,Home,2026-05-24T15:00:00Z,1,2,0,0,0,0,0,0,0,0,0,0,0.0,0.0,0.0,0.0,0,0.0,0.0,0.0,0.0,False,a,,,,,2526
266,232413,38,373,Eberechi Eze,Eze,3,8.7,7.3,1,8,Away,2026-05-24T15:00:00Z,2,1,15,0,0,0,1,0,0,0,5,1,0.36,0.01,0.37,0.75,3,2.5,7.4,0.8,17.0,False,a,,,,,2526
267,232185,38,373,Ismaïla Sarr,Sarr,3,5.6,6.4,8,1,Home,2026-05-24T15:00:00Z,1,2,45,0,0,0,1,0,0,0,4,1,0.0,0.02,0.02,1.17,3,0.9,3.2,2.0,4.0,False,a,,,,3.0,2526
268,438464,38,373,Cheick Doucouré,Doucouré,3,0.0,4.9,8,1,Home,2026-05-24T15:00:00Z,1,2,0,0,0,0,0,0,0,0,0,0,0.0,0.0,0.0,0.0,0,0.0,0.0,0.0,0.0,False,i,Lack of match fitness - Expected back 01 Jun,,,,2526
269,606921,38,373,Romain Esse,Esse,3,0.1,4.7,8,1,Home,2026-05-24T15:00:00Z,1,2,0,0,0,0,0,0,0,0,0,0,0.0,0.0,0.0,0.0,0,0.0,0.0,0.0,0.0,False,u,has joined Coventry City on loan for the rest of the season.,,,,2526
270,108413,38,373,Will Hughes,Hughes,3,0.1,4.7,8,1,Home,2026-05-24T15:00:00Z,1,2,90,0,0,0,2,0,0,0,16,2,0.0,0.02,0.02,2.53,5,3.1,16.2,12.6,2.0,False,a,,3.0,,,2526
271,209400,38,373,Daichi Kamada,Kamada,3,0.1,5.0,8,1,Home,2026-05-24T15:00:00Z,1,2,45,0,0,0,1,0,0,0,3,1,0.0,0.01,0.01,1.17,5,0.8,6.4,1.3,0.0,False,a,,4.0,,,2526
272,152551,38,373,Jefferson Lerma Solís,Lerma,3,0.1,4.9,8,1,Home,2026-05-24T15:00:00Z,1,2,90,0,0,0,2,0,0,0,14,4,0.0,0.22,0.22,2.53,13,4.1,20.2,14.4,6.0,False,a,,,,,2526
273,496221,38,373,Adam Wharton,Wharton,3,0.7,5.0,8,1,Home,2026-05-24T15:00:00Z,1,2,16,0,0,0,1,0,0,0,4,1,0.0,0.02,0.02,0.04,1,0.0,0.0,0.7,0.0,False,a,,2.0,,,2526
274,579075,38,373,Asher Agbinone,Agbinone,3,0.1,4.3,8,1,Home,2026-05-24T15:00:00Z,1,2,0,0,0,0,0,0,0,0,0,0,0.0,0.0,0.0,0.0,0,0.0,0.0,0.0,0.0,False,a,,,,,2526
275,466117,38,373,Naouirou Ahamada,Ahamada,3,0.0,4.3,8,1,Home,2026-05-24T15:00:00Z,1,2,0,0,0,0,0,0,0,0,0,0,0.0,0.0,0.0,0.0,0,0.0,0.0,0.0,0.0,False,u,has joined AJ Auxerre permanently.,,,,2526
276,489706,38,373,Justin Devenny,Devenny,3,1.1,4.3,8,1,Home,2026-05-24T15:00:00Z,1,2,90,0,0,0,2,0,0,0,7,2,0.0,0.03,0.03,2.53,5,0.9,7.4,2.0,0.0,False,a,,,2.0,4.0,2526
277,450535,38,373,Malcolm Ebiowei,Ebiowei,3,0.0,4.5,8,1,Home,2026-05-24T15:00:00Z,1,2,0,0,0,0,0,0,0,0,0,0,0.0,0.0,0.0,0.0,0,0.0,0.0,0.0,0.0,False,u,Has joined Blackpool permanently.,,,,2526
278,450542,38,373,Jesurun Rak-Sakyi,J.Rak-Sakyi,3,0.0,4.4,8,1,Home,2026-05-24T15:00:00Z,1,2,0,0,0,0,0,0,0,0,0,0,0.0,0.0,0.0,0.0,0,0.0,0.0,0.0,0.0,False,u,has joined Stoke City on loan for the rest of the season.,,,,2526
279,536694,38,373,Matheus França de Oliveira,M.França,3,0.0,4.5,8,1,Home,2026-05-24T15:00:00Z,1,2,0,0,0,0,0,0,0,0,0,0,0.0,0.0,0.0,0.0,0,0.0,0.0,0.0,0.0,False,u,Has joined CR Vasco da Gama on loan for the rest of the season.,,,,2526
280,531989,38,373,David Ozoh,Ozoh,3,0.0,4.5,8,1,Home,2026-05-24T15:00:00Z,1,2,0,0,0,0,0,0,0,0,0,0,0.0,0.0,0.0,0.0,0,0.0,0.0,0.0,0.0,False,u,Has joined Derby County on loan for the rest of the season.,,,,2526
281,530318,38,373,Kaden Rodney,Rodney,3,0.1,4.4,8,1,Home,2026-05-24T15:00:00Z,1,2,0,0,0,0,0,0,0,0,0,0,0.0,0.0,0.0,0.0,0,0.0,0.0,0.0,0.0,False,a,,,,,2526
282,574398,38,373,Franco Umeh-Chibueze,Umeh,3,0.0,4.5,8,1,Home,2026-05-24T15:00:00Z,1,2,0,0,0,0,0,0,0,0,0,0,0.0,0.0,0.0,0.0,0,0.0,0.0,0.0,0.0,False,u,has joined Portsmouth permanently.,,,,2526
283,231747,38,373,Jean-Philippe Mateta,Mateta,4,8.1,7.6,8,1,Home,2026-05-24T15:00:00Z,1,2,13,1,0,0,0,0,0,1,27,6,0.38,0.0,0.38,0.99,0,4.9,32.0,0.0,17.0,False,a,,,,2.0,2526
284,205533,38,373,Eddie Nketiah,Nketiah,4,0.3,5.4,8,1,Home,2026-05-24T15:00:00Z,1,2,0,0,0,0,0,0,0,0,0,0,0.0,0.0,0.0,0.0,0,0.0,0.0,0.0,0.0,False,i,Hamstring injury - Expected back 01 Jun,,,,2526
285,199670,38,373,Odsonne Édouard,Édouard,4,0.2,5.0,8,1,Home,2026-05-24T15:00:00Z,1,2,0,0,0,0,0,0,0,0,0,0,0.0,0.0,0.0,0.0,0,0.0,0.0,0.0,0.0,False,u,has joined RC Lens permanently.,,,,2526
286,576980,38,373,Zach Marsh,Marsh,4,0.3,4.4,8,1,Home,2026-05-24T15:00:00Z,1,2,0,0,0,0,0,0,0,0,0,0,0.0,0.0,0.0,0.0,0,0.0,0.0,0.0,0.0,False,a,,,,,2526
287,111234,38,379,Jordan Pickford,Pickford,1,13.0,5.6,9,18,Away,2026-05-24T15:00:00Z,0,1,90,0,0,0,1,0,0,0,8,2,0.0,0.03,0.03,1.15,0,1.6,15.6,0.0,0.0,False,a,,,,,2526
288,229600,38,379,Mark Travers,Travers,1,0.1,4.2,9,18,Away,2026-05-24T15:00:00Z,0,1,0,0,0,0,0,0,0,0,0,0,0.0,0.0,0.0,0.0,0,0.0,0.0,0.0,0.0,False,a,,,,,2526
289,447325,38,379,Harry Tyrer,Tyrer,1,0.1,3.9,9,18,Away,2026-05-24T15:00:00Z,0,1,0,0,0,0,0,0,0,0,0,0,0.0,0.0,0.0,0.0,0,0.0,0.0,0.0,0.0,False,u,has joined Cardiff City permanently.,,,,2526
290,480455,38,379,Jarrad Branthwaite,Branthwaite,2,0.3,5.3,9,18,Away,2026-05-24T15:00:00Z,0,1,0,0,0,0,0,0,0,0,0,0,0.0,0.0,0.0,0.0,0,0.0,0.0,0.0,0.0,False,i,Hamstring injury - Expected back 01 Jun,,,,2526
291,17761,38,379,James Tarkowski,Tarkowski,2,12.6,5.8,9,18,Away,2026-05-24T15:00:00Z,0,1,90,0,0,0,1,1,0,0,3,3,0.06,0.0,0.06,1.15,10,3.2,23.4,0.5,8.0,False,a,,,,,2526
292,224967,38,379,Vitalii Mykolenko,Mykolenko,2,0.7,4.9,9,18,Away,2026-05-24T15:00:00Z,0,1,90,0,0,0,1,0,0,0,9,2,0.0,0.01,0.01,1.15,6,3.2,16.6,15.3,0.0,False,a,,,,,2526
293,512462,38,379,Jake O'Brien,O'Brien,2,0.7,4.9,9,18,Away,2026-05-24T15:00:00Z,0,1,61,0,0,0,1,1,0,0,3,1,0.0,0.02,0.02,1.13,4,1.9,7.4,11.5,0.0,False,a,,,,,2526
294,59949,38,379,Séamus Coleman,Coleman,2,0.1,4.2,9,18,Away,2026-05-24T15:00:00Z,0,1,6,0,0,0,0,0,0,0,6,1,0.0,0.16,0.16,0.0,0,2.6,7.0,18.7,0.0,False,a,,,,,2526
295,106611,38,379,Michael Keane,Keane,2,3.1,4.5,9,18,Away,2026-05-24T15:00:00Z,0,1,90,0,0,0,1,0,0,0,6,4,0.09,0.25,0.34,1.15,11,4.3,17.8,4.1,21.0,False,a,,,,,2526
296,243571,38,379,Nathan Patterson,Patterson,2,0.0,4.4,9,18,Away,2026-05-24T15:00:00Z,0,1,0,0,0,0,0,0,0,0,0,0,0.0,0.0,0.0,0.0,0,0.0,0.0,0.0,0.0,False,a,,,,,2526
297,496178,38,379,Roman Dixon,Dixon,2,0.2,3.8,9,18,Away,2026-05-24T15:00:00Z,0,1,0,0,0,0,0,0,0,0,0,0,0.0,0.0,0.0,0.0,0,0.0,0.0,0.0,0.0,False,u,has joined Stockport County on loan for the rest of the season.,,,,2526
298,474907,38,379,Reece Welch,Welch,2,0.1,3.8,9,18,Away,2026-05-24T15:00:00Z,0,1,0,0,0,0,0,0,0,0,0,0,0.0,0.0,0.0,0.0,0,0.0,0.0,0.0,0.0,False,a,,,,,2526
299,440993,38,379,Iliman Ndiaye,Ndiaye,3,4.7,6.3,9,18,Away,2026-05-24T15:00:00Z,0,1,90,0,0,0,1,0,0,0,12,2,0.05,0.02,0.07,1.15,6,3.1,11.8,14.3,5.0,False,a,,,,1.0,2526
300,433154,38,379,Dwight McNeil,McNeil,3,0.1,5.5,9,18,Away,2026-05-24T15:00:00Z,0,1,0,0,0,0,0,0,0,0,0,0,0.0,0.0,0.0,0.0,0,0.0,0.0,0.0,0.0,False,a,,2.0,,,2526
301,502697,38,379,Carlos Alcaraz Durán,Alcaraz,3,0.1,5.2,9,18,Away,2026-05-24T15:00:00Z,0,1,6,0,0,0,0,0,0,0,7,1,0.09,0.09,0.18,0.0,2,2.4,4.6,15.8,4.0,False,a,,,,,2526
302,80801,38,379,Idrissa Gana Gueye,Gana,3,0.1,5.4,9,18,Away,2026-05-24T15:00:00Z,0,1,0,0,0,0,0,0,0,0,0,0,0.0,0.0,0.0,0.0,0,0.0,0.0,0.0,0.0,False,d,Lack of match fitness - 50% chance of playing,,,,2526
303,232928,38,379,James Garner,Garner,3,3.6,5.2,9,18,Away,2026-05-24T15:00:00Z,0,1,90,0,0,0,1,0,0,0,27,4,0.05,0.26,0.31,1.15,13,8.7,27.2,56.4,3.0,False,a,,1.0,3.0,2.0,2526
304,490094,38,379,Tim Iroegbunam,Iroegbunam,3,0.0,4.8,9,18,Away,2026-05-24T15:00:00Z,0,1,83,0,0,0,1,0,0,0,6,4,0.0,0.01,0.01,1.15,13,2.3,21.6,1.6,0.0,False,a,,,,,2526
305,609873,38,379,Harrison Armstrong,Armstrong,3,0.1,4.5,9,18,Away,2026-05-24T15:00:00Z,0,1,28,0,0,0,0,0,0,0,3,1,0.0,0.01,0.01,0.02,0,0.5,1.4,3.1,0.0,False,a,,,,,2526
306,547801,38,379,Callum Bates,Bates,3,0.1,4.3,9,18,Away,2026-05-24T15:00:00Z,0,1,0,0,0,0,0,0,0,0,0,0,0.0,0.0,0.0,0.0,0,0.0,0.0,0.0,0.0,False,a,,,,,2526
307,504296,38,379,Coby Ebere,Ebere,3,0.0,4.4,9,18,Away,2026-05-24T15:00:00Z,0,1,0,0,0,0,0,0,0,0,0,0,0.0,0.0,0.0,0.0,0,0.0,0.0,0.0,0.0,False,a,,,,,2526
308,496279,38,379,Isaac Heath,Heath,3,0.0,4.5,9,18,Away,2026-05-24T15:00:00Z,0,1,0,0,0,0,0,0,0,0,0,0,0.0,0.0,0.0,0.0,0,0.0,0.0,0.0,0.0,False,u,has joined Accrington on loan for the rest of the season.,,,,2526
309,491557,38,379,Jenson Metcalfe,Metcalfe,3,0.0,4.5,9,18,Away,2026-05-24T15:00:00Z,0,1,0,0,0,0,0,0,0,0,0,0,0.0,0.0,0.0,0.0,0,0.0,0.0,0.0,0.0,False,u,Has joined Bradford City permanently.,,,,2526
310,586309,38,379,Thierno Barry,Barry,4,0.8,5.7,9,18,Away,2026-05-24T15:00:00Z,0,1,83,0,0,0,1,0,0,0,0,2,0.03,0.0,0.03,1.15,4,0.8,0.2,1.4,6.0,False,a,,,,,2526
311,486385,38,379,Norberto Bercique Gomes Betuncal,Beto,4,3.3,5.1,9,18,Away,2026-05-24T15:00:00Z,0,1,6,0,0,0,0,0,0,0,3,1,0.0,0.0,0.0,0.0,0,0.0,0.0,0.1,0.0,False,a,,,,3.0,2526
312,491012,38,379,Youssef Ramalho Chermiti,Y.Chermiti,4,0.1,4.9,9,18,Away,2026-05-24T15:00:00Z,0,1,0,0,0,0,0,0,0,0,0,0,0.0,0.0,0.0,0.0,0,0.0,0.0,0.0,0.0,False,u,has joined Rangers permanently.,,,,2526
313,536241,38,379,Martin Sherif,Sherif,4,0.1,4.4,9,18,Away,2026-05-24T15:00:00Z,0,1,0,0,0,0,0,0,0,0,0,0,0.0,0.0,0.0,0.0,0,0.0,0.0,0.0,0.0,False,u,has joined Port Vale on loan for the rest of the season.,,,,2526
314,80201,38,374,Bernd Leno,Leno,1,2.3,5.0,10,15,Home,2026-05-24T15:00:00Z,2,0,90,0,0,1,0,0,0,0,28,6,0.0,0.01,0.01,0.31,0,1.7,16.8,0.0,0.0,False,a,,,,,2526
315,428971,38,374,Steven Benda,Benda,1,0.0,4.0,10,15,Home,2026-05-24T15:00:00Z,2,0,0,0,0,0,0,0,0,0,0,0,0.0,0.0,0.0,0.0,0,0.0,0.0,0.0,0.0,False,u,has joined Feyenoord on loan for the rest of the season.,,,,2526
316,169528,38,374,Antonee Robinson,Robinson,2,0.9,4.9,10,15,Home,2026-05-24T15:00:00Z,2,0,90,0,0,1,0,1,0,1,29,6,0.02,0.1,0.12,0.31,7,3.3,15.2,13.8,4.0,False,a,,,,4.0,2526
317,174874,38,374,Joachim Andersen,Andersen,2,2.8,4.4,10,15,Home,2026-05-24T15:00:00Z,2,0,0,0,0,0,0,0,0,0,0,0,0.0,0.0,0.0,0.0,0,0.0,0.0,0.0,0.0,False,s,Suspended until 29 Aug,,,,2526
318,232892,38,374,Calvin Bassey,Bassey,2,0.8,4.4,10,15,Home,2026-05-24T15:00:00Z,2,0,90,0,0,1,0,0,0,0,27,6,0.0,0.0,0.0,0.31,6,2.4,13.2,10.9,0.0,False,a,,,,,2526
319,166477,38,374,Timothy Castagne,Castagne,2,0.2,4.3,10,15,Home,2026-05-24T15:00:00Z,2,0,90,0,0,1,0,0,0,2,31,8,0.09,0.15,0.24,0.31,6,3.6,12.8,13.9,9.0,False,a,,,,,2526
320,219924,38,374,Issa Diop,Diop,2,0.1,4.3,10,15,Home,2026-05-24T15:00:00Z,2,0,85,1,0,1,0,0,0,3,41,15,0.78,0.0,0.78,0.2,5,6.4,46.6,0.7,17.0,True,a,,,,,2526
321,246301,38,374,Jorge Cuenca Barreno,J.Cuenca,2,0.1,4.3,10,15,Home,2026-05-24T15:00:00Z,2,0,4,0,0,0,0,1,0,0,0,0,0.0,0.0,0.0,0.11,3,0.5,5.0,0.1,0.0,False,a,,,,,2526
322,167074,38,374,Kenny Tete,Tete,2,0.2,4.5,10,15,Home,2026-05-24T15:00:00Z,2,0,0,0,0,0,0,0,0,0,0,0,0.0,0.0,0.0,0.0,0,0.0,0.0,0.0,0.0,False,a,,,,,2526
323,591385,38,374,Samuel Amissah,Amissah,2,0.1,3.8,10,15,Home,2026-05-24T15:00:00Z,2,0,0,0,0,0,0,0,0,0,0,0,0.0,0.0,0.0,0.0,0,0.0,0.0,0.0,0.0,False,a,,,,,2526
324,153133,38,374,Alex Iwobi,Iwobi,3,1.1,6.1,10,15,Home,2026-05-24T15:00:00Z,2,0,90,0,0,1,0,0,0,0,15,3,0.26,0.17,0.43,0.31,8,9.4,13.2,43.0,38.0,False,a,,2.0,,,2526
325,209289,38,374,Emile Smith Rowe,Smith Rowe,3,0.5,5.6,10,15,Home,2026-05-24T15:00:00Z,2,0,71,0,0,1,0,0,0,0,11,3,0.06,0.0,0.06,0.17,4,2.0,7.4,5.4,7.0,False,a,,,,,2526
326,159533,38,380,Adama Traoré Diarra,Adama,3,0.1,5.1,19,11,Home,2026-05-24T15:00:00Z,3,0,0,0,0,0,0,0,0,0,0,0,0.0,0.0,0.0,0.0,0,0.0,0.0,0.0,0.0,False,d,Muscle injury - 25% chance of playing,,,,2526
327,156689,38,374,Andreas Hoelgebaum Pereira,Andreas,3,0.1,5.3,10,15,Home,2026-05-24T15:00:00Z,2,0,0,0,0,0,0,0,0,0,0,0,0.0,0.0,0.0,0.0,0,0.0,0.0,0.0,0.0,False,u,has joined Palmeiras permanently.,,,,2526
328,184349,38,374,Ryan Sessegnon,Sessegnon,3,0.1,5.4,10,15,Home,2026-05-24T15:00:00Z,2,0,0,0,0,0,0,0,0,0,0,0,0.0,0.0,0.0,0.0,0,0.0,0.0,0.0,0.0,False,a,,,,,2526
329,153682,38,374,Harry Wilson,Wilson,3,17.4,5.8,10,15,Home,2026-05-24T15:00:00Z,2,0,18,0,1,0,0,0,0,0,14,4,0.1,0.0,0.1,0.14,1,3.6,17.0,11.3,8.0,False,a,,1.0,1.0,3.0,2526
330,207189,38,374,Sander Berge,Berge,3,0.1,4.9,10,15,Home,2026-05-24T15:00:00Z,2,0,90,0,0,1,0,0,0,0,16,3,0.0,0.03,0.03,0.31,6,5.4,15.0,34.8,4.0,False,a,,,,,2526
331,76357,38,374,Tom Cairney,Cairney,3,0.0,4.8,10,15,Home,2026-05-24T15:00:00Z,2,0,30,1,0,0,0,0,0,0,27,6,0.2,0.11,0.31,0.18,5,7.6,38.6,28.7,9.0,False,a,,,,,2526
332,212314,38,374,Saša Lukić,Lukić,3,0.1,4.9,10,15,Home,2026-05-24T15:00:00Z,2,0,0,0,0,0,0,0,0,0,0,0,0.0,0.0,0.0,0.0,0,0.0,0.0,0.0,0.0,False,a,,3.0,,,2526
333,573062,38,374,Martial Godo,Godo,3,0.0,4.5,10,15,Home,2026-05-24T15:00:00Z,2,0,0,0,0,0,0,0,0,0,0,0,0.0,0.0,0.0,0.0,0,0.0,0.0,0.0,0.0,False,u,has joined Strasbourg permanently.,,,,2526
334,515024,38,374,Luke Harris,Harris,3,0.0,4.5,10,15,Home,2026-05-24T15:00:00Z,2,0,0,0,0,0,0,0,0,0,0,0,0.0,0.0,0.0,0.0,0,0.0,0.0,0.0,0.0,False,u,Has joined Oxford United on loan for the rest of the season.,,,,2526
335,577725,38,374,Josh King,King,3,1.6,4.4,10,15,Home,2026-05-24T15:00:00Z,2,0,18,0,0,0,0,0,0,0,7,1,0.09,0.01,0.1,0.14,4,3.9,6.4,11.8,21.0,False,a,,,,,2526
336,153366,38,374,Harrison Reed,Reed,3,0.3,4.3,10,15,Home,2026-05-24T15:00:00Z,2,0,0,0,0,0,0,0,0,0,0,0,0.0,0.0,0.0,0.0,0,0.0,0.0,0.0,0.0,False,a,,,,,2526
337,102057,38,374,Raúl Jiménez Rodríguez,Raúl,4,1.8,5.9,10,15,Home,2026-05-24T15:00:00Z,2,0,18,0,0,0,0,0,0,0,2,1,0.03,0.0,0.03,0.14,1,0.0,0.0,0.1,1.0,False,a,,,2.0,1.0,2526
338,244042,38,374,Rodrigo Muniz Carvalho,Muniz,4,0.7,5.3,10,15,Home,2026-05-24T15:00:00Z,2,0,71,0,0,1,0,0,0,0,5,2,0.16,0.01,0.17,0.17,2,3.2,0.2,0.5,31.0,False,a,,,,,2526
339,437495,38,380,Illan Meslier,Meslier,1,0.3,4.1,11,19,Away,2026-05-24T15:00:00Z,0,3,0,0,0,0,0,0,0,0,0,0,0.0,0.0,0.0,0.0,0,0.0,0.0,0.0,0.0,False,a,,,,,2526
340,97846,38,380,Alex Cairns,Cairns,1,0.1,3.9,11,19,Away,2026-05-24T15:00:00Z,0,3,0,0,0,0,0,0,0,0,0,0,0.0,0.0,0.0,0.0,0,0.0,0.0,0.0,0.0,False,a,,,,,2526
341,59735,38,380,Karl Darlow,Darlow,1,6.9,4.0,11,19,Away,2026-05-24T15:00:00Z,0,3,90,0,0,0,3,0,0,0,11,2,0.0,0.0,0.0,2.61,0,4.0,40.2,0.0,0.0,False,a,,,,,2526
342,226182,38,380,Jayden Bogle,Bogle,2,0.4,4.4,11,19,Away,2026-05-24T15:00:00Z,0,3,77,0,0,0,1,0,0,0,12,2,0.03,0.22,0.25,1.97,8,3.8,13.4,18.7,6.0,False,a,,,,,2526
343,222694,38,380,Pascal Struijk,Struijk,2,1.9,4.2,11,19,Away,2026-05-24T15:00:00Z,0,3,90,0,0,0,3,0,0,0,0,1,0.0,0.01,0.01,2.61,6,1.3,12.0,1.3,0.0,False,a,,,,,2526
344,434752,38,380,Jaka Bijol,Bijol,2,1.3,3.9,11,19,Away,2026-05-24T15:00:00Z,0,3,69,0,0,0,1,1,0,0,6,1,0.0,0.01,0.01,1.97,9,2.3,17.8,0.7,4.0,False,a,,,,,2526
345,437738,38,380,Sebastiaan Bornauw,Bornauw,2,0.1,3.8,11,19,Away,2026-05-24T15:00:00Z,0,3,1,0,0,0,1,0,0,0,-2,1,0.2,0.0,0.2,0.54,0,0.5,0.0,0.0,7.0,False,a,,,,,2526
346,113564,38,380,Sam Byram,Byram,2,0.4,3.7,11,19,Away,2026-05-24T15:00:00Z,0,3,0,0,0,0,0,0,0,0,0,0,0.0,0.0,0.0,0.0,0,0.0,0.0,0.0,0.0,False,a,,,,,2526
347,243526,38,380,Gabriel Gudmundsson,Gudmundsson,2,2.5,3.8,11,19,Away,2026-05-24T15:00:00Z,0,3,0,0,0,0,0,0,0,0,0,0,0.0,0.0,0.0,0.0,0,0.0,0.0,0.0,0.0,False,i,Hamstring injury - Expected back 01 Jun,,,,2526
348,214225,38,380,Joe Rodon,Rodon,2,3.0,3.9,11,19,Away,2026-05-24T15:00:00Z,0,3,90,0,0,0,3,0,0,0,4,1,0.0,0.0,0.0,2.61,8,2.9,18.4,10.3,0.0,False,a,,,,,2526
349,492368,38,380,Isaac Schmidt,Schmidt,2,0.1,4.0,11,19,Away,2026-05-24T15:00:00Z,0,3,0,0,0,0,0,0,0,0,0,0,0.0,0.0,0.0,0.0,0,0.0,0.0,0.0,0.0,False,u,has joined Werder Bremen on loan for the rest of the season.,,,,2526
350,427637,38,380,Brenden Aaronson,Aaronson,3,0.8,5.4,11,19,Away,2026-05-24T15:00:00Z,0,3,90,0,0,0,2,1,0,0,4,1,0.28,0.29,0.57,2.07,6,4.7,9.0,16.8,21.0,False,a,,,,,2526
351,492859,38,380,Wilfried Gnonto,Gnonto,3,0.1,5.1,11,19,Away,2026-05-24T15:00:00Z,0,3,21,0,0,0,2,0,0,0,3,1,0.0,0.01,0.01,0.65,0,0.6,0.8,1.3,4.0,False,a,,,,,2526
352,221399,38,380,Jack Harrison,Harrison,3,0.0,5.1,11,19,Away,2026-05-24T15:00:00Z,0,3,0,0,0,0,0,0,0,0,0,0,0.0,0.0,0.0,0.0,0,0.0,0.0,0.0,0.0,False,u,has joined ACF Fiorentina on loan for the rest of the season.,,,,2526
353,200617,38,380,Daniel James,James,3,0.1,5.2,11,19,Away,2026-05-24T15:00:00Z,0,3,20,0,0,0,2,0,0,0,4,1,0.0,0.02,0.02,0.65,1,1.0,5.2,4.3,0.0,False,a,,,,,2526
354,199598,38,380,Ethan Ampadu,Ampadu,3,0.6,4.9,11,19,Away,2026-05-24T15:00:00Z,0,3,90,0,0,0,3,1,0,0,14,3,0.0,0.03,0.03,2.61,13,3.7,18.0,17.3,2.0,False,a,,,,,2526
355,248937,38,380,Sam Greenwood,Greenwood,3,0.0,4.9,11,19,Away,2026-05-24T15:00:00Z,0,3,0,0,0,0,0,0,0,0,0,0,0.0,0.0,0.0,0.0,0,0.0,0.0,0.0,0.0,False,u,has joined Pogon Szczecin permanently.,,,,2526
356,486520,38,380,Ilia Gruev,Gruev,3,0.1,4.7,11,19,Away,2026-05-24T15:00:00Z,0,3,0,0,0,0,0,0,0,0,0,0,0.0,0.0,0.0,0.0,0,0.0,0.0,0.0,0.0,False,i,Knee injury - Expected back 01 Jun,4.0,,,2526
357,433952,38,380,Largie Ramazani,Ramazani,3,0.0,4.9,11,19,Away,2026-05-24T15:00:00Z,0,3,0,0,0,0,0,0,0,0,0,0,0.0,0.0,0.0,0.0,0,0.0,0.0,0.0,0.0,False,u,has joined Valencia on loan for the rest of the season.,,,,2526
358,248056,38,380,Tanaka Ao,Tanaka,3,0.2,4.8,11,19,Away,2026-05-24T15:00:00Z,0,3,77,0,0,0,1,0,0,0,14,4,0.0,0.01,0.01,1.97,12,1.8,11.4,6.3,0.0,False,a,,,,,2526
359,536119,38,380,Charlie Crew,Crew,3,0.0,4.5,11,19,Away,2026-05-24T15:00:00Z,0,3,0,0,0,0,0,0,0,0,0,0,0.0,0.0,0.0,0.0,0,0.0,0.0,0.0,0.0,False,u,Has joined Doncaster Rovers on loan for the rest of the season.,,,,2526
360,462635,38,380,Joe Gelhardt,Gelhardt,3,0.0,4.5,11,19,Away,2026-05-24T15:00:00Z,0,3,0,0,0,0,0,0,0,0,0,0,0.0,0.0,0.0,0.0,0,0.0,0.0,0.0,0.0,False,u,Has joined Hull City on loan for the rest of the season.,,,,2526
361,470294,38,380,Darko Gyabi,Gyabi,3,0.0,4.5,11,19,Away,2026-05-24T15:00:00Z,0,3,0,0,0,0,0,0,0,0,0,0,0.0,0.0,0.0,0.0,0,0.0,0.0,0.0,0.0,False,u,has joined Hull City permanently.,,,,2526
362,235826,38,380,Joël Piroe,Piroe,4,0.3,4.9,11,19,Away,2026-05-24T15:00:00Z,0,3,12,0,0,0,2,0,0,0,4,1,0.05,0.0,0.05,0.65,1,2.6,3.0,0.1,23.0,False,a,,,,3.0,2526
363,106617,38,380,Patrick Bamford,Bamford,4,0.3,4.9,11,19,Away,2026-05-24T15:00:00Z,0,3,0,0,0,0,0,0,0,0,0,0,0.0,0.0,0.0,0.0,0,0.0,0.0,0.0,0.0,False,u,has departed the club as a free agent.,,,,2526
364,565297,38,380,Mateo Joseph Fernández-Regatillo,Mateo Joseph,4,0.0,5.0,11,19,Away,2026-05-24T15:00:00Z,0,3,0,0,0,0,0,0,0,0,0,0,0.0,0.0,0.0,0.0,0,0.0,0.0,0.0,0.0,False,u,Has joined RCD Mallorca on loan for the rest of the season.,,,,2526
365,174594,38,380,Lukas Nmecha,Nmecha,4,0.5,5.0,11,19,Away,2026-05-24T15:00:00Z,0,3,90,0,0,0,3,0,0,0,9,2,0.4,0.55,0.95,2.61,5,5.2,7.2,25.3,19.0,False,a,,,,2.0,2526
366,116535,38,375,Alisson Becker,A.Becker,1,5.1,5.4,12,5,Home,2026-05-24T15:00:00Z,1,1,90,0,0,0,1,0,0,0,7,2,0.0,0.0,0.0,1.56,0,1.1,11.4,0.0,0.0,False,a,,,,,2526
367,449027,38,375,Giorgi Mamardashvili,Mamardashvili,1,0.7,4.1,12,5,Home,2026-05-24T15:00:00Z,1,1,0,0,0,0,0,0,0,0,0,0,0.0,0.0,0.0,0.0,0,0.0,0.0,0.0,0.0,False,a,,,,,2526
368,586268,38,375,Ármin Pécsi,Pécsi,1,0.9,3.8,12,5,Home,2026-05-24T15:00:00Z,1,1,0,0,0,0,0,0,0,0,0,0,0.0,0.0,0.0,0.0,0,0.0,0.0,0.0,0.0,False,a,,,,,2526
369,155503,38,375,Freddie Woodman,Woodman,1,0.3,3.9,12,5,Home,2026-05-24T15:00:00Z,1,1,0,0,0,0,0,0,0,0,0,0,0.0,0.0,0.0,0.0,0,0.0,0.0,0.0,0.0,False,a,,,,,2526
370,216094,38,375,Jeremie Frimpong,Frimpong,2,4.9,5.7,12,5,Home,2026-05-24T15:00:00Z,1,1,16,0,0,0,0,0,0,0,7,1,0.0,0.09,0.09,0.49,0,2.5,4.8,16.2,4.0,False,a,,,,,2526
371,544877,38,375,Milos Kerkez,Kerkez,2,2.9,5.6,12,5,Home,2026-05-24T15:00:00Z,1,1,7,0,0,0,0,0,0,0,4,1,0.03,0.0,0.03,0.44,2,0.6,3.4,0.4,2.0,False,a,,,,,2526
372,122798,38,375,Andrew Robertson,Robertson,2,1.2,5.7,12,5,Home,2026-05-24T15:00:00Z,1,1,82,0,0,0,1,0,0,0,12,2,0.03,0.24,0.27,1.13,4,5.1,17.2,31.6,2.0,False,a,,,,,2526
373,97032,38,375,Virgil van Dijk,Virgil,2,31.5,6.1,12,5,Home,2026-05-24T15:00:00Z,1,1,90,0,0,0,1,0,0,0,11,2,0.07,0.17,0.24,1.56,6,3.5,22.2,11.6,1.0,False,a,,,,,2526
374,204716,38,375,Ibrahima Konaté,Konaté,2,3.8,5.4,12,5,Home,2026-05-24T15:00:00Z,1,1,88,0,0,0,1,1,0,0,10,1,0.14,0.02,0.16,1.13,4,4.7,13.8,12.5,21.0,False,a,,,,,2526
375,492777,38,375,Conor Bradley,Bradley,2,0.1,4.9,12,5,Home,2026-05-24T15:00:00Z,1,1,0,0,0,0,0,0,0,0,0,0,0.0,0.0,0.0,0.0,0,0.0,0.0,0.0,0.0,False,i,Knee injury - Expected back 01 Jun,,,,2526
376,171287,38,375,Joe Gomez,Gomez,2,0.2,4.9,12,5,Home,2026-05-24T15:00:00Z,1,1,1,0,0,0,0,0,0,0,3,1,0.0,0.0,0.0,0.44,0,0.0,0.0,0.0,0.0,False,a,,,,,2526
377,214285,38,375,Konstantinos Tsimikas,Tsimikas,2,0.0,4.8,12,5,Home,2026-05-24T15:00:00Z,1,1,0,0,0,0,0,0,0,0,0,0,0.0,0.0,0.0,0.0,0,0.0,0.0,0.0,0.0,False,u,has joined AS Roma on loan for the rest of the season.,,,,2526
378,611926,38,375,Amara Nallo,Nallo,2,0.9,3.7,12,5,Home,2026-05-24T15:00:00Z,1,1,0,0,0,0,0,0,0,0,0,0,0.0,0.0,0.0,0.0,0,0.0,0.0,0.0,0.0,False,a,,,,,2526
379,219937,38,375,Rhys Williams,R.Williams,2,0.5,3.7,12,5,Home,2026-05-24T15:00:00Z,1,1,0,0,0,0,0,0,0,0,0,0,0.0,0.0,0.0,0.0,0,0.0,0.0,0.0,0.0,False,a,,,,,2526
380,489580,38,375,Calvin Ramsay,Ramsay,2,0.3,3.7,12,5,Home,2026-05-24T15:00:00Z,1,1,0,0,0,0,0,0,0,0,0,0,0.0,0.0,0.0,0.0,0,0.0,0.0,0.0,0.0,False,a,,,,,2526
381,118748,38,375,Mohamed Salah,M.Salah,3,15.2,14.0,12,5,Home,2026-05-24T15:00:00Z,1,1,73,0,1,0,1,0,0,1,25,6,0.25,0.44,0.69,1.07,8,11.1,26.4,20.3,64.0,False,a,,2.0,4.0,1.0,2526
382,494595,38,375,Florian Wirtz,Wirtz,3,8.5,8.3,12,5,Home,2026-05-24T15:00:00Z,1,1,17,0,0,0,0,0,0,0,3,1,0.69,0.03,0.72,0.49,6,3.1,5.6,2.0,23.0,False,a,,4.0,5.0,,2526
383,244731,38,375,Luis Díaz Marulanda,Luis Díaz,3,0.0,8.0,12,5,Home,2026-05-24T15:00:00Z,1,1,0,0,0,0,0,0,0,0,0,0,0.0,0.0,0.0,0.0,0,0.0,0.0,0.0,0.0,False,u,Has joined Bayern Munch permanently.,,,,2526
384,243298,38,375,Cody Gakpo,Gakpo,3,5.6,7.3,12,5,Home,2026-05-24T15:00:00Z,1,1,90,0,0,0,1,0,0,0,4,2,0.21,0.05,0.26,1.56,4,5.7,8.0,32.8,16.0,False,a,,3.0,,3.0,2526
385,223541,38,375,Federico Chiesa,Chiesa,3,0.3,6.3,12,5,Home,2026-05-24T15:00:00Z,1,1,0,0,0,0,0,0,0,0,0,0,0.0,0.0,0.0,0.0,0,0.0,0.0,0.0,0.0,False,a,,,,,2526
386,243016,38,375,Alexis Mac Allister,Mac Allister,3,1.8,6.1,12,5,Home,2026-05-24T15:00:00Z,1,1,90,0,0,0,1,1,0,0,11,1,0.34,0.09,0.43,1.56,4,8.3,15.0,34.8,33.0,False,a,,,,4.0,2526
387,424876,38,375,Dominik Szoboszlai,Szoboszlai,3,15.1,7.1,12,5,Home,2026-05-24T15:00:00Z,1,1,90,0,0,0,1,0,0,0,20,2,0.42,0.35,0.77,1.56,9,10.1,22.0,55.7,23.0,False,a,,1.0,2.0,2.0,2526
388,206915,38,375,Curtis Jones,C.Jones,3,0.1,5.4,12,5,Home,2026-05-24T15:00:00Z,1,1,90,1,0,0,1,0,0,3,37,10,0.63,0.07,0.7,1.56,11,9.4,56.4,16.7,21.0,True,a,,,,,2526
389,444884,38,376,Harvey Elliott,Elliott,3,0.2,5.1,2,13,Away,2026-05-24T15:00:00Z,2,1,0,0,0,0,0,0,0,0,0,0,0.0,0.0,0.0,0.0,0,0.0,0.0,0.0,0.0,False,a,,,,,2526
390,441266,38,375,Ryan Gravenberch,Gravenberch,3,3.7,5.4,12,5,Home,2026-05-24T15:00:00Z,1,1,82,0,0,0,1,0,0,0,14,2,0.1,0.02,0.12,1.13,7,3.9,10.8,13.1,15.0,False,a,,,,,2526
391,496208,38,377,Ben Gannon-Doak,Gannon-Doak,3,0.0,4.8,4,16,Away,2026-05-24T15:00:00Z,1,1,33,0,0,0,0,0,0,0,4,1,0.17,0.03,0.2,0.69,3,2.7,4.0,1.4,22.0,False,a,,,,,2526
392,158983,38,375,Endo Wataru,Endo,3,0.1,4.9,12,5,Home,2026-05-24T15:00:00Z,1,1,0,0,0,0,0,0,0,0,0,0,0.0,0.0,0.0,0.0,0,0.0,0.0,0.0,0.0,False,d,Foot injury - 50% chance of playing,,,,2526
393,535928,38,375,Stefan Bajčetić Maquieira,Bajcetic,3,0.2,4.2,12,5,Home,2026-05-24T15:00:00Z,1,1,0,0,0,0,0,0,0,0,0,0,0.0,0.0,0.0,0.0,0,0.0,0.0,0.0,0.0,False,i,Hamstring injury - Unknown return date,,,,2526
394,491501,38,375,James McConnell,McConnell,3,0.0,4.4,12,5,Home,2026-05-24T15:00:00Z,1,1,0,0,0,0,0,0,0,0,0,0,0.0,0.0,0.0,0.0,0,0.0,0.0,0.0,0.0,False,u,has joined Ajax on loan for the rest of the season.,,,,2526
395,440148,38,375,Tyler Morton,Morton,3,0.0,4.5,12,5,Home,2026-05-24T15:00:00Z,1,1,0,0,0,0,0,0,0,0,0,0,0.0,0.0,0.0,0.0,0,0.0,0.0,0.0,0.0,False,u,Has joined Lyon permanently.,,,,2526
396,591386,38,375,Trey Nyoni,Nyoni,3,0.3,4.3,12,5,Home,2026-05-24T15:00:00Z,1,1,7,0,0,0,0,0,0,0,2,1,0.0,0.01,0.01,0.44,3,0.3,1.8,0.7,0.0,False,a,,,,,2526
397,447203,38,375,Darwin Núñez Ribeiro,Darwin,4,0.1,6.5,12,5,Home,2026-05-24T15:00:00Z,1,1,0,0,0,0,0,0,0,0,0,0,0.0,0.0,0.0,0.0,0,0.0,0.0,0.0,0.0,False,u,Has joined Al-Hilal permanently.,,,,2526
398,500058,38,375,Jayden Danns,Danns,4,0.1,4.3,12,5,Home,2026-05-24T15:00:00Z,1,1,0,0,0,0,0,0,0,0,0,0,0.0,0.0,0.0,0.0,0,0.0,0.0,0.0,0.0,False,i,Hamstring injury - Unknown return date,,,,2526
399,121160,38,376,Ederson Santana de Moraes,Ederson M.,1,0.8,5.3,13,2,Home,2026-05-24T15:00:00Z,1,2,0,0,0,0,0,0,0,0,0,0,0.0,0.0,0.0,0.0,0,0.0,0.0,0.0,0.0,False,u,has joined Fenerbache permanently.,,,,2526
400,88248,38,377,Stefan Ortega Moreno,Ortega Moreno,1,0.2,4.7,16,4,Home,2026-05-24T15:00:00Z,1,1,0,0,0,0,0,0,0,0,0,0,0.0,0.0,0.0,0.0,0,0.0,0.0,0.0,0.0,False,a,,,,,2526
401,122074,38,376,Marcus Bettinelli,Bettinelli,1,0.4,3.8,13,2,Home,2026-05-24T15:00:00Z,1,2,0,0,0,0,0,0,0,0,0,0,0.0,0.0,0.0,0.0,0,0.0,0.0,0.0,0.0,False,a,,,,,2526
402,448514,38,376,Rayan Aït-Nouri,Aït-Nouri,2,4.1,5.7,13,2,Home,2026-05-24T15:00:00Z,1,2,13,0,0,0,0,0,0,0,3,1,0.0,0.03,0.03,0.35,3,0.8,5.2,0.5,2.0,False,a,,,,,2526
403,477424,38,376,Joško Gvardiol,Gvardiol,2,3.2,5.8,13,2,Home,2026-05-24T15:00:00Z,1,2,12,0,0,0,0,0,0,0,3,1,0.0,0.0,0.0,0.35,1,0.5,4.0,0.5,0.0,False,a,,,,,2526
404,211975,38,376,Manuel Akanji,Akanji,2,0.3,5.4,13,2,Home,2026-05-24T15:00:00Z,1,2,0,0,0,0,0,0,0,0,0,0,0.0,0.0,0.0,0.0,0,0.0,0.0,0.0,0.0,False,u,has joined Inter Milan on loan for the rest of the season.,,,,2526
405,126184,38,376,Nathan Aké,Aké,2,0.6,5.2,13,2,Home,2026-05-24T15:00:00Z,1,2,76,0,0,0,2,0,0,0,2,1,0.08,0.07,0.15,1.42,1,2.0,6.8,2.8,10.0,False,a,,,,,2526
406,578153,38,376,Abdukodir Khusanov,Khusanov,2,0.7,5.4,13,2,Home,2026-05-24T15:00:00Z,1,2,0,0,0,0,0,0,0,0,0,0,0.0,0.0,0.0,0.0,0,0.0,0.0,0.0,0.0,False,a,,,,,2526
407,465351,38,376,Matheus Nunes,Matheus N.,2,2.9,5.3,13,2,Home,2026-05-24T15:00:00Z,1,2,0,0,0,0,0,0,0,0,0,0,0.0,0.0,0.0,0.0,0,0.0,0.0,0.0,0.0,False,a,,,,4.0,2526
408,171314,38,376,Rúben dos Santos Gato Alves Dias,Rúben,2,3.1,5.5,13,2,Home,2026-05-24T15:00:00Z,1,2,90,0,0,0,2,0,0,0,6,1,0.0,0.02,0.02,1.77,3,2.4,11.6,12.7,0.0,False,a,,,,,2526
409,97299,38,376,John Stones,Stones,2,0.6,5.4,13,2,Home,2026-05-24T15:00:00Z,1,2,77,0,0,0,2,0,0,0,7,3,0.0,0.03,0.03,1.42,10,2.5,19.6,3.5,2.0,False,a,,,,,2526
410,477064,38,376,Rico Lewis,Lewis,2,1.2,4.6,13,2,Home,2026-05-24T15:00:00Z,1,2,90,0,0,0,2,1,0,0,-3,0,0.08,0.08,0.16,1.77,0,3.1,3.4,15.2,12.0,False,a,,,,,2526
411,472769,38,376,Nico O'Reilly,O'Reilly,2,19.2,5.3,13,2,Home,2026-05-24T15:00:00Z,1,2,0,0,0,0,0,0,0,0,0,0,0.0,0.0,0.0,0.0,0,0.0,0.0,0.0,0.0,False,a,,,,,2526
412,616222,38,376,Vitor de Oliveira Nunes dos Reis,Vitor Reis,2,0.0,5.0,13,2,Home,2026-05-24T15:00:00Z,1,2,0,0,0,0,0,0,0,0,0,0,0.0,0.0,0.0,0.0,0,0.0,0.0,0.0,0.0,False,u,Has joined Girona on loan for the rest of the season.,,,,2526
413,438234,38,376,Omar Marmoush,Marmoush,3,2.9,8.3,13,2,Home,2026-05-24T15:00:00Z,1,2,0,0,0,0,0,0,0,0,0,0,0.0,0.0,0.0,0.0,0,0.0,0.0,0.0,0.0,False,a,,4.0,1.0,2.0,2526
414,209244,38,376,Phil Foden,Foden,3,7.8,8.0,13,2,Home,2026-05-24T15:00:00Z,1,2,90,0,0,0,2,0,0,0,11,2,0.0,0.08,0.08,1.77,2,5.8,9.4,38.9,10.0,False,a,,5.0,,,2526
415,510281,38,376,Sávio Moreira de Oliveira,Savinho,3,0.4,6.9,13,2,Home,2026-05-24T15:00:00Z,1,2,90,0,0,0,2,0,0,0,1,2,0.11,0.17,0.28,1.77,2,5.8,0.8,27.7,29.0,False,a,,,,,2526
416,165809,38,376,Bernardo Mota Veiga de Carvalho e Silva,Bernardo,3,0.7,6.2,13,2,Home,2026-05-24T15:00:00Z,1,2,58,0,0,0,1,0,0,0,11,1,0.18,0.04,0.22,0.45,8,5.1,12.6,3.2,35.0,False,a,,1.0,,,2526
417,466052,38,376,Rayan Cherki,Cherki,3,17.4,6.5,13,2,Home,2026-05-24T15:00:00Z,1,2,32,0,0,0,1,0,0,0,1,1,0.03,0.09,0.12,1.32,0,1.6,0.0,9.8,7.0,False,a,,3.0,2.0,,2526
418,248875,38,376,Jérémy Doku,Doku,3,6.6,6.5,13,2,Home,2026-05-24T15:00:00Z,1,2,13,0,0,0,0,0,0,0,2,1,0.05,0.05,0.1,0.35,0,1.5,0.0,3.6,12.0,False,a,,,,3.0,2526
419,114283,38,379,Jack Grealish,Grealish,3,5.6,6.3,9,18,Away,2026-05-24T15:00:00Z,0,1,0,0,0,0,0,0,0,0,0,0,0.0,0.0,0.0,0.0,0,0.0,0.0,0.0,0.0,False,i,Foot injury - Expected back 01 Jun,,,,2526
420,59859,38,376,İlkay Gündoğan,Gündoğan,3,0.1,6.3,13,2,Home,2026-05-24T15:00:00Z,1,2,0,0,0,0,0,0,0,0,0,0,0.0,0.0,0.0,0.0,0,0.0,0.0,0.0,0.0,False,u,has joined Galatasaray permanently.,,,,2526
421,220566,38,376,Rodrigo 'Rodri' Hernandez Cascante,Rodrigo,3,0.5,6.3,13,2,Home,2026-05-24T15:00:00Z,1,2,0,0,0,0,0,0,0,0,0,0,0.0,0.0,0.0,0.0,0,0.0,0.0,0.0,0.0,False,a,,,,,2526
422,91651,38,376,Mateo Kovačić,Kovačić,3,0.0,5.8,13,2,Home,2026-05-24T15:00:00Z,1,2,31,0,0,0,1,0,0,0,5,1,0.07,0.04,0.11,1.32,4,1.9,5.2,12.2,2.0,False,a,,,,,2526
423,465694,38,376,Nico González Iglesias,N.Gonzalez,3,0.1,5.9,13,2,Home,2026-05-24T15:00:00Z,1,2,90,0,0,0,2,0,0,0,17,4,0.1,0.07,0.17,1.77,14,4.2,17.2,18.0,7.0,False,a,,,,,2526
424,477555,38,374,Oscar Bobb,Bobb,3,0.2,5.1,10,15,Home,2026-05-24T15:00:00Z,2,0,71,0,0,1,0,0,0,0,8,3,0.0,0.19,0.19,0.17,5,3.1,6.2,22.8,2.0,False,a,,,,,2526
425,575204,38,376,Claudio Echeverri,Echeverri,3,0.0,5.4,13,2,Home,2026-05-24T15:00:00Z,1,2,0,0,0,0,0,0,0,0,0,0,0.0,0.0,0.0,0.0,0,0.0,0.0,0.0,0.0,False,u,has joined Girona on loan for the rest of the season.,,,,2526
426,432714,38,377,James McAtee,McAtee,3,0.1,5.0,16,4,Home,2026-05-24T15:00:00Z,1,1,12,0,0,0,0,0,0,0,2,1,0.0,0.0,0.0,0.14,3,0.5,0.2,3.1,2.0,False,a,,,,5.0,2526
427,433036,38,376,Tijjani Reijnders,Reijnders,3,8.9,5.0,13,2,Home,2026-05-24T15:00:00Z,1,2,76,0,1,0,2,0,0,0,9,5,0.54,0.05,0.59,1.42,0,3.7,0.0,5.4,34.0,False,a,,4.0,3.0,,2526
428,566164,38,376,Sverre Nypan,Nypan,3,0.0,5.0,13,2,Home,2026-05-24T15:00:00Z,1,2,0,0,0,0,0,0,0,0,0,0,0.0,0.0,0.0,0.0,0,0.0,0.0,0.0,0.0,False,a,,,,,2526
429,155405,38,376,Kalvin Phillips,Phillips,3,0.1,4.7,13,2,Home,2026-05-24T15:00:00Z,1,2,0,0,0,0,0,0,0,0,0,0,0.0,0.0,0.0,0.0,0,0.0,0.0,0.0,0.0,False,u,has joined Sheffield United on loan for the rest of the season.,,,,2526
430,223094,38,376,Erling Haaland,Haaland,4,62.5,14.7,13,2,Home,2026-05-24T15:00:00Z,1,2,0,0,0,0,0,0,0,0,0,0,0.0,0.0,0.0,0.0,0,0.0,0.0,0.0,0.0,False,a,,,,1.0,2526
431,451302,38,371,Altay Bayındır,Bayindir,1,0.3,4.7,14,6,Away,2026-05-24T15:00:00Z,3,0,0,0,0,0,0,0,0,0,0,0,0.0,0.0,0.0,0.0,0,0.0,0.0,0.0,0.0,False,a,,,,,2526
432,202641,38,371,André Onana,Onana,1,0.1,4.9,14,6,Away,2026-05-24T15:00:00Z,3,0,0,0,0,0,0,0,0,0,0,0,0.0,0.0,0.0,0.0,0,0.0,0.0,0.0,0.0,False,u,has joined Trabzonspor on loan for the rest of the season.,,,,2526
433,588555,38,371,Elyh Harrison,Harrison,1,0.0,4.0,14,6,Away,2026-05-24T15:00:00Z,3,0,0,0,0,0,0,0,0,0,0,0,0.0,0.0,0.0,0.0,0,0.0,0.0,0.0,0.0,False,u,On loan to Shrewsbury Town,,,,2526
434,21205,38,371,Tom Heaton,Heaton,1,0.6,3.8,14,6,Away,2026-05-24T15:00:00Z,3,0,0,0,0,0,0,0,0,0,0,0,0.0,0.0,0.0,0.0,0,0.0,0.0,0.0,0.0,False,a,,,,,2526
435,461537,38,371,Dermot Mee,Mee,1,0.1,3.9,14,6,Away,2026-05-24T15:00:00Z,3,0,0,0,0,0,0,0,0,0,0,0,0.0,0.0,0.0,0.0,0,0.0,0.0,0.0,0.0,False,a,,,,,2526
436,209365,38,371,Matthijs de Ligt,De Ligt,2,1.8,4.9,14,6,Away,2026-05-24T15:00:00Z,3,0,0,0,0,0,0,0,0,0,0,0,0.0,0.0,0.0,0.0,0,0.0,0.0,0.0,0.0,False,i,Back injury - Expected back 01 Jun,,,,2526
437,221820,38,371,Lisandro Martínez,Martinez,2,0.4,4.8,14,6,Away,2026-05-24T15:00:00Z,3,0,90,0,0,1,0,0,0,0,26,6,0.0,0.01,0.01,0.79,4,1.4,12.2,1.3,0.0,False,a,,,,,2526
438,230001,38,371,Noussair Mazraoui,Mazraoui,2,0.3,4.9,14,6,Away,2026-05-24T15:00:00Z,3,0,73,0,0,1,0,0,0,0,26,6,0.0,0.02,0.02,0.48,5,2.9,13.2,13.3,2.0,False,a,,,,,2526
439,661712,38,371,Diego León Blanco,D.Leon,2,0.1,4.1,14,6,Away,2026-05-24T15:00:00Z,3,0,0,0,0,0,0,0,0,0,0,0,0.0,0.0,0.0,0.0,0,0.0,0.0,0.0,0.0,False,a,,,,,2526
440,216051,38,371,Diogo Dalot Teixeira,Dalot,2,3.8,4.5,14,6,Away,2026-05-24T15:00:00Z,3,0,0,0,0,0,0,0,0,0,0,0,0.0,0.0,0.0,0.0,0,0.0,0.0,0.0,0.0,False,a,,,,,2526
441,596777,38,371,Patrick Dorgu,Dorgu,2,2.4,4.1,14,6,Away,2026-05-24T15:00:00Z,3,0,61,1,1,1,0,0,0,3,50,18,0.35,0.06,0.41,0.38,1,13.7,59.8,22.2,55.0,True,a,,,,,2526
442,95658,38,371,Harry Maguire,Maguire,2,1.7,4.4,14,6,Away,2026-05-24T15:00:00Z,3,0,90,0,0,1,0,0,0,0,26,6,0.0,0.09,0.09,0.79,7,3.5,20.4,11.0,4.0,False,a,,,,,2526
443,106760,38,371,Luke Shaw,Shaw,2,1.1,4.5,14,6,Away,2026-05-24T15:00:00Z,3,0,81,0,0,1,0,0,0,0,23,6,0.03,0.0,0.03,0.56,6,1.2,9.4,1.8,1.0,False,a,,,,,2526
444,550864,38,371,Leny Yoro,Yoro,2,1.2,4.1,14,6,Away,2026-05-24T15:00:00Z,3,0,16,0,0,0,0,0,0,0,5,1,0.0,0.0,0.0,0.31,4,0.8,8.0,0.3,0.0,False,a,,,,,2526
445,577974,38,371,Harry Amass,Amass,2,0.1,4.0,14,6,Away,2026-05-24T15:00:00Z,3,0,0,0,0,0,0,0,0,0,0,0,0.0,0.0,0.0,0.0,0,0.0,0.0,0.0,0.0,False,u,has joined Norwich City on loan for the rest of the season.,,,,2526
446,547676,38,371,Tyler Fredricson,Fredricson,2,0.2,3.7,14,6,Away,2026-05-24T15:00:00Z,3,0,0,0,0,0,0,0,0,0,0,0,0.0,0.0,0.0,0.0,0,0.0,0.0,0.0,0.0,False,a,,,,,2526
447,606745,38,371,Ayden Heaven,Heaven,2,2.6,3.7,14,6,Away,2026-05-24T15:00:00Z,3,0,0,0,0,0,0,0,0,0,0,0,0.0,0.0,0.0,0.0,0,0.0,0.0,0.0,0.0,False,a,,,,,2526
448,222690,38,371,Tyrell Malacia,Malacia,2,0.6,3.7,14,6,Away,2026-05-24T15:00:00Z,3,0,8,0,0,0,0,0,0,0,4,1,0.0,0.0,0.0,0.23,2,0.5,4.0,1.0,0.0,False,a,,,,,2526
449,141746,38,371,Bruno Borges Fernandes,B.Fernandes,3,48.0,10.4,14,6,Away,2026-05-24T15:00:00Z,3,0,90,1,1,1,0,0,0,3,50,14,0.07,0.15,0.22,0.79,9,13.3,65.0,48.5,19.0,True,a,,1.0,1.0,1.0,2526
450,430871,38,371,Matheus Santos Carneiro da Cunha,Cunha,3,8.7,8.1,14,6,Away,2026-05-24T15:00:00Z,3,0,0,0,0,0,0,0,0,0,0,0,0.0,0.0,0.0,0.0,0,0.0,0.0,0.0,0.0,False,a,,,,,2526
451,176297,38,371,Marcus Rashford,Rashford,3,0.0,7.0,14,6,Away,2026-05-24T15:00:00Z,3,0,0,0,0,0,0,0,0,0,0,0,0.0,0.0,0.0,0.0,0,0.0,0.0,0.0,0.0,False,u,Has joined Barcelona on loan for the rest of the season,,,,2526
452,493250,38,371,Amad Diallo,Amad,3,1.3,6.2,14,6,Away,2026-05-24T15:00:00Z,3,0,90,0,1,1,0,0,0,1,30,7,0.16,0.79,0.95,0.79,10,8.5,28.8,17.7,38.0,False,a,,3.0,,,2526
453,493105,38,378,Alejandro Garnacho Ferreyra,Garnacho,3,0.4,6.4,7,17,Away,2026-05-24T15:00:00Z,1,2,0,0,0,0,0,0,0,0,0,0,0.0,0.0,0.0,0.0,0,0.0,0.0,0.0,0.0,False,a,,,,,2526
454,467169,38,371,Antony dos Santos,Antony,3,0.1,5.9,14,6,Away,2026-05-24T15:00:00Z,3,0,0,0,0,0,0,0,0,0,0,0,0.0,0.0,0.0,0.0,0,0.0,0.0,0.0,0.0,False,u,has joined Real Betis permanently.,,,,2526
455,184341,38,371,Mason Mount,Mount,3,0.3,5.9,14,6,Away,2026-05-24T15:00:00Z,3,0,73,0,0,1,0,0,0,0,19,5,0.0,0.13,0.13,0.48,13,2.0,11.8,4.6,4.0,False,a,,,,,2526
456,209243,38,376,Jadon Sancho,Sancho,3,0.2,5.8,2,13,Away,2026-05-24T15:00:00Z,2,1,0,0,0,0,0,0,0,0,0,0,0.0,0.0,0.0,0.0,0,0.0,0.0,0.0,0.0,False,a,,6.0,,,2526
457,61256,38,371,Carlos Henrique Casimiro,Casemiro,3,3.8,5.8,14,6,Away,2026-05-24T15:00:00Z,3,0,0,0,0,0,0,0,0,0,0,0,0.0,0.0,0.0,0.0,0,0.0,0.0,0.0,0.0,False,a,,,,,2526
458,516895,38,371,Kobbie Mainoo,Mainoo,3,1.4,4.7,14,6,Away,2026-05-24T15:00:00Z,3,0,90,0,0,1,0,1,0,0,11,2,0.1,0.03,0.13,0.79,7,4.3,13.4,13.8,16.0,False,a,,,,,2526
459,232112,38,371,Manuel Ugarte Ribeiro,Ugarte,3,0.1,4.7,14,6,Away,2026-05-24T15:00:00Z,3,0,0,0,0,0,0,0,0,0,0,0,0.0,0.0,0.0,0.0,0,0.0,0.0,0.0,0.0,False,a,,,,,2526
460,490881,38,371,Toby Collyer,Collyer,3,0.0,4.5,14,6,Away,2026-05-24T15:00:00Z,3,0,0,0,0,0,0,0,0,0,0,0,0.0,0.0,0.0,0.0,0,0.0,0.0,0.0,0.0,False,u,has joined Hull City on loan for the rest of the season.,,,,2526
461,556639,38,371,Jayce Fitzgerald,Fitzgerald,3,0.0,4.3,14,6,Away,2026-05-24T15:00:00Z,3,0,0,0,0,0,0,0,0,0,0,0,0.0,0.0,0.0,0.0,0,0.0,0.0,0.0,0.0,False,a,,,,,2526
462,547037,38,371,Jack Fletcher,J.Fletcher,3,0.1,4.3,14,6,Away,2026-05-24T15:00:00Z,3,0,0,0,0,0,0,0,0,0,0,0,0.0,0.0,0.0,0.0,0,0.0,0.0,0.0,0.0,False,a,,,,,2526
463,618873,38,371,Sékou Koné,Kone,3,0.1,4.3,14,6,Away,2026-05-24T15:00:00Z,3,0,0,0,0,0,0,0,0,0,0,0,0.0,0.0,0.0,0.0,0,0.0,0.0,0.0,0.0,False,u,has joined Lausanne-Sport on loan for the rest of the season.,,,,2526
464,559684,38,371,Jack Moorhouse,Moorhouse,3,0.0,4.5,14,6,Away,2026-05-24T15:00:00Z,3,0,0,0,0,0,0,0,0,0,0,0,0.0,0.0,0.0,0.0,0,0.0,0.0,0.0,0.0,False,u,has joined Leyton Orient on loan for the rest of the season.,,,,2526
465,497894,38,371,Rasmus Højlund,Højlund,4,0.3,6.3,14,6,Away,2026-05-24T15:00:00Z,3,0,0,0,0,0,0,0,0,0,0,0,0.0,0.0,0.0,0.0,0,0.0,0.0,0.0,0.0,False,u,has joined Napoli on loan for the rest of the season.,,,,2526
466,458249,38,371,Joshua Zirkzee,Zirkzee,4,0.4,5.8,14,6,Away,2026-05-24T15:00:00Z,3,0,16,0,0,0,0,0,0,0,2,1,0.0,0.0,0.0,0.31,0,0.2,0.0,1.8,0.0,False,a,,,,,2526
467,596047,38,371,Chido Obi,Obi,4,1.4,4.2,14,6,Away,2026-05-24T15:00:00Z,3,0,0,0,0,0,0,0,0,0,0,0,0.0,0.0,0.0,0.0,0,0.0,0.0,0.0,0.0,False,a,,,,,2526
468,575034,38,371,Ethan Wheatley,Wheatley,4,0.1,4.5,14,6,Away,2026-05-24T15:00:00Z,3,0,0,0,0,0,0,0,0,0,0,0,0.0,0.0,0.0,0.0,0,0.0,0.0,0.0,0.0,False,u,has joined Bradford City on loan for the rest of the season.,,,,2526
469,98747,38,374,Nick Pope,Pope,1,4.5,5.0,15,10,Away,2026-05-24T15:00:00Z,0,2,90,0,0,0,2,0,0,0,12,2,0.0,0.0,0.0,1.81,0,2.7,27.2,0.0,0.0,False,a,,,,,2526
470,67089,38,372,Martin Dúbravka,Dúbravka,1,25.7,4.0,3,20,Home,2026-05-24T15:00:00Z,1,1,0,0,0,0,0,0,0,0,0,0,0.0,0.0,0.0,0.0,0,0.0,0.0,0.0,0.0,False,a,,,,,2526
471,81441,38,374,Mark Gillespie,Gillespie,1,0.1,3.9,15,10,Away,2026-05-24T15:00:00Z,0,2,0,0,0,0,0,0,0,0,0,0,0.0,0.0,0.0,0.0,0,0.0,0.0,0.0,0.0,False,a,,,,,2526
472,111452,38,374,Odysseas Vlachodimos,Odysseas,1,0.0,4.0,15,10,Away,2026-05-24T15:00:00Z,0,2,0,0,0,0,0,0,0,0,0,0,0.0,0.0,0.0,0.0,0,0.0,0.0,0.0,0.0,False,u,Has joined Sevilla on loan for the rest of the season.,,,,2526
473,487838,38,374,Lewis Hall,Hall,2,3.3,5.3,15,10,Away,2026-05-24T15:00:00Z,0,2,90,0,0,0,2,0,0,0,6,1,0.02,0.1,0.12,1.81,7,4.3,10.6,27.5,5.0,False,a,,2.0,1.0,,2526
474,119471,38,374,Fabian Schär,Schär,2,1.1,5.2,15,10,Away,2026-05-24T15:00:00Z,0,2,0,0,0,0,0,0,0,0,0,0,0.0,0.0,0.0,0.0,0,0.0,0.0,0.0,0.0,False,i,Ankle injury - Expected back 01 Jun,,4.0,,2526
475,220237,38,374,Sven Botman,Botman,2,0.5,4.9,15,10,Away,2026-05-24T15:00:00Z,0,2,90,0,0,0,2,0,0,0,9,3,0.0,0.0,0.0,1.81,11,3.7,35.8,0.7,0.0,False,a,,,,,2526
476,78916,38,374,Dan Burn,Burn,2,3.6,5.0,15,10,Away,2026-05-24T15:00:00Z,0,2,83,0,0,0,2,0,0,0,7,1,0.0,0.0,0.0,1.58,5,1.4,13.2,0.8,0.0,False,a,,,,,2526
477,441191,38,374,Tino Livramento,Livramento,2,1.8,4.9,15,10,Away,2026-05-24T15:00:00Z,0,2,0,0,0,0,0,0,0,0,0,0,0.0,0.0,0.0,0.0,0,0.0,0.0,0.0,0.0,False,i,Thigh injury - Expected back 01 Jun,,,,2526
478,77794,38,374,Kieran Trippier,Trippier,2,1.4,4.9,15,10,Away,2026-05-24T15:00:00Z,0,2,0,0,0,0,0,0,0,0,0,0,0.0,0.0,0.0,0.0,0,0.0,0.0,0.0,0.0,False,a,,4.0,2.0,,2526
479,111773,38,374,Emil Krafth,Krafth,2,0.0,4.3,15,10,Away,2026-05-24T15:00:00Z,0,2,0,0,0,0,0,0,0,0,0,0,0.0,0.0,0.0,0.0,0,0.0,0.0,0.0,0.0,False,i,Knee injury - Unknown return date,,,,2526
480,101148,38,374,Jamaal Lascelles,Lascelles,2,0.0,4.3,15,10,Away,2026-05-24T15:00:00Z,0,2,0,0,0,0,0,0,0,0,0,0,0.0,0.0,0.0,0.0,0,0.0,0.0,0.0,0.0,False,u,has joined Leicester City permanently.,,,,2526
481,545477,38,374,Alex Murphy,A.Murphy,2,0.7,3.8,15,10,Away,2026-05-24T15:00:00Z,0,2,6,0,0,0,0,0,0,0,4,1,0.0,0.0,0.0,0.22,3,1.1,8.0,0.6,2.0,False,a,,,,,2526
482,441024,38,374,Harrison Ashby,Ashby,2,0.1,3.9,15,10,Away,2026-05-24T15:00:00Z,0,2,0,0,0,0,0,0,0,0,0,0,0.0,0.0,0.0,0.0,0,0.0,0.0,0.0,0.0,False,u,has joined Bradford City on loan for the rest of the season.,,,,2526
483,578512,38,374,Miodrag Pivaš,Pivas,2,0.4,3.8,15,10,Away,2026-05-24T15:00:00Z,0,2,0,0,0,0,0,0,0,0,0,0,0.0,0.0,0.0,0.0,0,0.0,0.0,0.0,0.0,False,a,,,,,2526
484,169359,38,374,Matt Targett,Targett,2,0.1,4.0,15,10,Away,2026-05-24T15:00:00Z,0,2,0,0,0,0,0,0,0,0,0,0,0.0,0.0,0.0,0.0,0,0.0,0.0,0.0,0.0,False,u,has joined Middlesbrough on loan for the rest of the season.,,,,2526
485,232826,38,374,Anthony Gordon,Gordon,3,3.1,7.2,15,10,Away,2026-05-24T15:00:00Z,0,2,0,0,0,0,0,0,0,0,0,0,0.0,0.0,0.0,0.0,0,0.0,0.0,0.0,0.0,False,a,,,,1.0,2526
486,449434,38,374,Anthony Elanga,Elanga,3,2.6,6.5,15,10,Away,2026-05-24T15:00:00Z,0,2,24,0,0,0,1,0,0,0,5,1,0.0,0.03,0.03,0.59,1,0.3,0.8,0.5,2.0,False,a,,5.0,,,2526
487,201666,38,374,Harvey Barnes,Barnes,3,1.3,6.1,15,10,Away,2026-05-24T15:00:00Z,0,2,45,0,0,0,1,0,0,0,2,1,0.08,0.03,0.11,0.69,0,3.0,1.2,13.6,15.0,False,a,,,,,2526
488,208706,38,374,Bruno Guimarães Rodriguez Moura,Bruno G.,3,6.5,6.9,15,10,Away,2026-05-24T15:00:00Z,0,2,65,0,0,0,1,1,0,0,8,1,0.02,0.05,0.07,1.22,4,1.5,2.4,3.9,9.0,False,a,,3.0,5.0,2.0,2526
489,114243,38,374,Jacob Murphy,J.Murphy,3,0.6,5.9,15,10,Away,2026-05-24T15:00:00Z,0,2,45,0,0,0,1,0,0,0,4,1,0.0,0.03,0.03,1.12,1,0.5,1.0,2.1,2.0,False,a,,,,,2526
490,180974,38,374,Joelinton Cássio Apolinário de Lira,Joelinton,3,0.3,5.9,15,10,Away,2026-05-24T15:00:00Z,0,2,0,0,0,0,0,0,0,0,0,0,0.0,0.0,0.0,0.0,0,0.0,0.0,0.0,0.0,False,i,Thigh injury - Expected back 01 Jun,,,,2526
491,432422,38,374,Sandro Tonali,Tonali,3,1.0,5.3,15,10,Away,2026-05-24T15:00:00Z,0,2,0,0,0,0,0,0,0,0,0,0,0.0,0.0,0.0,0.0,0,0.0,0.0,0.0,0.0,False,d,Hamstring injury - 75% chance of playing,1.0,3.0,,2526
492,640108,38,374,Antoñito Cordero Campillo,Antoñito C.,3,0.0,4.9,15,10,Away,2026-05-24T15:00:00Z,0,2,0,0,0,0,0,0,0,0,0,0,0.0,0.0,0.0,0.0,0,0.0,0.0,0.0,0.0,False,u,has joined Cadiz on loan for the rest of the season.,,,,2526
493,180135,38,380,Sean Longstaff,Longstaff,3,0.2,4.8,11,19,Away,2026-05-24T15:00:00Z,0,3,0,0,0,0,0,0,0,0,0,0,0.0,0.0,0.0,0.0,0,0.0,0.0,0.0,0.0,False,a,,2.0,2.0,,2526
494,200089,38,374,Joe Willock,Willock,3,0.1,5.0,15,10,Away,2026-05-24T15:00:00Z,0,2,90,0,0,0,2,0,0,0,13,2,0.15,0.04,0.19,1.81,6,5.0,17.8,7.8,24.0,False,a,,,,,2526
495,153127,38,374,Isaac Hayden,Hayden,3,0.0,4.5,15,10,Away,2026-05-24T15:00:00Z,0,2,0,0,0,0,0,0,0,0,0,0,0.0,0.0,0.0,0.0,0,0.0,0.0,0.0,0.0,False,u,Has departed the club as a free agent.,,,,2526
496,564510,38,374,Garang Kuol,Kuol,3,0.0,4.4,15,10,Away,2026-05-24T15:00:00Z,0,2,0,0,0,0,0,0,0,0,0,0,0.0,0.0,0.0,0.0,0,0.0,0.0,0.0,0.0,False,u,has joined Sparta Prague permanently.,,,,2526
497,547719,38,374,Lewis Miley,L.Miley,3,1.7,4.4,15,10,Away,2026-05-24T15:00:00Z,0,2,0,0,0,0,0,0,0,0,0,0,0.0,0.0,0.0,0.0,0,0.0,0.0,0.0,0.0,False,i,Leg injury - Expected back 01 Jul,,,,2526
498,461484,38,374,Joe White,White,3,0.0,4.5,15,10,Away,2026-05-24T15:00:00Z,0,2,0,0,0,0,0,0,0,0,0,0,0.0,0.0,0.0,0.0,0,0.0,0.0,0.0,0.0,False,u,has joined Bradford City on loan for the rest of the season.,,,,2526
499,219168,38,375,Alexander Isak,Isak,4,3.8,10.3,12,5,Home,2026-05-24T15:00:00Z,1,1,0,0,0,0,0,0,0,0,0,0,0.0,0.0,0.0,0.0,0,0.0,0.0,0.0,0.0,False,a,,,,,2526
500,538207,38,374,William Osula,Osula,4,2.1,5.5,15,10,Away,2026-05-24T15:00:00Z,0,2,65,0,0,0,1,0,0,0,9,2,0.0,0.0,0.0,1.22,2,0.3,1.0,0.1,2.0,False,a,,,,,2526
501,599303,38,374,Sean Neave,Neave,4,0.3,4.3,15,10,Away,2026-05-24T15:00:00Z,0,2,13,0,0,0,1,0,0,0,2,1,0.03,0.0,0.03,0.37,0,0.5,0.0,0.0,5.0,False,a,,,,,2526
502,85633,38,377,Matz Sels,Sels,1,5.0,4.6,16,4,Home,2026-05-24T15:00:00Z,1,1,90,0,0,0,1,0,0,0,11,3,0.0,0.0,0.0,0.95,0,2.4,24.4,0.0,0.0,False,a,,,,,2526
503,475123,38,377,Carlos Miguel dos Santos Pereira,C.Miguel,1,0.1,4.0,16,4,Home,2026-05-24T15:00:00Z,1,1,0,0,0,0,0,0,0,0,0,0,0.0,0.0,0.0,0.0,0,0.0,0.0,0.0,0.0,False,u,Has joined Palmeiras permanently.,,,,2526
504,224068,38,377,Matt Turner,Turner,1,0.1,4.0,16,4,Home,2026-05-24T15:00:00Z,1,1,0,0,0,0,0,0,0,0,0,0,0.0,0.0,0.0,0.0,0,0.0,0.0,0.0,0.0,False,u,Has joined Lyon permanently.,,,,2526
505,227444,38,377,Nikola Milenković,Milenković,2,3.3,5.1,16,4,Home,2026-05-24T15:00:00Z,1,1,90,0,0,0,1,0,0,0,10,4,0.0,0.21,0.21,0.95,10,5.2,27.4,20.4,4.0,False,a,,,,,2526
506,575476,38,377,Murillo Costa dos Santos,Murillo,2,1.8,5.2,16,4,Home,2026-05-24T15:00:00Z,1,1,0,0,0,0,0,0,0,0,0,0,0.0,0.0,0.0,0.0,0,0.0,0.0,0.0,0.0,False,i,Muscle injury - Expected back 01 Jun,,2.0,,2526
507,159506,38,377,Ola Aina,Aina,2,2.1,4.7,16,4,Home,2026-05-24T15:00:00Z,1,1,0,0,0,0,0,0,0,0,0,0,0.0,0.0,0.0,0.0,0,0.0,0.0,0.0,0.0,False,d,Lack of match fitness - 75% chance of playing,,,,2526
508,215136,38,377,Neco Williams,N.Williams,2,4.2,4.8,16,4,Home,2026-05-24T15:00:00Z,1,1,90,0,0,0,1,0,0,0,7,2,0.07,0.05,0.12,0.95,8,5.3,16.4,9.3,27.0,False,a,,3.0,,,2526
509,451432,38,377,David Mota Veiga Teixeira do Carmo,David Carmo,2,0.0,4.5,16,4,Home,2026-05-24T15:00:00Z,1,1,0,0,0,0,0,0,0,0,0,0,0.0,0.0,0.0,0.0,0,0.0,0.0,0.0,0.0,False,u,has joined Real Oviedo on loan for the rest of the season.,,,,2526
510,575458,38,377,Jair Paula da Cunha Filho,Jair Cunha,2,0.1,4.2,16,4,Home,2026-05-24T15:00:00Z,1,1,62,0,0,0,1,0,0,0,1,2,0.0,0.0,0.0,0.8,3,0.0,0.0,0.2,0.0,False,a,,,,,2526
511,485047,38,377,Felipe Rodrigues da Silva,Morato,2,0.1,4.3,16,4,Home,2026-05-24T15:00:00Z,1,1,90,0,0,0,1,0,0,0,8,4,0.0,0.0,0.0,0.95,12,2.9,26.2,0.3,2.0,False,a,,,,,2526
512,204822,38,377,Omar Richards,O.Richards,2,0.0,4.5,16,4,Home,2026-05-24T15:00:00Z,1,1,0,0,0,0,0,0,0,0,0,0,0.0,0.0,0.0,0.0,0,0.0,0.0,0.0,0.0,False,u,has joined Rio Ave on loan for the rest of the season.,,,,2526
513,549067,38,377,Zach Abbott,Abbott,2,0.2,3.8,16,4,Home,2026-05-24T15:00:00Z,1,1,0,0,0,0,0,0,0,0,0,0,0.0,0.0,0.0,0.0,0,0.0,0.0,0.0,0.0,False,a,,,,,2526
514,90585,38,377,Willy Boly,Boly,2,0.3,3.8,16,4,Home,2026-05-24T15:00:00Z,1,1,0,0,0,0,0,0,0,0,0,0,0.0,0.0,0.0,0.0,0,0.0,0.0,0.0,0.0,False,i,Knee injury - Unknown return date,,,,2526
515,222531,38,377,Morgan Gibbs-White,Gibbs-White,3,9.2,7.6,16,4,Home,2026-05-24T15:00:00Z,1,1,90,1,0,0,1,0,0,2,27,9,0.47,0.04,0.51,0.95,3,8.7,37.4,26.8,23.0,False,a,,,1.0,2.0,2526
516,209046,38,377,Callum Hudson-Odoi,Hudson-Odoi,3,0.6,5.7,16,4,Home,2026-05-24T15:00:00Z,1,1,0,0,0,0,0,0,0,0,0,0,0.0,0.0,0.0,0.0,0,0.0,0.0,0.0,0.0,False,i,Muscle injury - Expected back 01 Jun,,,,2526
517,215379,38,377,Elliot Anderson,Anderson,3,9.4,5.7,16,4,Home,2026-05-24T15:00:00Z,1,1,64,0,0,0,1,0,0,0,18,2,0.01,0.39,0.4,0.82,9,4.3,12.0,30.0,1.0,False,a,,1.0,3.0,4.0,2526
518,510500,38,377,João Pedro Ferreira da Silva,Jota,3,0.0,5.4,16,4,Home,2026-05-24T15:00:00Z,1,1,0,0,0,0,0,0,0,0,0,0,0.0,0.0,0.0,0.0,0,0.0,0.0,0.0,0.0,False,u,has joined Besiktas on loan for the rest of the season.,,,,2526
519,250199,38,377,Nicolás Domínguez,Dominguez,3,0.0,5.0,16,4,Home,2026-05-24T15:00:00Z,1,1,25,0,0,0,0,0,0,0,6,1,0.11,0.0,0.11,0.14,3,1.2,5.2,2.1,5.0,False,a,,,,,2526
520,243345,38,377,Lewis O'Brien,O'Brien,3,0.0,5.0,16,4,Home,2026-05-24T15:00:00Z,1,1,0,0,0,0,0,0,0,0,0,0,0.0,0.0,0.0,0.0,0,0.0,0.0,0.0,0.0,False,u,Has joined Wrexham permanently.,,,,2526
521,210462,38,377,Ibrahim Sangaré,Sangaré,3,0.1,4.9,16,4,Home,2026-05-24T15:00:00Z,1,1,64,0,0,0,1,0,0,0,11,4,0.0,0.03,0.03,0.82,16,2.2,19.6,2.7,0.0,False,a,,,,,2526
522,204968,38,377,Ryan Yates,Yates,3,0.1,4.7,16,4,Home,2026-05-24T15:00:00Z,1,1,25,0,0,0,0,0,0,0,5,1,0.15,0.0,0.15,0.14,6,1.8,11.0,0.4,7.0,False,a,,,,,2526
523,569014,38,377,Eric da Silva Moreira,Da Silva Moreira,3,0.1,4.5,16,4,Home,2026-05-24T15:00:00Z,1,1,0,0,0,0,0,0,0,0,0,0,0.0,0.0,0.0,0.0,0,0.0,0.0,0.0,0.0,False,a,,,,,2526
524,495161,38,377,Marko Stamenić,Stamenic,3,0.0,4.5,16,4,Home,2026-05-24T15:00:00Z,1,1,0,0,0,0,0,0,0,0,0,0,0.0,0.0,0.0,0.0,0,0.0,0.0,0.0,0.0,False,u,Has joined Swansea City permanently.,,,,2526
525,60689,38,377,Chris Wood,Wood,4,4.7,7.1,16,4,Home,2026-05-24T15:00:00Z,1,1,61,0,0,0,1,0,0,0,6,2,0.58,0.09,0.67,0.8,3,4.5,4.6,12.4,28.0,False,a,,,,1.0,2526
526,482973,38,377,Igor Jesus Maciel da Cruz,Igor Jesus,4,2.4,5.9,16,4,Home,2026-05-24T15:00:00Z,1,1,90,0,0,0,1,0,0,0,13,2,0.18,0.03,0.21,0.95,6,3.2,5.6,3.6,23.0,False,a,,,,3.0,2526
527,210156,38,377,Taiwo Awoniyi,Awoniyi,4,0.4,5.2,16,4,Home,2026-05-24T15:00:00Z,1,1,28,0,0,0,0,1,0,0,-5,0,0.17,0.0,0.17,0.16,1,0.5,0.0,0.1,7.0,False,a,,,,,2526
528,232571,38,378,Anthony Patterson,Patterson,1,0.1,4.2,17,7,Home,2026-05-24T15:00:00Z,2,1,0,0,0,0,0,0,0,0,0,0,0.0,0.0,0.0,0.0,0,0.0,0.0,0.0,0.0,False,u,has joined Millwall on loan for the rest of the season.,,,,2526
529,74854,38,378,Simon Moore,Moore,1,0.3,3.9,17,7,Home,2026-05-24T15:00:00Z,2,1,0,0,0,0,0,0,0,0,0,0,0.0,0.0,0.0,0.0,0,0.0,0.0,0.0,0.0,False,a,,,,,2526
530,490000,38,378,Blondy Nna Noukeu,Nna Noukeu,1,0.1,3.9,17,7,Home,2026-05-24T15:00:00Z,2,1,0,0,0,0,0,0,0,0,0,0,0.0,0.0,0.0,0.0,0,0.0,0.0,0.0,0.0,False,u,has joined US Boulogne CO permanently.,,,,2526
531,223827,38,378,Daniel Ballard,Ballard,2,2.4,4.6,17,7,Home,2026-05-24T15:00:00Z,2,1,0,0,0,0,0,0,0,0,0,0,0.0,0.0,0.0,0.0,0,0.0,0.0,0.0,0.0,False,a,,,,,2526
532,487676,38,378,Trai Hume,Hume,2,0.3,4.5,17,7,Home,2026-05-24T15:00:00Z,2,1,90,1,0,0,1,0,0,0,22,8,0.18,0.19,0.37,0.89,3,13.6,50.8,64.8,20.0,False,a,,2.0,,,2526
533,220684,38,378,Aji Alese,Alese,2,0.0,4.0,17,7,Home,2026-05-24T15:00:00Z,2,1,0,0,0,0,0,0,0,0,0,0,0.0,0.0,0.0,0.0,0,0.0,0.0,0.0,0.0,False,u,has joined Portsmouth on loan for the rest of the season.,,,,2526
534,232820,38,378,Joe Anderson,Anderson,2,0.3,3.8,17,7,Home,2026-05-24T15:00:00Z,2,1,0,0,0,0,0,0,0,0,0,0,0.0,0.0,0.0,0.0,0,0.0,0.0,0.0,0.0,False,u,has joined Barrow FC permanently.,,,,2526
535,461195,38,378,Dennis Cirkin,Cirkin,2,0.0,4.0,17,7,Home,2026-05-24T15:00:00Z,2,1,0,0,0,0,0,0,0,0,0,0,0.0,0.0,0.0,0.0,0,0.0,0.0,0.0,0.0,False,a,,,,,2526
536,477547,38,378,Leo Fuhr Hjelde,Hjelde,2,0.0,4.0,17,7,Home,2026-05-24T15:00:00Z,2,1,0,0,0,0,0,0,0,0,0,0,0.0,0.0,0.0,0.0,0,0.0,0.0,0.0,0.0,False,u,has joined Sheffield United on loan for the rest of the season.,,,,2526
537,492066,38,378,Niall Huggins,Huggins,2,0.1,4.0,17,7,Home,2026-05-24T15:00:00Z,2,1,0,0,0,0,0,0,0,0,0,0,0.0,0.0,0.0,0.0,0,0.0,0.0,0.0,0.0,False,u,has joined Wycombe Wanderers on loan for the rest of the season.,,,,2526
538,514613,38,378,Zak Johnson,Johnson,2,0.2,3.8,17,7,Home,2026-05-24T15:00:00Z,2,1,0,0,0,0,0,0,0,0,0,0,0.0,0.0,0.0,0.0,0,0.0,0.0,0.0,0.0,False,u,has joined York City on loan for the rest of the season.,,,,2526
539,167512,38,378,Luke O'Nien,O'Nien,2,0.1,4.0,17,7,Home,2026-05-24T15:00:00Z,2,1,90,0,1,0,1,0,0,1,23,6,0.08,0.01,0.09,0.89,4,7.7,31.8,20.7,24.0,False,a,,,,,2526
540,465702,38,378,Timothée Pembélé,Pembele,2,0.3,3.9,17,7,Home,2026-05-24T15:00:00Z,2,1,0,0,0,0,0,0,0,0,0,0,0.0,0.0,0.0,0.0,0,0.0,0.0,0.0,0.0,False,u,has joined Le Havre AC on loan for the rest of the season.,,,,2526
541,434399,38,378,Reinildo Mandava,Reinildo,2,3.0,3.8,17,7,Home,2026-05-24T15:00:00Z,2,1,90,0,0,0,1,0,0,0,12,2,0.0,0.01,0.01,0.89,8,1.6,14.0,1.9,0.0,False,a,,,,,2526
542,519634,38,378,Jenson Seelt,Seelt,2,0.1,4.0,17,7,Home,2026-05-24T15:00:00Z,2,1,0,0,0,0,0,0,0,0,0,0,0.0,0.0,0.0,0.0,0,0.0,0.0,0.0,0.0,False,u,has joined Wolfsburg on loan for the rest of the season.,,,,2526
543,535818,38,378,Simon Adingra,Adingra,3,0.3,4.9,17,7,Home,2026-05-24T15:00:00Z,2,1,0,0,0,0,0,0,0,0,0,0,0.0,0.0,0.0,0.0,0,0.0,0.0,0.0,0.0,False,u,has joined AS Monaco on loan for the rest of the season.,,,,2526
544,547027,38,378,Habib Diarra,Diarra,3,0.1,5.3,17,7,Home,2026-05-24T15:00:00Z,2,1,29,0,0,0,0,1,0,0,-2,0,0.13,0.04,0.17,0.08,2,2.1,0.0,10.8,12.0,False,a,,,,1.0,2526
545,124165,38,378,Patrick Roberts,Roberts,3,0.0,5.4,17,7,Home,2026-05-24T15:00:00Z,2,1,0,0,0,0,0,0,0,0,0,0,0.0,0.0,0.0,0.0,0,0.0,0.0,0.0,0.0,False,u,has joined Birmingham City permanently.,,,,2526
546,626844,38,378,Milan Aleksić,Aleksić,3,0.0,4.9,17,7,Home,2026-05-24T15:00:00Z,2,1,0,0,0,0,0,0,0,0,0,0,0.0,0.0,0.0,0.0,0,0.0,0.0,0.0,0.0,False,a,,,,,2526
547,484420,38,378,Enzo Le Fée,E.Le Fée,3,1.6,4.8,17,7,Home,2026-05-24T15:00:00Z,2,1,90,0,0,0,1,0,0,3,27,5,0.08,0.66,0.74,0.89,11,12.3,27.4,55.7,40.0,False,a,,3.0,2.0,2.0,2526
548,461199,38,378,Romaine Mundle,Mundle,3,0.0,4.9,17,7,Home,2026-05-24T15:00:00Z,2,1,0,0,0,0,0,0,0,0,0,0,0.0,0.0,0.0,0.0,0,0.0,0.0,0.0,0.0,False,i,Hamstring injury - Expected back 01 Jun,,,,2526
549,223336,38,378,Dan Neil,Neil,3,0.0,4.8,17,7,Home,2026-05-24T15:00:00Z,2,1,0,0,0,0,0,0,0,0,0,0,0.0,0.0,0.0,0.0,0,0.0,0.0,0.0,0.0,False,u,has joined Ipswich Town on loan for the rest of the season.,,,,2526
550,215460,38,378,Ian Poveda-Ocampo,Poveda,3,0.0,4.7,17,7,Home,2026-05-24T15:00:00Z,2,1,0,0,0,0,0,0,0,0,0,0,0.0,0.0,0.0,0.0,0,0.0,0.0,0.0,0.0,False,a,,,,,2526
551,554197,38,378,Chris Rigg,Rigg,3,0.1,4.7,17,7,Home,2026-05-24T15:00:00Z,2,1,1,0,0,0,0,0,0,0,3,1,0.0,0.0,0.0,0.0,0,0.0,0.2,0.1,0.0,False,a,,,,,2526
552,577669,38,378,Noah Sadiki,Sadiki,3,0.1,4.9,17,7,Home,2026-05-24T15:00:00Z,2,1,90,0,0,0,1,1,0,0,11,1,0.0,0.02,0.02,0.89,6,3.1,7.8,23.1,0.0,False,a,,,,,2526
553,549912,38,378,Chemsdine Talbi,Talbi,3,0.2,4.9,17,7,Home,2026-05-24T15:00:00Z,2,1,0,0,0,0,0,0,0,0,0,0,0.0,0.0,0.0,0.0,0,0.0,0.0,0.0,0.0,False,i,Muscle injury - Expected back 01 Jun,,,,2526
554,477851,38,378,Abdoullah Ba,Ba,3,0.3,4.3,17,7,Home,2026-05-24T15:00:00Z,2,1,0,0,0,0,0,0,0,0,0,0,0.0,0.0,0.0,0.0,0,0.0,0.0,0.0,0.0,False,a,,,,,2526
555,171422,38,378,Alan Browne,Browne,3,0.0,4.5,17,7,Home,2026-05-24T15:00:00Z,2,1,0,0,0,0,0,0,0,0,0,0,0.0,0.0,0.0,0.0,0,0.0,0.0,0.0,0.0,False,u,has joined Middlesbrough on loan for the rest of the season.,,,,2526
556,458297,38,378,Pierre Ekwah Elimby,Ekwah,3,0.0,4.5,17,7,Home,2026-05-24T15:00:00Z,2,1,0,0,0,0,0,0,0,0,0,0,0.0,0.0,0.0,0.0,0,0.0,0.0,0.0,0.0,False,u,Has joined AS Saint-Etienne permanently.,,,,2526
557,547410,38,378,Harrison Jones,H.Jones,3,0.1,4.3,17,7,Home,2026-05-24T15:00:00Z,2,1,0,0,0,0,0,0,0,0,0,0,0.0,0.0,0.0,0.0,0,0.0,0.0,0.0,0.0,False,a,,,,,2526
558,493837,38,378,Jay Matete,Matete,3,0.2,4.3,17,7,Home,2026-05-24T15:00:00Z,2,1,0,0,0,0,0,0,0,0,0,0,0.0,0.0,0.0,0.0,0,0.0,0.0,0.0,0.0,False,u,has joined MK Dons permanently.,,,,2526
559,500696,38,378,Nectarios Triantis,Triantis,3,0.0,4.4,17,7,Home,2026-05-24T15:00:00Z,2,1,0,0,0,0,0,0,0,0,0,0,0.0,0.0,0.0,0.0,0,0.0,0.0,0.0,0.0,False,u,has joined Minnesota United permanently.,,,,2526
560,437505,38,378,Wilson Isidor,Isidor,4,1.3,5.0,17,7,Home,2026-05-24T15:00:00Z,2,1,29,0,0,0,0,0,0,0,5,1,0.09,0.01,0.1,0.08,1,1.0,0.8,0.6,9.0,False,a,,,,,2526
561,564406,38,378,Eliezer Mayenda Dossou,Mayenda,4,0.5,5.1,17,7,Home,2026-05-24T15:00:00Z,2,1,0,0,0,0,0,0,0,0,0,0,0.0,0.0,0.0,0.0,0,0.0,0.0,0.0,0.0,False,a,,,,,2526
562,611975,38,378,Ahmed Abdullahi,Abdullahi,4,0.4,4.2,17,7,Home,2026-05-24T15:00:00Z,2,1,0,0,0,0,0,0,0,0,0,0,0.0,0.0,0.0,0.0,0,0.0,0.0,0.0,0.0,False,a,,,,,2526
563,551153,38,378,Luís Hemir Silva Semedo,Luís Hemir,4,0.1,4.4,17,7,Home,2026-05-24T15:00:00Z,2,1,0,0,0,0,0,0,0,0,0,0,0.0,0.0,0.0,0.0,0,0.0,0.0,0.0,0.0,False,u,has joined Moreirense on loan for the rest of the season.,,,,2526
564,440955,38,378,Nazarii Rusyn,Rusyn,4,0.1,4.4,17,7,Home,2026-05-24T15:00:00Z,2,1,0,0,0,0,0,0,0,0,0,0,0.0,0.0,0.0,0.0,0,0.0,0.0,0.0,0.0,False,u,has joined Arka on loan for the rest of the season.,,,,2526
565,184254,38,379,Guglielmo Vicario,Vicario,1,4.7,4.7,18,9,Home,2026-05-24T15:00:00Z,1,0,0,0,0,0,0,0,0,0,0,0,0.0,0.0,0.0,0.0,0,0.0,0.0,0.0,0.0,False,a,,,,,2526
566,214572,38,379,Brandon Austin,Austin,1,0.3,3.9,18,9,Home,2026-05-24T15:00:00Z,1,0,0,0,0,0,0,0,0,0,0,0,0.0,0.0,0.0,0.0,0,0.0,0.0,0.0,0.0,False,a,,,,,2526
567,485055,38,379,Antonín Kinský,Kinsky,1,1.9,3.9,18,9,Home,2026-05-24T15:00:00Z,1,0,90,0,0,1,0,1,0,0,19,5,0.0,0.0,0.0,0.41,0,1.0,10.2,0.0,0.0,False,a,,,,,2526
568,441164,38,379,Pedro Porro Sauceda,Pedro Porro,2,11.7,5.2,18,9,Home,2026-05-24T15:00:00Z,1,0,90,0,0,1,0,0,0,2,38,10,0.06,0.11,0.17,0.41,11,9.0,28.8,56.8,4.0,True,a,,3.0,2.0,,2526
569,221632,38,379,Cristian Romero,Romero,2,2.9,5.0,18,9,Home,2026-05-24T15:00:00Z,1,0,0,0,0,0,0,0,0,0,0,0,0.0,0.0,0.0,0.0,0,0.0,0.0,0.0,0.0,False,i,Knee injury - Expected back 01 Jun,,,,2526
570,135720,38,379,Kevin Danso,Danso,2,0.2,4.2,18,9,Home,2026-05-24T15:00:00Z,1,0,90,0,0,1,0,0,0,0,28,8,0.2,0.01,0.21,0.41,11,4.1,22.2,0.8,18.0,False,a,,,,,2526
571,115556,38,379,Ben Davies,Davies,2,0.1,4.3,18,9,Home,2026-05-24T15:00:00Z,1,0,0,0,0,0,0,0,0,0,0,0,0.0,0.0,0.0,0.0,0,0.0,0.0,0.0,0.0,False,i,Ankle injury - Unknown return date,,,,2526
572,493125,38,379,Radu Drăgușin,Dragusin,2,0.0,4.5,18,9,Home,2026-05-24T15:00:00Z,1,0,1,0,0,0,0,0,0,0,4,1,0.0,0.0,0.0,0.25,3,0.5,5.0,0.0,0.0,False,a,,,,,2526
573,232859,38,379,Djed Spence,Spence,2,0.9,4.1,18,9,Home,2026-05-24T15:00:00Z,1,0,90,0,0,1,0,0,0,0,20,6,0.02,0.01,0.03,0.41,3,3.3,7.8,2.2,23.0,False,a,,,,,2526
574,487053,38,379,Destiny Udogie,Udogie,2,0.3,4.3,18,9,Home,2026-05-24T15:00:00Z,1,0,89,0,0,1,0,0,0,1,32,7,0.02,0.02,0.04,0.16,3,2.3,13.4,2.5,7.0,False,a,,,,,2526
575,491279,38,379,Micky van de Ven,Van de Ven,2,17.6,4.4,18,9,Home,2026-05-24T15:00:00Z,1,0,90,0,0,1,0,0,0,0,24,6,0.03,0.0,0.03,0.41,6,1.9,12.6,0.3,6.0,False,a,,,,,2526
576,548308,38,379,Ashley Phillips,Phillips,2,0.0,4.0,18,9,Home,2026-05-24T15:00:00Z,1,0,0,0,0,0,0,0,0,0,0,0,0.0,0.0,0.0,0.0,0,0.0,0.0,0.0,0.0,False,u,Has joined Stoke City on loan for the rest of the season.,,,,2526
577,553299,38,379,Takai Kōta,Takai,2,0.0,4.0,18,9,Home,2026-05-24T15:00:00Z,1,0,0,0,0,0,0,0,0,0,0,0,0.0,0.0,0.0,0.0,0,0.0,0.0,0.0,0.0,False,u,has joined Borussia Mönchengladbach on loan for the rest of the season.,,,,2526
578,610799,38,379,Luka Vušković,Vuskovic,2,0.3,3.9,18,9,Home,2026-05-24T15:00:00Z,1,0,0,0,0,0,0,0,0,0,0,0,0.0,0.0,0.0,0.0,0,0.0,0.0,0.0,0.0,False,u,has joined Hamburger SV on loan for the rest of the season.,,,,2526
579,85971,38,379,Son Heung-min,Son,3,0.1,8.5,18,9,Home,2026-05-24T15:00:00Z,1,0,0,0,0,0,0,0,0,0,0,0,0.0,0.0,0.0,0.0,0,0.0,0.0,0.0,0.0,False,u,has joined Los Angeles FC permanently.,,,,2526
580,242898,38,373,Brennan Johnson,Johnson,3,2.4,6.5,8,1,Home,2026-05-24T15:00:00Z,1,2,0,0,0,0,0,0,0,0,0,0,0.0,0.0,0.0,0.0,0,0.0,0.0,0.0,0.0,False,a,,1.0,3.0,,2526
581,172780,38,379,James Maddison,Maddison,3,0.3,6.8,18,9,Home,2026-05-24T15:00:00Z,1,0,8,0,0,0,0,0,0,0,4,1,0.0,0.0,0.0,0.25,2,0.2,1.0,1.0,0.0,False,a,,,,,2526
582,460842,38,379,Mohammed Kudus,Kudus,3,9.1,6.4,18,9,Home,2026-05-24T15:00:00Z,1,0,0,0,0,0,0,0,0,0,0,0,0.0,0.0,0.0,0.0,0,0.0,0.0,0.0,0.0,False,i,Thigh injury - Expected back 01 Jun,,4.0,3.0,2526
583,445044,38,379,Dejan Kulusevski,Kulusevski,3,0.0,6.4,18,9,Home,2026-05-24T15:00:00Z,1,0,0,0,0,0,0,0,0,0,0,0,0.0,0.0,0.0,0.0,0,0.0,0.0,0.0,0.0,False,i,Knee injury - Unknown return date,,,,2526
584,511499,38,379,Mathys Tel,Tel,3,0.5,6.2,18,9,Home,2026-05-24T15:00:00Z,1,0,72,0,0,1,0,0,0,0,15,3,0.06,0.26,0.32,0.16,6,8.6,11.4,56.1,18.0,False,a,,1.0,,,2526
585,202993,38,379,Rodrigo Bentancur,Bentancur,3,0.2,5.2,18,9,Home,2026-05-24T15:00:00Z,1,0,81,0,0,1,0,0,0,0,16,5,0.0,0.01,0.01,0.16,14,1.5,12.2,2.6,0.0,False,a,,,,,2526
586,570526,38,379,Lucas Bergvall,Bergvall,3,0.2,5.2,18,9,Home,2026-05-24T15:00:00Z,1,0,0,0,0,0,0,0,0,0,0,0,0.0,0.0,0.0,0.0,0,0.0,0.0,0.0,0.0,False,a,,,,,2526
587,227127,38,379,Yves Bissouma,Bissouma,3,0.0,5.2,18,9,Home,2026-05-24T15:00:00Z,1,0,0,0,0,0,0,0,0,0,0,0,0.0,0.0,0.0,0.0,0,0.0,0.0,0.0,0.0,False,a,,,,,2526
588,550839,38,379,Wilson Odobert,Odobert,3,0.0,5.3,18,9,Home,2026-05-24T15:00:00Z,1,0,0,0,0,0,0,0,0,0,0,0,0.0,0.0,0.0,0.0,0,0.0,0.0,0.0,0.0,False,i,Knee injury - Unknown return date,,,,2526
589,235674,38,379,Manor Solomon,Solomon,3,0.0,5.4,18,9,Home,2026-05-24T15:00:00Z,1,0,0,0,0,0,0,0,0,0,0,0,0.0,0.0,0.0,0.0,0,0.0,0.0,0.0,0.0,False,u,has joined Fiorentina on loan for the rest of the season.,,,,2526
590,436234,38,379,Bryan Gil Salvatierra,Bryan,3,0.0,4.9,18,9,Home,2026-05-24T15:00:00Z,1,0,0,0,0,0,0,0,0,0,0,0,0.0,0.0,0.0,0.0,0,0.0,0.0,0.0,0.0,False,u,has joined Girona permanently.,,,,2526
591,547701,38,379,Archie Gray,Gray,3,0.1,4.8,18,9,Home,2026-05-24T15:00:00Z,1,0,8,0,0,0,0,0,0,0,2,1,0.0,0.0,0.0,0.25,1,0.2,2.2,0.0,0.0,False,a,,,,,2526
592,499721,38,379,Mikey Moore,Moore,3,0.0,5.0,18,9,Home,2026-05-24T15:00:00Z,1,0,0,0,0,0,0,0,0,0,0,0,0.0,0.0,0.0,0.0,0,0.0,0.0,0.0,0.0,False,u,Has joined Rangers on loan for the rest of the season.,,,,2526
593,482442,38,379,Pape Matar Sarr,P.M.Sarr,3,1.0,4.5,18,9,Home,2026-05-24T15:00:00Z,1,0,17,0,0,0,0,1,0,0,1,0,0.0,0.0,0.0,0.25,2,1.5,3.2,11.5,0.0,False,a,,,,,2526
594,623095,38,379,Yang Min-hyeok,Min-hyeok,3,0.0,4.5,18,9,Home,2026-05-24T15:00:00Z,1,0,0,0,0,0,0,0,0,0,0,0,0.0,0.0,0.0,0.0,0,0.0,0.0,0.0,0.0,False,u,has joined Coventry City on loan for the rest of the season.,,,,2526
595,499726,38,379,Callum Olusesi,Olusesi,3,0.2,4.3,18,9,Home,2026-05-24T15:00:00Z,1,0,0,0,0,0,0,0,0,0,0,0,0.0,0.0,0.0,0.0,0,0.0,0.0,0.0,0.0,False,a,,,,,2526
596,154566,38,379,Dominic Solanke-Mitchell,Solanke,4,1.1,7.1,18,9,Home,2026-05-24T15:00:00Z,1,0,0,0,0,0,0,0,0,0,0,0,0.0,0.0,0.0,0.0,0,0.0,0.0,0.0,0.0,False,a,,,,2.0,2526
597,212319,38,379,Richarlison de Andrade,Richarlison,4,8.7,6.5,18,9,Home,2026-05-24T15:00:00Z,1,0,72,0,0,1,0,0,0,0,1,2,0.06,0.09,0.15,0.16,4,2.7,4.8,10.6,12.0,False,a,,,,5.0,2526
598,552427,38,379,Will Lankshear,Lankshear,4,0.0,4.5,18,9,Home,2026-05-24T15:00:00Z,1,0,0,0,0,0,0,0,0,0,0,0,0.0,0.0,0.0,0.0,0,0.0,0.0,0.0,0.0,False,u,has joined Oxford United on loan for the rest of the season.,,,,2526
599,490145,38,379,Dane Scarlett,Scarlett,4,0.5,4.3,18,9,Home,2026-05-24T15:00:00Z,1,0,0,0,0,0,0,0,0,0,0,0,0.0,0.0,0.0,0.0,0,0.0,0.0,0.0,0.0,False,u,has joined Hibernian on loan for the rest of the season.,,,,2526
600,84182,38,380,Alphonse Areola,Areola,1,1.9,4.2,19,11,Home,2026-05-24T15:00:00Z,3,0,0,0,0,0,0,0,0,0,0,0,0.0,0.0,0.0,0.0,0,0.0,0.0,0.0,0.0,False,a,,,,,2526
601,82143,38,380,Wes Foderingham,Foderingham,1,0.2,4.0,19,11,Home,2026-05-24T15:00:00Z,3,0,0,0,0,0,0,0,0,0,0,0,0.0,0.0,0.0,0.0,0,0.0,0.0,0.0,0.0,False,u,has joined Aris Limassol permanently.,,,,2526
602,483364,38,380,Krisztián Hegyi,Hegyi,1,0.2,3.9,19,11,Home,2026-05-24T15:00:00Z,3,0,0,0,0,0,0,0,0,0,0,0,0.0,0.0,0.0,0.0,0,0.0,0.0,0.0,0.0,False,u,has joined MTK Budapest on loan for the rest of the season.,,,,2526
603,613804,38,380,El Hadji Malick Diouf,Diouf,2,2.4,4.1,19,11,Home,2026-05-24T15:00:00Z,3,0,90,0,0,1,0,0,0,0,29,6,0.0,0.01,0.01,1.59,8,4.4,22.8,17.0,4.0,False,a,,,,,2526
604,109533,38,380,Emerson Palmieri dos Santos,Emerson,2,0.0,4.4,19,11,Home,2026-05-24T15:00:00Z,3,0,0,0,0,0,0,0,0,0,0,0,0.0,0.0,0.0,0.0,0,0.0,0.0,0.0,0.0,False,u,has joined Marseille permanently.,,,,2526
605,214048,38,380,Maximilian Kilman,Kilman,2,0.1,4.0,19,11,Home,2026-05-24T15:00:00Z,3,0,0,0,0,0,0,0,0,0,0,0,0.0,0.0,0.0,0.0,0,0.0,0.0,0.0,0.0,False,a,,,,,2526
606,233963,38,380,Konstantinos Mavropanos,Mavropanos,2,2.6,4.5,19,11,Home,2026-05-24T15:00:00Z,3,0,90,0,0,1,0,0,0,0,24,8,0.0,0.01,0.01,1.59,12,2.3,22.0,0.9,0.0,False,a,,,,,2526
607,210494,38,380,Nayef Aguerd,N.Aguerd,2,0.0,4.4,19,11,Home,2026-05-24T15:00:00Z,3,0,0,0,0,0,0,0,0,0,0,0,0.0,0.0,0.0,0.0,0,0.0,0.0,0.0,0.0,False,u,has joined Marseille permanently.,,,,2526
608,536109,38,380,Ollie Scarles,Scarles,2,0.0,4.3,19,11,Home,2026-05-24T15:00:00Z,3,0,0,0,0,0,0,0,0,0,0,0,0.0,0.0,0.0,0.0,0,0.0,0.0,0.0,0.0,False,a,,5.0,,,2526
609,462116,38,380,Jean-Clair Todibo,Todibo,2,0.1,4.3,19,11,Home,2026-05-24T15:00:00Z,3,0,0,0,0,0,0,0,0,0,0,0,0.0,0.0,0.0,0.0,0,0.0,0.0,0.0,0.0,False,a,,,,,2526
610,214590,38,380,Aaron Wan-Bissaka,Wan-Bissaka,2,4.3,4.1,19,11,Home,2026-05-24T15:00:00Z,3,0,0,0,0,0,0,0,0,0,0,0,0.0,0.0,0.0,0.0,0,0.0,0.0,0.0,0.0,False,a,,,,,2526
611,518438,38,380,Kaelan Casey,Casey,2,0.1,4.0,19,11,Home,2026-05-24T15:00:00Z,3,0,0,0,0,0,0,0,0,0,0,0,0.0,0.0,0.0,0.0,0,0.0,0.0,0.0,0.0,False,u,has joined Leyton Orient on loan for the rest of the season.,,,,2526
612,224024,38,380,Lucas Tolentino Coelho de Lima,L.Paquetá,3,1.0,5.9,19,11,Home,2026-05-24T15:00:00Z,3,0,0,0,0,0,0,0,0,0,0,0,0.0,0.0,0.0,0.0,0,0.0,0.0,0.0,0.0,False,u,has joined Flamengo permanently.,,,,2526
613,215439,38,380,Tomáš Souček,Souček,3,0.5,5.7,19,11,Home,2026-05-24T15:00:00Z,3,0,90,0,0,1,0,0,0,0,17,3,0.83,0.01,0.84,1.59,8,10.1,22.6,2.9,75.0,False,a,,,,,2526
614,101178,38,372,James Ward-Prowse,Ward-Prowse,3,0.2,5.6,3,20,Home,2026-05-24T15:00:00Z,1,1,15,0,0,0,0,0,0,0,10,1,0.0,0.16,0.16,0.49,2,2.7,8.4,19.0,0.0,False,a,,1.0,1.0,,2526
615,450070,38,380,Crysencio Summerville,Summerville,3,1.6,5.4,19,11,Home,2026-05-24T15:00:00Z,3,0,90,0,1,1,0,0,0,0,25,6,0.04,0.34,0.38,1.59,7,7.7,32.4,31.6,13.0,False,a,,2.0,,,2526
616,213999,38,380,Edson Álvarez Velázquez,Álvarez,3,0.0,4.9,19,11,Home,2026-05-24T15:00:00Z,3,0,0,0,0,0,0,0,0,0,0,0,0.0,0.0,0.0,0.0,0,0.0,0.0,0.0,0.0,False,u,Has joined Fenerbahçe on loan for the rest of the season.,,,,2526
617,149519,38,380,Maxwel Cornet,Cornet,3,0.0,4.9,19,11,Home,2026-05-24T15:00:00Z,3,0,0,0,0,0,0,0,0,0,0,0,0.0,0.0,0.0,0.0,0,0.0,0.0,0.0,0.0,False,u,has joined Genoa on loan for the rest of the season.,,,,2526
618,197024,38,380,Guido Rodríguez,G.Rodriguez,3,0.0,4.8,19,11,Home,2026-05-24T15:00:00Z,3,0,0,0,0,0,0,0,0,0,0,0,0.0,0.0,0.0,0.0,0,0.0,0.0,0.0,0.0,False,u,has joined Valencia on loan for the rest of the season.,,,,2526
619,577114,38,380,Luis Guilherme Lira dos Santos,L.Guilherme,3,0.0,4.9,19,11,Home,2026-05-24T15:00:00Z,3,0,0,0,0,0,0,0,0,0,0,0,0.0,0.0,0.0,0.0,0,0.0,0.0,0.0,0.0,False,u,has joined Sporting CP permanently.,,,,2526
620,490885,38,380,George Earthy,Earthy,3,0.0,4.5,19,11,Home,2026-05-24T15:00:00Z,3,0,0,0,0,0,0,0,0,0,0,0,0.0,0.0,0.0,0.0,0,0.0,0.0,0.0,0.0,False,u,has joined Bristol City on loan for the rest of the season.,,,,2526
621,229384,38,380,Andy Irving,Irving,3,0.2,4.3,19,11,Home,2026-05-24T15:00:00Z,3,0,0,0,0,0,0,0,0,0,0,0,0.0,0.0,0.0,0.0,0,0.0,0.0,0.0,0.0,False,u,has joined Sparta Prague permanently.,,,,2526
622,518442,38,380,Lewis Orford,Orford,3,0.1,4.4,19,11,Home,2026-05-24T15:00:00Z,3,0,0,0,0,0,0,0,0,0,0,0,0.0,0.0,0.0,0.0,0,0.0,0.0,0.0,0.0,False,u,has joined Stevenage on loan for the rest of the season.,,,,2526
623,490142,38,380,Freddie Potts,Potts,3,0.5,4.3,19,11,Home,2026-05-24T15:00:00Z,3,0,0,0,0,0,0,0,0,0,0,0,0.0,0.0,0.0,0.0,0,0.0,0.0,0.0,0.0,False,a,,,,,2526
624,178186,38,380,Jarrod Bowen,Bowen,4,17.5,7.8,19,11,Home,2026-05-24T15:00:00Z,3,0,90,1,1,1,0,0,0,3,47,12,0.23,0.17,0.4,1.59,6,10.7,54.6,26.2,26.0,True,a,,1.0,1.0,2.0,2526
625,91889,38,380,Niclas Füllkrug,Füllkrug,4,0.6,5.6,19,11,Home,2026-05-24T15:00:00Z,3,0,0,0,0,0,0,0,0,0,0,0,0.0,0.0,0.0,0.0,0,0.0,0.0,0.0,0.0,False,u,has joined AC Milan on loan for the rest of the season.,,,,2526
626,565431,38,380,Callum Marshall,Marshall,4,0.5,4.3,19,11,Home,2026-05-24T15:00:00Z,3,0,0,0,0,0,0,0,0,0,0,0,0.0,0.0,0.0,0.0,0,0.0,0.0,0.0,0.0,False,u,has joined VfL Bochum 1848 on loan for the rest of the season.,,,,2526
627,101982,38,372,Sam Johnstone,Johnstone,1,0.1,4.4,20,3,Away,2026-05-24T15:00:00Z,1,1,0,0,0,0,0,0,0,0,0,0,0.0,0.0,0.0,0.0,0,0.0,0.0,0.0,0.0,False,i,Shoulder injury - Expected back 25 May,,,,2526
628,149065,38,372,José Malheiro de Sá,José Sá,1,1.1,4.2,20,3,Away,2026-05-24T15:00:00Z,1,1,90,0,0,0,1,0,0,2,25,6,0.0,0.0,0.0,0.98,0,4.5,44.8,0.0,0.0,False,a,,,,,2526
629,79602,38,372,Daniel Bentley,Bentley,1,0.5,3.9,20,3,Away,2026-05-24T15:00:00Z,1,1,0,0,0,0,0,0,0,0,0,0,0.0,0.0,0.0,0.0,0,0.0,0.0,0.0,0.0,False,a,,,,,2526
630,138001,38,379,Tom King,King,1,1.2,3.9,9,18,Away,2026-05-24T15:00:00Z,0,1,0,0,0,0,0,0,0,0,0,0,0.0,0.0,0.0,0.0,0,0.0,0.0,0.0,0.0,False,a,,,,,2526
631,516939,38,372,Emmanuel Agbadou,Agbadou,2,0.1,4.2,20,3,Away,2026-05-24T15:00:00Z,1,1,0,0,0,0,0,0,0,0,0,0,0.0,0.0,0.0,0.0,0,0.0,0.0,0.0,0.0,False,u,has joined Besiktas permanently.,,,,2526
632,87835,38,372,Matt Doherty,Doherty,2,0.1,4.4,20,3,Away,2026-05-24T15:00:00Z,1,1,0,0,0,0,0,0,0,0,0,0,0.0,0.0,0.0,0.0,0,0.0,0.0,0.0,0.0,False,i,Knock - Expected back 01 Jun,,,,2526
633,490721,38,372,Hugo Bueno López,H.Bueno,2,0.2,4.3,20,3,Away,2026-05-24T15:00:00Z,1,1,16,0,0,0,0,0,0,0,3,1,0.08,0.0,0.08,0.42,0,0.6,0.4,0.3,5.0,False,a,,1.0,,,2526
634,501837,38,372,Yerson Mosquera Valdelamar,Mosquera,2,0.1,4.3,20,3,Away,2026-05-24T15:00:00Z,1,1,90,0,0,0,1,1,0,0,9,3,0.23,0.03,0.26,0.98,13,4.4,29.2,0.7,14.0,False,a,,,,,2526
635,483081,38,372,Rodrigo Martins Gomes,R.Gomes,2,0.1,4.4,20,3,Away,2026-05-24T15:00:00Z,1,1,81,0,0,0,1,0,0,0,1,2,0.02,0.0,0.02,0.78,2,0.7,3.0,0.8,3.0,False,a,,,,,2526
636,231480,38,372,Santiago Ignacio Bueno,S.Bueno,2,0.2,4.4,20,3,Away,2026-05-24T15:00:00Z,1,1,90,0,0,0,1,0,0,0,3,2,0.31,0.0,0.31,0.98,8,6.8,22.4,10.3,35.0,False,a,,,,,2526
637,510362,38,372,Toti Gomes,Toti,2,0.1,4.2,20,3,Away,2026-05-24T15:00:00Z,1,1,24,0,0,0,0,0,0,0,3,1,0.0,0.0,0.0,0.42,1,0.4,1.8,0.1,2.0,False,a,,,,,2526
638,441271,38,372,Ki-Jana Hoever,Hoever,2,0.8,3.8,20,3,Away,2026-05-24T15:00:00Z,1,1,0,0,0,0,0,0,0,0,0,0,0.0,0.0,0.0,0.0,0,0.0,0.0,0.0,0.0,False,u,has joined Sheffield United on loan for the rest of the season.,,,,2526
639,560248,38,372,Bastien Meupiyou Menadjou,Meupiyou,2,0.0,4.0,20,3,Away,2026-05-24T15:00:00Z,1,1,0,0,0,0,0,0,0,0,0,0,0.0,0.0,0.0,0.0,0,0.0,0.0,0.0,0.0,False,u,On loan to FC Alverca,,,,2526
640,641221,38,372,Pedro Cardoso de Lima,Pedro Lima,2,0.4,4.0,20,3,Away,2026-05-24T15:00:00Z,1,1,8,0,0,0,0,0,0,0,4,1,0.17,0.0,0.17,0.19,1,2.5,6.2,0.0,19.0,False,a,,,,,2526
641,517179,38,372,Alfie Pond,Pond,2,0.9,3.9,20,3,Away,2026-05-24T15:00:00Z,1,1,0,0,0,0,0,0,0,0,0,0,0.0,0.0,0.0,0.0,0,0.0,0.0,0.0,0.0,False,u,has joined Crewe Alexandra on loan for the rest of the season.,,,,2526
642,184754,38,372,Hwang Hee-chan,Hee Chan,3,0.1,5.6,20,3,Away,2026-05-24T15:00:00Z,1,1,90,0,0,0,1,1,0,0,11,1,0.05,0.34,0.39,0.98,11,3.8,6.4,25.2,6.0,False,a,,,2.0,3.0,2526
643,509291,38,372,André Trindade da Costa Neto,André,3,0.1,5.2,20,3,Away,2026-05-24T15:00:00Z,1,1,90,0,0,0,1,0,0,0,14,4,0.02,0.0,0.02,0.98,13,2.0,15.6,0.8,4.0,False,a,,,,,2526
644,231057,38,372,Jean-Ricner Bellegarde,Bellegarde,3,0.0,5.1,20,3,Away,2026-05-24T15:00:00Z,1,1,0,0,0,0,0,0,0,0,0,0,0.0,0.0,0.0,0.0,0,0.0,0.0,0.0,0.0,False,a,,,4.0,,2526
645,643135,38,372,Fer López González,Fer López,3,0.0,5.1,20,3,Away,2026-05-24T15:00:00Z,1,1,0,0,0,0,0,0,0,0,0,0,0.0,0.0,0.0,0.0,0,0.0,0.0,0.0,0.0,False,u,has joined Celta Vigo on loan for the rest of the season.,,,,2526
646,448089,38,372,João Victor Gomes da Silva,J.Gomes,3,0.3,5.3,20,3,Away,2026-05-24T15:00:00Z,1,1,0,0,0,0,0,0,0,0,0,0,0.0,0.0,0.0,0.0,0,0.0,0.0,0.0,0.0,False,a,,,3.0,,2526
647,181284,38,372,Gonçalo Manuel Ganchinho Guedes,Guedes,3,0.0,5.5,20,3,Away,2026-05-24T15:00:00Z,1,1,0,0,0,0,0,0,0,0,0,0,0.0,0.0,0.0,0.0,0,0.0,0.0,0.0,0.0,False,u,Has joined Real Sociedad permanently.,,,,2526
648,433312,38,372,Marshall Munetsi,Munetsi,3,0.0,5.3,20,3,Away,2026-05-24T15:00:00Z,1,1,0,0,0,0,0,0,0,0,0,0,0.0,0.0,0.0,0.0,0,0.0,0.0,0.0,0.0,False,u,has joined Paris FC on loan for the rest of the season.,,,,2526
649,476502,38,372,Boubacar Traoré,B.Traore,3,0.0,5.0,20,3,Away,2026-05-24T15:00:00Z,1,1,0,0,0,0,0,0,0,0,0,0,0.0,0.0,0.0,0.0,0,0.0,0.0,0.0,0.0,False,u,Has joined FC Metz on loan for the rest of the season.,,,,2526
650,497606,38,372,Tawanda Chirewa,Chirewa,3,0.2,4.3,20,3,Away,2026-05-24T15:00:00Z,1,1,0,0,0,0,0,0,0,0,0,0,0.0,0.0,0.0,0.0,0,0.0,0.0,0.0,0.0,False,u,has joined Barnsley on loan for the rest of the season.,,,,2526
651,596054,38,372,Tom Edozie,Edozie,3,0.4,4.3,20,3,Away,2026-05-24T15:00:00Z,1,1,0,0,0,0,0,0,0,0,0,0,0.0,0.0,0.0,0.0,0,0.0,0.0,0.0,0.0,False,a,,,,,2526
652,593001,38,372,Enso González Medina,Gonzalez,3,1.2,4.3,20,3,Away,2026-05-24T15:00:00Z,1,1,0,0,0,0,0,0,0,0,0,0,0.0,0.0,0.0,0.0,0,0.0,0.0,0.0,0.0,False,a,,,,,2526
653,240299,38,372,Joe Hodge,Hodge,3,0.0,4.5,20,3,Away,2026-05-24T15:00:00Z,1,1,0,0,0,0,0,0,0,0,0,0,0.0,0.0,0.0,0.0,0,0.0,0.0,0.0,0.0,False,u,Signed by CD Tondela,,,,2526
654,247412,38,373,Jørgen Strand Larsen,Strand Larsen,4,1.4,5.8,8,1,Home,2026-05-24T15:00:00Z,1,2,76,0,0,0,2,0,0,0,1,2,0.07,0.01,0.08,1.55,3,0.8,0.0,4.7,6.0,False,a,,,,,2526
655,449988,38,372,Fábio Soares Silva,Fábio Silva,4,0.2,4.9,20,3,Away,2026-05-24T15:00:00Z,1,1,0,0,0,0,0,0,0,0,0,0,0.0,0.0,0.0,0.0,0,0.0,0.0,0.0,0.0,False,u,has joined Borussia Dortmund permanently.,,,,2526
656,429414,38,372,Saša Kalajdžić,Kalajdžić,4,0.0,4.9,20,3,Away,2026-05-24T15:00:00Z,1,1,0,0,0,0,0,0,0,0,0,0,0.0,0.0,0.0,0.0,0,0.0,0.0,0.0,0.0,False,u,has joined LASK on loan for the rest of the season.,,,,2526
657,589507,38,372,Leon Chiwome,Chiwome,4,0.0,4.4,20,3,Away,2026-05-24T15:00:00Z,1,1,0,0,0,0,0,0,0,0,0,0,0.0,0.0,0.0,0.0,0,0.0,0.0,0.0,0.0,False,a,,,,,2526
658,531363,38,372,Nathan Fraser,Fraser,4,1.7,4.2,20,3,Away,2026-05-24T15:00:00Z,1,1,0,0,0,0,0,0,0,0,0,0,0.0,0.0,0.0,0.0,0,0.0,0.0,0.0,0.0,False,a,,,,,2526
659,158534,38,380,Kyle Walker-Peters,Walker-Peters,2,0.3,4.2,19,11,Home,2026-05-24T15:00:00Z,3,0,90,0,0,1,0,0,0,0,18,6,0.0,0.0,0.0,1.59,1,0.5,3.6,1.3,0.0,False,a,,,,,2526
660,466525,38,380,Anton Stach,Stach,3,1.7,4.8,11,19,Away,2026-05-24T15:00:00Z,0,3,0,0,0,0,0,0,0,0,0,0,0.0,0.0,0.0,0.0,0,0.0,0.0,0.0,0.0,False,i,Ankle injury - Expected back 01 Jun,1.0,1.0,,2526
661,510663,38,375,Hugo Ekitiké,Ekitiké,4,15.7,9.0,12,5,Home,2026-05-24T15:00:00Z,1,1,0,0,0,0,0,0,0,0,0,0,0.0,0.0,0.0,0.0,0,0.0,0.0,0.0,0.0,False,i,Achilles injury - Expected back 01 Jul,,,,2526
662,500040,38,373,Cristhian Mosquera,Mosquera,2,0.3,5.3,1,8,Away,2026-05-24T15:00:00Z,2,1,90,0,0,0,1,0,0,0,11,4,0.0,0.01,0.01,0.98,10,3.3,30.8,2.6,0.0,False,a,,,,,2526
663,230376,38,372,Jhon Arias,J.Arias,3,0.1,4.9,20,3,Away,2026-05-24T15:00:00Z,1,1,0,0,0,0,0,0,0,0,0,0,0.0,0.0,0.0,0.0,0,0.0,0.0,0.0,0.0,False,u,has joined Palmeiras permanently.,,,,2526
664,86873,38,374,Benjamin Lecomte,Lecomte,1,0.7,3.9,10,15,Home,2026-05-24T15:00:00Z,2,0,0,0,0,0,0,0,0,0,0,0,0.0,0.0,0.0,0.0,0,0.0,0.0,0.0,0.0,False,a,,,,,2526
665,201595,38,380,Lucas Estella Perri,Perri,1,0.3,4.4,11,19,Away,2026-05-24T15:00:00Z,0,3,0,0,0,0,0,0,0,0,0,0,0.0,0.0,0.0,0.0,0,0.0,0.0,0.0,0.0,False,a,,,,,2526
666,224117,38,373,Viktor Gyökeres,Gyökeres,4,16.4,9.1,1,8,Away,2026-05-24T15:00:00Z,2,1,7,0,0,0,1,0,0,0,4,1,0.16,0.1,0.26,0.75,2,2.8,3.4,18.4,6.0,False,a,,,,2.0,2526
667,499300,38,379,Adam Aznou,Aznou,2,0.1,4.2,9,18,Away,2026-05-24T15:00:00Z,0,1,0,0,0,0,0,0,0,0,0,0,0.0,0.0,0.0,0.0,0,0.0,0.0,0.0,0.0,False,a,,,,,2526
668,84450,38,378,Granit Xhaka,Xhaka,3,3.2,5.1,17,7,Home,2026-05-24T15:00:00Z,2,1,90,0,0,0,1,1,0,0,9,1,0.0,0.27,0.27,0.89,10,1.6,9.6,4.6,2.0,False,a,,1.0,1.0,,2526
669,456512,38,377,Dan Ndoye,Ndoye,3,0.7,5.5,16,4,Home,2026-05-24T15:00:00Z,1,1,0,0,0,0,0,0,0,0,0,0,0.0,0.0,0.0,0.0,0,0.0,0.0,0.0,0.0,False,a,,4.0,,,2526
670,498016,38,378,Robin Roefs,Roefs,1,8.0,4.8,17,7,Home,2026-05-24T15:00:00Z,2,1,90,0,0,0,1,0,0,0,8,2,0.0,0.0,0.0,0.89,0,2.2,12.2,10.0,0.0,False,a,,,,,2526
671,75115,38,380,Callum Wilson,Wilson,4,0.6,5.8,19,11,Home,2026-05-24T15:00:00Z,3,0,45,1,0,0,0,0,0,0,28,5,0.45,0.05,0.5,0.53,2,7.9,40.4,10.5,28.0,False,a,,,,,2526
672,551210,38,378,Jorrel Hato,Hato,2,0.2,4.6,7,17,Away,2026-05-24T15:00:00Z,1,2,51,0,0,0,2,0,0,0,0,0,0.0,0.06,0.06,1.38,4,1.2,7.8,1.8,2.0,False,a,,,,,2526
673,154296,38,379,João Maria Lobo Alves Palhares Costa Palhinha Gonçalves,J.Palhinha,3,0.9,5.5,18,9,Home,2026-05-24T15:00:00Z,1,0,90,1,0,1,0,1,0,3,40,12,0.5,0.01,0.51,0.41,17,13.4,60.6,23.1,50.0,True,a,,,,,2526
674,225321,38,374,Aaron Ramsdale,Ramsdale,1,0.7,4.8,15,10,Away,2026-05-24T15:00:00Z,0,2,0,0,0,0,0,0,0,0,0,0,0.0,0.0,0.0,0.0,0,0.0,0.0,0.0,0.0,False,a,,,,,2526
675,107265,38,377,Angus Gunn,Gunn,1,1.1,4.0,16,4,Home,2026-05-24T15:00:00Z,1,1,0,0,0,0,0,0,0,0,0,0,0.0,0.0,0.0,0.0,0,0.0,0.0,0.0,0.0,False,a,,,,,2526
676,503714,38,372,Lesley Ugochukwu,Ugochukwu,3,0.1,5.0,3,20,Home,2026-05-24T15:00:00Z,1,1,74,0,0,0,1,0,0,0,16,2,0.17,0.07,0.24,1.6,5,2.8,4.8,17.8,5.0,False,a,,,,,2526
677,485337,38,373,Evann Guessand,Guessand,3,0.0,6.2,8,1,Home,2026-05-24T15:00:00Z,1,2,28,0,0,0,0,0,0,0,3,1,0.0,0.0,0.0,1.33,1,0.6,1.4,0.5,4.0,False,a,,,,,2526
678,105717,38,378,Arthur Masuaku,Masuaku,2,0.5,3.9,17,7,Home,2026-05-24T15:00:00Z,2,1,0,0,0,0,0,0,0,0,0,0,0.0,0.0,0.0,0.0,0,0.0,0.0,0.0,0.0,False,u,has joined RC Lens on loan for the rest of the season.,,,,2526
679,467189,38,380,Mads Hermansen,Hermansen,1,1.0,4.2,19,11,Home,2026-05-24T15:00:00Z,3,0,90,0,0,1,0,0,0,0,30,7,0.0,0.0,0.0,1.59,0,2.1,21.2,0.0,0.0,True,a,,,,,2526
680,440323,38,372,Armando Broja,Broja,4,0.1,5.2,3,20,Home,2026-05-24T15:00:00Z,1,1,0,0,0,0,0,0,0,0,0,0,0.0,0.0,0.0,0.0,0,0.0,0.0,0.0,0.0,False,a,,,,,2526
681,485711,38,371,Benjamin Sesko,Šeško,4,4.6,7.2,14,6,Away,2026-05-24T15:00:00Z,3,0,0,0,0,0,0,0,0,0,0,0,0.0,0.0,0.0,0.0,0,0.0,0.0,0.0,0.0,False,d,Shin injury - 50% chance of playing,,,,2526
682,497949,38,372,David Møller Wolfe,Møller Wolfe,2,0.1,4.2,20,3,Away,2026-05-24T15:00:00Z,1,1,73,0,0,0,1,0,0,0,6,2,0.0,0.03,0.03,0.56,6,1.6,11.6,4.8,0.0,False,a,,,,,2526
683,201895,38,378,Omar Alderete,Alderete,2,4.9,4.1,17,7,Home,2026-05-24T15:00:00Z,2,1,0,0,0,0,0,0,0,0,0,0,0.0,0.0,0.0,0.0,0,0.0,0.0,0.0,0.0,False,d,Knock - 50% chance of playing,,,,2526
684,465642,38,374,Malick Thiaw,Thiaw,2,4.7,4.9,15,10,Away,2026-05-24T15:00:00Z,0,2,90,0,0,0,2,0,0,0,10,1,0.0,0.01,0.01,1.81,6,2.0,17.8,1.8,0.0,False,a,,,,,2526
685,242882,38,377,Bafodé Diakité,Diakité,2,0.3,4.1,4,16,Away,2026-05-24T15:00:00Z,1,1,0,0,0,0,0,0,0,0,0,0,0.0,0.0,0.0,0.0,0,0.0,0.0,0.0,0.0,False,a,,,,,2526
686,611922,38,375,Rio Ngumoha,Ngumoha,3,1.4,4.3,12,5,Home,2026-05-24T15:00:00Z,1,1,72,0,0,0,1,0,0,0,4,2,0.13,0.06,0.19,1.07,2,2.5,0.2,13.2,12.0,False,a,,,,,2526
687,606774,38,377,Remy Rees-Dottin,Rees-Dottin,3,0.2,4.3,4,16,Away,2026-05-24T15:00:00Z,1,1,0,0,0,0,0,0,0,0,0,0,0.0,0.0,0.0,0.0,0,0.0,0.0,0.0,0.0,False,a,,,,,2526
688,481283,38,376,James Wright,Wright,1,0.6,3.9,2,13,Away,2026-05-24T15:00:00Z,2,1,0,0,0,0,0,0,0,0,0,0,0.0,0.0,0.0,0.0,0,0.0,0.0,0.0,0.0,False,a,,,,,2526
689,623110,38,374,Seung-Soo Park,Seung soo,3,0.5,4.3,15,10,Away,2026-05-24T15:00:00Z,0,2,0,0,0,0,0,0,0,0,0,0,0.0,0.0,0.0,0.0,0,0.0,0.0,0.0,0.0,False,a,,,,,2526
690,590014,38,373,Rio Cardines,Cardines,3,0.3,4.4,8,1,Home,2026-05-24T15:00:00Z,1,2,90,0,0,0,2,0,0,0,21,2,0.02,0.16,0.18,2.53,7,4.9,15.2,30.0,4.0,False,a,,,,,2526
691,177815,38,380,Dominic Calvert-Lewin,Calvert-Lewin,4,13.7,5.8,11,19,Away,2026-05-24T15:00:00Z,0,3,68,0,0,0,1,0,0,0,5,2,0.48,0.01,0.49,1.97,3,5.7,6.8,25.8,24.0,False,a,,,,1.0,2526
692,647681,38,375,Giovanni Leoni,Leoni,2,0.0,4.9,12,5,Home,2026-05-24T15:00:00Z,1,1,0,0,0,0,0,0,0,0,0,0,0.0,0.0,0.0,0.0,0,0.0,0.0,0.0,0.0,False,i,Knee injury - Expected back 01 Sep,,,,2526
693,503301,38,377,Omari Hutchinson,Hutchinson,3,0.1,5.4,16,4,Home,2026-05-24T15:00:00Z,1,1,77,0,1,0,1,0,0,0,19,5,0.0,0.16,0.16,0.82,6,7.4,27.2,40.7,6.0,False,a,,2.0,,,2526
694,200834,38,378,Nordi Mukiele,Mukiele,2,8.7,4.6,17,7,Home,2026-05-24T15:00:00Z,2,1,90,0,0,0,1,0,0,0,15,4,0.1,0.36,0.46,0.89,12,5.3,21.0,11.2,21.0,False,a,,,,,2526
695,523705,38,372,Jackson Tchatchoua,Tchatchoua,2,0.0,4.4,20,3,Away,2026-05-24T15:00:00Z,1,1,0,0,0,0,0,0,0,0,0,0,0.0,0.0,0.0,0.0,0,0.0,0.0,0.0,0.0,False,a,,,,,2526
696,465680,38,377,Arnaud Kalimuendo,Kalimuendo,4,0.1,6.0,16,4,Home,2026-05-24T15:00:00Z,1,1,0,0,0,0,0,0,0,0,0,0,0.0,0.0,0.0,0.0,0,0.0,0.0,0.0,0.0,False,u,has joined Eintracht Frankfurt on loan for the rest of the season.,,,,2526
697,489888,38,377,Amine Adli,Adli,3,0.2,5.4,4,16,Away,2026-05-24T15:00:00Z,1,1,17,0,0,0,0,0,0,0,4,1,0.0,0.0,0.0,0.51,3,0.6,5.2,0.8,0.0,False,a,,,,,2526
698,435997,38,380,Noah Okafor,Okafor,3,0.9,5.5,11,19,Away,2026-05-24T15:00:00Z,0,3,0,0,0,0,0,0,0,0,0,0,0.0,0.0,0.0,0.0,0,0.0,0.0,0.0,0.0,False,i,Calf injury - Expected back 01 Jun,,,,2526
699,230046,38,376,Douglas Luiz Soares de Paulo,Douglas Luiz,3,0.1,4.9,2,13,Away,2026-05-24T15:00:00Z,2,1,72,0,0,0,1,0,0,0,18,2,0.0,0.02,0.02,1.22,9,1.9,17.4,1.5,0.0,False,a,,1.0,,,2526
700,616077,38,373,Max Dowman,Dowman,3,0.9,4.2,1,8,Away,2026-05-24T15:00:00Z,2,1,61,0,0,1,0,0,0,0,4,3,0.0,0.16,0.16,0.21,5,2.3,2.6,16.8,4.0,False,a,,,,,2526
701,569577,38,376,Triston Rowe,Rowe,2,0.1,4.0,2,13,Away,2026-05-24T15:00:00Z,2,1,0,0,0,0,0,0,0,0,0,0,0.0,0.0,0.0,0.0,0,0.0,0.0,0.0,0.0,False,u,has joined Annecy on loan for the rest of the season.,,,,2526
702,645618,38,376,Bradley Burrowes,Burrowes,3,0.1,4.3,2,13,Away,2026-05-24T15:00:00Z,2,1,0,0,0,0,0,0,0,0,0,0,0.0,0.0,0.0,0.0,0,0.0,0.0,0.0,0.0,False,a,,,,,2526
703,564505,38,376,Sam Proctor,Proctor,1,0.6,3.9,2,13,Away,2026-05-24T15:00:00Z,2,1,0,0,0,0,0,0,0,0,0,0,0.0,0.0,0.0,0.0,0,0.0,0.0,0.0,0.0,False,a,,,,,2526
704,461446,38,379,Tyler Onyango,Onyango,3,0.0,4.5,9,18,Away,2026-05-24T15:00:00Z,0,1,0,0,0,0,0,0,0,0,0,0,0.0,0.0,0.0,0.0,0,0.0,0.0,0.0,0.0,False,u,has joined Stockport County on loan for the rest of the season.,,,,2526
705,491745,38,379,Elijah Campbell,Campbell,2,0.1,3.9,9,18,Away,2026-05-24T15:00:00Z,0,1,0,0,0,0,0,0,0,0,0,0,0.0,0.0,0.0,0.0,0,0.0,0.0,0.0,0.0,False,u,has joined Port Vale on loan for the rest of the season.,,,,2526
706,220627,38,380,James Justin,Justin,2,2.3,4.0,11,19,Away,2026-05-24T15:00:00Z,0,3,90,0,0,0,3,0,0,0,9,1,0.12,0.01,0.13,2.61,8,3.8,17.6,14.3,6.0,False,a,,3.0,,,2526
707,496661,38,379,Tyler Dibling,Dibling,3,0.0,5.3,9,18,Away,2026-05-24T15:00:00Z,0,1,0,0,0,0,0,0,0,0,0,0,0.0,0.0,0.0,0.0,0,0.0,0.0,0.0,0.0,False,a,,,,,2526
708,551226,38,380,Mateus Gonçalo Espanha Fernandes,M.Fernandes,3,0.6,5.5,19,11,Home,2026-05-24T15:00:00Z,3,0,90,0,1,1,0,0,0,1,32,9,0.01,0.17,0.18,1.59,12,7.0,36.0,27.1,7.0,False,a,,4.0,,,2526
709,431248,38,372,Ladislav Krejcí,Krejčí,2,0.1,4.5,20,3,Away,2026-05-24T15:00:00Z,1,1,65,0,1,0,1,0,0,1,19,6,0.06,0.0,0.06,0.56,7,3.0,10.4,10.6,9.0,False,a,,,,,2526
710,534836,38,376,Travis Patterson,Patterson,2,0.2,3.9,2,13,Away,2026-05-24T15:00:00Z,2,1,0,0,0,0,0,0,0,0,0,0,0.0,0.0,0.0,0.0,0,0.0,0.0,0.0,0.0,False,a,,,,,2526
711,646243,38,373,Andre Harriman-Annous,Harriman-Annous,3,0.0,4.4,1,8,Away,2026-05-24T15:00:00Z,2,1,0,0,0,0,0,0,0,0,0,0,0.0,0.0,0.0,0.0,0,0.0,0.0,0.0,0.0,False,a,,,,,2526
712,488024,38,373,Yéremy Pino Santos,Yeremy,3,0.2,5.8,8,1,Home,2026-05-24T15:00:00Z,1,2,45,0,1,0,1,0,0,0,21,4,0.28,0.31,0.59,1.36,2,7.9,22.6,36.3,20.0,False,a,,,1.0,,2526
713,551483,38,377,Álex Jiménez Sánchez,A.Jimenez,2,0.1,4.5,4,16,Away,2026-05-24T15:00:00Z,1,1,0,0,0,0,0,0,0,0,0,0,0.0,0.0,0.0,0.0,0,0.0,0.0,0.0,0.0,False,a,,,,,2526
714,470313,38,374,Nick Woltemade,Woltemade,4,6.5,6.7,15,10,Away,2026-05-24T15:00:00Z,0,2,77,0,0,0,1,0,0,0,9,2,0.0,0.07,0.07,1.43,1,4.0,6.6,31.8,2.0,False,a,,,,3.0,2526
715,221389,38,377,John Victor Maciel Furtado,John,1,0.3,4.0,16,4,Home,2026-05-24T15:00:00Z,1,1,0,0,0,0,0,0,0,0,0,0,0.0,0.0,0.0,0.0,0,0.0,0.0,0.0,0.0,False,a,,,,,2526
716,500151,38,377,Nicolò Savona,Savona,2,0.0,4.5,16,4,Home,2026-05-24T15:00:00Z,1,1,0,0,0,0,0,0,0,0,0,0,0.0,0.0,0.0,0.0,0,0.0,0.0,0.0,0.0,False,i,Knee injury - Unknown return date,,,,2526
717,493362,38,379,Xavi Simons,Xavi,3,1.1,6.3,18,9,Home,2026-05-24T15:00:00Z,1,0,0,0,0,0,0,0,0,0,0,0,0.0,0.0,0.0,0.0,0,0.0,0.0,0.0,0.0,False,i,Knee injury - Expected back 01 Jan,2.0,3.0,4.0,2526
718,564940,38,380,Soungoutou Magassa,S.Magassa,3,0.0,5.0,19,11,Home,2026-05-24T15:00:00Z,3,0,0,0,0,0,0,0,0,0,0,0,0.0,0.0,0.0,0.0,0,0.0,0.0,0.0,0.0,False,a,,,,,2526
719,184667,38,376,Victor Lindelöf,Lindelöf,2,0.1,4.5,2,13,Away,2026-05-24T15:00:00Z,2,1,72,0,0,0,1,0,0,0,11,2,0.0,0.0,0.0,1.22,5,1.1,10.0,0.9,0.0,False,a,,,,,2526
720,488213,38,372,Tolu Arokodare,Tolu,4,0.1,5.1,20,3,Away,2026-05-24T15:00:00Z,1,1,24,0,0,0,0,0,0,0,1,1,0.19,0.0,0.19,0.42,2,1.3,5.0,0.3,8.0,False,a,,,,5.0,2526
721,620487,38,377,Veljko Milosavljevic,Milosavljević,2,0.0,4.4,4,16,Away,2026-05-24T15:00:00Z,1,1,0,0,0,0,0,0,0,0,0,0,0.0,0.0,0.0,0.0,0,0.0,0.0,0.0,0.0,False,a,,,,,2526
722,216055,38,372,Florentino Ibrain Morris Luís,Florentino,3,0.0,5.0,3,20,Home,2026-05-24T15:00:00Z,1,1,90,0,0,0,1,0,0,0,18,4,0.03,0.02,0.05,2.09,17,5.0,28.4,14.5,7.0,False,a,,,,,2526
723,651426,38,373,Jaydee Canvot,Canvot,2,0.5,4.5,8,1,Home,2026-05-24T15:00:00Z,1,2,0,0,0,0,0,0,0,0,0,0,0.0,0.0,0.0,0.0,0,0.0,0.0,0.0,0.0,False,a,,,,,2526
724,247955,38,378,Lutsharel Geertruida,Geertruida,2,0.1,4.5,17,7,Home,2026-05-24T15:00:00Z,2,1,90,0,0,0,1,1,0,0,1,1,0.0,0.03,0.03,0.89,2,0.6,5.0,1.4,0.0,False,a,,,,,2526
725,448104,38,373,Piero Hincapié,Hincapie,2,0.9,5.1,1,8,Away,2026-05-24T15:00:00Z,2,1,90,0,0,0,1,0,0,0,13,2,0.03,0.02,0.05,0.98,5,2.7,16.6,3.4,7.0,False,a,,,,,2526
726,247693,38,379,Randal Kolo Muani,Kolo Muani,4,0.4,6.9,18,9,Home,2026-05-24T15:00:00Z,1,0,17,0,0,0,0,0,0,0,3,1,0.02,0.0,0.02,0.25,1,0.2,0.0,0.9,1.0,False,a,,,,,2526
727,218328,38,374,Samuel Chukwueze,Chukwueze,3,0.1,5.3,10,15,Home,2026-05-24T15:00:00Z,2,0,0,0,0,0,0,0,0,0,0,0,0.0,0.0,0.0,0.0,0,0.0,0.0,0.0,0.0,False,a,,,,,2526
728,513466,38,379,Merlin Röhl,Röhl,3,0.0,5.0,9,18,Away,2026-05-24T15:00:00Z,0,1,61,0,0,0,1,0,0,0,4,2,0.0,0.0,0.0,1.13,4,0.5,4.4,0.8,0.0,False,a,,,,,2526
729,560441,38,377,Luis Eduardo Soares da Silva,Cuiabano,2,0.0,4.5,16,4,Home,2026-05-24T15:00:00Z,1,1,0,0,0,0,0,0,0,0,0,0,0.0,0.0,0.0,0.0,0,0.0,0.0,0.0,0.0,False,u,has joined Vasco de Gama on loan for the rest of the season.,,,,2526
730,441264,38,378,Brian Brobbey,Brobbey,4,0.9,5.3,17,7,Home,2026-05-24T15:00:00Z,2,1,60,0,1,0,1,0,0,0,10,5,0.91,0.01,0.92,0.81,2,4.0,0.0,1.0,40.0,False,a,,,,,2526
731,560552,38,374,Kevin Santos Lopes de Macedo,Kevin,3,0.1,5.7,10,15,Home,2026-05-24T15:00:00Z,2,0,59,0,1,0,0,0,0,0,12,4,0.04,0.02,0.06,0.13,4,2.3,1.2,12.3,9.0,False,a,,,,,2526
732,660392,38,373,Christantus Uche,Uche,4,0.1,5.5,8,1,Home,2026-05-24T15:00:00Z,1,2,0,0,0,0,0,0,0,0,0,0,0.0,0.0,0.0,0.0,0,0.0,0.0,0.0,0.0,False,a,,,,,2526
733,465247,38,371,Senne Lammens,Lammens,1,3.6,5.1,14,6,Away,2026-05-24T15:00:00Z,3,0,90,0,0,1,0,0,0,0,25,6,0.0,0.0,0.0,0.79,0,1.8,18.2,0.0,0.0,False,a,,,,,2526
734,476887,38,377,Dilane Bakwa,Bakwa,3,0.0,5.9,16,4,Home,2026-05-24T15:00:00Z,1,1,0,0,0,0,0,0,0,0,0,0,0.0,0.0,0.0,0.0,0,0.0,0.0,0.0,0.0,False,a,,,,,2526
735,110504,38,378,Bertrand Traoré,Traoré,3,0.0,5.5,17,7,Home,2026-05-24T15:00:00Z,2,1,0,0,0,0,0,0,0,0,0,0,0.0,0.0,0.0,0.0,0,0.0,0.0,0.0,0.0,False,a,,,,,2526
736,204936,38,376,Gianluigi Donnarumma,Donnarumma,1,9.3,5.6,13,2,Home,2026-05-24T15:00:00Z,1,2,0,0,0,0,0,0,0,0,0,0,0.0,0.0,0.0,0.0,0,0.0,0.0,0.0,0.0,False,a,,,,,2526
737,631786,38,374,Jonah Kusi-Asare,Kusi-Asare,4,0.1,4.5,10,15,Home,2026-05-24T15:00:00Z,2,0,0,0,0,0,0,0,0,0,0,0,0.0,0.0,0.0,0.0,0,0.0,0.0,0.0,0.0,False,i,Knee injury - Expected back 01 Jun,,,,2526
738,37096,38,380,Lukasz Fabianski,Fabianski,1,0.0,4.5,19,11,Home,2026-05-24T15:00:00Z,3,0,0,0,0,0,0,0,0,0,0,0,0.0,0.0,0.0,0.0,0,0.0,0.0,0.0,0.0,False,a,,,,,2526
739,590039,38,376,Divine Mukasa,Mukasa,3,0.0,4.4,13,2,Home,2026-05-24T15:00:00Z,1,2,0,0,0,0,0,0,0,0,0,0,0.0,0.0,0.0,0.0,0,0.0,0.0,0.0,0.0,False,u,has joined Leicester City on loan for the rest of the season.,,,,2526
740,566213,38,376,Stephen Mfuni,Mfuni,2,0.0,3.9,13,2,Home,2026-05-24T15:00:00Z,1,2,0,0,0,0,0,0,0,0,0,0,0.0,0.0,0.0,0.0,0,0.0,0.0,0.0,0.0,False,u,has joined Watford on loan for the rest of the season.,,,,2526
741,600882,38,380,Harry Gray,Gray,4,0.1,4.5,11,19,Away,2026-05-24T15:00:00Z,0,3,0,0,0,0,0,0,0,0,0,0,0.0,0.0,0.0,0.0,0,0.0,0.0,0.0,0.0,False,u,has joined Rotherham United on loan for the rest of the season.,,,,2526
742,616288,38,376,Ryan McAidoo,McAidoo,3,0.0,4.5,13,2,Home,2026-05-24T15:00:00Z,1,2,0,0,0,0,0,0,0,0,0,0,0.0,0.0,0.0,0.0,0,0.0,0.0,0.0,0.0,False,a,,,,,2526
743,611912,38,378,Landon Emenalo,Emenalo,3,0.0,4.5,7,17,Away,2026-05-24T15:00:00Z,1,2,0,0,0,0,0,0,0,0,0,0,0.0,0.0,0.0,0.0,0,0.0,0.0,0.0,0.0,False,a,,,,,2526
744,556637,38,371,Nehemiah Oriola,Oriola,3,0.0,4.5,6,14,Home,2026-05-24T15:00:00Z,0,3,0,0,0,0,0,0,0,0,0,0,0.0,0.0,0.0,0.0,0,0.0,0.0,0.0,0.0,False,a,,,,,2526
745,640419,38,379,Jun'ai Byfield,Byfield,2,0.0,4.0,18,9,Home,2026-05-24T15:00:00Z,1,0,0,0,0,0,0,0,0,0,0,0,0.0,0.0,0.0,0.0,0,0.0,0.0,0.0,0.0,False,a,,,,,2526
746,596042,38,375,Kieran Morrison,Morrison,3,0.0,4.5,12,5,Home,2026-05-24T15:00:00Z,1,1,0,0,0,0,0,0,0,0,0,0,0.0,0.0,0.0,0.0,0,0.0,0.0,0.0,0.0,False,a,,,,,2526
747,602903,38,380,Ezra Mayers,Mayers,2,0.0,4.0,19,11,Home,2026-05-24T15:00:00Z,3,0,0,0,0,0,0,0,0,0,0,0,0.0,0.0,0.0,0.0,0,0.0,0.0,0.0,0.0,False,a,,,,,2526
748,183656,38,375,Josh Dasilva,Dasilva,3,0.0,4.9,5,12,Away,2026-05-24T15:00:00Z,1,1,0,0,0,0,0,0,0,0,0,0,0.0,0.0,0.0,0.0,0,0.0,0.0,0.0,0.0,False,a,,,,,2526
749,647671,38,372,Mateus Mané,Mané,4,1.4,4.2,20,3,Away,2026-05-24T15:00:00Z,1,1,90,0,0,0,1,0,0,0,18,2,0.18,0.7,0.88,0.98,8,13.0,20.2,89.5,20.0,False,a,,2.0,1.0,,2526
750,499716,38,379,James Rowswell,Rowswell,2,0.0,4.0,18,9,Home,2026-05-24T15:00:00Z,1,0,0,0,0,0,0,0,0,0,0,0,0.0,0.0,0.0,0.0,0,0.0,0.0,0.0,0.0,False,a,,,,,2526
751,590035,38,379,Yusuf Akhamrich,Akhamrich,3,0.0,4.5,18,9,Home,2026-05-24T15:00:00Z,1,0,0,0,0,0,0,0,0,0,0,0,0.0,0.0,0.0,0.0,0,0.0,0.0,0.0,0.0,False,u,has joined Bristol Rovers on loan for the rest of the season.,,,,2526
752,643473,38,380,Airidas Golambeckis,Golambeckis,2,0.0,4.0,19,11,Home,2026-05-24T15:00:00Z,3,0,0,0,0,0,0,0,0,0,0,0,0.0,0.0,0.0,0.0,0,0.0,0.0,0.0,0.0,False,a,,,,,2526
753,19236,38,374,John Ruddy,Ruddy,1,0.0,4.0,15,10,Away,2026-05-24T15:00:00Z,0,2,0,0,0,0,0,0,0,0,0,0,0.0,0.0,0.0,0.0,0,0.0,0.0,0.0,0.0,False,a,,,,,2526
754,577285,38,376,George Hemmings,George Hemmings,3,0.0,4.5,2,13,Away,2026-05-24T15:00:00Z,2,1,0,0,0,0,0,0,0,0,0,0,0.0,0.0,0.0,0.0,0,0.0,0.0,0.0,0.0,False,a,,,,,2526
755,576628,38,371,Shea Lacey,Lacey,3,0.0,4.5,14,6,Away,2026-05-24T15:00:00Z,3,0,28,0,0,0,0,0,0,0,1,1,0.03,0.01,0.04,0.4,2,0.2,0.0,0.6,5.0,False,a,,,,,2526
756,678552,38,377,Malcom DaCosta,DaCosta,3,0.0,4.5,4,16,Away,2026-05-24T15:00:00Z,1,1,0,0,0,0,0,0,0,0,0,0,0.0,0.0,0.0,0.0,0,0.0,0.0,0.0,0.0,False,a,,,,,2526
757,516875,38,376,Ronnie Hollingshead,Hollingshead,1,0.0,4.0,2,13,Away,2026-05-24T15:00:00Z,2,1,0,0,0,0,0,0,0,0,0,0,0.0,0.0,0.0,0.0,0,0.0,0.0,0.0,0.0,False,a,,,,,2526
758,630699,38,380,Mohamadou Kanté,Mohamadou Kanté,3,0.0,4.5,19,11,Home,2026-05-24T15:00:00Z,3,0,2,0,0,0,0,0,0,0,2,1,0.0,0.0,0.0,0.2,1,0.1,0.2,0.3,0.0,False,a,,,,,2526
759,616065,38,373,Marli Salmon,Salmon,2,0.0,4.0,1,8,Away,2026-05-24T15:00:00Z,2,1,0,0,0,0,0,0,0,0,0,0,0.0,0.0,0.0,0.0,0,0.0,0.0,0.0,0.0,False,a,,,,,2526
760,519440,38,375,Wellity Lucky,Lucky,2,0.0,4.0,12,5,Home,2026-05-24T15:00:00Z,1,1,0,0,0,0,0,0,0,0,0,0,0.0,0.0,0.0,0.0,0,0.0,0.0,0.0,0.0,False,a,,,,,2526
761,604988,38,371,Freddie Simmonds,Simmonds,2,0.0,4.0,6,14,Home,2026-05-24T15:00:00Z,0,3,0,0,0,0,0,0,0,0,0,0,0.0,0.0,0.0,0.0,0,0.0,0.0,0.0,0.0,False,a,,,,,2526
762,672492,38,373,Joél Drakes-Thomas,Drakes-Thomas,3,0.0,4.5,8,1,Home,2026-05-24T15:00:00Z,1,2,0,0,0,0,0,0,0,0,0,0,0.0,0.0,0.0,0.0,0,0.0,0.0,0.0,0.0,False,a,,,,,2526
763,516234,38,376,Charlie Gray,Gray,3,0.0,4.5,13,2,Home,2026-05-24T15:00:00Z,1,2,0,0,0,0,0,0,0,0,0,0,0.0,0.0,0.0,0.0,0,0.0,0.0,0.0,0.0,False,a,,,,,2526
764,580921,38,376,Reigan Heskey,Heskey,3,0.0,4.5,13,2,Home,2026-05-24T15:00:00Z,1,2,0,0,0,0,0,0,0,0,0,0,0.0,0.0,0.0,0.0,0,0.0,0.0,0.0,0.0,False,a,,,,,2526
765,553746,38,374,Leo Shahar,Shahar,2,0.0,4.0,15,10,Away,2026-05-24T15:00:00Z,0,2,0,0,0,0,0,0,0,0,0,0,0.0,0.0,0.0,0.0,0,0.0,0.0,0.0,0.0,False,a,,,,,2526
766,601956,38,372,Saheed Olagunju,Olagunju,2,0.0,4.0,20,3,Away,2026-05-24T15:00:00Z,1,1,0,0,0,0,0,0,0,0,0,0,0.0,0.0,0.0,0.0,0,0.0,0.0,0.0,0.0,False,a,,,,,2526
767,605319,38,372,Luke Rawlings,Rawlings,3,0.0,4.5,20,3,Away,2026-05-24T15:00:00Z,1,1,0,0,0,0,0,0,0,0,0,0,0.0,0.0,0.0,0.0,0,0.0,0.0,0.0,0.0,False,a,,,,,2526
768,664015,38,376,Leon Routh,Leon Routh,2,0.0,4.0,2,13,Away,2026-05-24T15:00:00Z,2,1,0,0,0,0,0,0,0,0,0,0,0.0,0.0,0.0,0.0,0,0.0,0.0,0.0,0.0,False,a,,,,,2526
769,576620,38,371,Bendito Mantato,Bendito Mantato,3,0.0,4.5,14,6,Away,2026-05-24T15:00:00Z,3,0,0,0,0,0,0,0,0,0,0,0,0.0,0.0,0.0,0.0,0,0.0,0.0,0.0,0.0,False,a,,,,,2526
770,619536,38,374,Seth Ridgeon,Ridgeon,3,0.0,4.5,10,15,Home,2026-05-24T15:00:00Z,2,0,0,0,0,0,0,0,0,0,0,0,0.0,0.0,0.0,0.0,0,0.0,0.0,0.0,0.0,False,a,,,,,2526
771,519913,38,371,Tyler Fletcher,Fletcher,3,0.0,4.4,14,6,Away,2026-05-24T15:00:00Z,3,0,16,0,0,0,0,0,0,0,3,1,0.0,0.0,0.0,0.31,2,0.2,0.4,2.0,0.0,False,a,,,,,2526
772,666607,38,374,Sam Alabi,Alabi,3,0.0,4.5,15,10,Away,2026-05-24T15:00:00Z,0,2,0,0,0,0,0,0,0,0,0,0,0.0,0.0,0.0,0.0,0,0.0,0.0,0.0,0.0,False,a,,,,,2526
773,643426,38,373,Dean Benamar,Benamar,2,0.0,4.0,8,1,Home,2026-05-24T15:00:00Z,1,2,0,0,0,0,0,0,0,0,0,0,0.0,0.0,0.0,0.0,0,0.0,0.0,0.0,0.0,False,a,,,,,2526
774,232356,38,378,Jenson Jones,Jenson Jones,2,0.0,4.0,17,7,Home,2026-05-24T15:00:00Z,2,1,0,0,0,0,0,0,0,0,0,0,0.0,0.0,0.0,0.0,0,0.0,0.0,0.0,0.0,False,a,,,,,2526
775,604211,38,378,Tymur Tutierov,Tutierov,3,0.0,4.5,17,7,Home,2026-05-24T15:00:00Z,2,1,0,0,0,0,0,0,0,0,0,0,0.0,0.0,0.0,0.0,0,0.0,0.0,0.0,0.0,False,u,has joined Exeter City on loan for the rest of the season.,,,,2526
776,647960,38,372,Oliver Pimlott,Pimlott,3,0.0,4.5,3,20,Home,2026-05-24T15:00:00Z,1,1,0,0,0,0,0,0,0,0,0,0,0.0,0.0,0.0,0.0,0,0.0,0.0,0.0,0.0,False,a,,,,,2526
777,514362,38,372,Temple Ojinnaka,Ojinnaka,3,0.0,4.5,20,3,Away,2026-05-24T15:00:00Z,1,1,0,0,0,0,0,0,0,0,0,0,0.0,0.0,0.0,0.0,0,0.0,0.0,0.0,0.0,False,u,has joined Shrewsbury Town on loan for the rest of the season.,,,,2526
778,589121,38,372,Ethan Sutherland,Sutherland,3,0.0,4.5,20,3,Away,2026-05-24T15:00:00Z,1,1,0,0,0,0,0,0,0,0,0,0,0.0,0.0,0.0,0.0,0,0.0,0.0,0.0,0.0,False,a,,,,,2526
779,629068,38,379,Braiden Graham,Graham,4,0.0,4.5,9,18,Away,2026-05-24T15:00:00Z,0,1,0,0,0,0,0,0,0,0,0,0,0.0,0.0,0.0,0.0,0,0.0,0.0,0.0,0.0,False,a,,,,,2526
780,631106,38,373,Ben Casey,Casey,4,0.0,4.5,8,1,Home,2026-05-24T15:00:00Z,1,2,0,0,0,0,0,0,0,0,0,0,0.0,0.0,0.0,0.0,0,0.0,0.0,0.0,0.0,False,a,,,,,2526
781,618027,38,376,TJ Carroll,Carroll,2,0.0,4.0,2,13,Away,2026-05-24T15:00:00Z,2,1,0,0,0,0,0,0,0,0,0,0,0.0,0.0,0.0,0.0,0,0.0,0.0,0.0,0.0,False,a,,,,,2526
782,40383,38,377,Fraser Forster,Forster,1,0.0,4.0,4,16,Away,2026-05-24T15:00:00Z,1,1,0,0,0,0,0,0,0,0,0,0,0.0,0.0,0.0,0.0,0,0.0,0.0,0.0,0.0,False,a,,,,,2526
783,60307,38,371,Pascal Groß,Groß,3,3.0,5.6,6,14,Home,2026-05-24T15:00:00Z,0,3,90,0,0,0,3,0,0,0,11,2,0.11,0.15,0.26,1.66,7,4.3,7.8,5.9,29.0,False,a,,1.0,,,2526
784,704232,38,372,George Brierley,Brierley,3,0.0,4.5,3,20,Home,2026-05-24T15:00:00Z,1,1,0,0,0,0,0,0,0,0,0,0,0.0,0.0,0.0,0.0,0,0.0,0.0,0.0,0.0,False,a,,,,,2526
785,530335,38,380,Pablo Felipe Pereira de Jesus,Pablo,4,0.0,5.4,19,11,Home,2026-05-24T15:00:00Z,3,0,45,0,0,0,0,0,0,0,5,1,0.23,0.12,0.35,1.06,1,4.6,6.6,26.6,13.0,False,a,,,,,2526
786,505079,38,374,Alfie McNally,McNally,1,0.0,4.0,10,15,Home,2026-05-24T15:00:00Z,2,0,0,0,0,0,0,0,0,0,0,0,0.0,0.0,0.0,0.0,0,0.0,0.0,0.0,0.0,False,a,,,,,2526
787,565863,38,380,Sam Chambers,Chambers,3,0.0,4.4,11,19,Away,2026-05-24T15:00:00Z,0,3,0,0,0,0,0,0,0,0,0,0,0.0,0.0,0.0,0.0,0,0.0,0.0,0.0,0.0,False,a,,,,,2526
788,576637,38,371,Godwill Kukonki,Kukonki,2,0.0,4.0,14,6,Away,2026-05-24T15:00:00Z,3,0,0,0,0,0,0,0,0,0,0,0,0.0,0.0,0.0,0.0,0,0.0,0.0,0.0,0.0,False,a,,,,,2526
789,518335,38,378,Max Merrick,Merrick,1,0.0,4.0,7,17,Away,2026-05-24T15:00:00Z,1,2,0,0,0,0,0,0,0,0,0,0,0.0,0.0,0.0,0.0,0,0.0,0.0,0.0,0.0,False,a,,,,,2526
790,611917,38,379,Lucá Williams-Barnett,Williams-Barnett,3,0.0,4.5,18,9,Home,2026-05-24T15:00:00Z,1,0,0,0,0,0,0,0,0,0,0,0,0.0,0.0,0.0,0.0,0,0.0,0.0,0.0,0.0,False,a,,,,,2526
791,247670,38,380,Valentín Castellanos,Taty,4,0.3,5.5,19,11,Home,2026-05-24T15:00:00Z,3,0,87,1,0,1,0,0,0,2,35,8,0.83,0.01,0.84,1.39,4,9.8,33.0,1.4,64.0,False,a,,,,,2526
792,653481,38,376,Alysson Edward Franco da Rocha dos Santos,Alysson,3,0.0,5.0,2,13,Away,2026-05-24T15:00:00Z,2,1,0,0,0,0,0,0,0,0,0,0,0.0,0.0,0.0,0.0,0,0.0,0.0,0.0,0.0,False,i,Muscle injury - Unknown return date,,,,2526
793,591384,38,373,George King,King,2,0.0,4.0,8,1,Home,2026-05-24T15:00:00Z,1,2,0,0,0,0,0,0,0,0,0,0,0.0,0.0,0.0,0.0,0,0.0,0.0,0.0,0.0,False,a,,,,,2526
794,494307,38,376,Max Alleyne,Alleyne,2,0.0,3.9,13,2,Home,2026-05-24T15:00:00Z,1,2,0,0,0,0,0,0,0,0,0,0,0.0,0.0,0.0,0.0,0,0.0,0.0,0.0,0.0,False,a,,,,,2526
795,597320,38,371,Harry Howell,Howell,3,0.0,4.5,6,14,Home,2026-05-24T15:00:00Z,0,3,0,0,0,0,0,0,0,0,0,0,0.0,0.0,0.0,0.0,0,0.0,0.0,0.0,0.0,False,a,,,,,2526
796,232787,38,379,Conor Gallagher,Gallagher,3,0.2,5.0,18,9,Home,2026-05-24T15:00:00Z,1,0,81,0,0,1,0,0,0,0,13,3,0.18,0.02,0.2,0.16,8,3.2,6.6,15.1,10.0,False,a,,,,,2526
797,593174,38,375,Kaye Furo,Furo,4,0.0,4.5,5,12,Away,2026-05-24T15:00:00Z,1,1,0,0,0,0,0,0,0,0,0,0,0.0,0.0,0.0,0.0,0,0.0,0.0,0.0,0.0,False,a,,,,,2526
798,502988,38,373,Danny Imray,Imray,2,0.0,4.0,8,1,Home,2026-05-24T15:00:00Z,1,2,0,0,0,0,0,0,0,0,0,0,0.0,0.0,0.0,0.0,0,0.0,0.0,0.0,0.0,False,u,has joined West Brom on loan for the rest of the season.,,,,2526
799,658013,38,377,Charlie Stevens,Stevens,3,0.0,4.5,4,16,Away,2026-05-24T15:00:00Z,1,1,0,0,0,0,0,0,0,0,0,0,0.0,0.0,0.0,0.0,0,0.0,0.0,0.0,0.0,False,a,,,,,2526
800,699989,38,378,Djiamgone Jocelin Ta Bi,Jocelin.T,3,0.0,4.9,17,7,Home,2026-05-24T15:00:00Z,2,1,0,0,0,0,0,0,0,0,0,0,0.0,0.0,0.0,0.0,0,0.0,0.0,0.0,0.0,False,a,,,,,2526
801,614574,38,377,Alex Tóth,Tóth.A,3,0.0,4.9,4,16,Away,2026-05-24T15:00:00Z,1,1,56,0,0,0,1,0,0,0,9,1,0.05,0.06,0.11,1.04,5,2.8,9.0,15.1,4.0,False,a,,,,,2526
802,572702,38,380,Keiber Lamadrid,Lamadrid,3,0.0,5.0,19,11,Home,2026-05-24T15:00:00Z,3,0,0,0,0,0,0,0,0,0,0,0,0.0,0.0,0.0,0.0,0,0.0,0.0,0.0,0.0,False,a,,,,,2526
803,499857,38,378,Teddy Sharman-Lowe,Sharman-Lowe,1,0.0,4.0,7,17,Away,2026-05-24T15:00:00Z,1,2,0,0,0,0,0,0,0,0,0,0,0.0,0.0,0.0,0.0,0,0.0,0.0,0.0,0.0,False,a,,,,,2526
804,616221,38,379,João Victor de Souza Menezes,Souza,2,0.0,4.0,18,9,Home,2026-05-24T15:00:00Z,1,0,0,0,0,0,0,0,0,0,0,0,0.0,0.0,0.0,0.0,0,0.0,0.0,0.0,0.0,False,a,,,,,2526
805,469130,38,377,Lorenzo Lucca,Lucca,4,0.0,5.3,16,4,Home,2026-05-24T15:00:00Z,1,1,0,0,0,0,0,0,0,0,0,0,0.0,0.0,0.0,0.0,0,0.0,0.0,0.0,0.0,False,a,,,,,2526
806,436416,38,377,Christos Mandas,Mandas,1,0.0,4.0,4,16,Away,2026-05-24T15:00:00Z,1,1,0,0,0,0,0,0,0,0,0,0,0.0,0.0,0.0,0.0,0,0.0,0.0,0.0,0.0,False,a,,,,,2526
807,499604,38,377,Rayan Vitor Simplício Rocha,Rayan,3,2.3,5.4,4,16,Away,2026-05-24T15:00:00Z,1,1,72,0,0,0,1,0,0,0,9,2,0.06,0.04,0.1,1.22,6,3.5,9.8,16.8,8.0,False,a,,,,,2526
808,173879,38,376,Tammy Abraham,Abraham,4,0.2,5.7,2,13,Away,2026-05-24T15:00:00Z,2,1,0,0,0,0,0,0,0,0,0,0,0.0,0.0,0.0,0.0,0,0.0,0.0,0.0,0.0,False,a,,,,,2526
809,685628,38,372,Jerome Abbey,Abbey,3,0.0,4.5,20,3,Away,2026-05-24T15:00:00Z,1,1,16,0,0,0,0,0,0,0,2,1,0.0,0.0,0.0,0.42,2,0.3,3.2,0.0,0.0,False,a,,,,,2526
810,559610,38,375,Luka Bentt,Bentt,3,0.0,4.5,5,12,Away,2026-05-24T15:00:00Z,1,1,0,0,0,0,0,0,0,0,0,0,0.0,0.0,0.0,0.0,0,0.0,0.0,0.0,0.0,False,a,,,,,2526
811,536134,38,379,Rio Kyerematen,Kyerematen,3,0.0,4.5,18,9,Home,2026-05-24T15:00:00Z,1,0,0,0,0,0,0,0,0,0,0,0,0.0,0.0,0.0,0.0,0,0.0,0.0,0.0,0.0,False,a,,,,,2526
812,515046,38,378,Melker Ellborg,Ellborg,1,0.1,4.0,17,7,Home,2026-05-24T15:00:00Z,2,1,0,0,0,0,0,0,0,0,0,0,0.0,0.0,0.0,0.0,0,0.0,0.0,0.0,0.0,False,a,,,,,2526
813,536661,38,378,Nilson Angulo,Angulo,3,0.0,5.0,17,7,Home,2026-05-24T15:00:00Z,2,1,60,0,0,0,1,1,0,0,7,1,0.28,0.02,0.3,0.81,10,2.9,4.8,1.2,23.0,False,a,,,,,2526
814,470315,38,377,Luca Netz,Netz,2,0.0,4.5,16,4,Home,2026-05-24T15:00:00Z,1,1,27,0,0,0,0,0,0,0,4,1,0.0,0.0,0.0,0.16,2,0.4,3.6,0.3,0.0,False,a,,,,,2526
815,220362,38,380,Axel Disasi,Disasi,2,0.2,4.5,19,11,Home,2026-05-24T15:00:00Z,3,0,90,0,0,1,0,0,0,0,20,6,0.0,0.01,0.01,1.59,2,0.5,4.8,0.6,0.0,False,a,,,,,2526
816,209041,38,372,Angel Gomes,Angel,3,0.0,4.6,20,3,Away,2026-05-24T15:00:00Z,1,1,65,0,0,0,1,0,0,0,13,2,0.0,0.01,0.01,0.56,5,3.2,9.4,22.2,0.0,False,a,,,,,2526
817,155511,38,372,Adam Armstrong,Armstrong,4,0.1,5.1,20,3,Away,2026-05-24T15:00:00Z,1,1,73,1,0,0,1,0,0,1,19,7,0.79,0.0,0.79,0.56,1,5.9,32.0,0.0,27.0,False,a,,,,,2526
818,613232,38,379,James Wilson,Wilson,4,0.0,4.5,18,9,Home,2026-05-24T15:00:00Z,1,0,0,0,0,0,0,0,0,0,0,0,0.0,0.0,0.0,0.0,0,0.0,0.0,0.0,0.0,False,a,,,,,2526
819,494556,38,375,Ollie Shield,Shield,2,0.0,4.0,5,12,Away,2026-05-24T15:00:00Z,1,1,0,0,0,0,0,0,0,0,0,0,0.0,0.0,0.0,0.0,0,0.0,0.0,0.0,0.0,False,a,,,,,2526
820,644593,38,372,Kian McMahon-Brown,McMahon-Brown,3,0.0,4.5,3,20,Home,2026-05-24T15:00:00Z,1,1,0,0,0,0,0,0,0,0,0,0,0.0,0.0,0.0,0.0,0,0.0,0.0,0.0,0.0,False,a,,,,,2526
821,570929,38,378,Jack Whittaker,Whittaker,3,0.0,4.5,17,7,Home,2026-05-24T15:00:00Z,2,1,0,0,0,0,0,0,0,0,0,0,0.0,0.0,0.0,0.0,0,0.0,0.0,0.0,0.0,False,a,,,,,2526
822,571087,38,378,Jaydon Jones,Jones,3,0.0,4.5,17,7,Home,2026-05-24T15:00:00Z,2,1,0,0,0,0,0,0,0,0,0,0,0.0,0.0,0.0,0.0,0,0.0,0.0,0.0,0.0,False,a,,,,,2526
823,649240,38,375,Joshua Stephenson,Stephenson,2,0.0,4.0,5,12,Away,2026-05-24T15:00:00Z,1,1,0,0,0,0,0,0,0,0,0,0,0.0,0.0,0.0,0.0,0,0.0,0.0,0.0,0.0,False,a,,,,,2526
824,587433,38,375,Conor McManus,McManus,2,0.0,4.0,5,12,Away,2026-05-24T15:00:00Z,1,1,0,0,0,0,0,0,0,0,0,0,0.0,0.0,0.0,0.0,0,0.0,0.0,0.0,0.0,False,a,,,,,2526
825,553742,38,380,Finlay Herrick,Herrick,1,0.0,4.0,19,11,Home,2026-05-24T15:00:00Z,3,0,0,0,0,0,0,0,0,0,0,0,0.0,0.0,0.0,0.0,0,0.0,0.0,0.0,0.0,False,a,,,,,2526
826,547671,38,375,Riley Owen,Owen,3,0.0,4.5,5,12,Away,2026-05-24T15:00:00Z,1,1,0,0,0,0,0,0,0,0,0,0,0.0,0.0,0.0,0.0,0,0.0,0.0,0.0,0.0,False,a,,,,,2526
827,576634,38,371,Jim Thwaites,Thwaites,3,0.0,4.5,14,6,Away,2026-05-24T15:00:00Z,3,0,0,0,0,0,0,0,0,0,0,0,0.0,0.0,0.0,0.0,0,0.0,0.0,0.0,0.0,False,a,,,,,2526
828,491460,38,372,Alfie Brooks,Brooks,1,0.0,4.0,20,3,Away,2026-05-24T15:00:00Z,1,1,0,0,0,0,0,0,0,0,0,0,0.0,0.0,0.0,0.0,0,0.0,0.0,0.0,0.0,False,a,,,,,2526
829,619734,38,378,Jesse Derry,Derry,3,0.0,4.5,7,17,Away,2026-05-24T15:00:00Z,1,2,0,0,0,0,0,0,0,0,0,0,0.0,0.0,0.0,0.0,0,0.0,0.0,0.0,0.0,False,a,,,,,2526
830,677945,38,375,Will Wright,Wright,4,0.0,4.5,12,5,Home,2026-05-24T15:00:00Z,1,1,0,0,0,0,0,0,0,0,0,0,0.0,0.0,0.0,0.0,0,0.0,0.0,0.0,0.0,False,a,,,,,2526
831,627888,38,372,Josh Gracey,Gracey,1,0.0,4.0,20,3,Away,2026-05-24T15:00:00Z,1,1,0,0,0,0,0,0,0,0,0,0,0.0,0.0,0.0,0.0,0,0.0,0.0,0.0,0.0,False,a,,,,,2526
832,718875,38,375,Talla Ndiaye,Ndiaye,2,0.0,4.0,12,5,Home,2026-05-24T15:00:00Z,1,1,0,0,0,0,0,0,0,0,0,0,0.0,0.0,0.0,0.0,0,0.0,0.0,0.0,0.0,False,a,,,,,2526
833,671606,38,378,Mathis Eboué,Eboué,3,0.0,4.5,7,17,Away,2026-05-24T15:00:00Z,1,2,0,0,0,0,0,0,0,0,0,0,0.0,0.0,0.0,0.0,0,0.0,0.0,0.0,0.0,False,a,,,,,2526
834,616286,38,378,Ryan Kavuma-McQueen,Kavuma-McQueen,3,0.0,4.5,7,17,Away,2026-05-24T15:00:00Z,1,2,0,0,0,0,0,0,0,0,0,0,0.0,0.0,0.0,0.0,0,0.0,0.0,0.0,0.0,False,a,,,,,2526
835,568159,38,377,Archie Whitehall,Whitehall,3,0.0,4.5,16,4,Home,2026-05-24T15:00:00Z,1,1,0,0,0,0,0,0,0,0,0,0,0.0,0.0,0.0,0.0,0,0.0,0.0,0.0,0.0,False,a,,,,,2526
836,590040,38,377,Jimmy Sinclair,Sinclair,3,0.0,4.5,16,4,Home,2026-05-24T15:00:00Z,1,1,0,0,0,0,0,0,0,0,0,0,0.0,0.0,0.0,0.0,0,0.0,0.0,0.0,0.0,False,a,,,,,2526
837,643970,38,380,Jayden Lienou,Lienou,2,0.0,4.0,11,19,Away,2026-05-24T15:00:00Z,0,3,0,0,0,0,0,0,0,0,0,0,0.0,0.0,0.0,0.0,0,0.0,0.0,0.0,0.0,False,a,,,,,2526
838,577978,38,380,Rhys Chadwick,Chadwick,3,0.0,4.5,11,19,Away,2026-05-24T15:00:00Z,0,3,0,0,0,0,0,0,0,0,0,0,0.0,0.0,0.0,0.0,0,0.0,0.0,0.0,0.0,False,a,,,,,2526
839,592740,38,380,Alfie Cresswell,Cresswell,3,0.0,4.5,11,19,Away,2026-05-24T15:00:00Z,0,3,0,0,0,0,0,0,0,0,0,0,0.0,0.0,0.0,0.0,0,0.0,0.0,0.0,0.0,False,a,,,,,2526
840,567119,38,378,Shumaira Mheuka,Mheuka,4,0.0,4.5,7,17,Away,2026-05-24T15:00:00Z,1,2,0,0,0,0,0,0,0,0,0,0,0.0,0.0,0.0,0.0,0,0.0,0.0,0.0,0.0,False,a,,,,,2526
841,687076,38,377,Lamin Sillah,Sillah,4,0.0,4.5,16,4,Home,2026-05-24T15:00:00Z,1,1,0,0,0,0,0,0,0,0,0,0,0.0,0.0,0.0,0.0,0,0.0,0.0,0.0,0.0,False,a,,,,,2526
