player_id,player_code,gameweek,fixture_id,name,web_name,position_id,selected_by_percent,value,team_id,opponent_id,h_a,kickoff_time,team_score,opponent_score,minutes,goals_scored,assists,clean_sheets,goals_conceded,yellow_cards,red_cards,bonus,bps,total_points,xG,xA,xGI,xGC,DefCon,ict_index,influence,creativity,threat,in_dreamteam,status,news,corners_indirect_freekicks_order,direct_freekicks_order,penalties_order,season
1,154561,33,327,David Raya Martín,Raya,1,36.1,6.0,1,13,Away,2026-04-19T15:30:00Z,1,2,90,0,0,0,2,0,0,0,8,1,0.0,0.0,0.0,1.36,0,2.1,21.0,0.0,0.0,False,a,,,,,2526
2,109745,33,327,Kepa Arrizabalaga Revuelta,Arrizabalaga,1,0.4,4.0,1,13,Away,2026-04-19T15:30:00Z,1,2,0,0,0,0,0,0,0,0,0,0,0.0,0.0,0.0,0.0,0,0.0,0.0,0.0,0.0,False,a,,,,,2526
3,463748,33,327,Karl Hein,Hein,1,0.2,4.0,1,13,Away,2026-04-19T15:30:00Z,1,2,0,0,0,0,0,0,0,0,0,0,0.0,0.0,0.0,0.0,0,0.0,0.0,0.0,0.0,False,u,Has joined Werder Bremen on loan for the rest of the season.,,,,2526
4,551221,33,327,Tommy Setford,Setford,1,0.2,3.9,1,13,Away,2026-04-19T15:30:00Z,1,2,0,0,0,0,0,0,0,0,0,0,0.0,0.0,0.0,0.0,0,0.0,0.0,0.0,0.0,False,a,,,,,2526
5,226597,33,327,Gabriel dos Santos Magalhães,Gabriel,2,44.7,7.1,1,13,Away,2026-04-19T15:30:00Z,1,2,90,0,0,0,2,1,0,0,2,0,0.02,0.01,0.03,1.36,7,2.8,22.6,0.2,5.0,False,a,,,,,2526
6,462424,33,327,William Saliba,Saliba,2,14.6,6.1,1,13,Away,2026-04-19T15:30:00Z,1,2,90,0,0,0,2,0,0,0,13,3,0.0,0.02,0.02,1.36,10,2.6,23.8,2.5,0.0,False,a,,,,,2526
7,466075,33,327,Riccardo Calafiori,Calafiori,2,5.9,5.6,1,13,Away,2026-04-19T15:30:00Z,1,2,0,0,0,0,0,0,0,0,0,0,0.0,0.0,0.0,0.0,0,0.0,0.0,0.0,0.0,False,d,Knock - 75% chance of playing,,,,2526
8,445122,33,327,Jurriën Timber,J.Timber,2,20.1,6.1,1,13,Away,2026-04-19T15:30:00Z,1,2,0,0,0,0,0,0,0,0,0,0,0.0,0.0,0.0,0.0,0,0.0,0.0,0.0,0.0,False,i,Ankle injury - Unknown return date,,,,2526
9,440854,33,327,Jakub Kiwior,Kiwior,2,0.0,5.4,1,13,Away,2026-04-19T15:30:00Z,1,2,0,0,0,0,0,0,0,0,0,0,0.0,0.0,0.0,0.0,0,0.0,0.0,0.0,0.0,False,u,has joined Porto on loan for the rest of the season.,,,,2526
10,499169,33,327,Myles Lewis-Skelly,Lewis-Skelly,2,1.4,5.0,1,13,Away,2026-04-19T15:30:00Z,1,2,0,0,0,0,0,0,0,0,0,0,0.0,0.0,0.0,0.0,0,0.0,0.0,0.0,0.0,False,a,,,,,2526
11,198869,33,327,Benjamin White,White,2,0.5,5.1,1,13,Away,2026-04-19T15:30:00Z,1,2,16,0,0,0,0,0,0,0,3,1,0.0,0.0,0.0,0.0,1,0.5,1.6,3.4,0.0,False,a,,,,,2526
12,206325,33,329,Oleksandr Zinchenko,Zinchenko,2,0.2,4.9,16,3,Home,2026-04-19T13:00:00Z,4,1,0,0,0,0,0,0,0,0,0,0,0.0,0.0,0.0,0.0,0,0.0,0.0,0.0,0.0,False,u,has joined Ajax permanently.,,,,2526
13,563324,33,327,Brayden Clarke,Clarke,2,0.5,3.7,1,13,Away,2026-04-19T15:30:00Z,1,2,0,0,0,0,0,0,0,0,0,0,0.0,0.0,0.0,0.0,0,0.0,0.0,0.0,0.0,False,a,,,,,2526
14,588793,33,327,Maldini Kacurri,Kacurri,2,0.1,3.9,1,13,Away,2026-04-19T15:30:00Z,1,2,0,0,0,0,0,0,0,0,0,0,0.0,0.0,0.0,0.0,0,0.0,0.0,0.0,0.0,False,u,has joined Morecambe on loan for the rest of the season.,,,,2526
15,499167,33,327,Josh Nichols,Nichols,2,0.3,3.7,1,13,Away,2026-04-19T15:30:00Z,1,2,0,0,0,0,0,0,0,0,0,0,0.0,0.0,0.0,0.0,0,0.0,0.0,0.0,0.0,False,a,,,,,2526
16,223340,33,327,Bukayo Saka,Saka,3,6.9,9.8,1,13,Away,2026-04-19T15:30:00Z,1,2,0,0,0,0,0,0,0,0,0,0,0.0,0.0,0.0,0.0,0,0.0,0.0,0.0,0.0,False,d,Achilles injury - 75% chance of playing,2.0,2.0,1.0,2526
17,184029,33,327,Martin Ødegaard,Ødegaard,3,1.6,7.8,1,13,Away,2026-04-19T15:30:00Z,1,2,90,0,0,0,2,0,0,0,13,2,0.0,0.35,0.35,1.36,8,6.3,8.2,52.8,2.0,False,a,,4.0,,3.0,2526
18,248857,33,327,Noni Madueke,Madueke,3,0.8,6.8,1,13,Away,2026-04-19T15:30:00Z,1,2,45,0,0,0,1,0,0,0,5,1,0.0,0.01,0.01,0.67,7,1.5,6.2,4.7,4.0,False,a,,3.0,,,2526
19,444145,33,327,Gabriel Martinelli Silva,Martinelli,3,0.9,6.8,1,13,Away,2026-04-19T15:30:00Z,1,2,45,0,0,0,1,0,0,0,1,1,0.34,0.01,0.35,0.69,3,1.1,2.2,4.4,4.0,False,a,,,,,2526
20,116216,33,327,Leandro Trossard,Trossard,3,0.8,6.5,1,13,Away,2026-04-19T15:30:00Z,1,2,16,0,0,0,0,0,0,0,10,1,0.0,0.09,0.09,0.0,4,2.6,9.2,14.5,2.0,False,a,,,,4.0,2526
21,204480,33,327,Declan Rice,Rice,3,25.1,7.2,1,13,Away,2026-04-19T15:30:00Z,1,2,90,0,0,0,2,0,0,0,13,2,0.0,0.07,0.07,1.36,11,3.4,11.4,22.8,0.0,False,a,,1.0,1.0,,2526
22,195384,33,327,Mikel Merino Zazón,Merino,3,0.8,5.4,1,13,Away,2026-04-19T15:30:00Z,1,2,0,0,0,0,0,0,0,0,0,0,0.0,0.0,0.0,0.0,0,0.0,0.0,0.0,0.0,False,i,Foot injury - Unknown return date,,,,2526
23,438098,33,327,Fábio Ferreira Vieira,Fábio Vieira,3,0.0,5.4,1,13,Away,2026-04-19T15:30:00Z,1,2,0,0,0,0,0,0,0,0,0,0,0.0,0.0,0.0,0.0,0,0.0,0.0,0.0,0.0,False,u,has joined Hamburger on loan for the rest of the season.,,,,2526
24,128295,33,327,Christian Nørgaard,Nørgaard,3,0.1,5.1,1,13,Away,2026-04-19T15:30:00Z,1,2,0,0,0,0,0,0,0,0,0,0,0.0,0.0,0.0,0.0,0,0.0,0.0,0.0,0.0,False,a,,,,,2526
25,499175,33,327,Ethan Nwaneri,Nwaneri,3,0.1,5.0,1,13,Away,2026-04-19T15:30:00Z,1,2,0,0,0,0,0,0,0,0,0,0,0.0,0.0,0.0,0.0,0,0.0,0.0,0.0,0.0,False,u,has joined Marseille on loan for the rest of the season.,,,,2526
26,481655,33,327,Martín Zubimendi Ibáñez,Zubimendi,3,3.1,5.0,1,13,Away,2026-04-19T15:30:00Z,1,2,83,0,0,0,2,0,0,0,12,4,0.0,0.0,0.0,1.36,12,1.4,13.8,0.3,0.0,False,a,,,,,2526
27,200641,33,322,Reiss Nelson,Nelson,3,0.1,4.8,5,10,Home,2026-04-18T11:30:00Z,0,0,0,0,0,0,0,0,0,0,0,0,0.0,0.0,0.0,0.0,0,0.0,0.0,0.0,0.0,False,a,,,,,2526
28,588796,33,327,Ismeal Kabia,Kabia,3,0.1,4.5,1,13,Away,2026-04-19T15:30:00Z,1,2,0,0,0,0,0,0,0,0,0,0,0.0,0.0,0.0,0.0,0,0.0,0.0,0.0,0.0,False,u,has joined Shrewsbury Town on loan for the rest of the season.,,,,2526
29,437742,33,327,Albert Sambi Lokonga,Sambi,3,0.0,4.5,1,13,Away,2026-04-19T15:30:00Z,1,2,0,0,0,0,0,0,0,0,0,0,0.0,0.0,0.0,0.0,0,0.0,0.0,0.0,0.0,False,u,has joined Hamburger permanently.,,,,2526
30,219847,33,327,Kai Havertz,Havertz,4,1.0,7.3,1,13,Away,2026-04-19T15:30:00Z,1,2,90,1,0,0,2,0,0,0,21,6,1.25,0.0,1.25,1.36,3,10.5,33.4,2.1,69.0,False,a,,,,,2526
31,205651,33,327,Gabriel Fernando de Jesus,G.Jesus,4,0.3,6.4,1,13,Away,2026-04-19T15:30:00Z,1,2,0,0,0,0,0,0,0,0,0,0,0.0,0.0,0.0,0.0,0,0.0,0.0,0.0,0.0,False,a,,,,,2526
32,98980,33,321,Emiliano Martínez Romero,Martinez,1,4.9,5.1,2,17,Home,2026-04-19T13:00:00Z,4,3,90,0,0,0,3,0,0,0,9,2,0.0,0.01,0.01,1.73,0,3.4,34.2,0.0,0.0,False,a,,,,,2526
33,72147,33,321,Marco Bizot,M.Bizot,1,0.4,4.2,2,17,Home,2026-04-19T13:00:00Z,4,3,0,0,0,0,0,0,0,0,0,0,0.0,0.0,0.0,0.0,0,0.0,0.0,0.0,0.0,False,a,,,,,2526
34,462492,33,321,Joe Gauci,Gauci,1,0.1,4.0,2,17,Home,2026-04-19T13:00:00Z,4,3,0,0,0,0,0,0,0,0,0,0,0.0,0.0,0.0,0.0,0,0.0,0.0,0.0,0.0,False,u,Has joined Port Vale on loan for the rest of the season.,,,,2526
35,462381,33,321,Filip Marschall,Marschall,1,0.0,4.0,2,17,Home,2026-04-19T13:00:00Z,4,3,0,0,0,0,0,0,0,0,0,0,0.0,0.0,0.0,0.0,0,0.0,0.0,0.0,0.0,False,u,Has joined Stevenage permanently.,,,,2526
36,199796,33,321,Matty Cash,Cash,2,8.4,4.7,2,17,Home,2026-04-19T13:00:00Z,4,3,90,0,0,0,3,0,0,0,-4,1,0.01,0.02,0.03,1.73,4,1.3,6.0,1.7,5.0,False,a,,3.0,,,2526
37,101188,33,321,Lucas Digne,Digne,2,1.7,4.5,2,17,Home,2026-04-19T13:00:00Z,4,3,20,0,1,0,2,0,0,0,10,3,0.0,0.29,0.29,1.45,1,3.6,21.4,14.1,0.0,False,a,,2.0,2.0,,2526
38,199798,33,321,Ezri Konsa Ngoyo,Konsa,2,7.8,4.4,2,17,Home,2026-04-19T13:00:00Z,4,3,90,0,0,0,3,0,0,0,4,1,0.0,0.0,0.0,1.73,4,1.3,10.2,0.8,2.0,False,a,,,,,2526
39,441302,33,321,Ian Maatsen,Maatsen,2,0.6,4.2,2,17,Home,2026-04-19T13:00:00Z,4,3,69,0,1,0,1,0,0,0,16,5,0.0,0.39,0.39,0.28,2,5.5,22.8,26.0,6.0,False,a,,,,,2526
40,149484,33,321,Tyrone Mings,Mings,2,0.7,4.3,2,17,Home,2026-04-19T13:00:00Z,4,3,90,0,0,0,3,0,0,0,4,1,0.07,0.02,0.09,1.73,6,5.3,16.2,1.6,35.0,False,a,,,,,2526
41,244954,33,321,Pau Torres,Pau,2,0.3,4.3,2,17,Home,2026-04-19T13:00:00Z,4,3,0,0,0,0,0,0,0,0,0,0,0.0,0.0,0.0,0.0,0,0.0,0.0,0.0,0.0,False,a,,,,,2526
42,606798,33,321,Andrés García,A.García,2,0.2,3.9,2,17,Home,2026-04-19T13:00:00Z,4,3,0,0,0,0,0,0,0,0,0,0,0.0,0.0,0.0,0.0,0,0.0,0.0,0.0,0.0,False,a,,,,,2526
43,106468,33,321,Álex Moreno Lopera,Alex Moreno,2,1.6,4.0,2,17,Home,2026-04-19T13:00:00Z,4,3,0,0,0,0,0,0,0,0,0,0,0.0,0.0,0.0,0.0,0,0.0,0.0,0.0,0.0,False,u,Has joined Girona permanently.,,,,2526
44,515597,33,321,Lamare Bogarde,Bogarde,2,0.5,4.0,2,17,Home,2026-04-19T13:00:00Z,4,3,0,0,0,0,0,0,0,0,0,0,0.0,0.0,0.0,0.0,0,0.0,0.0,0.0,0.0,False,a,,,,,2526
45,514315,33,321,Lino da Cruz Sousa,Sousa,2,0.2,3.8,2,17,Home,2026-04-19T13:00:00Z,4,3,0,0,0,0,0,0,0,0,0,0,0.0,0.0,0.0,0.0,0,0.0,0.0,0.0,0.0,False,u,has joined Rotherham on loan for the rest of the season.,,,,2526
46,587178,33,321,Yasin Özcan,Yasin,2,0.1,4.0,2,17,Home,2026-04-19T13:00:00Z,4,3,0,0,0,0,0,0,0,0,0,0,0.0,0.0,0.0,0.0,0,0.0,0.0,0.0,0.0,False,u,has joined Anderlecht on loan for the rest of the season.,,,,2526
47,244850,33,321,Morgan Rogers,Rogers,3,25.7,7.4,2,17,Home,2026-04-19T13:00:00Z,4,3,90,1,0,0,3,0,0,2,37,9,0.5,0.49,0.99,1.73,4,8.0,38.6,13.5,28.0,False,a,,,1.0,,2526
48,166989,33,321,Youri Tielemans,Tielemans,3,0.7,5.9,2,17,Home,2026-04-19T13:00:00Z,4,3,90,0,0,0,3,0,0,0,21,2,0.0,0.14,0.14,1.73,8,2.6,17.0,9.0,0.0,False,a,,5.0,,,2526
49,215711,33,321,Leon Bailey,Bailey,3,0.1,5.5,2,17,Home,2026-04-19T13:00:00Z,4,3,0,0,0,0,0,0,0,0,0,0,0.0,0.0,0.0,0.0,0,0.0,0.0,0.0,0.0,False,a,,4.0,,,2526
50,195546,33,321,Emiliano Buendía Stati,Buendía,3,0.4,5.3,2,17,Home,2026-04-19T13:00:00Z,4,3,20,0,0,0,2,0,0,0,4,1,0.21,0.0,0.21,1.45,3,1.2,0.2,1.6,10.0,False,a,,,6.0,2.0,2526
51,469247,33,321,Samuel Iling-Junior,Iling Jr,3,0.0,5.5,2,17,Home,2026-04-19T13:00:00Z,4,3,0,0,0,0,0,0,0,0,0,0,0.0,0.0,0.0,0.0,0,0.0,0.0,0.0,0.0,False,u,has joined Pisa on loan for the rest of the season.,,,,2526
52,232653,33,328,Jacob Ramsey,J.Ramsey,3,0.2,5.3,15,4,Home,2026-04-18T14:00:00Z,1,2,61,0,0,0,1,0,0,0,5,2,0.07,0.06,0.13,2.27,3,4.3,8.0,24.3,11.0,False,a,,,,,2526
53,204646,33,321,Donyell Malen,Malen,3,0.4,5.1,2,17,Home,2026-04-19T13:00:00Z,4,3,0,0,0,0,0,0,0,0,0,0,0.0,0.0,0.0,0.0,0,0.0,0.0,0.0,0.0,False,u,has joined Roma on loan for the rest of the season.,,,,2526
54,122806,33,321,John McGinn,McGinn,3,0.7,5.3,2,17,Home,2026-04-19T13:00:00Z,4,3,79,0,1,0,1,0,0,0,21,5,0.0,1.03,1.03,0.33,3,8.1,22.6,54.8,4.0,False,a,,,,,2526
55,88894,33,321,Ross Barkley,Barkley,3,0.1,4.8,2,17,Home,2026-04-19T13:00:00Z,4,3,69,0,0,0,1,0,0,0,5,2,0.06,0.01,0.07,0.28,4,2.9,6.8,2.7,19.0,False,a,,,,,2526
56,491287,33,321,Enzo Barrenechea,Barrenechea,3,0.0,5.0,2,17,Home,2026-04-19T13:00:00Z,4,3,0,0,0,0,0,0,0,0,0,0,0.0,0.0,0.0,0.0,0,0.0,0.0,0.0,0.0,False,u,Season-long loan to Benfica,,,,2526
57,461421,33,321,Lewis Dobbin,Dobbin,3,0.0,5.0,2,17,Home,2026-04-19T13:00:00Z,4,3,0,0,0,0,0,0,0,0,0,0,0.0,0.0,0.0,0.0,0,0.0,0.0,0.0,0.0,False,u,Has joined Preston North End on loan for the rest of the season.,,,,2526
58,226944,33,321,Boubacar Kamara,Kamara,3,0.2,4.9,2,17,Home,2026-04-19T13:00:00Z,4,3,0,0,0,0,0,0,0,0,0,0,0.0,0.0,0.0,0.0,0,0.0,0.0,0.0,0.0,False,i,Knee injury - Expected back 01 Jun,,,,2526
59,449871,33,321,Amadou Onana,Onana,3,0.7,4.8,2,17,Home,2026-04-19T13:00:00Z,4,3,90,0,0,0,3,1,0,0,7,1,0.28,0.01,0.29,1.73,7,3.3,10.0,13.7,9.0,False,a,,,,,2526
60,577731,33,321,Ben Broggio,Broggio,3,0.2,4.4,2,17,Home,2026-04-19T13:00:00Z,4,3,0,0,0,0,0,0,0,0,0,0,0.0,0.0,0.0,0.0,0,0.0,0.0,0.0,0.0,False,u,has joined Falkirk on loan for the rest of the season.,,,,2526
61,151589,33,321,Leander Dendoncker,Dendoncker,3,0.1,4.5,2,17,Home,2026-04-19T13:00:00Z,4,3,0,0,0,0,0,0,0,0,0,0,0.0,0.0,0.0,0.0,0,0.0,0.0,0.0,0.0,False,u,Has joined Real Oviedo permanently.,,,,2526
62,559962,33,321,Jamaldeen Jimoh-Aloba,Jimoh-Aloba,3,0.1,4.5,2,17,Home,2026-04-19T13:00:00Z,4,3,0,0,0,0,0,0,0,0,0,0,0.0,0.0,0.0,0.0,0,0.0,0.0,0.0,0.0,False,u,has joined West Brom on loan for the rest of the season.,,,,2526
63,537403,33,321,Kadan Young,Young,3,0.5,4.3,2,17,Home,2026-04-19T13:00:00Z,4,3,0,0,0,0,0,0,0,0,0,0,0.0,0.0,0.0,0.0,0,0.0,0.0,0.0,0.0,False,u,has joined Reading on loan for the rest of the season.,,,,2526
64,178301,33,321,Ollie Watkins,Watkins,4,19.1,8.7,2,17,Home,2026-04-19T13:00:00Z,4,3,79,2,1,0,1,0,0,3,70,16,1.22,0.06,1.28,0.33,5,20.4,86.2,31.3,86.0,True,a,,,,3.0,2526
65,576756,33,321,Zépiqueno Redmond,Redmond,4,0.3,4.5,2,17,Home,2026-04-19T13:00:00Z,4,3,0,0,0,0,0,0,0,0,0,0,0.0,0.0,0.0,0.0,0,0.0,0.0,0.0,0.0,False,u,has joined Huddersfield Town on loan for the rest of the season.,,,,2526
66,69752,33,328,Norberto Murara Neto,Neto,1,0.1,4.5,4,15,Away,2026-04-18T14:00:00Z,2,1,0,0,0,0,0,0,0,0,0,0,0.0,0.0,0.0,0.0,0,0.0,0.0,0.0,0.0,,u,Has joined Botafogo permanently.,,,,2526
66,69752,33,332,Norberto Murara Neto,Neto,1,0.1,4.5,4,11,Home,2026-04-22T19:00:00Z,2,2,0,0,0,0,0,0,0,0,0,0,0.0,0.0,0.0,0.0,0,0.0,0.0,0.0,0.0,,u,Has joined Botafogo permanently.,,,,2526
67,457569,33,328,Đorđe Petrović,Petrović,1,4.8,4.6,4,15,Away,2026-04-18T14:00:00Z,2,1,90,0,0,0,1,1,0,0,4,1,0.0,0.0,0.0,1.59,0,1.3,13.4,0.0,0.0,,a,,,,,2526
67,457569,33,332,Đorđe Petrović,Petrović,1,4.8,4.6,4,11,Home,2026-04-22T19:00:00Z,2,2,90,0,0,0,2,0,0,0,5,1,0.0,0.0,0.0,0.83,0,1.8,17.8,0.0,0.0,,a,,,,,2526
68,444172,33,328,Will Dennis,Dennis,1,0.7,4.0,4,15,Away,2026-04-18T14:00:00Z,2,1,0,0,0,0,0,0,0,0,0,0,0.0,0.0,0.0,0.0,0,0.0,0.0,0.0,0.0,,u,has joined Leyton Orient on loan for the rest of the season.,,,,2526
68,444172,33,332,Will Dennis,Dennis,1,0.7,4.0,4,11,Home,2026-04-22T19:00:00Z,2,2,0,0,0,0,0,0,0,0,0,0,0.0,0.0,0.0,0.0,0,0.0,0.0,0.0,0.0,,u,has joined Leyton Orient on loan for the rest of the season.,,,,2526
69,568791,33,328,Callan McKenna,McKenna,1,0.2,3.9,4,15,Away,2026-04-18T14:00:00Z,2,1,0,0,0,0,0,0,0,0,0,0,0.0,0.0,0.0,0.0,0,0.0,0.0,0.0,0.0,,a,,,,,2526
69,568791,33,332,Callan McKenna,McKenna,1,0.2,3.9,4,11,Home,2026-04-22T19:00:00Z,2,2,0,0,0,0,0,0,0,0,0,0,0.0,0.0,0.0,0.0,0,0.0,0.0,0.0,0.0,,a,,,,,2526
70,495145,33,328,Alex Paulsen,Paulsen,1,0.1,4.0,4,15,Away,2026-04-18T14:00:00Z,2,1,0,0,0,0,0,0,0,0,0,0,0.0,0.0,0.0,0.0,0,0.0,0.0,0.0,0.0,,u,Has joined Lechia Gdansk on loan for the rest of the season.,,,,2526
70,495145,33,332,Alex Paulsen,Paulsen,1,0.1,4.0,4,11,Home,2026-04-22T19:00:00Z,2,2,0,0,0,0,0,0,0,0,0,0,0.0,0.0,0.0,0.0,0,0.0,0.0,0.0,0.0,,u,Has joined Lechia Gdansk on loan for the rest of the season.,,,,2526
71,477580,33,328,Illia Zabarnyi,Zabarnyi,2,0.0,5.0,4,15,Away,2026-04-18T14:00:00Z,2,1,0,0,0,0,0,0,0,0,0,0,0.0,0.0,0.0,0.0,0,0.0,0.0,0.0,0.0,,u,Has joined Paris Saint-Germain permanently.,,,,2526
71,477580,33,332,Illia Zabarnyi,Zabarnyi,2,0.0,5.0,4,11,Home,2026-04-22T19:00:00Z,2,2,0,0,0,0,0,0,0,0,0,0,0.0,0.0,0.0,0.0,0,0.0,0.0,0.0,0.0,,u,Has joined Paris Saint-Germain permanently.,,,,2526
72,221466,33,328,Marcos Senesi Barón,Senesi,2,18.3,5.2,4,15,Away,2026-04-18T14:00:00Z,2,1,90,0,0,0,1,0,0,0,10,2,0.0,0.09,0.09,1.59,7,4.2,28.2,11.6,2.0,,a,,,,,2526
72,221466,33,332,Marcos Senesi Barón,Senesi,2,18.3,5.2,4,11,Home,2026-04-22T19:00:00Z,2,2,90,0,1,0,2,0,0,0,18,4,0.13,0.32,0.45,0.83,6,6.3,30.6,20.2,12.0,,a,,,,,2526
73,54469,33,328,Adam Smith,Smith,2,0.2,4.4,4,15,Away,2026-04-18T14:00:00Z,2,1,0,0,0,0,0,0,0,0,0,0,0.0,0.0,0.0,0.0,0,0.0,0.0,0.0,0.0,,a,,,,,2526
73,54469,33,332,Adam Smith,Smith,2,0.2,4.4,4,11,Home,2026-04-22T19:00:00Z,2,2,0,0,0,0,0,0,0,0,0,0,0.0,0.0,0.0,0.0,0,0.0,0.0,0.0,0.0,,a,,,,,2526
74,494521,33,328,Adrien Truffert,Truffert,2,3.6,4.7,4,15,Away,2026-04-18T14:00:00Z,2,1,90,1,0,0,1,0,0,2,27,10,0.49,0.02,0.51,1.59,8,8.4,47.0,2.2,35.0,,a,,,,,2526
74,494521,33,332,Adrien Truffert,Truffert,2,3.6,4.7,4,11,Home,2026-04-22T19:00:00Z,2,2,90,0,0,0,2,0,0,0,17,3,0.06,0.15,0.21,0.83,10,6.0,31.2,17.5,11.0,,a,,,,,2526
75,541462,33,328,Matai Akinmboni,Akinmboni,2,0.2,3.8,4,15,Away,2026-04-18T14:00:00Z,2,1,0,0,0,0,0,0,0,0,0,0,0.0,0.0,0.0,0.0,0,0.0,0.0,0.0,0.0,,a,,,,,2526
75,541462,33,332,Matai Akinmboni,Akinmboni,2,0.2,3.8,4,11,Home,2026-04-22T19:00:00Z,2,2,0,0,0,0,0,0,0,0,0,0,0.0,0.0,0.0,0.0,0,0.0,0.0,0.0,0.0,,a,,,,,2526
76,518906,33,328,Owen Bevan,Bevan,2,0.2,3.8,4,15,Away,2026-04-18T14:00:00Z,2,1,0,0,0,0,0,0,0,0,0,0,0.0,0.0,0.0,0.0,0,0.0,0.0,0.0,0.0,,a,,,,,2526
76,518906,33,332,Owen Bevan,Bevan,2,0.2,3.8,4,11,Home,2026-04-22T19:00:00Z,2,2,0,0,0,0,0,0,0,0,0,0,0.0,0.0,0.0,0.0,0,0.0,0.0,0.0,0.0,,a,,,,,2526
77,463981,33,328,James Hill,Hill,2,5.5,4.2,4,15,Away,2026-04-18T14:00:00Z,2,1,90,0,0,0,1,0,0,0,19,4,0.02,0.03,0.05,1.59,12,4.6,27.2,0.7,18.0,,a,,,,,2526
77,463981,33,332,James Hill,Hill,2,5.5,4.2,4,11,Home,2026-04-22T19:00:00Z,2,2,90,0,0,0,2,0,0,0,5,1,0.1,0.01,0.11,0.83,10,2.8,13.2,10.8,4.0,,a,,,,,2526
78,436893,33,328,Julián Araujo Zúñiga,J.Araujo,2,0.5,3.8,4,15,Away,2026-04-18T14:00:00Z,2,1,0,0,0,0,0,0,0,0,0,0,0.0,0.0,0.0,0.0,0,0.0,0.0,0.0,0.0,,u,has joined Celtic on loan for the rest of the season.,,,,2526
78,436893,33,332,Julián Araujo Zúñiga,J.Araujo,2,0.5,3.8,4,11,Home,2026-04-22T19:00:00Z,2,2,0,0,0,0,0,0,0,0,0,0,0.0,0.0,0.0,0.0,0,0.0,0.0,0.0,0.0,,u,has joined Celtic on loan for the rest of the season.,,,,2526
79,223911,33,328,Chris Mepham,Mepham,2,0.1,4.0,4,15,Away,2026-04-18T14:00:00Z,2,1,0,0,0,0,0,0,0,0,0,0,0.0,0.0,0.0,0.0,0,0.0,0.0,0.0,0.0,,u,has joined West Bromwich Albion permanently.,,,,2526
79,223911,33,332,Chris Mepham,Mepham,2,0.1,4.0,4,11,Home,2026-04-22T19:00:00Z,2,2,0,0,0,0,0,0,0,0,0,0,0.0,0.0,0.0,0.0,0,0.0,0.0,0.0,0.0,,u,has joined West Bromwich Albion permanently.,,,,2526
80,575901,33,328,Julio Soler Barreto,Soler,2,0.2,3.9,4,15,Away,2026-04-18T14:00:00Z,2,1,0,0,0,0,0,0,0,0,0,0,0.0,0.0,0.0,0.0,0,0.0,0.0,0.0,0.0,,a,,,,,2526
80,575901,33,332,Julio Soler Barreto,Soler,2,0.2,3.9,4,11,Home,2026-04-22T19:00:00Z,2,2,0,0,0,0,0,0,0,0,0,0,0.0,0.0,0.0,0.0,0,0.0,0.0,0.0,0.0,,a,,,,,2526
81,222683,33,328,Justin Kluivert,Kluivert,3,0.6,6.9,4,15,Away,2026-04-18T14:00:00Z,2,1,0,0,0,0,0,0,0,0,0,0,0.0,0.0,0.0,0.0,0,0.0,0.0,0.0,0.0,,i,Knee injury - Expected back 09 May,,3.0,1.0,2526
81,222683,33,332,Justin Kluivert,Kluivert,3,0.6,6.9,4,11,Home,2026-04-22T19:00:00Z,2,2,0,0,0,0,0,0,0,0,0,0,0.0,0.0,0.0,0.0,0,0.0,0.0,0.0,0.0,,i,Knee injury - Expected back 09 May,,3.0,1.0,2526
82,437730,33,327,Antoine Semenyo,Semenyo,3,47.0,8.2,13,1,Home,2026-04-19T15:30:00Z,2,1,90,0,0,0,1,0,0,0,6,2,0.05,0.04,0.08,1.62,4,2.7,5.4,6.1,15.0,,a,,,4.0,,2526
82,437730,33,334,Antoine Semenyo,Semenyo,3,47.0,8.2,13,3,Away,2026-04-22T19:00:00Z,1,0,64,0,0,1,0,0,0,0,14,3,0.27,0.27,0.54,0.53,3,3.6,3.8,17.5,15.0,,a,,,4.0,,2526
83,533463,33,322,Dango Ouattara,O.Dango,3,2.3,5.9,5,10,Home,2026-04-18T11:30:00Z,0,0,90,0,0,1,0,0,0,0,11,3,0.27,0.09,0.36,0.77,1,9.2,16.0,31.2,45.0,False,a,,3.0,,,2526
84,201658,33,328,Marcus Tavernier,Tavernier,3,2.9,5.4,4,15,Away,2026-04-18T14:00:00Z,2,1,88,1,0,0,1,1,0,1,26,7,1.18,0.48,1.66,1.01,9,14.3,46.0,42.3,55.0,,a,,2.0,2.0,4.0,2526
84,201658,33,332,Marcus Tavernier,Tavernier,3,2.9,5.4,4,11,Home,2026-04-22T19:00:00Z,2,2,90,0,0,0,1,0,0,0,15,2,0.06,0.11,0.17,0.47,7,5.0,8.0,30.5,11.0,,a,,2.0,2.0,4.0,2526
85,200785,33,328,Tyler Adams,Adams,3,0.3,4.9,4,15,Away,2026-04-18T14:00:00Z,2,1,25,0,0,0,1,0,0,0,3,1,0.0,0.0,0.0,1.12,3,0.4,3.6,0.4,0.0,,a,,,,,2526
85,200785,33,332,Tyler Adams,Adams,3,0.3,4.9,4,11,Home,2026-04-22T19:00:00Z,2,2,17,0,1,0,1,0,0,0,18,4,0.0,0.14,0.14,0.38,3,3.6,21.8,14.6,0.0,,a,,,,,2526
86,111317,33,328,David Brooks,Brooks,3,0.2,5.0,4,15,Away,2026-04-18T14:00:00Z,2,1,24,0,0,0,1,0,0,0,3,1,0.0,0.0,0.0,1.12,1,0.3,2.2,1.0,0.0,,a,,5.0,4.0,,2526
86,111317,33,332,David Brooks,Brooks,3,0.2,5.0,4,11,Home,2026-04-22T19:00:00Z,2,2,66,0,0,1,0,0,0,0,1,3,0.2,0.07,0.27,0.27,2,3.0,0.4,17.8,12.0,,a,,5.0,4.0,,2526
87,158499,33,328,Ryan Christie,Christie,3,0.1,4.9,4,15,Away,2026-04-18T14:00:00Z,2,1,64,0,0,1,0,1,0,0,9,2,0.01,0.13,0.14,0.47,10,2.6,10.8,14.5,1.0,,a,,6.0,,,2526
87,158499,33,332,Ryan Christie,Christie,3,0.1,4.9,4,11,Home,2026-04-22T19:00:00Z,2,2,72,0,0,0,1,0,0,0,15,2,0.17,0.05,0.22,0.45,8,8.1,10.8,13.7,56.0,,a,,6.0,,,2526
88,155408,33,328,Lewis Cook,Cook,3,0.0,4.9,4,15,Away,2026-04-18T14:00:00Z,2,1,0,0,0,0,0,0,0,0,0,0,0.0,0.0,0.0,0.0,0,0.0,0.0,0.0,0.0,,d,Lack of match fitness - 25% chance of playing,4.0,,,2526
88,155408,33,332,Lewis Cook,Cook,3,0.0,4.9,4,11,Home,2026-04-22T19:00:00Z,2,2,0,0,0,0,0,0,0,0,0,0,0.0,0.0,0.0,0.0,0,0.0,0.0,0.0,0.0,,d,Lack of match fitness - 25% chance of playing,4.0,,,2526
89,168991,33,328,Philip Billing,Philip,3,0.0,4.9,4,15,Away,2026-04-18T14:00:00Z,2,1,0,0,0,0,0,0,0,0,0,0,0.0,0.0,0.0,0.0,0,0.0,0.0,0.0,0.0,,u,has joined Midtjylland permanently.,,,,2526
89,168991,33,332,Philip Billing,Philip,3,0.0,4.9,4,11,Home,2026-04-22T19:00:00Z,2,2,0,0,0,0,0,0,0,0,0,0,0.0,0.0,0.0,0.0,0,0.0,0.0,0.0,0.0,,u,has joined Midtjylland permanently.,,,,2526
90,503139,33,328,Alex Scott,Scott,3,2.1,5.1,4,15,Away,2026-04-18T14:00:00Z,2,1,90,0,0,0,1,1,0,0,23,1,0.0,0.61,0.61,1.59,10,3.9,13.6,23.3,2.0,,a,,3.0,6.0,,2526
90,503139,33,332,Alex Scott,Scott,3,2.1,5.1,4,11,Home,2026-04-22T19:00:00Z,2,2,90,0,0,0,2,0,0,0,21,4,0.04,0.23,0.27,0.83,15,7.5,23.0,42.0,10.0,,a,,3.0,6.0,,2526
91,224995,33,328,Luis Sinisterra Lucumí,Sinisterra,3,0.0,5.0,4,15,Away,2026-04-18T14:00:00Z,2,1,0,0,0,0,0,0,0,0,0,0,0.0,0.0,0.0,0.0,0,0.0,0.0,0.0,0.0,,u,has joined Cruzeiro on loan for the rest of the season.,,,,2526
91,224995,33,332,Luis Sinisterra Lucumí,Sinisterra,3,0.0,5.0,4,11,Home,2026-04-22T19:00:00Z,2,2,0,0,0,0,0,0,0,0,0,0,0.0,0.0,0.0,0.0,0,0.0,0.0,0.0,0.0,,u,has joined Cruzeiro on loan for the rest of the season.,,,,2526
92,441240,33,328,Romain Faivre,Faivre,3,0.1,4.5,4,15,Away,2026-04-18T14:00:00Z,2,1,0,0,0,0,0,0,0,0,0,0,0.0,0.0,0.0,0.0,0,0.0,0.0,0.0,0.0,,u,has joined Auxerre permanently.,,,,2526
92,441240,33,332,Romain Faivre,Faivre,3,0.1,4.5,4,11,Home,2026-04-22T19:00:00Z,2,2,0,0,0,0,0,0,0,0,0,0,0.0,0.0,0.0,0.0,0,0.0,0.0,0.0,0.0,,u,has joined Auxerre permanently.,,,,2526
93,424044,33,328,Hamed Traorè,H.Traorè,3,0.3,4.5,4,15,Away,2026-04-18T14:00:00Z,2,1,0,0,0,0,0,0,0,0,0,0,0.0,0.0,0.0,0.0,0,0.0,0.0,0.0,0.0,,u,has joined Marseille on loan for the rest of the season.,,,,2526
93,424044,33,332,Hamed Traorè,H.Traorè,3,0.3,4.5,4,11,Home,2026-04-22T19:00:00Z,2,2,0,0,0,0,0,0,0,0,0,0,0.0,0.0,0.0,0.0,0,0.0,0.0,0.0,0.0,,u,has joined Marseille on loan for the rest of the season.,,,,2526
94,550596,33,328,Dominic Sadi,Sadi,3,0.0,4.5,4,15,Away,2026-04-18T14:00:00Z,2,1,0,0,0,0,0,0,0,0,0,0,0.0,0.0,0.0,0.0,0,0.0,0.0,0.0,0.0,,u,has joined Novi Pazar on loan for the rest of the season.,,,,2526
94,550596,33,332,Dominic Sadi,Sadi,3,0.0,4.5,4,11,Home,2026-04-22T19:00:00Z,2,2,0,0,0,0,0,0,0,0,0,0,0.0,0.0,0.0,0.0,0,0.0,0.0,0.0,0.0,,u,has joined Novi Pazar on loan for the rest of the season.,,,,2526
95,530121,33,328,Zain Silcott-Duberry,Silcott-Duberry,3,0.1,4.4,4,15,Away,2026-04-18T14:00:00Z,2,1,0,0,0,0,0,0,0,0,0,0,0.0,0.0,0.0,0.0,0,0.0,0.0,0.0,0.0,,u,has joined Olympiakos permanently.,,,,2526
95,530121,33,332,Zain Silcott-Duberry,Silcott-Duberry,3,0.1,4.4,4,11,Home,2026-04-22T19:00:00Z,2,2,0,0,0,0,0,0,0,0,0,0,0.0,0.0,0.0,0.0,0,0.0,0.0,0.0,0.0,,u,has joined Olympiakos permanently.,,,,2526
96,606775,33,328,Ben Winterburn,Winterburn,3,0.0,4.5,4,15,Away,2026-04-18T14:00:00Z,2,1,0,0,0,0,0,0,0,0,0,0,0.0,0.0,0.0,0.0,0,0.0,0.0,0.0,0.0,,u,has joined Barnet on loan for the rest of the season.,,,,2526
96,606775,33,332,Ben Winterburn,Winterburn,3,0.0,4.5,4,11,Home,2026-04-22T19:00:00Z,2,2,0,0,0,0,0,0,0,0,0,0,0.0,0.0,0.0,0.0,0,0.0,0.0,0.0,0.0,,u,has joined Barnet on loan for the rest of the season.,,,,2526
97,444102,33,328,Francisco Evanilson de Lima Barbosa,Evanilson,4,2.4,6.7,4,15,Away,2026-04-18T14:00:00Z,2,1,88,0,1,0,1,0,0,0,11,5,1.12,0.03,1.15,1.01,5,3.6,4.8,12.1,19.0,,a,,,,,2526
97,444102,33,332,Francisco Evanilson de Lima Barbosa,Evanilson,4,2.4,6.7,4,11,Home,2026-04-22T19:00:00Z,2,2,90,0,0,0,2,1,0,0,0,1,0.11,0.06,0.17,0.83,2,5.4,4.2,25.7,24.0,,a,,,,,2526
98,168636,33,328,Enes Ünal,Enes Ünal,4,0.0,5.4,4,15,Away,2026-04-18T14:00:00Z,2,1,1,0,0,0,0,0,0,0,4,1,0.0,0.0,0.0,0.58,3,0.4,4.2,0.0,0.0,,a,,,1.0,,2526
98,168636,33,332,Enes Ünal,Enes Ünal,4,0.0,5.4,4,11,Home,2026-04-22T19:00:00Z,2,2,0,0,0,0,0,0,0,0,0,0,0.0,0.0,0.0,0.0,0,0.0,0.0,0.0,0.0,,a,,,1.0,,2526
99,590760,33,328,Daniel Adu-Adjei,Adu-Adjei,4,0.1,4.4,4,15,Away,2026-04-18T14:00:00Z,2,1,0,0,0,0,0,0,0,0,0,0,0.0,0.0,0.0,0.0,0,0.0,0.0,0.0,0.0,,u,has joined HNK Rijeka permanently.,,,,2526
99,590760,33,332,Daniel Adu-Adjei,Adu-Adjei,4,0.1,4.4,4,11,Home,2026-04-22T19:00:00Z,2,2,0,0,0,0,0,0,0,0,0,0,0.0,0.0,0.0,0.0,0,0.0,0.0,0.0,0.0,,u,has joined HNK Rijeka permanently.,,,,2526
100,560262,33,328,Junior Kroupi,Kroupi.Jr,4,5.2,4.6,4,15,Away,2026-04-18T14:00:00Z,2,1,65,0,0,1,0,0,0,0,6,2,0.14,0.04,0.18,0.47,4,1.4,2.0,1.0,11.0,,a,,,,2.0,2526
100,560262,33,332,Junior Kroupi,Kroupi.Jr,4,5.2,4.6,4,11,Home,2026-04-22T19:00:00Z,2,2,72,1,0,0,1,1,0,3,31,8,0.21,0.23,0.44,0.45,2,8.8,37.0,23.7,27.0,,a,,,,2.0,2526
101,200720,33,322,Caoimhín Kelleher,Kelleher,1,12.4,4.8,5,10,Home,2026-04-18T11:30:00Z,0,0,90,0,0,1,0,0,0,0,23,6,0.0,0.0,0.0,0.77,0,0.8,7.8,0.0,0.0,False,a,,,,,2526
102,235448,33,322,Ellery Balcombe,Balcombe,1,0.3,3.9,5,10,Home,2026-04-18T11:30:00Z,0,0,0,0,0,0,0,0,0,0,0,0,0.0,0.0,0.0,0.0,0,0.0,0.0,0.0,0.0,False,a,,,,,2526
103,503300,33,322,Matthew Cox,Cox,1,0.1,3.9,5,10,Home,2026-04-18T11:30:00Z,0,0,0,0,0,0,0,0,0,0,0,0,0.0,0.0,0.0,0.0,0,0.0,0.0,0.0,0.0,False,u,has joined Shrewsbury Town on loan for the rest of the season.,,,,2526
104,535017,33,322,Julian Eyestone,Eyestone,1,0.1,3.9,5,10,Home,2026-04-18T11:30:00Z,0,0,0,0,0,0,0,0,0,0,0,0,0.0,0.0,0.0,0.0,0,0.0,0.0,0.0,0.0,False,a,,,,,2526
105,507433,33,322,Hákon Rafn Valdimarsson,Valdimarsson,1,1.3,3.8,5,10,Home,2026-04-18T11:30:00Z,0,0,0,0,0,0,0,0,0,0,0,0,0.0,0.0,0.0,0.0,0,0.0,0.0,0.0,0.0,False,a,,,,,2526
106,432830,33,322,Nathan Collins,Collins,2,2.7,4.9,5,10,Home,2026-04-18T11:30:00Z,0,0,90,0,0,1,0,0,0,0,19,6,0.28,0.0,0.28,0.77,6,2.3,9.6,0.4,13.0,False,a,,,,,2526
107,249231,33,322,Keane Lewis-Potter,Lewis-Potter,2,1.6,4.8,5,10,Home,2026-04-18T11:30:00Z,0,0,90,0,0,1,0,0,0,0,21,6,0.37,0.26,0.63,0.77,3,5.8,12.4,29.1,16.0,False,a,,,1.0,,2526
108,191866,33,322,Kristoffer Ajer,Ajer,2,0.2,4.4,5,10,Home,2026-04-18T11:30:00Z,0,0,0,0,0,0,0,0,0,0,0,0,0.0,0.0,0.0,0.0,0,0.0,0.0,0.0,0.0,False,a,,,,,2526
109,194010,33,322,Rico Henry,Henry,2,0.1,4.3,5,10,Home,2026-04-18T11:30:00Z,0,0,0,0,0,0,0,0,0,0,0,0,0.0,0.0,0.0,0.0,0,0.0,0.0,0.0,0.0,False,i,Hamstring injury - Unknown return date,,,,2526
110,607464,33,322,Michael Kayode,Kayode,2,1.2,4.6,5,10,Home,2026-04-18T11:30:00Z,0,0,90,0,0,1,0,0,0,2,27,8,0.0,0.06,0.06,0.77,3,2.7,13.4,11.8,2.0,False,a,,,,,2526
111,231065,33,322,Ethan Pinnock,Pinnock,2,0.1,4.2,5,10,Home,2026-04-18T11:30:00Z,0,0,0,0,0,0,0,0,0,0,0,0,0.0,0.0,0.0,0.0,0,0.0,0.0,0.0,0.0,False,a,,,,,2526
112,226956,33,322,Mads Roerslev Rasmussen,Roerslev,2,0.0,4.5,5,10,Home,2026-04-18T11:30:00Z,0,0,0,0,0,0,0,0,0,0,0,0,0.0,0.0,0.0,0.0,0,0.0,0.0,0.0,0.0,False,u,Has joined Southampton permanently.,,,,2526
113,444765,33,322,Sepp van den Berg,Van den Berg,2,1.2,4.6,5,10,Home,2026-04-18T11:30:00Z,0,0,90,0,0,1,0,0,0,0,24,6,0.0,0.0,0.0,0.77,6,2.3,22.0,0.7,0.0,False,a,,,,,2526
114,622536,33,322,Benjamin Arthur,Arthur,2,0.2,3.8,5,10,Home,2026-04-18T11:30:00Z,0,0,0,0,0,0,0,0,0,0,0,0,0.0,0.0,0.0,0.0,0,0.0,0.0,0.0,0.0,False,u,has joined Celtic on loan for the rest of the season.,,,,2526
115,612534,33,322,Benjamin Fredrick,Fredrick,2,0.1,4.0,5,10,Home,2026-04-18T11:30:00Z,0,0,0,0,0,0,0,0,0,0,0,0,0.0,0.0,0.0,0.0,0,0.0,0.0,0.0,0.0,False,u,has joined Dender on loan for the rest of the season.,,,,2526
116,472713,33,322,Aaron Hickey,Hickey,2,0.3,4.0,5,10,Home,2026-04-18T11:30:00Z,0,0,0,0,0,0,0,0,0,0,0,0,0.0,0.0,0.0,0.0,0,0.0,0.0,0.0,0.0,False,a,,,,,2526
117,570241,33,322,Kim Ji-soo,Ji-soo,2,0.1,3.9,5,10,Home,2026-04-18T11:30:00Z,0,0,0,0,0,0,0,0,0,0,0,0,0.0,0.0,0.0,0.0,0,0.0,0.0,0.0,0.0,False,u,has joined Kaiserslautern on loan for the rest of the season.,,,,2526
118,499717,33,322,Jayden Meghoma,Meghoma,2,0.0,4.0,5,10,Home,2026-04-18T11:30:00Z,0,0,0,0,0,0,0,0,0,0,0,0,0.0,0.0,0.0,0.0,0,0.0,0.0,0.0,0.0,False,u,Has joined Rangers on loan for the rest of the season.,,,,2526
119,446008,33,323,Bryan Mbeumo,Mbeumo,3,17.4,8.5,14,7,Away,2026-04-18T19:00:00Z,1,0,86,0,0,1,0,0,0,0,5,3,0.0,0.03,0.03,1.57,4,1.0,0.0,3.8,6.0,False,d,Knock - 75% chance of playing,2.0,2.0,,2526
120,513418,33,322,Kevin Schade,Schade,3,1.7,7.0,5,10,Home,2026-04-18T11:30:00Z,0,0,90,0,0,1,0,0,0,0,12,3,0.16,0.17,0.33,0.77,6,7.0,11.4,32.0,27.0,False,a,,,,3.0,2526
121,440089,33,322,Mikkel Damsgaard,Damsgaard,3,0.8,5.6,5,10,Home,2026-04-18T11:30:00Z,0,0,90,0,0,1,0,0,0,0,13,5,0.17,0.03,0.2,0.77,12,3.7,11.2,17.5,8.0,False,a,,,3.0,,2526
122,543295,33,322,Antoni Milambo,Milambo,3,0.0,5.2,5,10,Home,2026-04-18T11:30:00Z,0,0,0,0,0,0,0,0,0,0,0,0,0.0,0.0,0.0,0.0,0,0.0,0.0,0.0,0.0,False,i,Knee injury - Expected back 01 Jun,,,,2526
123,244858,33,322,Fábio Freitas Gouveia Carvalho,Carvalho,3,0.1,4.6,5,10,Home,2026-04-18T11:30:00Z,0,0,0,0,0,0,0,0,0,0,0,0,0.0,0.0,0.0,0.0,0,0.0,0.0,0.0,0.0,False,i,Knee injury - Expected back 01 Jun,,,4.0,2526
124,56979,33,322,Jordan Henderson,Henderson,3,0.3,5.0,5,10,Home,2026-04-18T11:30:00Z,0,0,0,0,0,0,0,0,0,0,0,0,0.0,0.0,0.0,0.0,0,0.0,0.0,0.0,0.0,False,i,Knock - Expected back 02 May,,,,2526
125,204580,33,322,Vitaly Janelt,Janelt,3,0.1,4.9,5,10,Home,2026-04-18T11:30:00Z,0,0,0,0,0,0,0,0,0,0,0,0,0.0,0.0,0.0,0.0,0,0.0,0.0,0.0,0.0,False,i,Foot injury - Unknown return date,2.0,,,2526
126,207283,33,322,Mathias Jensen,Jensen,3,0.1,4.9,5,10,Home,2026-04-18T11:30:00Z,0,0,90,0,0,1,0,0,0,0,21,3,0.0,0.53,0.53,0.77,7,7.8,15.2,62.3,0.0,False,a,,1.0,2.0,5.0,2526
127,626464,33,322,Gustavo Nunes Fernandes Gomes,Nunes,3,0.0,4.9,5,10,Home,2026-04-18T11:30:00Z,0,0,0,0,0,0,0,0,0,0,0,0,0.0,0.0,0.0,0.0,0,0.0,0.0,0.0,0.0,False,u,has joined Swansea City on loan for the rest of the season.,,,,2526
128,428580,33,322,Frank Onyeka,Onyeka,3,0.0,4.8,5,10,Home,2026-04-18T11:30:00Z,0,0,0,0,0,0,0,0,0,0,0,0,0.0,0.0,0.0,0.0,0,0.0,0.0,0.0,0.0,False,u,has joined Coventry City on loan for the rest of the season.,,,,2526
129,508395,33,322,Yehor Yarmoliuk,Yarmoliuk,3,0.1,5.0,5,10,Home,2026-04-18T11:30:00Z,0,0,90,0,0,1,0,0,0,0,12,3,0.0,0.02,0.02,0.77,7,1.4,10.8,3.4,0.0,False,a,,,,,2526
130,606689,33,322,Romelle Donovan,Donovan,3,0.1,4.4,5,10,Home,2026-04-18T11:30:00Z,0,0,0,0,0,0,0,0,0,0,0,0,0.0,0.0,0.0,0.0,0,0.0,0.0,0.0,0.0,False,a,,,,,2526
131,628204,33,322,Yunus Emre Konak,Konak,3,0.1,4.3,5,10,Home,2026-04-18T11:30:00Z,0,0,0,0,0,0,0,0,0,0,0,0,0.0,0.0,0.0,0.0,0,0.0,0.0,0.0,0.0,False,u,has joined Oxford United on loan for the rest of the season.,,,,2526
132,220695,33,322,Paris Maghoma,Maghoma,3,0.0,4.5,5,10,Home,2026-04-18T11:30:00Z,0,0,0,0,0,0,0,0,0,0,0,0,0.0,0.0,0.0,0.0,0,0.0,0.0,0.0,0.0,False,u,has joined Norwich City permanently.,,,,2526
133,450539,33,322,Myles Peart-Harris,Peart-Harris,3,0.0,4.4,5,10,Home,2026-04-18T11:30:00Z,0,0,0,0,0,0,0,0,0,0,0,0,0.0,0.0,0.0,0.0,0,0.0,0.0,0.0,0.0,False,u,has joined Oxford United permanently.,,,,2526
134,591357,33,322,Ryan Trevitt,Trevitt,3,0.0,4.5,5,10,Home,2026-04-18T11:30:00Z,0,0,0,0,0,0,0,0,0,0,0,0,0.0,0.0,0.0,0.0,0,0.0,0.0,0.0,0.0,False,u,Has joined Wigan on loan for the rest of the season,,,,2526
135,216646,33,328,Yoane Wissa,Wissa,4,0.6,7.3,15,4,Home,2026-04-18T14:00:00Z,1,2,0,0,0,0,0,0,0,0,0,0,0.0,0.0,0.0,0.0,0,0.0,0.0,0.0,0.0,False,a,,,,,2526
136,502500,33,322,Igor Thiago Nascimento Rodrigues,Thiago,4,35.6,7.4,5,10,Home,2026-04-18T11:30:00Z,0,0,90,0,0,1,0,0,0,0,7,2,0.18,0.01,0.19,0.77,9,3.0,7.2,7.7,15.0,False,a,,,,2.0,2526
137,533710,33,322,Iwan Morgan,Morgan,4,0.3,4.4,5,10,Home,2026-04-18T11:30:00Z,0,0,0,0,0,0,0,0,0,0,0,0,0.0,0.0,0.0,0.0,0,0.0,0.0,0.0,0.0,False,u,has joined Shrewsbury on loan for the rest of the season.,,,,2526
138,49262,33,330,Jason Steele,Steele,1,0.2,4.2,6,18,Away,2026-04-18T16:30:00Z,2,2,0,0,0,0,0,0,0,0,0,0,0.0,0.0,0.0,0.0,0,0.0,0.0,0.0,0.0,,a,,,,,2526
138,49262,33,333,Jason Steele,Steele,1,0.2,4.2,6,7,Home,2026-04-21T19:00:00Z,3,0,0,0,0,0,0,0,0,0,0,0,0.0,0.0,0.0,0.0,0,0.0,0.0,0.0,0.0,,a,,,,,2526
139,489639,33,330,Bart Verbruggen,Verbruggen,1,6.3,4.5,6,18,Away,2026-04-18T16:30:00Z,2,2,90,0,0,0,2,0,0,0,13,2,0.0,0.0,0.0,1.09,0,3.3,33.0,0.0,0.0,,a,,,,,2526
139,489639,33,333,Bart Verbruggen,Verbruggen,1,6.3,4.5,6,7,Home,2026-04-21T19:00:00Z,3,0,90,0,0,1,0,0,0,0,22,6,0.0,0.01,0.01,0.37,0,1.0,10.0,0.0,0.0,,a,,,,,2526
140,209288,33,330,Tom McGill,McGill,1,0.3,3.9,6,18,Away,2026-04-18T16:30:00Z,2,2,0,0,0,0,0,0,0,0,0,0,0.0,0.0,0.0,0.0,0,0.0,0.0,0.0,0.0,,a,,,,,2526
140,209288,33,333,Tom McGill,McGill,1,0.3,3.9,6,7,Home,2026-04-21T19:00:00Z,3,0,0,0,0,0,0,0,0,0,0,0,0.0,0.0,0.0,0.0,0,0.0,0.0,0.0,0.0,,a,,,,,2526
141,472739,33,330,Carl Rushworth,Rushworth,1,0.0,4.0,6,18,Away,2026-04-18T16:30:00Z,2,2,0,0,0,0,0,0,0,0,0,0,0.0,0.0,0.0,0.0,0,0.0,0.0,0.0,0.0,,u,Has joined Coventry City on loan for the rest of the season.,,,,2526
141,472739,33,333,Carl Rushworth,Rushworth,1,0.0,4.0,6,7,Home,2026-04-21T19:00:00Z,3,0,0,0,0,0,0,0,0,0,0,0,0.0,0.0,0.0,0.0,0,0.0,0.0,0.0,0.0,,u,Has joined Coventry City on loan for the rest of the season.,,,,2526
142,240514,33,330,Kjell Scherpen,Scherpen,1,0.0,4.0,6,18,Away,2026-04-18T16:30:00Z,2,2,0,0,0,0,0,0,0,0,0,0,0.0,0.0,0.0,0.0,0,0.0,0.0,0.0,0.0,,u,Has joined Union SG permanently,,,,2526
142,240514,33,333,Kjell Scherpen,Scherpen,1,0.0,4.0,6,7,Home,2026-04-21T19:00:00Z,3,0,0,0,0,0,0,0,0,0,0,0,0.0,0.0,0.0,0.0,0,0.0,0.0,0.0,0.0,,u,Has joined Union SG permanently,,,,2526
143,204120,33,330,Olivier Boscagli,Boscagli,2,0.1,4.2,6,18,Away,2026-04-18T16:30:00Z,2,2,90,0,0,0,2,0,0,0,11,1,0.0,0.04,0.04,1.09,8,2.7,21.0,6.1,0.0,,a,,3.0,,,2526
143,204120,33,333,Olivier Boscagli,Boscagli,2,0.1,4.2,6,7,Home,2026-04-21T19:00:00Z,3,0,90,0,0,1,0,0,0,0,28,6,0.0,0.03,0.03,0.37,7,1.7,15.6,1.3,0.0,,a,,3.0,,,2526
144,550090,33,330,Diego Coppola,Coppola,2,0.0,4.2,6,18,Away,2026-04-18T16:30:00Z,2,2,0,0,0,0,0,0,0,0,0,0,0.0,0.0,0.0,0.0,0,0.0,0.0,0.0,0.0,,u,has joined Paris FC on loan for the rest of the season.,,,,2526
144,550090,33,333,Diego Coppola,Coppola,2,0.0,4.2,6,7,Home,2026-04-21T19:00:00Z,3,0,0,0,0,0,0,0,0,0,0,0,0.0,0.0,0.0,0.0,0,0.0,0.0,0.0,0.0,,u,has joined Paris FC on loan for the rest of the season.,,,,2526
145,465730,33,330,Maxim De Cuyper,De Cuyper,2,1.5,4.3,6,18,Away,2026-04-18T16:30:00Z,2,2,15,0,0,0,1,0,0,0,-2,1,0.0,0.0,0.0,0.12,1,0.3,2.0,0.8,0.0,,a,,,1.0,,2526
145,465730,33,333,Maxim De Cuyper,De Cuyper,2,1.5,4.3,6,7,Home,2026-04-21T19:00:00Z,3,0,13,0,1,0,0,0,0,0,19,4,0.0,0.1,0.1,0.11,2,3.6,25.2,10.5,0.0,,a,,,1.0,,2526
146,83299,33,330,Lewis Dunk,Dunk,2,0.8,4.5,6,18,Away,2026-04-18T16:30:00Z,2,2,0,0,0,0,0,0,0,0,0,0,0.0,0.0,0.0,0.0,0,0.0,0.0,0.0,0.0,,a,,,3.0,,2526
146,83299,33,333,Lewis Dunk,Dunk,2,0.8,4.5,6,7,Home,2026-04-21T19:00:00Z,3,0,0,0,0,0,0,0,0,0,0,0,0.0,0.0,0.0,0.0,0,0.0,0.0,0.0,0.0,,a,,,3.0,,2526
147,204214,33,330,Pervis Estupiñán Tenorio,Estupiñan,2,0.0,4.5,6,18,Away,2026-04-18T16:30:00Z,2,2,0,0,0,0,0,0,0,0,0,0,0.0,0.0,0.0,0.0,0,0.0,0.0,0.0,0.0,,u,Has joined AC Milan permanently,,,,2526
147,204214,33,333,Pervis Estupiñán Tenorio,Estupiñan,2,0.0,4.5,6,7,Home,2026-04-21T19:00:00Z,3,0,0,0,0,0,0,0,0,0,0,0,0.0,0.0,0.0,0.0,0,0.0,0.0,0.0,0.0,,u,Has joined AC Milan permanently,,,,2526
148,231416,33,330,Ferdi Kadıoğlu,F.Kadıoğlu,2,0.5,4.4,6,18,Away,2026-04-18T16:30:00Z,2,2,90,0,0,0,2,0,0,0,-2,1,0.14,0.01,0.15,1.09,5,2.2,6.6,4.6,11.0,,a,,,,,2526
148,231416,33,333,Ferdi Kadıoğlu,F.Kadıoğlu,2,0.5,4.4,6,7,Home,2026-04-21T19:00:00Z,3,0,90,1,0,1,0,0,0,3,51,15,0.26,0.09,0.35,0.37,7,10.2,54.6,4.1,43.0,,a,,,,,2526
149,223434,33,330,Igor Julio dos Santos de Paulo,Igor,2,0.1,4.5,6,18,Away,2026-04-18T16:30:00Z,2,2,0,0,0,0,0,0,0,0,0,0,0.0,0.0,0.0,0.0,0,0.0,0.0,0.0,0.0,,a,,,,,2526
149,223434,33,333,Igor Julio dos Santos de Paulo,Igor,2,0.1,4.5,6,7,Home,2026-04-21T19:00:00Z,3,0,0,0,0,0,0,0,0,0,0,0,0.0,0.0,0.0,0.0,0,0.0,0.0,0.0,0.0,,a,,,,,2526
150,232792,33,330,Tariq Lamptey,Lamptey,2,0.1,4.4,6,18,Away,2026-04-18T16:30:00Z,2,2,0,0,0,0,0,0,0,0,0,0,0.0,0.0,0.0,0.0,0,0.0,0.0,0.0,0.0,,u,has joined Fiorentina permanently.,,,,2526
150,232792,33,333,Tariq Lamptey,Lamptey,2,0.1,4.4,6,7,Home,2026-04-21T19:00:00Z,3,0,0,0,0,0,0,0,0,0,0,0,0.0,0.0,0.0,0.0,0,0.0,0.0,0.0,0.0,,u,has joined Fiorentina permanently.,,,,2526
151,469142,33,330,Jan Paul van Hecke,Van Hecke,2,6.6,4.6,6,18,Away,2026-04-18T16:30:00Z,2,2,90,0,1,0,2,0,0,0,16,6,0.06,0.07,0.13,1.09,16,6.9,44.8,13.7,10.0,,a,,,,,2526
151,469142,33,333,Jan Paul van Hecke,Van Hecke,2,6.6,4.6,6,7,Home,2026-04-21T19:00:00Z,3,0,90,0,0,1,0,0,0,0,28,6,0.13,0.01,0.14,0.37,6,4.8,19.2,4.9,24.0,,a,,,,,2526
152,111478,33,330,Joël Veltman,Veltman,2,0.1,4.3,6,18,Away,2026-04-18T16:30:00Z,2,2,0,0,0,0,0,0,0,0,0,0,0.0,0.0,0.0,0.0,0,0.0,0.0,0.0,0.0,,a,,,,,2526
152,111478,33,333,Joël Veltman,Veltman,2,0.1,4.3,6,7,Home,2026-04-21T19:00:00Z,3,0,45,0,0,0,0,0,0,0,6,1,0.0,0.0,0.0,0.33,4,1.3,11.8,1.1,0.0,,a,,,,,2526
153,110735,33,330,Adam Webster,Webster,2,0.0,4.4,6,18,Away,2026-04-18T16:30:00Z,2,2,0,0,0,0,0,0,0,0,0,0,0.0,0.0,0.0,0.0,0,0.0,0.0,0.0,0.0,,i,Knee injury - Unknown return date,,,,2526
153,110735,33,333,Adam Webster,Webster,2,0.0,4.4,6,7,Home,2026-04-21T19:00:00Z,3,0,0,0,0,0,0,0,0,0,0,0,0.0,0.0,0.0,0.0,0,0.0,0.0,0.0,0.0,,i,Knee injury - Unknown return date,,,,2526
154,439135,33,330,Eiran Cashin,Cashin,2,0.0,4.0,6,18,Away,2026-04-18T16:30:00Z,2,2,0,0,0,0,0,0,0,0,0,0,0.0,0.0,0.0,0.0,0,0.0,0.0,0.0,0.0,,u,has joined Blackburn Rovers on loan for the rest of the season.,,,,2526
154,439135,33,333,Eiran Cashin,Cashin,2,0.0,4.0,6,7,Home,2026-04-21T19:00:00Z,3,0,0,0,0,0,0,0,0,0,0,0,0.0,0.0,0.0,0.0,0,0.0,0.0,0.0,0.0,,u,has joined Blackburn Rovers on loan for the rest of the season.,,,,2526
155,589100,33,330,Jacob Slater,Slater,2,0.1,4.0,6,18,Away,2026-04-18T16:30:00Z,2,2,0,0,0,0,0,0,0,0,0,0,0.0,0.0,0.0,0.0,0,0.0,0.0,0.0,0.0,,u,has joined Harrogate Town on loan until January.,,,,2526
155,589100,33,333,Jacob Slater,Slater,2,0.1,4.0,6,7,Home,2026-04-21T19:00:00Z,3,0,0,0,0,0,0,0,0,0,0,0,0.0,0.0,0.0,0.0,0,0.0,0.0,0.0,0.0,,u,has joined Harrogate Town on loan until January.,,,,2526
156,547720,33,330,Charlie Tasker,Tasker,2,0.2,3.8,6,18,Away,2026-04-18T16:30:00Z,2,2,0,0,0,0,0,0,0,0,0,0,0.0,0.0,0.0,0.0,0,0.0,0.0,0.0,0.0,,a,,,,,2526
156,547720,33,333,Charlie Tasker,Tasker,2,0.2,3.8,6,7,Home,2026-04-21T19:00:00Z,3,0,0,0,0,0,0,0,0,0,0,0,0.0,0.0,0.0,0.0,0,0.0,0.0,0.0,0.0,,a,,,,,2526
157,451340,33,330,Mitoma Kaoru,Mitoma,3,2.0,6.1,6,18,Away,2026-04-18T16:30:00Z,2,2,54,1,0,0,1,0,0,0,24,6,0.09,0.1,0.19,0.96,4,7.2,40.8,3.3,28.0,,a,,,,,2526
157,451340,33,333,Mitoma Kaoru,Mitoma,3,2.0,6.1,6,7,Home,2026-04-21T19:00:00Z,3,0,81,0,0,1,0,0,0,0,17,3,0.28,0.08,0.36,0.35,11,8.1,13.0,35.0,33.0,,a,,,,,2526
158,463067,33,330,Georginio Rutter,Georginio,3,0.3,5.6,6,18,Away,2026-04-18T16:30:00Z,2,2,15,1,0,0,1,0,0,0,22,6,0.08,0.01,0.09,0.12,1,5.7,35.4,0.7,21.0,,a,,,,,2526
158,463067,33,333,Georginio Rutter,Georginio,3,0.3,5.6,6,7,Home,2026-04-21T19:00:00Z,3,0,82,0,1,1,0,0,0,0,18,6,0.12,0.11,0.23,0.35,5,6.0,18.8,26.8,14.0,,a,,,,,2526
159,109345,33,330,Solly March,March,3,0.0,5.8,6,18,Away,2026-04-18T16:30:00Z,2,2,0,0,0,0,0,0,0,0,0,0,0.0,0.0,0.0,0.0,0,0.0,0.0,0.0,0.0,,d,Muscle injury - 75% chance of playing,,,,2526
159,109345,33,333,Solly March,March,3,0.0,5.8,6,7,Home,2026-04-21T19:00:00Z,3,0,0,0,0,0,0,0,0,0,0,0,0.0,0.0,0.0,0.0,0,0.0,0.0,0.0,0.0,,d,Muscle injury - 75% chance of playing,,,,2526
160,592031,33,330,Yankuba Minteh,Minteh,3,2.1,5.5,6,18,Away,2026-04-18T16:30:00Z,2,2,90,0,0,0,2,0,0,0,19,2,0.0,0.34,0.34,1.09,9,5.2,21.6,24.6,6.0,,a,,5.0,,,2526
160,592031,33,333,Yankuba Minteh,Minteh,3,2.1,5.5,6,7,Home,2026-04-21T19:00:00Z,3,0,76,0,0,1,0,1,0,0,3,2,0.02,0.05,0.07,0.26,8,2.4,5.8,2.7,15.0,,a,,5.0,,,2526
161,474120,33,330,Julio Enciso Espínola,Enciso,3,0.0,5.4,6,18,Away,2026-04-18T16:30:00Z,2,2,0,0,0,0,0,0,0,0,0,0,0.0,0.0,0.0,0.0,0,0.0,0.0,0.0,0.0,,u,has joined Strasbourg permanently.,,,,2526
161,474120,33,333,Julio Enciso Espínola,Enciso,3,0.0,5.4,6,7,Home,2026-04-21T19:00:00Z,3,0,0,0,0,0,0,0,0,0,0,0,0.0,0.0,0.0,0.0,0,0.0,0.0,0.0,0.0,,u,has joined Strasbourg permanently.,,,,2526
162,513433,33,330,Brajan Gruda,Gruda,3,0.0,5.4,6,18,Away,2026-04-18T16:30:00Z,2,2,0,0,0,0,0,0,0,0,0,0,0.0,0.0,0.0,0.0,0,0.0,0.0,0.0,0.0,,u,has joined Leipzig on loan for the rest of the season.,,,,2526
162,513433,33,333,Brajan Gruda,Gruda,3,0.0,5.4,6,7,Home,2026-04-21T19:00:00Z,3,0,0,0,0,0,0,0,0,0,0,0,0.0,0.0,0.0,0.0,0,0.0,0.0,0.0,0.0,,u,has joined Leipzig on loan for the rest of the season.,,,,2526
163,532529,33,330,Jack Hinshelwood,Hinshelwood,3,0.2,5.1,6,18,Away,2026-04-18T16:30:00Z,2,2,74,0,0,0,1,0,0,0,4,2,0.04,0.02,0.06,0.97,2,1.3,0.0,7.8,8.0,,a,,,,,2526
163,532529,33,333,Jack Hinshelwood,Hinshelwood,3,0.2,5.1,6,7,Home,2026-04-21T19:00:00Z,3,0,90,1,0,1,0,0,0,0,21,8,1.03,0.03,1.06,0.37,1,6.3,35.2,4.7,23.0,,a,,,,,2526
164,219249,33,330,Matt O'Riley,O'Riley,3,0.3,5.5,6,18,Away,2026-04-18T16:30:00Z,2,2,15,0,0,0,1,0,0,0,3,1,0.0,0.0,0.0,0.12,1,0.4,3.6,0.3,0.0,,a,,,,3.0,2526
164,219249,33,333,Matt O'Riley,O'Riley,3,0.3,5.5,6,7,Home,2026-04-21T19:00:00Z,3,0,1,0,0,0,0,0,0,0,3,1,0.0,0.0,0.0,0.0,0,0.0,0.2,0.0,0.0,,a,,,,3.0,2526
165,516211,33,330,Abdallah Sima,Sima,3,0.0,5.4,6,18,Away,2026-04-18T16:30:00Z,2,2,0,0,0,0,0,0,0,0,0,0,0.0,0.0,0.0,0.0,0,0.0,0.0,0.0,0.0,,u,has joined Lens permanently.,,,,2526
165,516211,33,333,Abdallah Sima,Sima,3,0.0,5.4,6,7,Home,2026-04-21T19:00:00Z,3,0,0,0,0,0,0,0,0,0,0,0,0.0,0.0,0.0,0.0,0,0.0,0.0,0.0,0.0,,u,has joined Lens permanently.,,,,2526
166,509416,33,330,Yasin Ayari,Ayari,3,0.4,4.8,6,18,Away,2026-04-18T16:30:00Z,2,2,81,0,0,0,2,0,0,0,10,2,0.09,0.01,0.1,1.05,3,0.8,2.8,2.7,2.0,,a,,,2.0,,2526
166,509416,33,333,Yasin Ayari,Ayari,3,0.4,4.8,6,7,Home,2026-04-21T19:00:00Z,3,0,8,0,0,0,0,0,0,0,2,1,0.0,0.0,0.0,0.02,1,0.2,0.0,0.0,2.0,,a,,,2.0,,2526
167,535301,33,330,Carlos Baleba,Baleba,3,1.4,4.5,6,18,Away,2026-04-18T16:30:00Z,2,2,0,0,0,0,0,0,0,0,0,0,0.0,0.0,0.0,0.0,0,0.0,0.0,0.0,0.0,,a,,,,,2526
167,535301,33,333,Carlos Baleba,Baleba,3,1.4,4.5,6,7,Home,2026-04-21T19:00:00Z,3,0,90,0,0,1,0,0,0,0,17,3,0.0,0.33,0.33,0.37,10,3.0,15.2,12.8,2.0,,a,,,,,2526
168,536916,33,326,Facundo Buonanotte,Buonanotte,3,0.1,4.6,11,20,Home,2026-04-18T14:00:00Z,3,0,0,0,0,0,0,0,0,0,0,0,0.0,0.0,0.0,0.0,0,0.0,0.0,0.0,0.0,,a,,,,,2526
168,536916,33,332,Facundo Buonanotte,Buonanotte,3,0.1,4.6,11,4,Away,2026-04-22T19:00:00Z,2,2,0,0,0,0,0,0,0,0,0,0,0.0,0.0,0.0,0.0,0,0.0,0.0,0.0,0.0,,a,,,,,2526
169,514254,33,330,Diego Gómez Amarilla,Gomez,3,0.5,4.9,6,18,Away,2026-04-18T16:30:00Z,2,2,19,0,0,0,0,0,0,0,1,1,0.0,0.0,0.0,0.01,1,0.0,0.0,0.0,0.0,,d,Knee injury - 50% chance of playing,,5.0,,2526
169,514254,33,333,Diego Gómez Amarilla,Gomez,3,0.5,4.9,6,7,Home,2026-04-21T19:00:00Z,3,0,0,0,0,0,0,0,0,0,0,0,0.0,0.0,0.0,0.0,0,0.0,0.0,0.0,0.0,,d,Knee injury - 50% chance of playing,,5.0,,2526
170,15157,33,330,James Milner,Milner,3,0.1,4.9,6,18,Away,2026-04-18T16:30:00Z,2,2,0,0,0,0,0,0,0,0,0,0,0.0,0.0,0.0,0.0,0,0.0,0.0,0.0,0.0,,d,Knock - 25% chance of playing,,,1.0,2526
170,15157,33,333,James Milner,Milner,3,0.1,4.9,6,7,Home,2026-04-21T19:00:00Z,3,0,0,0,0,0,0,0,0,0,0,0,0.0,0.0,0.0,0.0,0,0.0,0.0,0.0,0.0,,d,Knock - 25% chance of playing,,,1.0,2526
171,441192,33,330,Jeremy Sarmiento Morante,Sarmiento,3,0.0,4.9,6,18,Away,2026-04-18T16:30:00Z,2,2,0,0,0,0,0,0,0,0,0,0,0.0,0.0,0.0,0.0,0,0.0,0.0,0.0,0.0,,u,has joined Middlesbrough on loan for the rest of the season.,,,,2526
171,441192,33,333,Jeremy Sarmiento Morante,Sarmiento,3,0.0,4.9,6,7,Home,2026-04-21T19:00:00Z,3,0,0,0,0,0,0,0,0,0,0,0,0.0,0.0,0.0,0.0,0,0.0,0.0,0.0,0.0,,u,has joined Middlesbrough on loan for the rest of the season.,,,,2526
172,549074,33,330,Tom Watson,Watson,3,0.0,4.8,6,18,Away,2026-04-18T16:30:00Z,2,2,0,0,0,0,0,0,0,0,0,0,0.0,0.0,0.0,0.0,0,0.0,0.0,0.0,0.0,,u,has joined Millwall on loan for the rest of the season.,,,,2526
172,549074,33,333,Tom Watson,Watson,3,0.0,4.8,6,7,Home,2026-04-21T19:00:00Z,3,0,0,0,0,0,0,0,0,0,0,0,0.0,0.0,0.0,0.0,0,0.0,0.0,0.0,0.0,,u,has joined Millwall on loan for the rest of the season.,,,,2526
173,467779,33,330,Mats Wieffer,Wieffer,3,0.5,4.9,6,18,Away,2026-04-18T16:30:00Z,2,2,90,0,0,0,2,1,0,0,5,1,0.0,0.04,0.04,1.09,4,3.0,4.6,15.4,10.0,,a,,,,,2526
173,467779,33,333,Mats Wieffer,Wieffer,3,0.5,4.9,6,7,Home,2026-04-21T19:00:00Z,3,0,45,0,0,0,0,0,0,0,4,1,0.0,0.01,0.01,0.04,3,0.2,0.0,2.0,0.0,,a,,,,,2526
174,611695,33,330,Malick Yalcouyé,Yalcouye,3,0.0,5.0,6,18,Away,2026-04-18T16:30:00Z,2,2,0,0,0,0,0,0,0,0,0,0,0.0,0.0,0.0,0.0,0,0.0,0.0,0.0,0.0,,u,Has joined Swansea City on loan for the rest of the season.,,,,2526
174,611695,33,333,Malick Yalcouyé,Yalcouye,3,0.0,5.0,6,7,Home,2026-04-21T19:00:00Z,3,0,0,0,0,0,0,0,0,0,0,0,0.0,0.0,0.0,0.0,0,0.0,0.0,0.0,0.0,,u,Has joined Swansea City on loan for the rest of the season.,,,,2526
175,567121,33,330,Joe Knight,Knight,3,0.1,4.4,6,18,Away,2026-04-18T16:30:00Z,2,2,0,0,0,0,0,0,0,0,0,0,0.0,0.0,0.0,0.0,0,0.0,0.0,0.0,0.0,,u,has joined Stevenage permanently.,,,,2526
175,567121,33,333,Joe Knight,Knight,3,0.1,4.4,6,7,Home,2026-04-21T19:00:00Z,3,0,0,0,0,0,0,0,0,0,0,0,0.0,0.0,0.0,0.0,0,0.0,0.0,0.0,0.0,,u,has joined Stevenage permanently.,,,,2526
176,550141,33,330,Adrian Mazilu,Mazilu,3,0.0,4.5,6,18,Away,2026-04-18T16:30:00Z,2,2,0,0,0,0,0,0,0,0,0,0,0.0,0.0,0.0,0.0,0,0.0,0.0,0.0,0.0,,u,has joined Dinamo Bucharest permanently.,,,,2526
176,550141,33,333,Adrian Mazilu,Mazilu,3,0.0,4.5,6,7,Home,2026-04-21T19:00:00Z,3,0,0,0,0,0,0,0,0,0,0,0,0.0,0.0,0.0,0.0,0,0.0,0.0,0.0,0.0,,u,has joined Dinamo Bucharest permanently.,,,,2526
177,513834,33,330,Andrew Moran,Moran,3,0.0,4.5,6,18,Away,2026-04-18T16:30:00Z,2,2,0,0,0,0,0,0,0,0,0,0,0.0,0.0,0.0,0.0,0,0.0,0.0,0.0,0.0,,u,Has joined Los Angeles FC on loan for the rest of the season.,,,,2526
177,513834,33,333,Andrew Moran,Moran,3,0.0,4.5,6,7,Home,2026-04-21T19:00:00Z,3,0,0,0,0,0,0,0,0,0,0,0,0.0,0.0,0.0,0.0,0,0.0,0.0,0.0,0.0,,u,Has joined Los Angeles FC on loan for the rest of the season.,,,,2526
178,50175,33,330,Danny Welbeck,Welbeck,4,6.5,6.3,6,18,Away,2026-04-18T16:30:00Z,2,2,74,0,0,0,1,0,0,0,5,2,0.21,0.01,0.22,0.97,3,2.5,5.4,1.0,19.0,,a,,,4.0,2.0,2526
178,50175,33,333,Danny Welbeck,Welbeck,4,6.5,6.3,6,7,Home,2026-04-21T19:00:00Z,3,0,7,1,0,0,0,0,0,1,29,6,0.24,0.0,0.24,0.02,0,5.1,33.4,0.3,17.0,,a,,,4.0,2.0,2526
179,487117,33,330,Evan Ferguson,Ferguson,4,0.0,5.5,6,18,Away,2026-04-18T16:30:00Z,2,2,0,0,0,0,0,0,0,0,0,0,0.0,0.0,0.0,0.0,0,0.0,0.0,0.0,0.0,,u,Has joined AS Roma on loan for the rest of the season,,,,2526
179,487117,33,333,Evan Ferguson,Ferguson,4,0.0,5.5,6,7,Home,2026-04-21T19:00:00Z,3,0,0,0,0,0,0,0,0,0,0,0,0.0,0.0,0.0,0.0,0,0.0,0.0,0.0,0.0,,u,Has joined AS Roma on loan for the rest of the season,,,,2526
180,608181,33,330,Stefanos Tzimas,Tzimas,4,0.1,5.2,6,18,Away,2026-04-18T16:30:00Z,2,2,0,0,0,0,0,0,0,0,0,0,0.0,0.0,0.0,0.0,0,0.0,0.0,0.0,0.0,,i,Knee injury - Expected back 01 Jun,,,,2526
180,608181,33,333,Stefanos Tzimas,Tzimas,4,0.1,5.2,6,7,Home,2026-04-21T19:00:00Z,3,0,0,0,0,0,0,0,0,0,0,0,0.0,0.0,0.0,0.0,0,0.0,0.0,0.0,0.0,,i,Knee injury - Expected back 01 Jun,,,,2526
181,647850,33,330,Charalampos Kostoulas,Kostoulas,4,0.3,4.8,6,18,Away,2026-04-18T16:30:00Z,2,2,8,0,0,0,0,0,0,0,6,1,0.1,0.05,0.15,0.04,0,1.8,0.4,11.8,6.0,,a,,,,,2526
181,647850,33,333,Charalampos Kostoulas,Kostoulas,4,0.3,4.8,6,7,Home,2026-04-21T19:00:00Z,3,0,0,0,0,0,0,0,0,0,0,0,0.0,0.0,0.0,0.0,0,0.0,0.0,0.0,0.0,,a,,,,,2526
182,432720,33,327,James Trafford,Trafford,1,0.9,4.5,13,1,Home,2026-04-19T15:30:00Z,2,1,0,0,0,0,0,0,0,0,0,0,0.0,0.0,0.0,0.0,0,0.0,0.0,0.0,0.0,,a,,,,,2526
182,432720,33,334,James Trafford,Trafford,1,0.9,4.5,13,3,Away,2026-04-22T19:00:00Z,1,0,0,0,0,0,0,0,0,0,0,0,0.0,0.0,0.0,0.0,0,0.0,0.0,0.0,0.0,,a,,,,,2526
183,518030,33,329,Max Weiß,Weiss,1,0.1,4.2,3,16,Away,2026-04-19T13:00:00Z,1,4,0,0,0,0,0,0,0,0,0,0,0.0,0.0,0.0,0.0,0,0.0,0.0,0.0,0.0,,a,,,,,2526
183,518030,33,334,Max Weiß,Weiss,1,0.1,4.2,3,13,Home,2026-04-22T19:00:00Z,0,1,0,0,0,0,0,0,0,0,0,0,0.0,0.0,0.0,0.0,0,0.0,0.0,0.0,0.0,,a,,,,,2526
184,489571,33,329,Etienne Green,Green,1,0.2,4.0,3,16,Away,2026-04-19T13:00:00Z,1,4,0,0,0,0,0,0,0,0,0,0,0.0,0.0,0.0,0.0,0,0.0,0.0,0.0,0.0,,u,has joined FC Fredericia permanently.,,,,2526
184,489571,33,334,Etienne Green,Green,1,0.2,4.0,3,13,Home,2026-04-22T19:00:00Z,0,1,0,0,0,0,0,0,0,0,0,0,0.0,0.0,0.0,0.0,0,0.0,0.0,0.0,0.0,,u,has joined FC Fredericia permanently.,,,,2526
185,51943,33,329,Václav Hladký,Hladký,1,0.2,3.9,3,16,Away,2026-04-19T13:00:00Z,1,4,0,0,0,0,0,0,0,0,0,0,0.0,0.0,0.0,0.0,0,0.0,0.0,0.0,0.0,,a,,,,,2526
185,51943,33,334,Václav Hladký,Hladký,1,0.2,3.9,3,13,Home,2026-04-22T19:00:00Z,0,1,0,0,0,0,0,0,0,0,0,0,0.0,0.0,0.0,0.0,0,0.0,0.0,0.0,0.0,,a,,,,,2526
186,192290,33,329,Connor Roberts,Roberts,2,0.0,4.3,3,16,Away,2026-04-19T13:00:00Z,1,4,0,0,0,0,0,0,0,0,0,0,0.0,0.0,0.0,0.0,0,0.0,0.0,0.0,0.0,,i,Achilles injury - Unknown return date,,,,2526
186,192290,33,334,Connor Roberts,Roberts,2,0.0,4.3,3,13,Home,2026-04-22T19:00:00Z,0,1,0,0,0,0,0,0,0,0,0,0,0.0,0.0,0.0,0.0,0,0.0,0.0,0.0,0.0,,i,Achilles injury - Unknown return date,,,,2526
187,58621,33,329,Kyle Walker,Walker,2,1.1,4.4,3,16,Away,2026-04-19T13:00:00Z,1,4,90,0,0,0,4,1,0,0,-5,-1,0.0,0.02,0.02,1.19,5,1.6,10.6,3.1,2.0,,a,,,,,2526
187,58621,33,334,Kyle Walker,Walker,2,1.1,4.4,3,13,Home,2026-04-22T19:00:00Z,0,1,90,0,0,0,1,0,0,0,15,2,0.0,0.03,0.03,3.54,4,2.1,10.4,11.0,0.0,,a,,,,,2526
188,247245,33,329,Hannes Delcroix,Delcroix,2,0.2,3.8,3,16,Away,2026-04-19T13:00:00Z,1,4,0,0,0,0,0,0,0,0,0,0,0.0,0.0,0.0,0.0,0,0.0,0.0,0.0,0.0,,u,has joined Lugano permanently.,,,,2526
188,247245,33,334,Hannes Delcroix,Delcroix,2,0.2,3.8,3,13,Home,2026-04-22T19:00:00Z,0,1,0,0,0,0,0,0,0,0,0,0,0.0,0.0,0.0,0.0,0,0.0,0.0,0.0,0.0,,u,has joined Lugano permanently.,,,,2526
189,461567,33,329,Owen Dodgson,Dodgson,2,0.0,4.0,3,16,Away,2026-04-19T13:00:00Z,1,4,0,0,0,0,0,0,0,0,0,0,0.0,0.0,0.0,0.0,0,0.0,0.0,0.0,0.0,,u,Has joined Stockport County on loan for the rest of the season.,,,,2526
189,461567,33,334,Owen Dodgson,Dodgson,2,0.0,4.0,3,13,Home,2026-04-22T19:00:00Z,0,1,0,0,0,0,0,0,0,0,0,0,0.0,0.0,0.0,0.0,0,0.0,0.0,0.0,0.0,,u,Has joined Stockport County on loan for the rest of the season.,,,,2526
190,478969,33,329,Hjalmar Ekdal,Ekdal,2,0.7,3.8,3,16,Away,2026-04-19T13:00:00Z,1,4,90,0,0,0,4,0,0,0,-1,0,0.0,0.0,0.0,1.19,9,1.8,17.6,0.2,0.0,,a,,,,,2526
190,478969,33,334,Hjalmar Ekdal,Ekdal,2,0.7,3.8,3,13,Home,2026-04-22T19:00:00Z,0,1,90,0,0,0,1,0,0,0,12,4,0.04,0.06,0.1,3.54,10,3.8,27.8,0.3,10.0,,a,,,,,2526
191,477717,33,329,Maxime Estève,Estève,2,6.9,3.9,3,16,Away,2026-04-19T13:00:00Z,1,4,90,0,0,0,4,0,0,0,-1,2,0.06,0.0,0.06,1.19,16,4.1,34.8,0.8,5.0,,a,,,,,2526
191,477717,33,334,Maxime Estève,Estève,2,6.9,3.9,3,13,Home,2026-04-22T19:00:00Z,0,1,90,0,0,0,1,0,0,0,10,4,0.0,0.0,0.0,3.54,10,3.4,33.8,0.3,0.0,,a,,,,,2526
192,494960,33,329,Quilindschy Hartman,Hartman,2,0.6,4.0,3,16,Away,2026-04-19T13:00:00Z,1,4,90,0,1,0,4,0,0,0,13,3,0.0,0.22,0.22,1.19,9,4.7,33.0,12.3,2.0,,a,,,,,2526
192,494960,33,334,Quilindschy Hartman,Hartman,2,0.6,4.0,3,13,Home,2026-04-22T19:00:00Z,0,1,90,0,0,0,1,0,0,0,13,4,0.11,0.0,0.11,3.54,16,4.0,28.2,1.0,11.0,,a,,,,,2526
193,461188,33,329,Bashir Humphreys,Humphreys,2,0.1,3.9,3,16,Away,2026-04-19T13:00:00Z,1,4,0,0,0,0,0,0,0,0,0,0,0.0,0.0,0.0,0.0,0,0.0,0.0,0.0,0.0,,a,,,,,2526
193,461188,33,334,Bashir Humphreys,Humphreys,2,0.1,3.9,3,13,Home,2026-04-22T19:00:00Z,0,1,81,0,0,0,1,0,0,0,10,2,0.0,0.01,0.01,2.41,6,2.9,13.4,11.5,4.0,,a,,,,,2526
194,241231,33,329,Jordan Beyer,Jordan,2,0.1,3.9,3,16,Away,2026-04-19T13:00:00Z,1,4,0,0,0,0,0,0,0,0,0,0,0.0,0.0,0.0,0.0,0,0.0,0.0,0.0,0.0,,i,Hamstring injury - Unknown return date,,,,2526
194,241231,33,334,Jordan Beyer,Jordan,2,0.1,3.9,3,13,Home,2026-04-22T19:00:00Z,0,1,0,0,0,0,0,0,0,0,0,0,0.0,0.0,0.0,0.0,0,0.0,0.0,0.0,0.0,,i,Hamstring injury - Unknown return date,,,,2526
195,549329,33,329,Lucas Pires Silva,Lucas Pires,2,0.3,3.8,3,16,Away,2026-04-19T13:00:00Z,1,4,0,0,0,0,0,0,0,0,0,0,0.0,0.0,0.0,0.0,0,0.0,0.0,0.0,0.0,,a,,,,,2526
195,549329,33,334,Lucas Pires Silva,Lucas Pires,2,0.3,3.8,3,13,Home,2026-04-22T19:00:00Z,0,1,0,0,0,0,0,0,0,0,0,0,0.0,0.0,0.0,0.0,0,0.0,0.0,0.0,0.0,,a,,,,,2526
196,450072,33,329,Shurandy Sambo,Sambo,2,0.0,4.0,3,16,Away,2026-04-19T13:00:00Z,1,4,0,0,0,0,0,0,0,0,0,0,0.0,0.0,0.0,0.0,0,0.0,0.0,0.0,0.0,,u,has joined Sparta Rotterdam on loan for the rest of the season.,,,,2526
196,450072,33,334,Shurandy Sambo,Sambo,2,0.0,4.0,3,13,Home,2026-04-22T19:00:00Z,0,1,0,0,0,0,0,0,0,0,0,0,0.0,0.0,0.0,0.0,0,0.0,0.0,0.0,0.0,,u,has joined Sparta Rotterdam on loan for the rest of the season.,,,,2526
197,519895,33,329,Oliver Sonne,Sonne,2,0.2,3.8,3,16,Away,2026-04-19T13:00:00Z,1,4,0,0,0,0,0,0,0,0,0,0,0.0,0.0,0.0,0.0,0,0.0,0.0,0.0,0.0,,u,has joined Sparta Prague on loan for the rest of the season.,,,,2526
197,519895,33,334,Oliver Sonne,Sonne,2,0.2,3.8,3,13,Home,2026-04-22T19:00:00Z,0,1,0,0,0,0,0,0,0,0,0,0,0.0,0.0,0.0,0.0,0,0.0,0.0,0.0,0.0,,u,has joined Sparta Prague on loan for the rest of the season.,,,,2526
198,180804,33,329,Axel Tuanzebe,Tuanzebe,2,0.9,3.9,3,16,Away,2026-04-19T13:00:00Z,1,4,0,0,0,0,0,0,0,0,0,0,0.0,0.0,0.0,0.0,0,0.0,0.0,0.0,0.0,,a,,,,,2526
198,180804,33,334,Axel Tuanzebe,Tuanzebe,2,0.9,3.9,3,13,Home,2026-04-22T19:00:00Z,0,1,0,0,0,0,0,0,0,0,0,0,0.0,0.0,0.0,0.0,0,0.0,0.0,0.0,0.0,,a,,,,,2526
199,208912,33,329,Joe Worrall,Worrall,2,0.2,3.8,3,16,Away,2026-04-19T13:00:00Z,1,4,0,0,0,0,0,0,0,0,0,0,0.0,0.0,0.0,0.0,0,0.0,0.0,0.0,0.0,,a,,,,,2526
199,208912,33,334,Joe Worrall,Worrall,2,0.2,3.8,3,13,Home,2026-04-22T19:00:00Z,0,1,0,0,0,0,0,0,0,0,0,0,0.0,0.0,0.0,0.0,0,0.0,0.0,0.0,0.0,,a,,,,,2526
200,444180,33,329,Jaidon Anthony,Anthony,3,1.8,5.0,3,16,Away,2026-04-19T13:00:00Z,1,4,82,0,0,0,3,0,0,0,11,2,0.0,0.04,0.04,0.97,2,2.9,6.2,16.3,6.0,,a,,2.0,,,2526
200,444180,33,334,Jaidon Anthony,Anthony,3,1.8,5.0,3,13,Home,2026-04-22T19:00:00Z,0,1,86,0,0,0,1,0,0,0,15,2,0.07,0.04,0.11,2.48,7,4.9,10.4,13.3,25.0,,a,,2.0,,,2526
201,183751,33,329,Manuel Benson Hedilazio,Benson,3,0.0,5.4,3,16,Away,2026-04-19T13:00:00Z,1,4,0,0,0,0,0,0,0,0,0,0,0.0,0.0,0.0,0.0,0,0.0,0.0,0.0,0.0,,u,has joined Maccabi Haifa permanently.,,,,2526
201,183751,33,334,Manuel Benson Hedilazio,Benson,3,0.0,5.4,3,13,Home,2026-04-22T19:00:00Z,0,1,0,0,0,0,0,0,0,0,0,0,0.0,0.0,0.0,0.0,0,0.0,0.0,0.0,0.0,,u,has joined Maccabi Haifa permanently.,,,,2526
202,179458,33,329,Jacob Bruun Larsen,Bruun Larsen,3,0.0,5.2,3,16,Away,2026-04-19T13:00:00Z,1,4,14,0,0,0,2,0,0,0,2,1,0.0,0.01,0.01,0.26,1,0.1,0.0,1.1,0.0,,a,,,2.0,3.0,2526
202,179458,33,334,Jacob Bruun Larsen,Bruun Larsen,3,0.0,5.2,3,13,Home,2026-04-22T19:00:00Z,0,1,0,0,0,0,0,0,0,0,0,0,0.0,0.0,0.0,0.0,0,0.0,0.0,0.0,0.0,,a,,,2.0,3.0,2526
203,578614,33,329,Enock Agyei,Boateng,3,0.0,4.7,3,16,Away,2026-04-19T13:00:00Z,1,4,0,0,0,0,0,0,0,0,0,0,0.0,0.0,0.0,0.0,0,0.0,0.0,0.0,0.0,,a,,,,,2526
203,578614,33,334,Enock Agyei,Boateng,3,0.0,4.7,3,13,Home,2026-04-22T19:00:00Z,0,1,0,0,0,0,0,0,0,0,0,0,0.0,0.0,0.0,0.0,0,0.0,0.0,0.0,0.0,,a,,,,,2526
204,250735,33,329,Darko Churlinov,Churlinov,3,0.0,4.9,3,16,Away,2026-04-19T13:00:00Z,1,4,0,0,0,0,0,0,0,0,0,0,0.0,0.0,0.0,0.0,0,0.0,0.0,0.0,0.0,,u,has joined Kocaelispor  permanently.,,,,2526
204,250735,33,334,Darko Churlinov,Churlinov,3,0.0,4.9,3,13,Home,2026-04-22T19:00:00Z,0,1,0,0,0,0,0,0,0,0,0,0,0.0,0.0,0.0,0.0,0,0.0,0.0,0.0,0.0,,u,has joined Kocaelispor  permanently.,,,,2526
205,172567,33,329,Josh Cullen,Cullen,3,0.8,4.9,3,16,Away,2026-04-19T13:00:00Z,1,4,0,0,0,0,0,0,0,0,0,0,0.0,0.0,0.0,0.0,0,0.0,0.0,0.0,0.0,,i,Knee injury - Expected back 30 Sep,,,,2526
205,172567,33,334,Josh Cullen,Cullen,3,0.8,4.9,3,13,Home,2026-04-22T19:00:00Z,0,1,0,0,0,0,0,0,0,0,0,0,0.0,0.0,0.0,0.0,0,0.0,0.0,0.0,0.0,,i,Knee injury - Expected back 30 Sep,,,,2526
206,174592,33,329,Marcus Edwards,Edwards,3,0.1,4.7,3,16,Away,2026-04-19T13:00:00Z,1,4,63,0,0,0,1,0,0,0,7,2,0.0,0.02,0.02,0.86,7,1.1,6.0,2.5,2.0,,a,,,3.0,,2526
206,174592,33,334,Marcus Edwards,Edwards,3,0.1,4.7,3,13,Home,2026-04-22T19:00:00Z,0,1,3,0,0,0,0,0,0,0,3,1,0.0,0.0,0.0,1.06,0,0.0,0.0,0.0,0.0,,a,,,3.0,,2526
207,465527,33,329,Hannibal Mejbri,Hannibal,3,0.1,4.7,3,16,Away,2026-04-19T13:00:00Z,1,4,0,0,0,0,0,0,0,0,0,0,0.0,0.0,0.0,0.0,0,0.0,0.0,0.0,0.0,,d,Hamstring injury - 25% chance of playing,,,,2526
207,465527,33,334,Hannibal Mejbri,Hannibal,3,0.1,4.7,3,13,Home,2026-04-22T19:00:00Z,0,1,0,0,0,0,0,0,0,0,0,0,0.0,0.0,0.0,0.0,0,0.0,0.0,0.0,0.0,,d,Hamstring injury - 25% chance of playing,,,,2526
208,487702,33,329,Luca Koleosho,Koleosho,3,0.0,5.0,3,16,Away,2026-04-19T13:00:00Z,1,4,0,0,0,0,0,0,0,0,0,0,0.0,0.0,0.0,0.0,0,0.0,0.0,0.0,0.0,,u,has joined Paris FC on loan for the rest of the season.,,,,2526
208,487702,33,334,Luca Koleosho,Koleosho,3,0.0,5.0,3,13,Home,2026-04-22T19:00:00Z,0,1,0,0,0,0,0,0,0,0,0,0,0.0,0.0,0.0,0.0,0,0.0,0.0,0.0,0.0,,u,has joined Paris FC on loan for the rest of the season.,,,,2526
209,167887,33,329,Josh Laurent,Laurent,3,0.0,4.8,3,16,Away,2026-04-19T13:00:00Z,1,4,7,0,0,0,1,0,0,0,7,1,0.0,0.01,0.01,0.22,3,0.8,5.4,0.6,2.0,,a,,,,,2526
209,167887,33,334,Josh Laurent,Laurent,3,0.0,4.8,3,13,Home,2026-04-22T19:00:00Z,0,1,86,0,0,0,1,0,0,0,7,2,0.0,0.03,0.03,2.48,10,2.5,7.2,13.4,4.0,,a,,,,,2526
210,469272,33,329,Loum Tchaouna,Tchaouna,3,0.0,4.8,3,16,Away,2026-04-19T13:00:00Z,1,4,7,0,0,0,1,0,0,0,2,1,0.0,0.0,0.0,0.22,0,0.3,0.6,2.0,0.0,,a,,,4.0,,2526
210,469272,33,334,Loum Tchaouna,Tchaouna,3,0.0,4.8,3,13,Home,2026-04-22T19:00:00Z,0,1,71,0,0,0,1,0,0,0,6,2,0.01,0.01,0.02,2.2,2,2.9,2.4,24.8,2.0,,a,,,4.0,,2526
211,447715,33,329,Aaron Ramsey,A.Ramsey,3,1.4,4.4,3,16,Away,2026-04-19T13:00:00Z,1,4,0,0,0,0,0,0,0,0,0,0,0.0,0.0,0.0,0.0,0,0.0,0.0,0.0,0.0,,u,has joined Leicester City on loan for the rest of the season.,,,,2526
211,447715,33,334,Aaron Ramsey,A.Ramsey,3,1.4,4.4,3,13,Home,2026-04-22T19:00:00Z,0,1,0,0,0,0,0,0,0,0,0,0,0.0,0.0,0.0,0.0,0,0.0,0.0,0.0,0.0,,u,has joined Leicester City on loan for the rest of the season.,,,,2526
212,576323,33,329,Oluwaseun Adewumi,Adewumi,3,0.0,4.5,3,16,Away,2026-04-19T13:00:00Z,1,4,0,0,0,0,0,0,0,0,0,0,0.0,0.0,0.0,0.0,0,0.0,0.0,0.0,0.0,,u,Has joined Cercle Brugge on loan for the rest of the season.,,,,2526
212,576323,33,334,Oluwaseun Adewumi,Adewumi,3,0.0,4.5,3,13,Home,2026-04-22T19:00:00Z,0,1,0,0,0,0,0,0,0,0,0,0,0.0,0.0,0.0,0.0,0,0.0,0.0,0.0,0.0,,u,Has joined Cercle Brugge on loan for the rest of the season.,,,,2526
213,551206,33,329,Jaydon Banel,Banel,3,0.0,4.5,3,16,Away,2026-04-19T13:00:00Z,1,4,0,0,0,0,0,0,0,0,0,0,0.0,0.0,0.0,0.0,0,0.0,0.0,0.0,0.0,,u,has joined Derby County on loan for the rest of the season.,,,,2526
213,551206,33,334,Jaydon Banel,Banel,3,0.0,4.5,3,13,Home,2026-04-22T19:00:00Z,0,1,0,0,0,0,0,0,0,0,0,0,0.0,0.0,0.0,0.0,0,0.0,0.0,0.0,0.0,,u,has joined Derby County on loan for the rest of the season.,,,,2526
214,437748,33,329,Mike Trésor Ndayishimiye,Trésor,3,0.1,4.3,3,16,Away,2026-04-19T13:00:00Z,1,4,0,0,0,0,0,0,0,0,0,0,0.0,0.0,0.0,0.0,0,0.0,0.0,0.0,0.0,,a,,,,,2526
214,437748,33,334,Mike Trésor Ndayishimiye,Trésor,3,0.1,4.3,3,13,Home,2026-04-22T19:00:00Z,0,1,3,0,0,0,0,0,0,0,2,1,0.0,0.0,0.0,1.06,1,0.0,0.0,0.0,0.0,,a,,,,,2526
215,431639,33,329,Zian Flemming,Flemming,4,0.3,5.3,3,16,Away,2026-04-19T13:00:00Z,1,4,83,1,0,0,3,0,0,1,30,7,0.17,0.0,0.17,0.97,7,5.6,35.2,1.3,19.0,,a,,,5.0,1.0,2526
215,431639,33,334,Zian Flemming,Flemming,4,0.3,5.3,3,13,Home,2026-04-22T19:00:00Z,0,1,81,0,0,0,1,0,0,0,2,2,0.27,0.02,0.29,2.41,5,0.8,0.0,1.7,8.0,,a,,,5.0,1.0,2526
216,492831,33,329,Zeki Amdouni,Amdouni,4,0.0,4.8,3,16,Away,2026-04-19T13:00:00Z,1,4,0,0,0,0,0,0,0,0,0,0,0.0,0.0,0.0,0.0,0,0.0,0.0,0.0,0.0,,d,Lack of match fitness - 50% chance of playing,,,,2526
216,492831,33,334,Zeki Amdouni,Amdouni,4,0.0,4.8,3,13,Home,2026-04-22T19:00:00Z,0,1,0,0,0,0,0,0,0,0,0,0,0.0,0.0,0.0,0.0,0,0.0,0.0,0.0,0.0,,d,Lack of match fitness - 50% chance of playing,,,,2526
217,435973,33,329,Lyle Foster,Foster,4,0.8,4.9,3,16,Away,2026-04-19T13:00:00Z,1,4,26,0,0,0,3,0,0,0,3,1,0.09,0.01,0.1,0.33,4,4.0,4.6,1.7,34.0,,a,,,,,2526
217,435973,33,334,Lyle Foster,Foster,4,0.8,4.9,3,13,Home,2026-04-22T19:00:00Z,0,1,18,0,0,0,0,0,0,0,3,1,0.08,0.01,0.09,1.34,3,0.5,1.2,0.1,4.0,,a,,,,,2526
218,44699,33,329,Ashley Barnes,Barnes,4,1.3,4.2,3,16,Away,2026-04-19T13:00:00Z,1,4,0,0,0,0,0,0,0,0,0,0,0.0,0.0,0.0,0.0,0,0.0,0.0,0.0,0.0,,a,,,,2.0,2526
218,44699,33,334,Ashley Barnes,Barnes,4,1.3,4.2,3,13,Home,2026-04-22T19:00:00Z,0,1,0,0,0,0,0,0,0,0,0,0,0.0,0.0,0.0,0.0,0,0.0,0.0,0.0,0.0,,a,,,,2.0,2526
219,220598,33,329,Michael Obafemi,Obafemi,4,0.1,4.4,3,16,Away,2026-04-19T13:00:00Z,1,4,0,0,0,0,0,0,0,0,0,0,0.0,0.0,0.0,0.0,0,0.0,0.0,0.0,0.0,,u,has joined Blackpool on loan for the rest of the season.,,,,2526
219,220598,33,334,Michael Obafemi,Obafemi,4,0.1,4.4,3,13,Home,2026-04-22T19:00:00Z,0,1,0,0,0,0,0,0,0,0,0,0,0.0,0.0,0.0,0.0,0,0.0,0.0,0.0,0.0,,u,has joined Blackpool on loan for the rest of the season.,,,,2526
220,215059,33,323,Robert Lynch Sánchez,Sánchez,1,11.4,4.8,7,14,Home,2026-04-18T19:00:00Z,0,1,90,0,0,0,1,0,0,0,7,2,0.0,0.0,0.0,0.29,0,0.9,9.2,0.0,0.0,,a,,,,,2526
220,215059,33,333,Robert Lynch Sánchez,Sánchez,1,11.4,4.8,7,6,Away,2026-04-21T19:00:00Z,0,3,90,0,0,0,3,0,0,0,7,2,0.0,0.0,0.0,2.14,0,2.9,29.0,0.0,0.0,,a,,,,,2526
221,508479,33,323,Filip Jörgensen,Jörgensen,1,0.2,4.3,7,14,Home,2026-04-18T19:00:00Z,0,1,0,0,0,0,0,0,0,0,0,0,0.0,0.0,0.0,0.0,0,0.0,0.0,0.0,0.0,,d,Groin Injury - 25% chance of playing,,,,2526
221,508479,33,333,Filip Jörgensen,Jörgensen,1,0.2,4.3,7,6,Away,2026-04-21T19:00:00Z,0,3,0,0,0,0,0,0,0,0,0,0,0.0,0.0,0.0,0.0,0,0.0,0.0,0.0,0.0,,d,Groin Injury - 25% chance of playing,,,,2526
222,549939,33,323,Mike Penders,Penders,1,0.0,4.0,7,14,Home,2026-04-18T19:00:00Z,0,1,0,0,0,0,0,0,0,0,0,0,0.0,0.0,0.0,0.0,0,0.0,0.0,0.0,0.0,,u,Has joined RC Strasbourg on loan for the rest of the season.,,,,2526
222,549939,33,333,Mike Penders,Penders,1,0.0,4.0,7,6,Away,2026-04-21T19:00:00Z,0,3,0,0,0,0,0,0,0,0,0,0,0.0,0.0,0.0,0.0,0,0.0,0.0,0.0,0.0,,u,Has joined RC Strasbourg on loan for the rest of the season.,,,,2526
223,471798,33,323,Gabriel Słonina,Slonina,1,0.1,3.9,7,14,Home,2026-04-18T19:00:00Z,0,1,0,0,0,0,0,0,0,0,0,0,0.0,0.0,0.0,0.0,0,0.0,0.0,0.0,0.0,,a,,,,,2526
223,471798,33,333,Gabriel Słonina,Slonina,1,0.1,3.9,7,6,Away,2026-04-21T19:00:00Z,0,3,0,0,0,0,0,0,0,0,0,0,0.0,0.0,0.0,0.0,0,0.0,0.0,0.0,0.0,,a,,,,,2526
224,179268,33,323,Marc Cucurella Saseta,Cucurella,2,14.6,6.1,7,14,Home,2026-04-18T19:00:00Z,0,1,90,0,0,0,1,0,0,0,14,2,0.0,0.05,0.05,0.29,7,5.3,13.0,27.5,12.0,,a,,,,,2526
224,179268,33,333,Marc Cucurella Saseta,Cucurella,2,14.6,6.1,7,6,Away,2026-04-21T19:00:00Z,0,3,90,0,0,0,3,0,0,0,0,1,0.0,0.0,0.0,2.14,6,1.3,9.2,2.2,2.0,,a,,,,,2526
225,225796,33,323,Reece James,James,2,6.1,5.6,7,14,Home,2026-04-18T19:00:00Z,0,1,0,0,0,0,0,0,0,0,0,0,0.0,0.0,0.0,0.0,0,0.0,0.0,0.0,0.0,,d,Hamstring injury - 25% chance of playing,1.0,1.0,,2526
225,225796,33,333,Reece James,James,2,6.1,5.6,7,6,Away,2026-04-21T19:00:00Z,0,3,0,0,0,0,0,0,0,0,0,0,0.0,0.0,0.0,0.0,0,0.0,0.0,0.0,0.0,,d,Hamstring injury - 25% chance of playing,1.0,1.0,,2526
226,180736,33,323,Trevoh Chalobah,Chalobah,2,9.5,5.4,7,14,Home,2026-04-18T19:00:00Z,0,1,9,0,0,0,0,0,0,0,3,1,0.0,0.0,0.0,0.0,0,0.2,1.4,0.3,0.0,,a,,,,,2526
226,180736,33,333,Trevoh Chalobah,Chalobah,2,9.5,5.4,7,6,Away,2026-04-21T19:00:00Z,0,3,90,0,0,0,3,0,0,0,9,1,0.04,0.01,0.05,2.14,6,2.9,15.0,11.7,2.0,,a,,,,,2526
227,460028,33,323,Levi Samuels Colwill,Colwill,2,0.1,4.7,7,14,Home,2026-04-18T19:00:00Z,0,1,0,0,0,0,0,0,0,0,0,0,0.0,0.0,0.0,0.0,0,0.0,0.0,0.0,0.0,,d,Lack of match fitness - 25% chance of playing,,,,2526
227,460028,33,333,Levi Samuels Colwill,Colwill,2,0.1,4.7,7,6,Away,2026-04-21T19:00:00Z,0,3,0,0,0,0,0,0,0,0,0,0,0.0,0.0,0.0,0.0,0,0.0,0.0,0.0,0.0,,d,Lack of match fitness - 25% chance of playing,,,,2526
228,482609,33,323,Malo Gusto,Gusto,2,1.9,4.9,7,14,Home,2026-04-18T19:00:00Z,0,1,80,0,0,0,1,0,0,0,15,2,0.0,0.18,0.18,0.29,3,6.5,20.4,44.4,0.0,,a,,,,,2526
228,482609,33,333,Malo Gusto,Gusto,2,1.9,4.9,7,6,Away,2026-04-21T19:00:00Z,0,3,90,0,0,0,3,0,0,0,12,1,0.0,0.22,0.22,2.14,6,3.1,15.8,13.2,2.0,,a,,,,,2526
229,242880,33,323,Benoît Badiashile Mukinayi,B.Badiashile,2,0.0,4.4,7,14,Home,2026-04-18T19:00:00Z,0,1,0,0,0,0,0,0,0,0,0,0,0.0,0.0,0.0,0.0,0,0.0,0.0,0.0,0.0,,a,,,,,2526
229,242880,33,333,Benoît Badiashile Mukinayi,B.Badiashile,2,0.0,4.4,7,6,Away,2026-04-21T19:00:00Z,0,3,0,0,0,0,0,0,0,0,0,0,0.0,0.0,0.0,0.0,0,0.0,0.0,0.0,0.0,,a,,,,,2526
230,444463,33,323,Wesley Fofana,Fofana,2,0.4,4.4,7,14,Home,2026-04-18T19:00:00Z,0,1,80,0,0,0,1,0,0,0,14,2,0.12,0.01,0.13,0.29,8,5.6,30.0,1.5,24.0,,a,,,,,2526
230,444463,33,333,Wesley Fofana,Fofana,2,0.4,4.4,7,6,Away,2026-04-21T19:00:00Z,0,3,45,0,0,0,1,1,0,0,-2,0,0.0,0.01,0.01,1.28,5,1.3,8.0,0.7,4.0,,a,,,,,2526
231,574458,33,323,Mamadou Sarr,M.Sarr,2,0.0,4.5,7,14,Home,2026-04-18T19:00:00Z,0,1,0,0,0,0,0,0,0,0,0,0,0.0,0.0,0.0,0.0,0,0.0,0.0,0.0,0.0,,a,,,,,2526
231,574458,33,333,Mamadou Sarr,M.Sarr,2,0.0,4.5,7,6,Away,2026-04-21T19:00:00Z,0,3,0,0,0,0,0,0,0,0,0,0,0.0,0.0,0.0,0.0,0,0.0,0.0,0.0,0.0,,a,,,,,2526
232,109646,33,323,Tosin Adarabioyo,Tosin,2,0.3,4.0,7,14,Home,2026-04-18T19:00:00Z,0,1,0,0,0,0,0,0,0,0,0,0,0.0,0.0,0.0,0.0,0,0.0,0.0,0.0,0.0,,a,,,,,2526
232,109646,33,333,Tosin Adarabioyo,Tosin,2,0.3,4.0,7,6,Away,2026-04-21T19:00:00Z,0,3,0,0,0,0,0,0,0,0,0,0,0.0,0.0,0.0,0.0,0,0.0,0.0,0.0,0.0,,a,,,,,2526
233,577016,33,323,Josh Acheampong,Acheampong,2,1.8,3.7,7,14,Home,2026-04-18T19:00:00Z,0,1,9,0,0,0,0,0,0,0,2,1,0.0,0.0,0.0,0.0,0,0.1,0.4,0.6,0.0,,a,,,,,2526
233,577016,33,333,Josh Acheampong,Acheampong,2,1.8,3.7,7,6,Away,2026-04-21T19:00:00Z,0,3,1,0,0,0,0,0,0,0,3,1,0.0,0.0,0.0,0.0,0,0.0,0.2,0.1,0.0,,a,,,,,2526
234,622758,33,323,Aarón Anselmino,Anselmino,2,0.1,4.0,7,14,Home,2026-04-18T19:00:00Z,0,1,0,0,0,0,0,0,0,0,0,0,0.0,0.0,0.0,0.0,0,0.0,0.0,0.0,0.0,,u,has joined Strasbourg on loan for the rest of the season.,,,,2526
234,622758,33,333,Aarón Anselmino,Anselmino,2,0.1,4.0,7,6,Away,2026-04-21T19:00:00Z,0,3,0,0,0,0,0,0,0,0,0,0,0.0,0.0,0.0,0.0,0,0.0,0.0,0.0,0.0,,u,has joined Strasbourg on loan for the rest of the season.,,,,2526
235,244851,33,323,Cole Palmer,Palmer,3,14.4,10.5,7,14,Home,2026-04-18T19:00:00Z,0,1,90,0,0,0,1,0,0,0,9,2,0.34,0.04,0.38,0.29,3,3.1,1.8,16.8,12.0,,a,,,3.0,1.0,2526
235,244851,33,333,Cole Palmer,Palmer,3,14.4,10.5,7,6,Away,2026-04-21T19:00:00Z,0,3,0,0,0,0,0,0,0,0,0,0,0.0,0.0,0.0,0.0,0,0.0,0.0,0.0,0.0,,a,,,3.0,1.0,2526
236,247632,33,323,Pedro Lomba Neto,Neto,3,4.2,7.0,7,14,Home,2026-04-18T19:00:00Z,0,1,90,0,0,0,1,0,0,0,13,2,0.13,0.84,0.97,0.29,2,7.0,11.8,41.1,17.0,,a,,2.0,4.0,,2526
236,247632,33,333,Pedro Lomba Neto,Neto,3,4.2,7.0,7,6,Away,2026-04-21T19:00:00Z,0,3,90,0,0,0,3,0,0,0,9,2,0.0,0.03,0.03,2.14,2,2.0,4.8,10.9,4.0,,a,,2.0,4.0,,2526
237,448047,33,323,Enzo Fernández,Enzo,3,11.0,6.5,7,14,Home,2026-04-18T19:00:00Z,0,1,87,0,0,0,1,0,0,0,18,2,0.37,0.22,0.59,0.29,8,11.2,22.6,68.3,21.0,,a,,3.0,2.0,2.0,2526
237,448047,33,333,Enzo Fernández,Enzo,3,11.0,6.5,7,6,Away,2026-04-21T19:00:00Z,0,3,90,0,0,0,3,0,0,0,11,2,0.0,0.2,0.2,2.14,2,2.9,6.8,22.3,0.0,,a,,3.0,2.0,2.0,2526
238,624773,33,323,Estêvão Almeida de Oliveira Gonçalves,Estêvão,3,1.8,6.4,7,14,Home,2026-04-18T19:00:00Z,0,1,15,0,0,0,0,0,0,0,4,1,0.09,0.0,0.09,0.03,0,2.1,0.0,0.0,21.0,,d,Hamstring injury - 75% chance of playing,4.0,,3.0,2526
238,624773,33,333,Estêvão Almeida de Oliveira Gonçalves,Estêvão,3,1.8,6.4,7,6,Away,2026-04-21T19:00:00Z,0,3,0,0,0,0,0,0,0,0,0,0,0.0,0.0,0.0,0.0,0,0.0,0.0,0.0,0.0,,d,Hamstring injury - 75% chance of playing,4.0,,3.0,2526
239,463936,33,323,Jamie Bynoe-Gittens,Gittens,3,0.1,6.0,7,14,Home,2026-04-18T19:00:00Z,0,1,0,0,0,0,0,0,0,0,0,0,0.0,0.0,0.0,0.0,0,0.0,0.0,0.0,0.0,,d,Hamstring injury - 25% chance of playing,,,,2526
239,463936,33,333,Jamie Bynoe-Gittens,Gittens,3,0.1,6.0,7,6,Away,2026-04-21T19:00:00Z,0,3,0,0,0,0,0,0,0,0,0,0,0.0,0.0,0.0,0.0,0,0.0,0.0,0.0,0.0,,d,Hamstring injury - 25% chance of playing,,,,2526
240,213198,33,323,Christopher Nkunku,Nkunku,3,0.1,5.9,7,14,Home,2026-04-18T19:00:00Z,0,1,0,0,0,0,0,0,0,0,0,0,0.0,0.0,0.0,0.0,0,0.0,0.0,0.0,0.0,,u,has joined AC Milan permanently.,,,,2526
240,213198,33,333,Christopher Nkunku,Nkunku,3,0.1,5.9,7,6,Away,2026-04-21T19:00:00Z,0,3,0,0,0,0,0,0,0,0,0,0,0.0,0.0,0.0,0.0,0,0.0,0.0,0.0,0.0,,u,has joined AC Milan permanently.,,,,2526
241,486672,33,323,Moisés Caicedo Corozo,Caicedo,3,7.3,5.7,7,14,Home,2026-04-18T19:00:00Z,0,1,90,0,0,0,1,0,0,0,14,2,0.06,0.02,0.08,0.29,11,1.8,8.6,6.7,3.0,,a,,,,,2526
241,486672,33,333,Moisés Caicedo Corozo,Caicedo,3,7.3,5.7,7,6,Away,2026-04-21T19:00:00Z,0,3,90,0,0,0,3,0,0,0,18,2,0.02,0.01,0.03,2.14,11,1.9,13.2,3.8,2.0,,a,,,,,2526
242,215413,33,325,Kiernan Dewsbury-Hall,Dewsbury-Hall,3,6.4,5.1,9,12,Home,2026-04-19T13:00:00Z,1,2,90,0,1,0,2,0,0,1,28,6,0.0,0.64,0.64,1.45,11,6.3,30.6,28.2,4.0,False,a,,3.0,,,2526
243,550615,33,325,Tyrique George,George,3,0.1,4.8,9,12,Home,2026-04-19T13:00:00Z,1,2,10,0,0,0,1,0,0,0,3,1,0.0,0.0,0.0,0.34,3,0.6,4.0,0.0,2.0,False,a,,,,,2526
244,514356,33,323,Roméo Lavia,Lavia,3,0.0,4.9,7,14,Home,2026-04-18T19:00:00Z,0,1,2,0,0,0,0,0,0,0,3,1,0.0,0.0,0.0,0.0,1,0.0,0.0,0.0,0.0,,a,,,,,2526
244,514356,33,333,Roméo Lavia,Lavia,3,0.0,4.9,7,6,Away,2026-04-21T19:00:00Z,0,3,72,0,0,0,2,0,0,0,14,2,0.05,0.02,0.07,1.89,5,0.6,2.2,3.0,1.0,,a,,,,,2526
245,465920,33,323,Mykhailo Mudryk,Mudryk,3,0.0,4.9,7,14,Home,2026-04-18T19:00:00Z,0,1,0,0,0,0,0,0,0,0,0,0,0.0,0.0,0.0,0.0,0,0.0,0.0,0.0,0.0,,s,Suspended - unknown return date,,,,2526
245,465920,33,333,Mykhailo Mudryk,Mudryk,3,0.0,4.9,7,6,Away,2026-04-21T19:00:00Z,0,3,0,0,0,0,0,0,0,0,0,0,0.0,0.0,0.0,0.0,0,0.0,0.0,0.0,0.0,,s,Suspended - unknown return date,,,,2526
246,532605,33,323,Andrey Nascimento dos Santos,Andrey Santos,3,0.3,4.5,7,14,Home,2026-04-18T19:00:00Z,0,1,0,0,0,0,0,0,0,0,0,0,0.0,0.0,0.0,0.0,0,0.0,0.0,0.0,0.0,,a,,,,,2526
246,532605,33,333,Andrey Nascimento dos Santos,Andrey Santos,3,0.3,4.5,7,6,Away,2026-04-21T19:00:00Z,0,3,0,0,0,0,0,0,0,0,0,0,0.0,0.0,0.0,0.0,0,0.0,0.0,0.0,0.0,,a,,,,,2526
247,491007,33,323,Dário Luís Essugo,D.Essugo,3,0.1,4.3,7,14,Home,2026-04-18T19:00:00Z,0,1,0,0,0,0,0,0,0,0,0,0,0.0,0.0,0.0,0.0,0,0.0,0.0,0.0,0.0,,a,,,,,2526
247,491007,33,333,Dário Luís Essugo,D.Essugo,3,0.1,4.3,7,6,Away,2026-04-21T19:00:00Z,0,3,17,0,0,0,1,0,0,0,7,1,0.0,0.01,0.01,0.24,1,0.9,4.8,1.8,2.0,,a,,,,,2526
248,611134,33,323,Kendry Páez Andrade,Paez,3,0.0,4.5,7,14,Home,2026-04-18T19:00:00Z,0,1,0,0,0,0,0,0,0,0,0,0,0.0,0.0,0.0,0.0,0,0.0,0.0,0.0,0.0,,u,has joined River Plate on loan for the rest of the season.,,,,2526
248,611134,33,333,Kendry Páez Andrade,Paez,3,0.0,4.5,7,6,Away,2026-04-21T19:00:00Z,0,3,0,0,0,0,0,0,0,0,0,0,0.0,0.0,0.0,0.0,0,0.0,0.0,0.0,0.0,,u,has joined River Plate on loan for the rest of the season.,,,,2526
249,475168,33,323,João Pedro Junqueira de Jesus,João Pedro,4,40.1,7.6,7,14,Home,2026-04-18T19:00:00Z,0,1,0,0,0,0,0,0,0,0,0,0,0.0,0.0,0.0,0.0,0,0.0,0.0,0.0,0.0,,a,,,,,2526
249,475168,33,333,João Pedro Junqueira de Jesus,João Pedro,4,40.1,7.6,7,6,Away,2026-04-21T19:00:00Z,0,3,0,0,0,0,0,0,0,0,0,0,0.0,0.0,0.0,0.0,0,0.0,0.0,0.0,0.0,,a,,,,,2526
250,463034,33,323,Liam Delap,Delap,4,0.9,6.2,7,14,Home,2026-04-18T19:00:00Z,0,1,90,0,0,0,1,0,0,0,2,2,0.29,0.01,0.3,0.29,2,3.0,0.0,12.2,19.0,,a,,,,,2526
250,463034,33,333,Liam Delap,Delap,4,0.9,6.2,7,6,Away,2026-04-21T19:00:00Z,0,3,71,0,0,0,2,0,0,0,5,2,0.0,0.0,0.0,1.89,3,0.6,2.4,1.4,2.0,,a,,,,,2526
251,517052,33,323,Nicolas Jackson,N.Jackson,4,0.1,6.5,7,14,Home,2026-04-18T19:00:00Z,0,1,0,0,0,0,0,0,0,0,0,0,0.0,0.0,0.0,0.0,0,0.0,0.0,0.0,0.0,,u,has joined Bayern Munich on loan for the rest of the season.,,,,2526
251,517052,33,333,Nicolas Jackson,N.Jackson,4,0.1,6.5,7,6,Away,2026-04-21T19:00:00Z,0,3,0,0,0,0,0,0,0,0,0,0,0.0,0.0,0.0,0.0,0,0.0,0.0,0.0,0.0,,u,has joined Bayern Munich on loan for the rest of the season.,,,,2526
252,499309,33,323,Marc Guiu Paz,Marc Guiu,4,5.6,4.0,7,14,Home,2026-04-18T19:00:00Z,0,1,0,0,0,0,0,0,0,0,0,0,0.0,0.0,0.0,0.0,0,0.0,0.0,0.0,0.0,,a,,,,,2526
252,499309,33,333,Marc Guiu Paz,Marc Guiu,4,5.6,4.0,7,6,Away,2026-04-21T19:00:00Z,0,3,18,0,0,0,1,0,0,0,0,1,0.08,0.0,0.08,0.24,1,0.5,0.0,1.3,5.0,,a,,,,,2526
253,172649,33,324,Dean Henderson,Henderson,1,8.0,5.1,8,19,Home,2026-04-20T19:00:00Z,0,0,90,0,0,1,0,0,0,0,30,7,0.0,0.0,0.0,0.61,0,2.7,26.8,0.0,0.0,False,a,,,,,2526
254,121709,33,324,Walter Benítez,Benitez,1,0.3,3.9,8,19,Home,2026-04-20T19:00:00Z,0,0,0,0,0,0,0,0,0,0,0,0,0.0,0.0,0.0,0.0,0,0.0,0.0,0.0,0.0,False,a,,,,,2526
255,169593,33,324,Remi Matthews,Matthews,1,0.1,3.9,8,19,Home,2026-04-20T19:00:00Z,0,0,0,0,0,0,0,0,0,0,0,0,0.0,0.0,0.0,0.0,0,0.0,0.0,0.0,0.0,False,a,,,,,2526
256,247348,33,324,Daniel Muñoz Mejía,Muñoz,2,7.8,5.8,8,19,Home,2026-04-20T19:00:00Z,0,0,90,0,0,1,0,1,0,0,22,7,0.0,0.02,0.02,0.61,10,1.9,12.0,2.7,4.0,False,a,,,,,2526
257,437499,33,324,Maxence Lacroix,Lacroix,2,5.4,5.1,8,19,Home,2026-04-20T19:00:00Z,0,0,90,0,0,1,0,0,0,3,38,11,0.0,0.01,0.01,0.61,10,4.5,30.6,10.8,4.0,False,a,,,,,2526
258,244723,33,324,Tyrick Mitchell,Mitchell,2,2.3,5.0,8,19,Home,2026-04-20T19:00:00Z,0,0,90,0,0,1,0,0,0,1,33,7,0.06,0.09,0.15,0.61,5,3.5,14.0,17.3,4.0,False,a,,,,,2526
259,218364,33,324,Borna Sosa,Sosa,2,0.1,4.8,8,19,Home,2026-04-20T19:00:00Z,0,0,0,0,0,0,0,0,0,0,0,0,0.0,0.0,0.0,0.0,0,0.0,0.0,0.0,0.0,False,a,,,,,2526
260,209036,33,327,Marc Guéhi,Guéhi,2,31.2,5.1,13,1,Home,2026-04-19T15:30:00Z,2,1,90,0,0,0,1,1,0,0,12,1,0.03,0.02,0.05,1.62,7,4.4,21.6,5.5,17.0,,a,,,,,2526
260,209036,33,334,Marc Guéhi,Guéhi,2,31.2,5.1,13,3,Away,2026-04-22T19:00:00Z,1,0,90,0,0,1,0,0,0,1,29,7,0.0,0.07,0.07,0.61,8,4.0,19.4,18.3,2.0,,a,,,,,2526
261,427623,33,324,Chris Richards,Richards,2,2.4,4.4,8,19,Home,2026-04-20T19:00:00Z,0,0,90,0,0,1,0,0,0,0,24,6,0.0,0.02,0.02,0.61,9,2.4,22.4,1.4,0.0,False,a,,,,,2526
262,515621,33,324,Chadi Riad Dnanou,Chadi Riad,2,0.0,4.0,8,19,Home,2026-04-20T19:00:00Z,0,0,0,0,0,0,0,0,0,0,0,0,0.0,0.0,0.0,0.0,0,0.0,0.0,0.0,0.0,False,a,,,,,2526
263,57328,33,324,Nathaniel Clyne,Clyne,2,0.5,3.8,8,19,Home,2026-04-20T19:00:00Z,0,0,0,0,0,0,0,0,0,0,0,0,0.0,0.0,0.0,0.0,0,0.0,0.0,0.0,0.0,False,d,Illness - 75% chance of playing,,,,2526
264,156074,33,324,Rob Holding,Holding,2,0.0,4.0,8,19,Home,2026-04-20T19:00:00Z,0,0,0,0,0,0,0,0,0,0,0,0,0.0,0.0,0.0,0.0,0,0.0,0.0,0.0,0.0,False,u,Has joined Colorado Rapids permanently.,,,,2526
265,590012,33,324,Caleb Kporha,Kporha,2,0.0,4.0,8,19,Home,2026-04-20T19:00:00Z,0,0,0,0,0,0,0,0,0,0,0,0,0.0,0.0,0.0,0.0,0,0.0,0.0,0.0,0.0,False,a,,,,,2526
266,232413,33,327,Eberechi Eze,Eze,3,8.2,7.2,1,13,Away,2026-04-19T15:30:00Z,1,2,73,0,0,0,2,0,0,0,4,2,0.08,0.2,0.28,1.36,6,0.7,0.0,7.2,1.0,False,a,,,,,2526
267,232185,33,324,Ismaïla Sarr,Sarr,3,3.8,6.3,8,19,Home,2026-04-20T19:00:00Z,0,0,31,0,0,0,0,0,0,0,4,1,0.0,0.01,0.01,0.06,2,1.6,2.2,11.8,2.0,False,a,,,,3.0,2526
268,438464,33,324,Cheick Doucouré,Doucouré,3,0.0,4.9,8,19,Home,2026-04-20T19:00:00Z,0,0,0,0,0,0,0,0,0,0,0,0,0.0,0.0,0.0,0.0,0,0.0,0.0,0.0,0.0,False,i,Lack of match fitness - Expected back 01 Jun,,,,2526
269,606921,33,324,Romain Esse,Esse,3,0.1,4.7,8,19,Home,2026-04-20T19:00:00Z,0,0,0,0,0,0,0,0,0,0,0,0,0.0,0.0,0.0,0.0,0,0.0,0.0,0.0,0.0,False,u,has joined Coventry City on loan for the rest of the season.,,,,2526
270,108413,33,324,Will Hughes,Hughes,3,0.1,4.7,8,19,Home,2026-04-20T19:00:00Z,0,0,58,0,0,0,0,0,0,0,2,1,0.0,0.01,0.01,0.56,2,0.3,0.0,2.0,2.0,False,a,,3.0,,,2526
271,209400,33,324,Daichi Kamada,Kamada,3,0.1,5.0,8,19,Home,2026-04-20T19:00:00Z,0,0,31,0,0,0,0,0,0,0,9,1,0.0,0.17,0.17,0.06,5,4.1,10.0,31.2,0.0,False,a,,4.0,,,2526
272,152551,33,324,Jefferson Lerma Solís,Lerma,3,0.1,4.9,8,19,Home,2026-04-20T19:00:00Z,0,0,90,0,0,1,0,0,0,0,18,3,0.13,0.16,0.29,0.61,11,5.3,13.0,16.1,24.0,False,a,,,,,2526
273,496221,33,324,Adam Wharton,Wharton,3,0.6,5.0,8,19,Home,2026-04-20T19:00:00Z,0,0,0,0,0,0,0,0,0,0,0,0,0.0,0.0,0.0,0.0,0,0.0,0.0,0.0,0.0,False,a,,2.0,,,2526
274,579075,33,324,Asher Agbinone,Agbinone,3,0.1,4.3,8,19,Home,2026-04-20T19:00:00Z,0,0,0,0,0,0,0,0,0,0,0,0,0.0,0.0,0.0,0.0,0,0.0,0.0,0.0,0.0,False,a,,,,,2526
275,466117,33,324,Naouirou Ahamada,Ahamada,3,0.0,4.3,8,19,Home,2026-04-20T19:00:00Z,0,0,0,0,0,0,0,0,0,0,0,0,0.0,0.0,0.0,0.0,0,0.0,0.0,0.0,0.0,False,u,has joined AJ Auxerre permanently.,,,,2526
276,489706,33,324,Justin Devenny,Devenny,3,1.1,4.3,8,19,Home,2026-04-20T19:00:00Z,0,0,12,0,0,0,0,0,0,0,3,1,0.0,0.0,0.0,0.05,1,0.1,0.2,0.7,0.0,False,a,,,2.0,4.0,2526
277,450535,33,324,Malcolm Ebiowei,Ebiowei,3,0.0,4.5,8,19,Home,2026-04-20T19:00:00Z,0,0,0,0,0,0,0,0,0,0,0,0,0.0,0.0,0.0,0.0,0,0.0,0.0,0.0,0.0,False,u,Has joined Blackpool permanently.,,,,2526
278,450542,33,324,Jesurun Rak-Sakyi,J.Rak-Sakyi,3,0.0,4.4,8,19,Home,2026-04-20T19:00:00Z,0,0,0,0,0,0,0,0,0,0,0,0,0.0,0.0,0.0,0.0,0,0.0,0.0,0.0,0.0,False,u,has joined Stoke City on loan for the rest of the season.,,,,2526
279,536694,33,324,Matheus França de Oliveira,M.França,3,0.0,4.5,8,19,Home,2026-04-20T19:00:00Z,0,0,0,0,0,0,0,0,0,0,0,0,0.0,0.0,0.0,0.0,0,0.0,0.0,0.0,0.0,False,u,Has joined CR Vasco da Gama on loan for the rest of the season.,,,,2526
280,531989,33,324,David Ozoh,Ozoh,3,0.0,4.5,8,19,Home,2026-04-20T19:00:00Z,0,0,0,0,0,0,0,0,0,0,0,0,0.0,0.0,0.0,0.0,0,0.0,0.0,0.0,0.0,False,u,Has joined Derby County on loan for the rest of the season.,,,,2526
281,530318,33,324,Kaden Rodney,Rodney,3,0.0,4.4,8,19,Home,2026-04-20T19:00:00Z,0,0,0,0,0,0,0,0,0,0,0,0,0.0,0.0,0.0,0.0,0,0.0,0.0,0.0,0.0,False,a,,,,,2526
282,574398,33,324,Franco Umeh-Chibueze,Umeh,3,0.0,4.5,8,19,Home,2026-04-20T19:00:00Z,0,0,0,0,0,0,0,0,0,0,0,0,0.0,0.0,0.0,0.0,0,0.0,0.0,0.0,0.0,False,u,has joined Portsmouth permanently.,,,,2526
283,231747,33,324,Jean-Philippe Mateta,Mateta,4,7.6,7.6,8,19,Home,2026-04-20T19:00:00Z,0,0,31,0,0,0,0,0,0,0,0,1,0.0,0.01,0.01,0.06,1,0.5,0.0,1.9,4.0,False,a,,,,2.0,2526
284,205533,33,324,Eddie Nketiah,Nketiah,4,0.3,5.4,8,19,Home,2026-04-20T19:00:00Z,0,0,0,0,0,0,0,0,0,0,0,0,0.0,0.0,0.0,0.0,0,0.0,0.0,0.0,0.0,False,i,Hamstring injury - Expected back 01 Jun,,,,2526
285,199670,33,324,Odsonne Édouard,Édouard,4,0.2,5.0,8,19,Home,2026-04-20T19:00:00Z,0,0,0,0,0,0,0,0,0,0,0,0,0.0,0.0,0.0,0.0,0,0.0,0.0,0.0,0.0,False,u,has joined RC Lens permanently.,,,,2526
286,576980,33,324,Zach Marsh,Marsh,4,0.3,4.4,8,19,Home,2026-04-20T19:00:00Z,0,0,0,0,0,0,0,0,0,0,0,0,0.0,0.0,0.0,0.0,0,0.0,0.0,0.0,0.0,False,a,,,,,2526
287,111234,33,325,Jordan Pickford,Pickford,1,14.0,5.6,9,12,Home,2026-04-19T13:00:00Z,1,2,90,0,0,0,2,1,0,0,8,1,0.0,0.0,0.0,1.45,0,3.8,28.0,10.0,0.0,False,a,,,,,2526
288,229600,33,325,Mark Travers,Travers,1,0.1,4.2,9,12,Home,2026-04-19T13:00:00Z,1,2,0,0,0,0,0,0,0,0,0,0,0.0,0.0,0.0,0.0,0,0.0,0.0,0.0,0.0,False,a,,,,,2526
289,447325,33,325,Harry Tyrer,Tyrer,1,0.1,3.9,9,12,Home,2026-04-19T13:00:00Z,1,2,0,0,0,0,0,0,0,0,0,0,0.0,0.0,0.0,0.0,0,0.0,0.0,0.0,0.0,False,u,has joined Cardiff City permanently.,,,,2526
290,480455,33,325,Jarrad Branthwaite,Branthwaite,2,0.4,5.3,9,12,Home,2026-04-19T13:00:00Z,1,2,86,0,0,0,1,0,0,0,14,4,0.0,0.02,0.02,1.14,11,3.0,20.0,10.4,0.0,False,i,Hamstring injury - Expected back 01 Jun,,,,2526
291,17761,33,325,James Tarkowski,Tarkowski,2,13.2,5.7,9,12,Home,2026-04-19T13:00:00Z,1,2,90,0,0,0,2,0,0,0,16,1,0.13,0.0,0.13,1.45,6,4.2,20.2,0.5,21.0,False,a,,,,,2526
292,224967,33,325,Vitalii Mykolenko,Mykolenko,2,0.8,4.9,9,12,Home,2026-04-19T13:00:00Z,1,2,90,0,0,0,2,0,0,0,11,3,0.0,0.02,0.02,1.45,12,2.6,23.8,2.2,0.0,False,a,,,,,2526
293,512462,33,325,Jake O'Brien,O'Brien,2,0.7,4.9,9,12,Home,2026-04-19T13:00:00Z,1,2,90,0,0,0,2,0,0,0,5,1,0.0,0.06,0.06,1.45,8,4.1,25.4,15.4,0.0,False,a,,,,,2526
294,59949,33,325,Séamus Coleman,Coleman,2,0.1,4.2,9,12,Home,2026-04-19T13:00:00Z,1,2,0,0,0,0,0,0,0,0,0,0,0.0,0.0,0.0,0.0,0,0.0,0.0,0.0,0.0,False,a,,,,,2526
295,106611,33,325,Michael Keane,Keane,2,3.0,4.5,9,12,Home,2026-04-19T13:00:00Z,1,2,3,0,0,0,1,0,0,0,0,1,0.0,0.0,0.0,0.31,2,0.3,3.0,0.0,0.0,False,a,,,,,2526
296,243571,33,325,Nathan Patterson,Patterson,2,0.0,4.4,9,12,Home,2026-04-19T13:00:00Z,1,2,0,0,0,0,0,0,0,0,0,0,0.0,0.0,0.0,0.0,0,0.0,0.0,0.0,0.0,False,a,,,,,2526
297,496178,33,325,Roman Dixon,Dixon,2,0.2,3.8,9,12,Home,2026-04-19T13:00:00Z,1,2,0,0,0,0,0,0,0,0,0,0,0.0,0.0,0.0,0.0,0,0.0,0.0,0.0,0.0,False,u,has joined Stockport County on loan for the rest of the season.,,,,2526
298,474907,33,325,Reece Welch,Welch,2,0.2,3.8,9,12,Home,2026-04-19T13:00:00Z,1,2,0,0,0,0,0,0,0,0,0,0,0.0,0.0,0.0,0.0,0,0.0,0.0,0.0,0.0,False,a,,,,,2526
299,440993,33,325,Iliman Ndiaye,Ndiaye,3,5.2,6.2,9,12,Home,2026-04-19T13:00:00Z,1,2,90,0,0,0,2,0,0,0,21,4,0.07,0.01,0.08,1.45,13,5.6,17.4,16.0,23.0,False,a,,,,1.0,2526
300,433154,33,325,Dwight McNeil,McNeil,3,0.2,5.5,9,12,Home,2026-04-19T13:00:00Z,1,2,79,0,0,0,1,0,0,0,6,2,0.1,0.11,0.21,1.11,9,2.8,2.2,16.9,9.0,False,a,,2.0,,,2526
301,502697,33,325,Carlos Alcaraz Durán,Alcaraz,3,0.1,5.2,9,12,Home,2026-04-19T13:00:00Z,1,2,0,0,0,0,0,0,0,0,0,0,0.0,0.0,0.0,0.0,0,0.0,0.0,0.0,0.0,False,a,,,,,2526
302,80801,33,325,Idrissa Gana Gueye,Gana,3,0.1,5.4,9,12,Home,2026-04-19T13:00:00Z,1,2,90,0,0,0,2,0,0,0,17,2,0.0,0.02,0.02,1.45,6,0.6,3.8,2.4,0.0,False,a,,,,,2526
303,232928,33,325,James Garner,Garner,3,4.3,5.3,9,12,Home,2026-04-19T13:00:00Z,1,2,90,0,0,0,2,1,0,0,17,3,0.02,0.1,0.12,1.45,13,4.2,24.2,17.2,1.0,False,a,,1.0,3.0,2.0,2526
304,490094,33,325,Tim Iroegbunam,Iroegbunam,3,0.0,4.8,9,12,Home,2026-04-19T13:00:00Z,1,2,0,0,0,0,0,0,0,0,0,0,0.0,0.0,0.0,0.0,0,0.0,0.0,0.0,0.0,False,a,,,,,2526
305,609873,33,325,Harrison Armstrong,Armstrong,3,0.1,4.5,9,12,Home,2026-04-19T13:00:00Z,1,2,0,0,0,0,0,0,0,0,0,0,0.0,0.0,0.0,0.0,0,0.0,0.0,0.0,0.0,False,a,,,,,2526
306,547801,33,325,Callum Bates,Bates,3,0.1,4.3,9,12,Home,2026-04-19T13:00:00Z,1,2,0,0,0,0,0,0,0,0,0,0,0.0,0.0,0.0,0.0,0,0.0,0.0,0.0,0.0,False,a,,,,,2526
307,504296,33,325,Coby Ebere,Ebere,3,0.0,4.4,9,12,Home,2026-04-19T13:00:00Z,1,2,0,0,0,0,0,0,0,0,0,0,0.0,0.0,0.0,0.0,0,0.0,0.0,0.0,0.0,False,a,,,,,2526
308,496279,33,325,Isaac Heath,Heath,3,0.0,4.5,9,12,Home,2026-04-19T13:00:00Z,1,2,0,0,0,0,0,0,0,0,0,0,0.0,0.0,0.0,0.0,0,0.0,0.0,0.0,0.0,False,u,has joined Accrington on loan for the rest of the season.,,,,2526
309,491557,33,325,Jenson Metcalfe,Metcalfe,3,0.0,4.5,9,12,Home,2026-04-19T13:00:00Z,1,2,0,0,0,0,0,0,0,0,0,0,0.0,0.0,0.0,0.0,0,0.0,0.0,0.0,0.0,False,u,Has joined Bradford City permanently.,,,,2526
310,586309,33,325,Thierno Barry,Barry,4,0.8,5.7,9,12,Home,2026-04-19T13:00:00Z,1,2,17,0,0,0,1,0,0,0,1,1,0.0,0.01,0.01,0.39,0,0.0,0.0,0.8,0.0,False,a,,,,,2526
311,486385,33,325,Norberto Bercique Gomes Betuncal,Beto,4,3.7,5.0,9,12,Home,2026-04-19T13:00:00Z,1,2,72,1,0,0,1,0,0,3,31,9,0.47,0.0,0.47,1.06,4,11.9,39.0,12.3,68.0,False,i,Head injury - Expected back 04 May,,,3.0,2526
312,491012,33,325,Youssef Ramalho Chermiti,Y.Chermiti,4,0.1,4.9,9,12,Home,2026-04-19T13:00:00Z,1,2,0,0,0,0,0,0,0,0,0,0,0.0,0.0,0.0,0.0,0,0.0,0.0,0.0,0.0,False,u,has joined Rangers permanently.,,,,2526
313,536241,33,325,Martin Sherif,Sherif,4,0.1,4.4,9,12,Home,2026-04-19T13:00:00Z,1,2,0,0,0,0,0,0,0,0,0,0,0.0,0.0,0.0,0.0,0,0.0,0.0,0.0,0.0,False,u,has joined Port Vale on loan for the rest of the season.,,,,2526
314,80201,33,322,Bernd Leno,Leno,1,2.0,4.9,10,5,Away,2026-04-18T11:30:00Z,0,0,90,0,0,1,0,0,0,3,34,10,0.0,0.0,0.0,1.43,0,3.4,34.4,0.0,0.0,True,a,,,,,2526
315,428971,33,322,Steven Benda,Benda,1,0.0,4.0,10,5,Away,2026-04-18T11:30:00Z,0,0,0,0,0,0,0,0,0,0,0,0,0.0,0.0,0.0,0.0,0,0.0,0.0,0.0,0.0,False,u,has joined Feyenoord on loan for the rest of the season.,,,,2526
316,169528,33,322,Antonee Robinson,Robinson,2,0.8,4.9,10,5,Away,2026-04-18T11:30:00Z,0,0,9,0,0,0,0,0,0,0,4,1,0.0,0.01,0.01,0.71,1,1.4,3.6,10.3,0.0,False,a,,,,,2526
317,174874,33,322,Joachim Andersen,Andersen,2,4.7,4.5,10,5,Away,2026-04-18T11:30:00Z,0,0,90,0,0,1,0,0,0,0,24,6,0.06,0.01,0.07,1.43,8,2.2,15.8,0.8,5.0,False,a,,,,,2526
318,232892,33,322,Calvin Bassey,Bassey,2,0.7,4.4,10,5,Away,2026-04-18T11:30:00Z,0,0,90,0,0,1,0,0,0,0,22,6,0.07,0.0,0.07,1.43,2,1.6,4.6,0.5,11.0,False,a,,,,,2526
319,166477,33,322,Timothy Castagne,Castagne,2,0.1,4.3,10,5,Away,2026-04-18T11:30:00Z,0,0,90,0,0,1,0,0,0,1,26,7,0.0,0.01,0.01,1.43,4,1.4,12.4,1.3,0.0,False,a,,,,,2526
320,219924,33,322,Issa Diop,Diop,2,0.1,4.3,10,5,Away,2026-04-18T11:30:00Z,0,0,0,0,0,0,0,0,0,0,0,0,0.0,0.0,0.0,0.0,0,0.0,0.0,0.0,0.0,False,a,,,,,2526
321,246301,33,322,Jorge Cuenca Barreno,J.Cuenca,2,0.1,4.3,10,5,Away,2026-04-18T11:30:00Z,0,0,0,0,0,0,0,0,0,0,0,0,0.0,0.0,0.0,0.0,0,0.0,0.0,0.0,0.0,False,a,,,,,2526
322,167074,33,322,Kenny Tete,Tete,2,0.2,4.5,10,5,Away,2026-04-18T11:30:00Z,0,0,0,0,0,0,0,0,0,0,0,0,0.0,0.0,0.0,0.0,0,0.0,0.0,0.0,0.0,False,i,Foot injury - Unknown return date,,,,2526
323,591385,33,322,Samuel Amissah,Amissah,2,0.1,3.8,10,5,Away,2026-04-18T11:30:00Z,0,0,0,0,0,0,0,0,0,0,0,0,0.0,0.0,0.0,0.0,0,0.0,0.0,0.0,0.0,False,a,,,,,2526
324,153133,33,322,Alex Iwobi,Iwobi,3,1.7,6.3,10,5,Away,2026-04-18T11:30:00Z,0,0,42,0,0,0,0,0,0,0,8,1,0.03,0.07,0.1,0.3,7,3.0,8.6,13.2,8.0,False,i,Hamstring injury - Unknown return date,2.0,,,2526
325,209289,33,322,Emile Smith Rowe,Smith Rowe,3,0.5,5.6,10,5,Away,2026-04-18T11:30:00Z,0,0,66,0,0,1,0,0,0,0,11,3,0.0,0.04,0.04,0.64,4,2.7,6.2,16.7,4.0,False,a,,,,,2526
326,159533,33,324,Adama Traoré Diarra,Adama,3,0.2,5.1,19,8,Away,2026-04-20T19:00:00Z,0,0,0,0,0,0,0,0,0,0,0,0,0.0,0.0,0.0,0.0,0,0.0,0.0,0.0,0.0,False,a,,,,,2526
327,156689,33,322,Andreas Hoelgebaum Pereira,Andreas,3,0.1,5.3,10,5,Away,2026-04-18T11:30:00Z,0,0,0,0,0,0,0,0,0,0,0,0,0.0,0.0,0.0,0.0,0,0.0,0.0,0.0,0.0,False,u,has joined Palmeiras permanently.,,,,2526
328,184349,33,322,Ryan Sessegnon,Sessegnon,3,0.2,5.4,10,5,Away,2026-04-18T11:30:00Z,0,0,80,0,0,1,0,0,0,0,10,3,0.18,0.04,0.22,0.72,6,5.1,8.8,22.8,19.0,False,a,,,,,2526
329,153682,33,322,Harry Wilson,Wilson,3,22.7,6.0,10,5,Away,2026-04-18T11:30:00Z,0,0,90,0,0,1,0,0,0,0,5,3,0.32,0.06,0.38,1.43,6,4.0,7.8,21.0,11.0,False,a,,1.0,1.0,3.0,2526
330,207189,33,322,Sander Berge,Berge,3,0.1,4.9,10,5,Away,2026-04-18T11:30:00Z,0,0,0,0,0,0,0,0,0,0,0,0,0.0,0.0,0.0,0.0,0,0.0,0.0,0.0,0.0,False,a,,,,,2526
331,76357,33,322,Tom Cairney,Cairney,3,0.0,4.8,10,5,Away,2026-04-18T11:30:00Z,0,0,80,0,0,1,0,0,0,0,15,3,0.0,0.25,0.25,0.72,4,4.4,11.8,31.8,0.0,False,a,,,,,2526
332,212314,33,322,Saša Lukić,Lukić,3,0.1,4.9,10,5,Away,2026-04-18T11:30:00Z,0,0,90,0,0,1,0,1,0,0,12,2,0.08,0.21,0.29,1.43,6,2.1,5.2,14.4,1.0,False,a,,3.0,,,2526
333,573062,33,322,Martial Godo,Godo,3,0.0,4.5,10,5,Away,2026-04-18T11:30:00Z,0,0,0,0,0,0,0,0,0,0,0,0,0.0,0.0,0.0,0.0,0,0.0,0.0,0.0,0.0,False,u,has joined Strasbourg permanently.,,,,2526
334,515024,33,322,Luke Harris,Harris,3,0.0,4.5,10,5,Away,2026-04-18T11:30:00Z,0,0,0,0,0,0,0,0,0,0,0,0,0.0,0.0,0.0,0.0,0,0.0,0.0,0.0,0.0,False,u,Has joined Oxford United on loan for the rest of the season.,,,,2526
335,577725,33,322,Josh King,King,3,1.8,4.4,10,5,Away,2026-04-18T11:30:00Z,0,0,23,0,0,0,0,0,0,0,4,1,0.0,0.0,0.0,0.79,0,0.1,0.4,0.1,0.0,False,a,,,,,2526
336,153366,33,322,Harrison Reed,Reed,3,0.3,4.3,10,5,Away,2026-04-18T11:30:00Z,0,0,0,0,0,0,0,0,0,0,0,0,0.0,0.0,0.0,0.0,0,0.0,0.0,0.0,0.0,False,a,,,,,2526
337,102057,33,322,Raúl Jiménez Rodríguez,Raúl,4,2.3,6.1,10,5,Away,2026-04-18T11:30:00Z,0,0,23,0,0,0,0,0,0,0,5,1,0.0,0.0,0.0,0.79,3,0.0,0.2,0.1,0.0,False,a,,,2.0,1.0,2526
338,244042,33,322,Rodrigo Muniz Carvalho,Muniz,4,0.7,5.3,10,5,Away,2026-04-18T11:30:00Z,0,0,66,0,0,1,0,0,0,0,6,2,0.0,0.0,0.0,0.64,3,1.0,8.2,0.1,2.0,False,a,,,,,2526
339,437495,33,326,Illan Meslier,Meslier,1,0.3,4.1,11,20,Home,2026-04-18T14:00:00Z,3,0,0,0,0,0,0,0,0,0,0,0,0.0,0.0,0.0,0.0,0,0.0,0.0,0.0,0.0,,a,,,,,2526
339,437495,33,332,Illan Meslier,Meslier,1,0.3,4.1,11,4,Away,2026-04-22T19:00:00Z,2,2,0,0,0,0,0,0,0,0,0,0,0.0,0.0,0.0,0.0,0,0.0,0.0,0.0,0.0,,a,,,,,2526
340,97846,33,326,Alex Cairns,Cairns,1,0.1,3.9,11,20,Home,2026-04-18T14:00:00Z,3,0,0,0,0,0,0,0,0,0,0,0,0.0,0.0,0.0,0.0,0,0.0,0.0,0.0,0.0,,a,,,,,2526
340,97846,33,332,Alex Cairns,Cairns,1,0.1,3.9,11,4,Away,2026-04-22T19:00:00Z,2,2,0,0,0,0,0,0,0,0,0,0,0.0,0.0,0.0,0.0,0,0.0,0.0,0.0,0.0,,a,,,,,2526
341,59735,33,326,Karl Darlow,Darlow,1,3.9,3.9,11,20,Home,2026-04-18T14:00:00Z,3,0,90,0,0,1,0,0,0,0,26,6,0.0,0.0,0.0,0.57,0,1.3,12.8,0.0,0.0,,a,,,,,2526
341,59735,33,332,Karl Darlow,Darlow,1,3.9,3.9,11,4,Away,2026-04-22T19:00:00Z,2,2,90,0,0,0,2,0,0,0,17,2,0.0,0.0,0.0,1.45,0,3.8,37.8,0.0,0.0,,a,,,,,2526
342,226182,33,326,Jayden Bogle,Bogle,2,0.5,4.4,11,20,Home,2026-04-18T14:00:00Z,3,0,90,0,0,1,0,0,0,0,20,6,0.0,0.04,0.04,0.57,4,2.3,8.6,12.0,2.0,,a,,,,,2526
342,226182,33,332,Jayden Bogle,Bogle,2,0.5,4.4,11,4,Away,2026-04-22T19:00:00Z,2,2,45,0,0,0,0,0,0,0,4,1,0.0,0.0,0.0,0.35,6,0.9,7.6,0.9,0.0,,a,,,,,2526
343,222694,33,326,Pascal Struijk,Struijk,2,1.3,4.3,11,20,Home,2026-04-18T14:00:00Z,3,0,90,0,0,1,0,0,0,1,31,7,0.17,0.0,0.17,0.57,8,3.7,17.8,10.8,8.0,,a,,,,,2526
343,222694,33,332,Pascal Struijk,Struijk,2,1.3,4.3,11,4,Away,2026-04-22T19:00:00Z,2,2,90,0,0,0,2,0,0,0,11,3,0.0,0.0,0.0,1.45,19,4.3,42.8,0.2,0.0,,a,,,,,2526
344,434752,33,326,Jaka Bijol,Bijol,2,0.8,3.9,11,20,Home,2026-04-18T14:00:00Z,3,0,90,0,0,1,0,0,0,0,27,6,0.06,0.0,0.06,0.57,3,2.8,8.0,10.8,9.0,,a,,,,,2526
344,434752,33,332,Jaka Bijol,Bijol,2,0.8,3.9,11,4,Away,2026-04-22T19:00:00Z,2,2,63,0,0,0,1,0,0,0,7,4,0.0,0.0,0.0,0.82,11,2.6,23.6,0.0,2.0,,a,,,,,2526
345,437738,33,326,Sebastiaan Bornauw,Bornauw,2,0.1,3.8,11,20,Home,2026-04-18T14:00:00Z,3,0,0,0,0,0,0,0,0,0,0,0,0.0,0.0,0.0,0.0,0,0.0,0.0,0.0,0.0,,a,,,,,2526
345,437738,33,332,Sebastiaan Bornauw,Bornauw,2,0.1,3.8,11,4,Away,2026-04-22T19:00:00Z,2,2,0,0,0,0,0,0,0,0,0,0,0.0,0.0,0.0,0.0,0,0.0,0.0,0.0,0.0,,a,,,,,2526
346,113564,33,326,Sam Byram,Byram,2,0.4,3.7,11,20,Home,2026-04-18T14:00:00Z,3,0,0,0,0,0,0,0,0,0,0,0,0.0,0.0,0.0,0.0,0,0.0,0.0,0.0,0.0,,a,,,,,2526
346,113564,33,332,Sam Byram,Byram,2,0.4,3.7,11,4,Away,2026-04-22T19:00:00Z,2,2,0,0,0,0,0,0,0,0,0,0,0.0,0.0,0.0,0.0,0,0.0,0.0,0.0,0.0,,a,,,,,2526
347,243526,33,326,Gabriel Gudmundsson,Gudmundsson,2,3.0,3.8,11,20,Home,2026-04-18T14:00:00Z,3,0,90,0,0,1,0,0,0,0,23,6,0.0,0.0,0.0,0.57,8,1.7,15.2,2.2,0.0,,a,,,,,2526
347,243526,33,332,Gabriel Gudmundsson,Gudmundsson,2,3.0,3.8,11,4,Away,2026-04-22T19:00:00Z,2,2,90,0,0,0,2,0,0,0,10,1,0.0,0.56,0.56,1.45,8,3.8,19.4,15.0,4.0,,a,,,,,2526
348,214225,33,326,Joe Rodon,Rodon,2,2.9,3.9,11,20,Home,2026-04-18T14:00:00Z,3,0,1,0,0,0,0,0,0,0,3,1,0.0,0.0,0.0,0.0,0,0.1,0.4,0.2,0.0,,a,,,,,2526
348,214225,33,332,Joe Rodon,Rodon,2,2.9,3.9,11,4,Away,2026-04-22T19:00:00Z,2,2,45,0,0,0,2,0,0,0,1,0,0.02,0.08,0.1,1.1,8,3.7,16.8,0.8,19.0,,a,,,,,2526
349,492368,33,326,Isaac Schmidt,Schmidt,2,0.1,4.0,11,20,Home,2026-04-18T14:00:00Z,3,0,0,0,0,0,0,0,0,0,0,0,0.0,0.0,0.0,0.0,0,0.0,0.0,0.0,0.0,,u,has joined Werder Bremen on loan for the rest of the season.,,,,2526
349,492368,33,332,Isaac Schmidt,Schmidt,2,0.1,4.0,11,4,Away,2026-04-22T19:00:00Z,2,2,0,0,0,0,0,0,0,0,0,0,0.0,0.0,0.0,0.0,0,0.0,0.0,0.0,0.0,,u,has joined Werder Bremen on loan for the rest of the season.,,,,2526
350,427637,33,326,Brenden Aaronson,Aaronson,3,0.9,5.4,11,20,Home,2026-04-18T14:00:00Z,3,0,77,0,1,1,0,1,0,0,19,5,0.0,0.01,0.01,0.57,7,3.4,20.6,11.8,2.0,,a,,,,,2526
350,427637,33,332,Brenden Aaronson,Aaronson,3,0.9,5.4,11,4,Away,2026-04-22T19:00:00Z,2,2,83,0,0,0,1,0,0,0,12,2,0.03,0.09,0.12,1.01,7,6.3,14.8,23.0,25.0,,a,,,,,2526
351,492859,33,326,Wilfried Gnonto,Gnonto,3,0.1,5.1,11,20,Home,2026-04-18T14:00:00Z,3,0,23,0,0,0,0,0,0,0,5,1,0.0,0.0,0.0,0.11,1,1.8,3.2,10.8,4.0,,a,,,,,2526
351,492859,33,332,Wilfried Gnonto,Gnonto,3,0.1,5.1,11,4,Away,2026-04-22T19:00:00Z,2,2,26,0,1,0,1,0,0,0,20,4,0.07,0.17,0.24,0.62,6,3.1,9.6,14.9,6.0,,a,,,,,2526
352,221399,33,326,Jack Harrison,Harrison,3,0.0,5.1,11,20,Home,2026-04-18T14:00:00Z,3,0,0,0,0,0,0,0,0,0,0,0,0.0,0.0,0.0,0.0,0,0.0,0.0,0.0,0.0,,u,has joined ACF Fiorentina on loan for the rest of the season.,,,,2526
352,221399,33,332,Jack Harrison,Harrison,3,0.0,5.1,11,4,Away,2026-04-22T19:00:00Z,2,2,0,0,0,0,0,0,0,0,0,0,0.0,0.0,0.0,0.0,0,0.0,0.0,0.0,0.0,,u,has joined ACF Fiorentina on loan for the rest of the season.,,,,2526
353,200617,33,326,Daniel James,James,3,0.1,5.2,11,20,Home,2026-04-18T14:00:00Z,3,0,0,0,0,0,0,0,0,0,0,0,0.0,0.0,0.0,0.0,0,0.0,0.0,0.0,0.0,,a,,,,,2526
353,200617,33,332,Daniel James,James,3,0.1,5.2,11,4,Away,2026-04-22T19:00:00Z,2,2,0,0,0,0,0,0,0,0,0,0,0.0,0.0,0.0,0.0,0,0.0,0.0,0.0,0.0,,a,,,,,2526
354,199598,33,326,Ethan Ampadu,Ampadu,3,0.3,4.9,11,20,Home,2026-04-18T14:00:00Z,3,0,90,0,0,1,0,0,0,0,8,3,0.51,0.01,0.52,0.57,5,4.9,4.8,5.1,39.0,,a,,,,,2526
354,199598,33,332,Ethan Ampadu,Ampadu,3,0.3,4.9,11,4,Away,2026-04-22T19:00:00Z,2,2,90,0,1,0,2,0,0,2,30,9,0.0,0.03,0.03,1.45,16,3.3,21.0,11.5,0.0,,a,,,,,2526
355,248937,33,326,Sam Greenwood,Greenwood,3,0.0,4.9,11,20,Home,2026-04-18T14:00:00Z,3,0,0,0,0,0,0,0,0,0,0,0,0.0,0.0,0.0,0.0,0,0.0,0.0,0.0,0.0,,u,has joined Pogon Szczecin permanently.,,,,2526
355,248937,33,332,Sam Greenwood,Greenwood,3,0.0,4.9,11,4,Away,2026-04-22T19:00:00Z,2,2,0,0,0,0,0,0,0,0,0,0,0.0,0.0,0.0,0.0,0,0.0,0.0,0.0,0.0,,u,has joined Pogon Szczecin permanently.,,,,2526
356,486520,33,326,Ilia Gruev,Gruev,3,0.1,4.7,11,20,Home,2026-04-18T14:00:00Z,3,0,12,0,0,0,0,0,0,0,3,1,0.0,0.0,0.0,0.0,2,0.2,1.6,0.1,0.0,,a,,4.0,,,2526
356,486520,33,332,Ilia Gruev,Gruev,3,0.1,4.7,11,4,Away,2026-04-22T19:00:00Z,2,2,0,0,0,0,0,0,0,0,0,0,0.0,0.0,0.0,0.0,0,0.0,0.0,0.0,0.0,,a,,4.0,,,2526
357,433952,33,326,Largie Ramazani,Ramazani,3,0.0,4.9,11,20,Home,2026-04-18T14:00:00Z,3,0,0,0,0,0,0,0,0,0,0,0,0.0,0.0,0.0,0.0,0,0.0,0.0,0.0,0.0,,u,has joined Valencia on loan for the rest of the season.,,,,2526
357,433952,33,332,Largie Ramazani,Ramazani,3,0.0,4.9,11,4,Away,2026-04-22T19:00:00Z,2,2,0,0,0,0,0,0,0,0,0,0,0.0,0.0,0.0,0.0,0,0.0,0.0,0.0,0.0,,u,has joined Valencia on loan for the rest of the season.,,,,2526
358,248056,33,326,Tanaka Ao,Tanaka,3,0.2,4.8,11,20,Home,2026-04-18T14:00:00Z,3,0,90,0,0,1,0,0,0,0,18,3,0.03,0.16,0.19,0.57,7,7.2,8.8,59.5,4.0,,a,,,,,2526
358,248056,33,332,Tanaka Ao,Tanaka,3,0.2,4.8,11,4,Away,2026-04-22T19:00:00Z,2,2,88,0,0,0,2,0,0,0,17,2,0.0,0.02,0.02,1.45,10,2.0,7.4,12.5,0.0,,a,,,,,2526
359,536119,33,326,Charlie Crew,Crew,3,0.0,4.5,11,20,Home,2026-04-18T14:00:00Z,3,0,0,0,0,0,0,0,0,0,0,0,0.0,0.0,0.0,0.0,0,0.0,0.0,0.0,0.0,,u,Has joined Doncaster Rovers on loan for the rest of the season.,,,,2526
359,536119,33,332,Charlie Crew,Crew,3,0.0,4.5,11,4,Away,2026-04-22T19:00:00Z,2,2,0,0,0,0,0,0,0,0,0,0,0.0,0.0,0.0,0.0,0,0.0,0.0,0.0,0.0,,u,Has joined Doncaster Rovers on loan for the rest of the season.,,,,2526
360,462635,33,326,Joe Gelhardt,Gelhardt,3,0.0,4.5,11,20,Home,2026-04-18T14:00:00Z,3,0,0,0,0,0,0,0,0,0,0,0,0.0,0.0,0.0,0.0,0,0.0,0.0,0.0,0.0,,u,Has joined Hull City on loan for the rest of the season.,,,,2526
360,462635,33,332,Joe Gelhardt,Gelhardt,3,0.0,4.5,11,4,Away,2026-04-22T19:00:00Z,2,2,0,0,0,0,0,0,0,0,0,0,0.0,0.0,0.0,0.0,0,0.0,0.0,0.0,0.0,,u,Has joined Hull City on loan for the rest of the season.,,,,2526
361,470294,33,326,Darko Gyabi,Gyabi,3,0.0,4.5,11,20,Home,2026-04-18T14:00:00Z,3,0,0,0,0,0,0,0,0,0,0,0,0.0,0.0,0.0,0.0,0,0.0,0.0,0.0,0.0,,u,has joined Hull City permanently.,,,,2526
361,470294,33,332,Darko Gyabi,Gyabi,3,0.0,4.5,11,4,Away,2026-04-22T19:00:00Z,2,2,0,0,0,0,0,0,0,0,0,0,0.0,0.0,0.0,0.0,0,0.0,0.0,0.0,0.0,,u,has joined Hull City permanently.,,,,2526
362,235826,33,326,Joël Piroe,Piroe,4,0.3,4.9,11,20,Home,2026-04-18T14:00:00Z,3,0,0,0,0,0,0,0,0,0,0,0,0.0,0.0,0.0,0.0,0,0.0,0.0,0.0,0.0,,a,,,,3.0,2526
362,235826,33,332,Joël Piroe,Piroe,4,0.3,4.9,11,4,Away,2026-04-22T19:00:00Z,2,2,1,0,0,0,0,0,0,0,3,1,0.0,0.0,0.0,0.0,0,0.1,0.0,1.0,0.0,,a,,,,3.0,2526
363,106617,33,326,Patrick Bamford,Bamford,4,0.3,4.9,11,20,Home,2026-04-18T14:00:00Z,3,0,0,0,0,0,0,0,0,0,0,0,0.0,0.0,0.0,0.0,0,0.0,0.0,0.0,0.0,,u,has departed the club as a free agent.,,,,2526
363,106617,33,332,Patrick Bamford,Bamford,4,0.3,4.9,11,4,Away,2026-04-22T19:00:00Z,2,2,0,0,0,0,0,0,0,0,0,0,0.0,0.0,0.0,0.0,0,0.0,0.0,0.0,0.0,,u,has departed the club as a free agent.,,,,2526
364,565297,33,326,Mateo Joseph Fernández-Regatillo,Mateo Joseph,4,0.0,5.0,11,20,Home,2026-04-18T14:00:00Z,3,0,0,0,0,0,0,0,0,0,0,0,0.0,0.0,0.0,0.0,0,0.0,0.0,0.0,0.0,,u,Has joined RCD Mallorca on loan for the rest of the season.,,,,2526
364,565297,33,332,Mateo Joseph Fernández-Regatillo,Mateo Joseph,4,0.0,5.0,11,4,Away,2026-04-22T19:00:00Z,2,2,0,0,0,0,0,0,0,0,0,0,0.0,0.0,0.0,0.0,0,0.0,0.0,0.0,0.0,,u,Has joined RCD Mallorca on loan for the rest of the season.,,,,2526
365,174594,33,326,Lukas Nmecha,Nmecha,4,0.6,5.0,11,20,Home,2026-04-18T14:00:00Z,3,0,1,0,0,0,0,0,0,0,3,1,0.06,0.0,0.06,0.0,0,0.5,0.2,0.2,5.0,,a,,,,2.0,2526
365,174594,33,332,Lukas Nmecha,Nmecha,4,0.6,5.0,11,4,Away,2026-04-22T19:00:00Z,2,2,26,0,0,0,1,0,0,0,0,1,0.37,0.08,0.45,0.62,0,3.8,0.0,11.0,28.0,,a,,,,2.0,2526
366,116535,33,325,Alisson Becker,A.Becker,1,5.4,5.4,12,9,Away,2026-04-19T13:00:00Z,2,1,0,0,0,0,0,0,0,0,0,0,0.0,0.0,0.0,0.0,0,0.0,0.0,0.0,0.0,False,d,Muscle injury - 50% chance of playing,,,,2526
367,449027,33,325,Giorgi Mamardashvili,Mamardashvili,1,0.7,4.1,12,9,Away,2026-04-19T13:00:00Z,2,1,57,0,0,0,1,0,0,0,6,1,0.0,0.0,0.0,0.63,0,1.6,16.0,0.0,0.0,False,i,Knee injury - Unknown return date,,,,2526
368,586268,33,325,Ármin Pécsi,Pécsi,1,0.9,3.8,12,9,Away,2026-04-19T13:00:00Z,2,1,0,0,0,0,0,0,0,0,0,0,0.0,0.0,0.0,0.0,0,0.0,0.0,0.0,0.0,False,a,,,,,2526
369,155503,33,325,Freddie Woodman,Woodman,1,0.9,3.9,12,9,Away,2026-04-19T13:00:00Z,2,1,32,0,0,0,0,0,0,0,7,1,0.0,0.0,0.0,0.16,0,1.0,9.6,0.0,0.0,False,a,,,,,2526
370,216094,33,325,Jeremie Frimpong,Frimpong,2,5.2,5.7,12,9,Away,2026-04-19T13:00:00Z,2,1,6,0,0,0,0,0,0,0,0,1,0.0,0.0,0.0,0.0,0,0.0,0.0,0.1,0.0,False,a,,,,,2526
371,544877,33,325,Milos Kerkez,Kerkez,2,3.1,5.6,12,9,Away,2026-04-19T13:00:00Z,2,1,4,0,0,0,0,0,0,0,3,1,0.0,0.0,0.0,0.0,0,0.3,0.4,0.2,2.0,False,a,,,,,2526
372,122798,33,325,Andrew Robertson,Robertson,2,1.0,5.7,12,9,Away,2026-04-19T13:00:00Z,2,1,85,0,0,0,1,0,0,0,8,2,0.02,0.01,0.03,0.79,2,2.5,6.6,13.2,5.0,False,a,,,,,2526
373,97032,33,325,Virgil van Dijk,Virgil,2,37.0,6.2,12,9,Away,2026-04-19T13:00:00Z,2,1,90,1,0,0,1,0,0,0,27,8,0.23,0.0,0.23,0.79,8,8.4,50.0,0.6,33.0,False,a,,,,,2526
374,204716,33,325,Ibrahima Konaté,Konaté,2,4.4,5.5,12,9,Away,2026-04-19T13:00:00Z,2,1,90,0,0,0,1,0,0,0,20,4,0.0,0.01,0.01,0.79,14,3.1,29.8,0.7,0.0,False,a,,,,,2526
375,492777,33,325,Conor Bradley,Bradley,2,0.1,4.9,12,9,Away,2026-04-19T13:00:00Z,2,1,0,0,0,0,0,0,0,0,0,0,0.0,0.0,0.0,0.0,0,0.0,0.0,0.0,0.0,False,i,Knee injury - Expected back 01 Jun,,,,2526
376,171287,33,325,Joe Gomez,Gomez,2,0.1,4.9,12,9,Away,2026-04-19T13:00:00Z,2,1,0,0,0,0,0,0,0,0,0,0,0.0,0.0,0.0,0.0,0,0.0,0.0,0.0,0.0,False,a,,,,,2526
377,214285,33,325,Konstantinos Tsimikas,Tsimikas,2,0.0,4.8,12,9,Away,2026-04-19T13:00:00Z,2,1,0,0,0,0,0,0,0,0,0,0,0.0,0.0,0.0,0.0,0,0.0,0.0,0.0,0.0,False,u,has joined AS Roma on loan for the rest of the season.,,,,2526
378,611926,33,325,Amara Nallo,Nallo,2,0.9,3.7,12,9,Away,2026-04-19T13:00:00Z,2,1,0,0,0,0,0,0,0,0,0,0,0.0,0.0,0.0,0.0,0,0.0,0.0,0.0,0.0,False,a,,,,,2526
379,219937,33,325,Rhys Williams,R.Williams,2,0.6,3.7,12,9,Away,2026-04-19T13:00:00Z,2,1,0,0,0,0,0,0,0,0,0,0,0.0,0.0,0.0,0.0,0,0.0,0.0,0.0,0.0,False,a,,,,,2526
380,489580,33,325,Calvin Ramsay,Ramsay,2,0.3,3.7,12,9,Away,2026-04-19T13:00:00Z,2,1,0,0,0,0,0,0,0,0,0,0,0.0,0.0,0.0,0.0,0,0.0,0.0,0.0,0.0,False,a,,,,,2526
381,118748,33,325,Mohamed Salah,M.Salah,3,18.4,14.0,12,9,Away,2026-04-19T13:00:00Z,2,1,90,1,0,0,1,0,0,3,31,10,0.52,0.11,0.63,0.79,6,8.9,50.0,20.4,19.0,False,a,,2.0,4.0,1.0,2526
382,494595,33,325,Florian Wirtz,Wirtz,3,9.3,8.3,12,9,Away,2026-04-19T13:00:00Z,2,1,83,0,0,0,1,0,0,0,13,2,0.0,0.25,0.25,0.79,5,6.7,11.8,53.3,2.0,False,a,,4.0,5.0,,2526
383,244731,33,325,Luis Díaz Marulanda,Luis Díaz,3,0.0,8.0,12,9,Away,2026-04-19T13:00:00Z,2,1,0,0,0,0,0,0,0,0,0,0,0.0,0.0,0.0,0.0,0,0.0,0.0,0.0,0.0,False,u,Has joined Bayern Munch permanently.,,,,2526
384,243298,33,325,Cody Gakpo,Gakpo,3,6.4,7.3,12,9,Away,2026-04-19T13:00:00Z,2,1,83,0,1,0,1,0,0,0,25,5,0.36,0.27,0.63,0.79,3,11.7,33.0,45.4,39.0,False,a,,3.0,,3.0,2526
385,223541,33,325,Federico Chiesa,Chiesa,3,0.3,6.3,12,9,Away,2026-04-19T13:00:00Z,2,1,0,0,0,0,0,0,0,0,0,0,0.0,0.0,0.0,0.0,0,0.0,0.0,0.0,0.0,False,a,,,,,2526
386,243016,33,325,Alexis Mac Allister,Mac Allister,3,2.0,6.2,12,9,Away,2026-04-19T13:00:00Z,2,1,6,0,0,0,0,0,0,0,2,1,0.0,0.0,0.0,0.0,0,1.2,0.2,11.5,0.0,False,a,,,,4.0,2526
387,424876,33,325,Dominik Szoboszlai,Szoboszlai,3,13.9,7.1,12,9,Away,2026-04-19T13:00:00Z,2,1,90,0,1,0,1,0,0,0,20,5,0.07,0.22,0.29,0.79,6,4.5,22.2,18.5,4.0,False,a,,1.0,2.0,2.0,2526
388,206915,33,325,Curtis Jones,C.Jones,3,0.1,5.4,12,9,Away,2026-04-19T13:00:00Z,2,1,90,0,0,0,1,0,0,0,23,4,0.0,0.2,0.2,0.79,28,2.9,23.0,6.0,0.0,False,a,,,,,2526
389,444884,33,321,Harvey Elliott,Elliott,3,0.2,5.1,2,17,Home,2026-04-19T13:00:00Z,4,3,0,0,0,0,0,0,0,0,0,0,0.0,0.0,0.0,0.0,0,0.0,0.0,0.0,0.0,False,a,,,,,2526
390,441266,33,325,Ryan Gravenberch,Gravenberch,3,4.1,5.5,12,9,Away,2026-04-19T13:00:00Z,2,1,90,0,0,0,1,0,0,0,9,2,0.03,0.04,0.07,0.79,6,2.2,5.6,15.8,1.0,False,a,,,,,2526
391,496208,33,328,Ben Gannon-Doak,Gannon-Doak,3,0.0,4.8,4,15,Away,2026-04-18T14:00:00Z,2,1,12,0,0,0,0,0,0,0,5,1,0.0,0.0,0.0,0.83,5,1.0,7.2,0.4,2.0,,a,,,,,2526
391,496208,33,332,Ben Gannon-Doak,Gannon-Doak,3,0.0,4.8,4,11,Home,2026-04-22T19:00:00Z,2,2,0,0,0,0,0,0,0,0,0,0,0.0,0.0,0.0,0.0,0,0.0,0.0,0.0,0.0,,a,,,,,2526
392,158983,33,325,Endo Wataru,Endo,3,0.1,4.9,12,9,Away,2026-04-19T13:00:00Z,2,1,0,0,0,0,0,0,0,0,0,0,0.0,0.0,0.0,0.0,0,0.0,0.0,0.0,0.0,False,i,Foot injury - Expected back 24 May,,,,2526
393,535928,33,325,Stefan Bajčetić Maquieira,Bajcetic,3,0.1,4.2,12,9,Away,2026-04-19T13:00:00Z,2,1,0,0,0,0,0,0,0,0,0,0,0.0,0.0,0.0,0.0,0,0.0,0.0,0.0,0.0,False,i,Hamstring injury - Unknown return date,,,,2526
394,491501,33,325,James McConnell,McConnell,3,0.0,4.4,12,9,Away,2026-04-19T13:00:00Z,2,1,0,0,0,0,0,0,0,0,0,0,0.0,0.0,0.0,0.0,0,0.0,0.0,0.0,0.0,False,u,has joined Ajax on loan for the rest of the season.,,,,2526
395,440148,33,325,Tyler Morton,Morton,3,0.0,4.5,12,9,Away,2026-04-19T13:00:00Z,2,1,0,0,0,0,0,0,0,0,0,0,0.0,0.0,0.0,0.0,0,0.0,0.0,0.0,0.0,False,u,Has joined Lyon permanently.,,,,2526
396,591386,33,325,Trey Nyoni,Nyoni,3,0.3,4.3,12,9,Away,2026-04-19T13:00:00Z,2,1,0,0,0,0,0,0,0,0,0,0,0.0,0.0,0.0,0.0,0,0.0,0.0,0.0,0.0,False,a,,,,,2526
397,447203,33,325,Darwin Núñez Ribeiro,Darwin,4,0.1,6.5,12,9,Away,2026-04-19T13:00:00Z,2,1,0,0,0,0,0,0,0,0,0,0,0.0,0.0,0.0,0.0,0,0.0,0.0,0.0,0.0,False,u,Has joined Al-Hilal permanently.,,,,2526
398,500058,33,325,Jayden Danns,Danns,4,0.1,4.3,12,9,Away,2026-04-19T13:00:00Z,2,1,0,0,0,0,0,0,0,0,0,0,0.0,0.0,0.0,0.0,0,0.0,0.0,0.0,0.0,False,i,Hamstring injury - Unknown return date,,,,2526
399,121160,33,327,Ederson Santana de Moraes,Ederson M.,1,0.8,5.3,13,1,Home,2026-04-19T15:30:00Z,2,1,0,0,0,0,0,0,0,0,0,0,0.0,0.0,0.0,0.0,0,0.0,0.0,0.0,0.0,,u,has joined Fenerbache permanently.,,,,2526
399,121160,33,334,Ederson Santana de Moraes,Ederson M.,1,0.8,5.3,13,3,Away,2026-04-22T19:00:00Z,1,0,0,0,0,0,0,0,0,0,0,0,0.0,0.0,0.0,0.0,0,0.0,0.0,0.0,0.0,,u,has joined Fenerbache permanently.,,,,2526
400,88248,33,329,Stefan Ortega Moreno,Ortega Moreno,1,0.2,4.7,16,3,Home,2026-04-19T13:00:00Z,4,1,0,0,0,0,0,0,0,0,0,0,0.0,0.0,0.0,0.0,0,0.0,0.0,0.0,0.0,False,a,,,,,2526
401,122074,33,327,Marcus Bettinelli,Bettinelli,1,0.5,3.8,13,1,Home,2026-04-19T15:30:00Z,2,1,0,0,0,0,0,0,0,0,0,0,0.0,0.0,0.0,0.0,0,0.0,0.0,0.0,0.0,,a,,,,,2526
401,122074,33,334,Marcus Bettinelli,Bettinelli,1,0.5,3.8,13,3,Away,2026-04-22T19:00:00Z,1,0,0,0,0,0,0,0,0,0,0,0,0.0,0.0,0.0,0.0,0,0.0,0.0,0.0,0.0,,a,,,,,2526
402,448514,33,327,Rayan Aït-Nouri,Aït-Nouri,2,4.2,5.7,13,1,Home,2026-04-19T15:30:00Z,2,1,0,0,0,0,0,0,0,0,0,0,0.0,0.0,0.0,0.0,0,0.0,0.0,0.0,0.0,,a,,,,,2526
402,448514,33,334,Rayan Aït-Nouri,Aït-Nouri,2,4.2,5.7,13,3,Away,2026-04-22T19:00:00Z,1,0,64,0,0,1,0,0,0,2,31,8,0.07,0.03,0.1,0.53,1,5.0,8.6,27.9,13.0,,a,,,,,2526
403,477424,33,327,Joško Gvardiol,Gvardiol,2,3.2,5.8,13,1,Home,2026-04-19T15:30:00Z,2,1,0,0,0,0,0,0,0,0,0,0,0.0,0.0,0.0,0.0,0,0.0,0.0,0.0,0.0,,i,Leg injury - Unknown return date,,,,2526
403,477424,33,334,Joško Gvardiol,Gvardiol,2,3.2,5.8,13,3,Away,2026-04-22T19:00:00Z,1,0,0,0,0,0,0,0,0,0,0,0,0.0,0.0,0.0,0.0,0,0.0,0.0,0.0,0.0,,i,Leg injury - Unknown return date,,,,2526
404,211975,33,327,Manuel Akanji,Akanji,2,0.3,5.4,13,1,Home,2026-04-19T15:30:00Z,2,1,0,0,0,0,0,0,0,0,0,0,0.0,0.0,0.0,0.0,0,0.0,0.0,0.0,0.0,,u,has joined Inter Milan on loan for the rest of the season.,,,,2526
404,211975,33,334,Manuel Akanji,Akanji,2,0.3,5.4,13,3,Away,2026-04-22T19:00:00Z,1,0,0,0,0,0,0,0,0,0,0,0,0.0,0.0,0.0,0.0,0,0.0,0.0,0.0,0.0,,u,has joined Inter Milan on loan for the rest of the season.,,,,2526
405,126184,33,327,Nathan Aké,Aké,2,0.6,5.2,13,1,Home,2026-04-19T15:30:00Z,2,1,1,0,0,0,0,0,0,0,3,1,0.0,0.0,0.0,0.0,1,0.2,2.0,0.0,0.0,,a,,,,,2526
405,126184,33,334,Nathan Aké,Aké,2,0.6,5.2,13,3,Away,2026-04-22T19:00:00Z,1,0,0,0,0,0,0,0,0,0,0,0,0.0,0.0,0.0,0.0,0,0.0,0.0,0.0,0.0,,a,,,,,2526
406,578153,33,327,Abdukodir Khusanov,Khusanov,2,0.5,5.4,13,1,Home,2026-04-19T15:30:00Z,2,1,90,0,0,0,1,0,0,0,18,4,0.11,0.11,0.22,1.62,11,6.0,28.2,25.4,6.0,,a,,,,,2526
406,578153,33,334,Abdukodir Khusanov,Khusanov,2,0.5,5.4,13,3,Away,2026-04-22T19:00:00Z,1,0,90,0,0,1,0,0,0,3,32,11,0.0,0.1,0.1,0.61,10,3.0,24.4,3.1,2.0,,a,,,,,2526
407,465351,33,327,Matheus Nunes,Matheus N.,2,2.7,5.3,13,1,Home,2026-04-19T15:30:00Z,2,1,90,0,1,0,1,0,0,0,23,5,0.0,0.08,0.08,1.62,5,4.8,31.8,13.9,2.0,,a,,,,4.0,2526
407,465351,33,334,Matheus Nunes,Matheus N.,2,2.7,5.3,13,3,Away,2026-04-22T19:00:00Z,1,0,90,0,0,1,0,0,0,0,28,6,0.0,0.04,0.04,0.61,5,4.2,22.6,17.6,2.0,,a,,,,4.0,2526
408,171314,33,327,Rúben dos Santos Gato Alves Dias,Rúben,2,3.2,5.5,13,1,Home,2026-04-19T15:30:00Z,2,1,0,0,0,0,0,0,0,0,0,0,0.0,0.0,0.0,0.0,0,0.0,0.0,0.0,0.0,,i,Hamstring injury - Unknown return date,,,,2526
408,171314,33,334,Rúben dos Santos Gato Alves Dias,Rúben,2,3.2,5.5,13,3,Away,2026-04-22T19:00:00Z,1,0,0,0,0,0,0,0,0,0,0,0,0.0,0.0,0.0,0.0,0,0.0,0.0,0.0,0.0,,i,Hamstring injury - Unknown return date,,,,2526
409,97299,33,327,John Stones,Stones,2,0.6,5.4,13,1,Home,2026-04-19T15:30:00Z,2,1,0,0,0,0,0,0,0,0,0,0,0.0,0.0,0.0,0.0,0,0.0,0.0,0.0,0.0,,a,,,,,2526
409,97299,33,334,John Stones,Stones,2,0.6,5.4,13,3,Away,2026-04-22T19:00:00Z,1,0,0,0,0,0,0,0,0,0,0,0,0.0,0.0,0.0,0.0,0,0.0,0.0,0.0,0.0,,a,,,,,2526
410,477064,33,327,Rico Lewis,Lewis,2,1.2,4.6,13,1,Home,2026-04-19T15:30:00Z,2,1,0,0,0,0,0,0,0,0,0,0,0.0,0.0,0.0,0.0,0,0.0,0.0,0.0,0.0,,a,,,,,2526
410,477064,33,334,Rico Lewis,Lewis,2,1.2,4.6,13,3,Away,2026-04-22T19:00:00Z,1,0,0,0,0,0,0,0,0,0,0,0,0.0,0.0,0.0,0.0,0,0.0,0.0,0.0,0.0,,a,,,,,2526
411,472769,33,327,Nico O'Reilly,O'Reilly,2,11.1,5.1,13,1,Home,2026-04-19T15:30:00Z,2,1,90,0,1,0,1,0,0,2,31,7,0.0,0.35,0.35,1.62,8,4.7,23.8,15.6,8.0,,a,,,,,2526
411,472769,33,334,Nico O'Reilly,O'Reilly,2,11.1,5.1,13,3,Away,2026-04-22T19:00:00Z,1,0,90,0,0,1,0,0,0,0,23,6,0.8,0.01,0.81,0.61,6,9.1,24.0,2.3,65.0,,a,,,,,2526
412,616222,33,327,Vitor de Oliveira Nunes dos Reis,Vitor Reis,2,0.0,5.0,13,1,Home,2026-04-19T15:30:00Z,2,1,0,0,0,0,0,0,0,0,0,0,0.0,0.0,0.0,0.0,0,0.0,0.0,0.0,0.0,,u,Has joined Girona on loan for the rest of the season.,,,,2526
412,616222,33,334,Vitor de Oliveira Nunes dos Reis,Vitor Reis,2,0.0,5.0,13,3,Away,2026-04-22T19:00:00Z,1,0,0,0,0,0,0,0,0,0,0,0,0.0,0.0,0.0,0.0,0,0.0,0.0,0.0,0.0,,u,Has joined Girona on loan for the rest of the season.,,,,2526
413,438234,33,327,Omar Marmoush,Marmoush,3,2.5,8.3,13,1,Home,2026-04-19T15:30:00Z,2,1,0,0,0,0,0,0,0,0,0,0,0.0,0.0,0.0,0.0,0,0.0,0.0,0.0,0.0,,a,,4.0,1.0,2.0,2526
413,438234,33,334,Omar Marmoush,Marmoush,3,2.5,8.3,13,3,Away,2026-04-22T19:00:00Z,1,0,0,0,0,0,0,0,0,0,0,0,0.0,0.0,0.0,0.0,0,0.0,0.0,0.0,0.0,,a,,4.0,1.0,2.0,2526
414,209244,33,327,Phil Foden,Foden,3,7.7,8.0,13,1,Home,2026-04-19T15:30:00Z,2,1,5,0,0,0,0,0,0,0,3,1,0.0,0.0,0.0,0.12,2,0.1,0.2,1.1,0.0,,a,,5.0,,,2526
414,209244,33,334,Phil Foden,Foden,3,7.7,8.0,13,3,Away,2026-04-22T19:00:00Z,1,0,0,0,0,0,0,0,0,0,0,0,0.0,0.0,0.0,0.0,0,0.0,0.0,0.0,0.0,,a,,5.0,,,2526
415,510281,33,327,Sávio Moreira de Oliveira,Savinho,3,0.4,6.9,13,1,Home,2026-04-19T15:30:00Z,2,1,2,0,0,0,0,0,0,0,3,1,0.0,0.0,0.0,0.12,1,0.1,1.0,0.1,0.0,,a,,,,,2526
415,510281,33,334,Sávio Moreira de Oliveira,Savinho,3,0.4,6.9,13,3,Away,2026-04-22T19:00:00Z,1,0,25,0,0,0,0,0,0,0,4,1,0.14,0.05,0.19,0.08,4,3.2,7.2,2.0,23.0,,a,,,,,2526
416,165809,33,327,Bernardo Mota Veiga de Carvalho e Silva,Bernardo,3,0.6,6.2,13,1,Home,2026-04-19T15:30:00Z,2,1,90,0,0,0,1,0,0,0,15,2,0.09,0.02,0.11,1.62,10,3.8,13.2,14.6,10.0,,a,,1.0,,,2526
416,165809,33,334,Bernardo Mota Veiga de Carvalho e Silva,Bernardo,3,0.6,6.2,13,3,Away,2026-04-22T19:00:00Z,1,0,90,0,0,1,0,0,0,0,24,5,0.27,0.21,0.48,0.61,12,14.0,27.6,81.7,31.0,,a,,1.0,,,2526
417,466052,33,327,Rayan Cherki,Cherki,3,9.5,6.4,13,1,Home,2026-04-19T15:30:00Z,2,1,84,1,0,0,1,0,0,3,33,10,0.14,0.13,0.27,1.5,2,11.4,42.2,32.9,39.0,,a,,3.0,2.0,,2526
417,466052,33,334,Rayan Cherki,Cherki,3,9.5,6.4,13,3,Away,2026-04-22T19:00:00Z,1,0,90,0,0,1,0,0,0,0,19,3,0.85,0.41,1.26,0.61,5,19.4,22.6,100.8,71.0,,a,,3.0,2.0,,2526
418,248875,33,327,Jérémy Doku,Doku,3,2.5,6.4,13,1,Home,2026-04-19T15:30:00Z,2,1,87,0,0,0,1,0,0,0,17,2,0.11,0.11,0.22,1.5,9,5.4,8.0,16.9,29.0,,a,,,,3.0,2526
418,248875,33,334,Jérémy Doku,Doku,3,2.5,6.4,13,3,Away,2026-04-22T19:00:00Z,1,0,90,0,1,1,0,0,0,0,25,6,0.09,0.26,0.35,0.61,10,7.0,20.0,31.0,19.0,,a,,,,3.0,2526
419,114283,33,325,Jack Grealish,Grealish,3,5.7,6.3,9,12,Home,2026-04-19T13:00:00Z,1,2,0,0,0,0,0,0,0,0,0,0,0.0,0.0,0.0,0.0,0,0.0,0.0,0.0,0.0,False,i,Foot injury - Expected back 01 Jun,,,,2526
420,59859,33,327,İlkay Gündoğan,Gündoğan,3,0.1,6.3,13,1,Home,2026-04-19T15:30:00Z,2,1,0,0,0,0,0,0,0,0,0,0,0.0,0.0,0.0,0.0,0,0.0,0.0,0.0,0.0,,u,has joined Galatasaray permanently.,,,,2526
420,59859,33,334,İlkay Gündoğan,Gündoğan,3,0.1,6.3,13,3,Away,2026-04-22T19:00:00Z,1,0,0,0,0,0,0,0,0,0,0,0,0.0,0.0,0.0,0.0,0,0.0,0.0,0.0,0.0,,u,has joined Galatasaray permanently.,,,,2526
421,220566,33,327,Rodrigo 'Rodri' Hernandez Cascante,Rodrigo,3,0.5,6.3,13,1,Home,2026-04-19T15:30:00Z,2,1,87,0,0,0,1,0,0,0,18,2,0.04,0.15,0.19,1.5,11,3.2,19.2,8.3,4.0,,a,,,,,2526
421,220566,33,334,Rodrigo 'Rodri' Hernandez Cascante,Rodrigo,3,0.5,6.3,13,3,Away,2026-04-22T19:00:00Z,1,0,0,0,0,0,0,0,0,0,0,0,0.0,0.0,0.0,0.0,0,0.0,0.0,0.0,0.0,,a,,,,,2526
422,91651,33,327,Mateo Kovačić,Kovačić,3,0.0,5.8,13,1,Home,2026-04-19T15:30:00Z,2,1,0,0,0,0,0,0,0,0,0,0,0.0,0.0,0.0,0.0,0,0.0,0.0,0.0,0.0,,a,,,,,2526
422,91651,33,334,Mateo Kovačić,Kovačić,3,0.0,5.8,13,3,Away,2026-04-22T19:00:00Z,1,0,0,0,0,0,0,0,0,0,0,0,0.0,0.0,0.0,0.0,0,0.0,0.0,0.0,0.0,,a,,,,,2526
423,465694,33,327,Nico González Iglesias,N.Gonzalez,3,0.1,5.9,13,1,Home,2026-04-19T15:30:00Z,2,1,2,0,0,0,0,0,0,0,3,1,0.0,0.0,0.0,0.12,0,0.0,0.0,0.1,0.0,,a,,,,,2526
423,465694,33,334,Nico González Iglesias,N.Gonzalez,3,0.1,5.9,13,3,Away,2026-04-22T19:00:00Z,1,0,25,0,0,0,0,0,0,0,13,1,0.02,0.02,0.04,0.08,5,2.3,7.2,15.2,1.0,,a,,,,,2526
424,477555,33,322,Oscar Bobb,Bobb,3,0.2,5.1,10,5,Away,2026-04-18T11:30:00Z,0,0,9,0,0,0,0,0,0,0,6,1,0.02,0.0,0.02,0.71,4,0.5,1.2,0.1,4.0,False,a,,,,,2526
425,575204,33,327,Claudio Echeverri,Echeverri,3,0.0,5.4,13,1,Home,2026-04-19T15:30:00Z,2,1,0,0,0,0,0,0,0,0,0,0,0.0,0.0,0.0,0.0,0,0.0,0.0,0.0,0.0,,u,has joined Girona on loan for the rest of the season.,,,,2526
425,575204,33,334,Claudio Echeverri,Echeverri,3,0.0,5.4,13,3,Away,2026-04-22T19:00:00Z,1,0,0,0,0,0,0,0,0,0,0,0,0.0,0.0,0.0,0.0,0,0.0,0.0,0.0,0.0,,u,has joined Girona on loan for the rest of the season.,,,,2526
426,432714,33,329,James McAtee,McAtee,3,0.1,5.0,16,3,Home,2026-04-19T13:00:00Z,4,1,0,0,0,0,0,0,0,0,0,0,0.0,0.0,0.0,0.0,0,0.0,0.0,0.0,0.0,False,a,,,,5.0,2526
427,433036,33,327,Tijjani Reijnders,Reijnders,3,9.1,5.0,13,1,Home,2026-04-19T15:30:00Z,2,1,0,0,0,0,0,0,0,0,0,0,0.0,0.0,0.0,0.0,0,0.0,0.0,0.0,0.0,,a,,4.0,3.0,,2526
427,433036,33,334,Tijjani Reijnders,Reijnders,3,9.1,5.0,13,3,Away,2026-04-22T19:00:00Z,1,0,0,0,0,0,0,0,0,0,0,0,0.0,0.0,0.0,0.0,0,0.0,0.0,0.0,0.0,,a,,4.0,3.0,,2526
428,566164,33,327,Sverre Nypan,Nypan,3,0.0,5.0,13,1,Home,2026-04-19T15:30:00Z,2,1,0,0,0,0,0,0,0,0,0,0,0.0,0.0,0.0,0.0,0,0.0,0.0,0.0,0.0,,a,,,,,2526
428,566164,33,334,Sverre Nypan,Nypan,3,0.0,5.0,13,3,Away,2026-04-22T19:00:00Z,1,0,0,0,0,0,0,0,0,0,0,0,0.0,0.0,0.0,0.0,0,0.0,0.0,0.0,0.0,,a,,,,,2526
429,155405,33,327,Kalvin Phillips,Phillips,3,0.1,4.7,13,1,Home,2026-04-19T15:30:00Z,2,1,0,0,0,0,0,0,0,0,0,0,0.0,0.0,0.0,0.0,0,0.0,0.0,0.0,0.0,,u,has joined Sheffield United on loan for the rest of the season.,,,,2526
429,155405,33,334,Kalvin Phillips,Phillips,3,0.1,4.7,13,3,Away,2026-04-22T19:00:00Z,1,0,0,0,0,0,0,0,0,0,0,0,0.0,0.0,0.0,0.0,0,0.0,0.0,0.0,0.0,,u,has joined Sheffield United on loan for the rest of the season.,,,,2526
430,223094,33,327,Erling Haaland,Haaland,4,53.1,14.5,13,1,Home,2026-04-19T15:30:00Z,2,1,90,1,0,0,1,1,0,1,25,6,0.81,0.04,0.85,1.62,4,8.6,31.4,14.0,41.0,,a,,,,1.0,2526
430,223094,33,334,Erling Haaland,Haaland,4,53.1,14.5,13,3,Away,2026-04-22T19:00:00Z,1,0,90,1,0,1,0,0,0,1,29,7,1.07,0.07,1.14,0.61,3,9.0,33.6,1.3,55.0,,a,,,,1.0,2526
431,451302,33,323,Altay Bayındır,Bayindir,1,0.3,4.7,14,7,Away,2026-04-18T19:00:00Z,1,0,0,0,0,0,0,0,0,0,0,0,0.0,0.0,0.0,0.0,0,0.0,0.0,0.0,0.0,False,a,,,,,2526
432,202641,33,323,André Onana,Onana,1,0.1,4.9,14,7,Away,2026-04-18T19:00:00Z,1,0,0,0,0,0,0,0,0,0,0,0,0.0,0.0,0.0,0.0,0,0.0,0.0,0.0,0.0,False,u,has joined Trabzonspor on loan for the rest of the season.,,,,2526
433,588555,33,323,Elyh Harrison,Harrison,1,0.0,4.0,14,7,Away,2026-04-18T19:00:00Z,1,0,0,0,0,0,0,0,0,0,0,0,0.0,0.0,0.0,0.0,0,0.0,0.0,0.0,0.0,False,u,On loan to Shrewsbury Town,,,,2526
434,21205,33,323,Tom Heaton,Heaton,1,0.6,3.8,14,7,Away,2026-04-18T19:00:00Z,1,0,0,0,0,0,0,0,0,0,0,0,0.0,0.0,0.0,0.0,0,0.0,0.0,0.0,0.0,False,a,,,,,2526
435,461537,33,323,Dermot Mee,Mee,1,0.1,3.9,14,7,Away,2026-04-18T19:00:00Z,1,0,0,0,0,0,0,0,0,0,0,0,0.0,0.0,0.0,0.0,0,0.0,0.0,0.0,0.0,False,a,,,,,2526
436,209365,33,323,Matthijs de Ligt,De Ligt,2,1.8,4.9,14,7,Away,2026-04-18T19:00:00Z,1,0,0,0,0,0,0,0,0,0,0,0,0.0,0.0,0.0,0.0,0,0.0,0.0,0.0,0.0,False,i,Back injury - Unknown return date,,,,2526
437,221820,33,323,Lisandro Martínez,Martinez,2,0.4,4.8,14,7,Away,2026-04-18T19:00:00Z,1,0,0,0,0,0,0,0,0,0,0,0,0.0,0.0,0.0,0.0,0,0.0,0.0,0.0,0.0,False,s,Suspended until 09 May,,,,2526
438,230001,33,323,Noussair Mazraoui,Mazraoui,2,0.3,4.9,14,7,Away,2026-04-18T19:00:00Z,1,0,90,0,0,1,0,0,0,0,24,6,0.0,0.01,0.01,1.57,3,1.1,5.8,4.7,0.0,False,a,,,,,2526
439,661712,33,323,Diego León Blanco,D.Leon,2,0.1,4.1,14,7,Away,2026-04-18T19:00:00Z,1,0,0,0,0,0,0,0,0,0,0,0,0.0,0.0,0.0,0.0,0,0.0,0.0,0.0,0.0,False,a,,,,,2526
440,216051,33,323,Diogo Dalot Teixeira,Dalot,2,4.6,4.6,14,7,Away,2026-04-18T19:00:00Z,1,0,90,0,0,1,0,0,0,0,29,6,0.0,0.0,0.0,1.57,6,2.0,14.4,1.5,4.0,False,a,,,,,2526
441,596777,33,323,Patrick Dorgu,Dorgu,2,2.4,4.1,14,7,Away,2026-04-18T19:00:00Z,1,0,0,0,0,0,0,0,0,0,0,0,0.0,0.0,0.0,0.0,0,0.0,0.0,0.0,0.0,False,i,Hamstring injury - Unknown return date,,,,2526
442,95658,33,323,Harry Maguire,Maguire,2,1.4,4.4,14,7,Away,2026-04-18T19:00:00Z,1,0,0,0,0,0,0,0,0,0,0,0,0.0,0.0,0.0,0.0,0,0.0,0.0,0.0,0.0,False,a,,,,,2526
443,106760,33,323,Luke Shaw,Shaw,2,1.0,4.5,14,7,Away,2026-04-18T19:00:00Z,1,0,90,0,0,1,0,0,0,3,30,11,0.0,0.0,0.0,1.57,10,1.4,13.0,0.8,0.0,False,a,,,,,2526
444,550864,33,323,Leny Yoro,Yoro,2,1.3,4.1,14,7,Away,2026-04-18T19:00:00Z,1,0,0,0,0,0,0,0,0,0,0,0,0.0,0.0,0.0,0.0,0,0.0,0.0,0.0,0.0,False,d,Knock - 75% chance of playing,,,,2526
445,577974,33,323,Harry Amass,Amass,2,0.1,4.0,14,7,Away,2026-04-18T19:00:00Z,1,0,0,0,0,0,0,0,0,0,0,0,0.0,0.0,0.0,0.0,0,0.0,0.0,0.0,0.0,False,u,has joined Norwich City on loan for the rest of the season.,,,,2526
446,547676,33,323,Tyler Fredricson,Fredricson,2,0.2,3.7,14,7,Away,2026-04-18T19:00:00Z,1,0,0,0,0,0,0,0,0,0,0,0,0.0,0.0,0.0,0.0,0,0.0,0.0,0.0,0.0,False,a,,,,,2526
447,606745,33,323,Ayden Heaven,Heaven,2,3.6,3.7,14,7,Away,2026-04-18T19:00:00Z,1,0,90,0,0,1,0,0,0,3,30,11,0.0,0.0,0.0,1.57,10,3.1,31.2,0.2,0.0,False,a,,,,,2526
448,222690,33,323,Tyrell Malacia,Malacia,2,0.6,3.7,14,7,Away,2026-04-18T19:00:00Z,1,0,0,0,0,0,0,0,0,0,0,0,0.0,0.0,0.0,0.0,0,0.0,0.0,0.0,0.0,False,a,,,,,2526
449,141746,33,323,Bruno Borges Fernandes,B.Fernandes,3,47.4,10.3,14,7,Away,2026-04-18T19:00:00Z,1,0,90,0,1,1,0,0,0,0,23,6,0.04,0.08,0.12,1.57,3,8.1,28.6,49.0,3.0,False,a,,1.0,1.0,1.0,2526
450,430871,33,323,Matheus Santos Carneiro da Cunha,Cunha,3,10.6,8.0,14,7,Away,2026-04-18T19:00:00Z,1,0,80,1,0,1,0,1,0,0,25,7,0.22,0.02,0.24,1.49,6,6.8,33.8,12.8,21.0,False,a,,,,,2526
451,176297,33,323,Marcus Rashford,Rashford,3,0.0,7.0,14,7,Away,2026-04-18T19:00:00Z,1,0,0,0,0,0,0,0,0,0,0,0,0.0,0.0,0.0,0.0,0,0.0,0.0,0.0,0.0,False,u,Has joined Barcelona on loan for the rest of the season,,,,2526
452,493250,33,323,Amad Diallo,Amad,3,1.4,6.2,14,7,Away,2026-04-18T19:00:00Z,1,0,10,0,0,0,0,0,0,0,4,1,0.0,0.0,0.0,0.08,2,0.8,6.2,0.1,2.0,False,a,,3.0,,,2526
453,493105,33,323,Alejandro Garnacho Ferreyra,Garnacho,3,0.5,6.4,7,14,Home,2026-04-18T19:00:00Z,0,1,74,0,0,0,1,0,0,0,17,2,0.16,0.06,0.22,0.26,6,6.5,11.0,26.2,28.0,,a,,,,,2526
453,493105,33,333,Alejandro Garnacho Ferreyra,Garnacho,3,0.5,6.4,7,6,Away,2026-04-21T19:00:00Z,0,3,45,0,0,0,2,0,0,0,-3,1,0.18,0.02,0.2,0.85,0,2.8,0.0,11.3,17.0,,a,,,,,2526
454,467169,33,323,Antony dos Santos,Antony,3,0.1,5.9,14,7,Away,2026-04-18T19:00:00Z,1,0,0,0,0,0,0,0,0,0,0,0,0.0,0.0,0.0,0.0,0,0.0,0.0,0.0,0.0,False,u,has joined Real Betis permanently.,,,,2526
455,184341,33,323,Mason Mount,Mount,3,0.3,5.9,14,7,Away,2026-04-18T19:00:00Z,1,0,9,0,0,0,0,1,0,0,-2,0,0.0,0.01,0.01,0.08,3,0.6,2.6,1.8,2.0,False,a,,,,,2526
456,209243,33,321,Jadon Sancho,Sancho,3,0.2,5.8,2,17,Home,2026-04-19T13:00:00Z,4,3,10,0,0,0,2,0,0,0,-1,1,0.0,0.0,0.0,1.4,1,0.0,0.0,0.0,0.0,False,a,,6.0,,,2526
457,61256,33,323,Carlos Henrique Casimiro,Casemiro,3,4.2,5.7,14,7,Away,2026-04-18T19:00:00Z,1,0,90,0,0,1,0,0,0,0,20,5,0.0,0.01,0.01,1.57,23,5.8,55.0,3.2,0.0,False,a,,,,,2526
458,516895,33,323,Kobbie Mainoo,Mainoo,3,1.0,4.7,14,7,Away,2026-04-18T19:00:00Z,1,0,90,0,0,1,0,1,0,0,16,4,0.0,0.02,0.02,1.57,12,2.0,16.4,3.6,0.0,False,a,,,,,2526
459,232112,33,323,Manuel Ugarte Ribeiro,Ugarte,3,0.1,4.7,14,7,Away,2026-04-18T19:00:00Z,1,0,0,0,0,0,0,0,0,0,0,0,0.0,0.0,0.0,0.0,0,0.0,0.0,0.0,0.0,False,a,,,,,2526
460,490881,33,323,Toby Collyer,Collyer,3,0.0,4.5,14,7,Away,2026-04-18T19:00:00Z,1,0,0,0,0,0,0,0,0,0,0,0,0.0,0.0,0.0,0.0,0,0.0,0.0,0.0,0.0,False,u,has joined Hull City on loan for the rest of the season.,,,,2526
461,556639,33,323,Jayce Fitzgerald,Fitzgerald,3,0.0,4.3,14,7,Away,2026-04-18T19:00:00Z,1,0,0,0,0,0,0,0,0,0,0,0,0.0,0.0,0.0,0.0,0,0.0,0.0,0.0,0.0,False,a,,,,,2526
462,547037,33,323,Jack Fletcher,J.Fletcher,3,0.1,4.3,14,7,Away,2026-04-18T19:00:00Z,1,0,0,0,0,0,0,0,0,0,0,0,0.0,0.0,0.0,0.0,0,0.0,0.0,0.0,0.0,False,a,,,,,2526
463,618873,33,323,Sékou Koné,Kone,3,0.1,4.3,14,7,Away,2026-04-18T19:00:00Z,1,0,0,0,0,0,0,0,0,0,0,0,0.0,0.0,0.0,0.0,0,0.0,0.0,0.0,0.0,False,u,has joined Lausanne-Sport on loan for the rest of the season.,,,,2526
464,559684,33,323,Jack Moorhouse,Moorhouse,3,0.0,4.5,14,7,Away,2026-04-18T19:00:00Z,1,0,0,0,0,0,0,0,0,0,0,0,0.0,0.0,0.0,0.0,0,0.0,0.0,0.0,0.0,False,u,has joined Leyton Orient on loan for the rest of the season.,,,,2526
465,497894,33,323,Rasmus Højlund,Højlund,4,0.3,6.3,14,7,Away,2026-04-18T19:00:00Z,1,0,0,0,0,0,0,0,0,0,0,0,0.0,0.0,0.0,0.0,0,0.0,0.0,0.0,0.0,False,u,has joined Napoli on loan for the rest of the season.,,,,2526
466,458249,33,323,Joshua Zirkzee,Zirkzee,4,0.4,5.8,14,7,Away,2026-04-18T19:00:00Z,1,0,3,0,0,0,0,0,0,0,4,1,0.0,0.0,0.0,0.0,1,0.1,1.2,0.2,0.0,False,a,,,,,2526
467,596047,33,323,Chido Obi,Obi,4,1.4,4.2,14,7,Away,2026-04-18T19:00:00Z,1,0,0,0,0,0,0,0,0,0,0,0,0.0,0.0,0.0,0.0,0,0.0,0.0,0.0,0.0,False,a,,,,,2526
468,575034,33,323,Ethan Wheatley,Wheatley,4,0.1,4.5,14,7,Away,2026-04-18T19:00:00Z,1,0,0,0,0,0,0,0,0,0,0,0,0.0,0.0,0.0,0.0,0,0.0,0.0,0.0,0.0,False,u,has joined Bradford City on loan for the rest of the season.,,,,2526
469,98747,33,328,Nick Pope,Pope,1,4.3,5.0,15,4,Home,2026-04-18T14:00:00Z,1,2,0,0,0,0,0,0,0,0,0,0,0.0,0.0,0.0,0.0,0,0.0,0.0,0.0,0.0,False,a,,,,,2526
470,67089,33,329,Martin Dúbravka,Dúbravka,1,26.5,4.0,3,16,Away,2026-04-19T13:00:00Z,1,4,90,0,0,0,4,0,0,0,-3,0,0.0,0.0,0.0,1.19,0,0.6,6.4,0.0,0.0,,a,,,,,2526
470,67089,33,334,Martin Dúbravka,Dúbravka,1,26.5,4.0,3,13,Home,2026-04-22T19:00:00Z,0,1,90,0,0,0,1,0,0,0,26,4,0.0,0.0,0.0,3.54,0,5.8,57.6,0.0,0.0,,a,,,,,2526
471,81441,33,328,Mark Gillespie,Gillespie,1,0.1,3.9,15,4,Home,2026-04-18T14:00:00Z,1,2,0,0,0,0,0,0,0,0,0,0,0.0,0.0,0.0,0.0,0,0.0,0.0,0.0,0.0,False,a,,,,,2526
472,111452,33,328,Odysseas Vlachodimos,Odysseas,1,0.0,4.0,15,4,Home,2026-04-18T14:00:00Z,1,2,0,0,0,0,0,0,0,0,0,0,0.0,0.0,0.0,0.0,0,0.0,0.0,0.0,0.0,False,u,Has joined Sevilla on loan for the rest of the season.,,,,2526
473,487838,33,328,Lewis Hall,Hall,2,3.7,5.4,15,4,Home,2026-04-18T14:00:00Z,1,2,45,0,0,0,1,0,0,0,4,1,0.0,0.0,0.0,2.17,3,0.8,7.2,0.9,0.0,False,a,,2.0,1.0,,2526
474,119471,33,328,Fabian Schär,Schär,2,1.1,5.2,15,4,Home,2026-04-18T14:00:00Z,1,2,0,0,0,0,0,0,0,0,0,0,0.0,0.0,0.0,0.0,0,0.0,0.0,0.0,0.0,False,i,Ankle injury - Expected back 10 May,,4.0,,2526
475,220237,33,328,Sven Botman,Botman,2,0.4,4.9,15,4,Home,2026-04-18T14:00:00Z,1,2,90,0,0,0,2,1,0,0,7,2,0.0,0.07,0.07,2.99,12,5.4,34.8,10.9,8.0,False,a,,,,,2526
476,78916,33,328,Dan Burn,Burn,2,3.4,5.0,15,4,Home,2026-04-18T14:00:00Z,1,2,16,0,0,0,1,0,0,0,-6,1,0.41,0.0,0.41,0.71,1,0.8,0.6,0.3,7.0,False,a,,,,,2526
477,441191,33,328,Tino Livramento,Livramento,2,1.9,4.9,15,4,Home,2026-04-18T14:00:00Z,1,2,73,0,0,0,1,0,0,0,7,2,0.0,0.03,0.03,2.27,5,1.8,9.2,4.4,4.0,False,i,Thigh injury - Unknown return date,,,,2526
478,77794,33,328,Kieran Trippier,Trippier,2,1.4,4.9,15,4,Home,2026-04-18T14:00:00Z,1,2,45,0,0,0,1,0,0,0,0,1,0.0,0.04,0.04,0.81,1,1.3,5.2,5.3,2.0,False,a,,4.0,2.0,,2526
479,111773,33,328,Emil Krafth,Krafth,2,0.0,4.3,15,4,Home,2026-04-18T14:00:00Z,1,2,0,0,0,0,0,0,0,0,0,0,0.0,0.0,0.0,0.0,0,0.0,0.0,0.0,0.0,False,i,Knee injury - Unknown return date,,,,2526
480,101148,33,328,Jamaal Lascelles,Lascelles,2,0.0,4.3,15,4,Home,2026-04-18T14:00:00Z,1,2,0,0,0,0,0,0,0,0,0,0,0.0,0.0,0.0,0.0,0,0.0,0.0,0.0,0.0,False,u,has joined Leicester City permanently.,,,,2526
481,545477,33,328,Alex Murphy,A.Murphy,2,0.7,3.8,15,4,Home,2026-04-18T14:00:00Z,1,2,0,0,0,0,0,0,0,0,0,0,0.0,0.0,0.0,0.0,0,0.0,0.0,0.0,0.0,False,a,,,,,2526
482,441024,33,328,Harrison Ashby,Ashby,2,0.1,3.9,15,4,Home,2026-04-18T14:00:00Z,1,2,0,0,0,0,0,0,0,0,0,0,0.0,0.0,0.0,0.0,0,0.0,0.0,0.0,0.0,False,u,has joined Bradford City on loan for the rest of the season.,,,,2526
483,578512,33,328,Miodrag Pivaš,Pivas,2,0.4,3.8,15,4,Home,2026-04-18T14:00:00Z,1,2,0,0,0,0,0,0,0,0,0,0,0.0,0.0,0.0,0.0,0,0.0,0.0,0.0,0.0,False,a,,,,,2526
484,169359,33,328,Matt Targett,Targett,2,0.1,4.0,15,4,Home,2026-04-18T14:00:00Z,1,2,0,0,0,0,0,0,0,0,0,0,0.0,0.0,0.0,0.0,0,0.0,0.0,0.0,0.0,False,u,has joined Middlesbrough on loan for the rest of the season.,,,,2526
485,232826,33,328,Anthony Gordon,Gordon,3,5.2,7.4,15,4,Home,2026-04-18T14:00:00Z,1,2,0,0,0,0,0,0,0,0,0,0,0.0,0.0,0.0,0.0,0,0.0,0.0,0.0,0.0,False,i,Hip injury - Expected back 02 May,,,1.0,2526
486,449434,33,328,Anthony Elanga,Elanga,3,2.7,6.5,15,4,Home,2026-04-18T14:00:00Z,1,2,61,0,0,0,1,0,0,0,6,2,0.0,0.03,0.03,2.27,2,1.8,4.2,4.1,10.0,False,a,,5.0,,,2526
487,201666,33,328,Harvey Barnes,Barnes,3,1.1,6.1,15,4,Home,2026-04-18T14:00:00Z,1,2,90,0,0,0,2,0,0,0,1,2,0.17,0.08,0.25,2.99,6,2.6,0.0,3.3,23.0,False,a,,,,,2526
488,208706,33,328,Bruno Guimarães Rodriguez Moura,Bruno G.,3,4.5,6.8,15,4,Home,2026-04-18T14:00:00Z,1,2,28,0,0,0,1,0,0,0,8,1,0.17,0.19,0.36,0.71,4,6.0,10.8,15.9,33.0,False,a,,3.0,5.0,2.0,2526
489,114243,33,328,Jacob Murphy,J.Murphy,3,0.6,5.9,15,4,Home,2026-04-18T14:00:00Z,1,2,28,0,0,0,1,1,0,0,-2,0,0.08,0.01,0.09,0.71,1,0.7,0.0,4.7,4.0,False,a,,,,,2526
490,180974,33,328,Joelinton Cássio Apolinário de Lira,Joelinton,3,0.3,5.9,15,4,Home,2026-04-18T14:00:00Z,1,2,0,0,0,0,0,0,0,0,0,0,0.0,0.0,0.0,0.0,0,0.0,0.0,0.0,0.0,False,s,Suspended until 02 May,,,,2526
491,432422,33,328,Sandro Tonali,Tonali,3,1.1,5.3,15,4,Home,2026-04-18T14:00:00Z,1,2,85,0,0,0,2,0,0,0,14,2,0.07,0.08,0.15,2.99,5,2.7,6.8,11.7,8.0,False,a,,1.0,3.0,,2526
492,640108,33,328,Antoñito Cordero Campillo,Antoñito C.,3,0.0,4.9,15,4,Home,2026-04-18T14:00:00Z,1,2,0,0,0,0,0,0,0,0,0,0,0.0,0.0,0.0,0.0,0,0.0,0.0,0.0,0.0,False,u,has joined Cadiz on loan for the rest of the season.,,,,2526
493,180135,33,326,Sean Longstaff,Longstaff,3,0.2,4.8,11,20,Home,2026-04-18T14:00:00Z,3,0,1,0,0,0,0,0,0,0,4,1,0.0,0.13,0.13,0.0,0,1.6,3.2,10.6,2.0,,a,,2.0,2.0,,2526
493,180135,33,332,Sean Longstaff,Longstaff,3,0.2,4.8,11,4,Away,2026-04-22T19:00:00Z,2,2,6,1,0,0,1,0,0,1,22,7,0.15,0.0,0.15,0.44,1,4.9,32.0,0.3,17.0,,a,,2.0,2.0,,2526
494,200089,33,328,Joe Willock,Willock,3,0.1,5.0,15,4,Home,2026-04-18T14:00:00Z,1,2,0,0,0,0,0,0,0,0,0,0,0.0,0.0,0.0,0.0,0,0.0,0.0,0.0,0.0,False,a,,,,,2526
495,153127,33,328,Isaac Hayden,Hayden,3,0.0,4.5,15,4,Home,2026-04-18T14:00:00Z,1,2,0,0,0,0,0,0,0,0,0,0,0.0,0.0,0.0,0.0,0,0.0,0.0,0.0,0.0,False,u,Has departed the club as a free agent.,,,,2526
496,564510,33,328,Garang Kuol,Kuol,3,0.0,4.4,15,4,Home,2026-04-18T14:00:00Z,1,2,0,0,0,0,0,0,0,0,0,0,0.0,0.0,0.0,0.0,0,0.0,0.0,0.0,0.0,False,u,has joined Sparta Prague permanently.,,,,2526
497,547719,33,328,Lewis Miley,L.Miley,3,1.9,4.4,15,4,Home,2026-04-18T14:00:00Z,1,2,90,0,0,0,2,0,0,0,14,4,0.0,0.03,0.03,2.99,12,2.4,17.6,4.3,2.0,False,a,,,,,2526
498,461484,33,328,Joe White,White,3,0.0,4.5,15,4,Home,2026-04-18T14:00:00Z,1,2,0,0,0,0,0,0,0,0,0,0,0.0,0.0,0.0,0.0,0,0.0,0.0,0.0,0.0,False,u,has joined Bradford City on loan for the rest of the season.,,,,2526
499,219168,33,325,Alexander Isak,Isak,4,4.4,10.3,12,9,Away,2026-04-19T13:00:00Z,2,1,71,0,0,0,1,0,0,0,6,2,0.12,0.0,0.12,0.78,0,2.2,2.0,0.5,19.0,False,a,,,,,2526
500,538207,33,328,William Osula,Osula,4,0.6,5.4,15,4,Home,2026-04-18T14:00:00Z,1,2,90,1,0,0,2,0,0,3,30,9,0.39,0.04,0.43,2.99,2,7.8,35.4,12.4,30.0,False,a,,,,,2526
501,599303,33,328,Sean Neave,Neave,4,0.3,4.3,15,4,Home,2026-04-18T14:00:00Z,1,2,0,0,0,0,0,0,0,0,0,0,0.0,0.0,0.0,0.0,0,0.0,0.0,0.0,0.0,False,a,,,,,2526
502,85633,33,329,Matz Sels,Sels,1,5.1,4.6,16,3,Home,2026-04-19T13:00:00Z,4,1,90,0,0,0,1,0,0,0,9,2,0.0,0.0,0.0,0.36,0,1.4,13.8,0.0,0.0,False,a,,,,,2526
503,475123,33,329,Carlos Miguel dos Santos Pereira,C.Miguel,1,0.1,4.0,16,3,Home,2026-04-19T13:00:00Z,4,1,0,0,0,0,0,0,0,0,0,0,0.0,0.0,0.0,0.0,0,0.0,0.0,0.0,0.0,False,u,Has joined Palmeiras permanently.,,,,2526
504,224068,33,329,Matt Turner,Turner,1,0.1,4.0,16,3,Home,2026-04-19T13:00:00Z,4,1,0,0,0,0,0,0,0,0,0,0,0.0,0.0,0.0,0.0,0,0.0,0.0,0.0,0.0,False,u,Has joined Lyon permanently.,,,,2526
505,227444,33,329,Nikola Milenković,Milenković,2,3.5,5.1,16,3,Home,2026-04-19T13:00:00Z,4,1,90,0,1,0,1,0,0,0,15,5,0.0,0.0,0.0,0.36,7,0.8,7.4,0.4,0.0,False,a,,,,,2526
506,575476,33,329,Murillo Costa dos Santos,Murillo,2,2.0,5.2,16,3,Home,2026-04-19T13:00:00Z,4,1,41,0,0,0,0,0,0,0,8,1,0.0,0.0,0.0,0.04,6,1.2,11.6,0.3,0.0,False,i,Muscle injury - Expected back 04 May,,2.0,,2526
507,159506,33,329,Ola Aina,Aina,2,2.4,4.7,16,3,Home,2026-04-19T13:00:00Z,4,1,90,0,0,0,1,0,0,0,9,2,0.0,0.01,0.01,0.36,4,1.5,12.2,2.6,0.0,False,a,,,,,2526
508,215136,33,329,Neco Williams,N.Williams,2,5.1,4.8,16,3,Home,2026-04-19T13:00:00Z,4,1,90,0,0,0,1,0,0,0,8,2,0.07,0.19,0.26,0.36,3,4.9,14.8,16.4,18.0,False,a,,3.0,,,2526
509,451432,33,329,David Mota Veiga Teixeira do Carmo,David Carmo,2,0.0,4.5,16,3,Home,2026-04-19T13:00:00Z,4,1,0,0,0,0,0,0,0,0,0,0,0.0,0.0,0.0,0.0,0,0.0,0.0,0.0,0.0,False,u,has joined Real Oviedo on loan for the rest of the season.,,,,2526
510,575458,33,329,Jair Paula da Cunha Filho,Jair Cunha,2,0.1,4.2,16,3,Home,2026-04-19T13:00:00Z,4,1,48,0,0,0,1,0,0,0,6,1,0.0,0.0,0.0,0.32,6,1.7,15.8,1.6,0.0,False,a,,,,,2526
511,485047,33,329,Felipe Rodrigues da Silva,Morato,2,0.1,4.3,16,3,Home,2026-04-19T13:00:00Z,4,1,2,0,0,0,0,0,0,0,3,1,0.0,0.0,0.0,0.0,0,0.1,1.2,0.2,0.0,False,a,,,,,2526
512,204822,33,329,Omar Richards,O.Richards,2,0.0,4.5,16,3,Home,2026-04-19T13:00:00Z,4,1,0,0,0,0,0,0,0,0,0,0,0.0,0.0,0.0,0.0,0,0.0,0.0,0.0,0.0,False,u,has joined Rio Ave on loan for the rest of the season.,,,,2526
513,549067,33,329,Zach Abbott,Abbott,2,0.3,3.8,16,3,Home,2026-04-19T13:00:00Z,4,1,0,0,0,0,0,0,0,0,0,0,0.0,0.0,0.0,0.0,0,0.0,0.0,0.0,0.0,False,a,,,,,2526
514,90585,33,329,Willy Boly,Boly,2,0.3,3.8,16,3,Home,2026-04-19T13:00:00Z,4,1,0,0,0,0,0,0,0,0,0,0,0.0,0.0,0.0,0.0,0,0.0,0.0,0.0,0.0,False,i,Knee injury - Unknown return date,,,,2526
515,222531,33,329,Morgan Gibbs-White,Gibbs-White,3,11.5,7.5,16,3,Home,2026-04-19T13:00:00Z,4,1,88,3,0,0,1,0,0,3,71,20,0.73,0.02,0.75,0.36,4,19.1,101.8,15.5,74.0,True,a,,,1.0,2.0,2526
516,209046,33,329,Callum Hudson-Odoi,Hudson-Odoi,3,0.6,5.7,16,3,Home,2026-04-19T13:00:00Z,4,1,0,0,0,0,0,0,0,0,0,0,0.0,0.0,0.0,0.0,0,0.0,0.0,0.0,0.0,False,i,Muscle injury - Expected back 01 Jun,,,,2526
517,215379,33,329,Elliot Anderson,Anderson,3,7.2,5.6,16,3,Home,2026-04-19T13:00:00Z,4,1,90,0,0,0,1,0,0,0,13,2,0.0,0.05,0.05,0.36,11,2.7,14.0,13.3,0.0,False,a,,1.0,3.0,4.0,2526
518,510500,33,329,João Pedro Ferreira da Silva,Jota,3,0.0,5.4,16,3,Home,2026-04-19T13:00:00Z,4,1,0,0,0,0,0,0,0,0,0,0,0.0,0.0,0.0,0.0,0,0.0,0.0,0.0,0.0,False,u,has joined Besiktas on loan for the rest of the season.,,,,2526
519,250199,33,329,Nicolás Domínguez,Dominguez,3,0.0,5.0,16,3,Home,2026-04-19T13:00:00Z,4,1,1,0,1,0,0,0,0,0,17,4,0.0,0.18,0.18,0.0,5,3.8,23.6,14.6,0.0,False,a,,,,,2526
520,243345,33,329,Lewis O'Brien,O'Brien,3,0.0,5.0,16,3,Home,2026-04-19T13:00:00Z,4,1,0,0,0,0,0,0,0,0,0,0,0.0,0.0,0.0,0.0,0,0.0,0.0,0.0,0.0,False,u,Has joined Wrexham permanently.,,,,2526
521,210462,33,329,Ibrahim Sangaré,Sangaré,3,0.1,4.9,16,3,Home,2026-04-19T13:00:00Z,4,1,90,0,0,0,1,0,0,0,12,4,0.0,0.05,0.05,0.36,12,2.9,12.8,14.6,2.0,False,a,,,,,2526
522,204968,33,329,Ryan Yates,Yates,3,0.1,4.7,16,3,Home,2026-04-19T13:00:00Z,4,1,14,0,1,0,0,0,0,0,14,4,0.0,0.03,0.03,0.06,1,3.6,19.2,16.6,0.0,False,a,,,,,2526
523,569014,33,329,Eric da Silva Moreira,Da Silva Moreira,3,0.1,4.5,16,3,Home,2026-04-19T13:00:00Z,4,1,0,0,0,0,0,0,0,0,0,0,0.0,0.0,0.0,0.0,0,0.0,0.0,0.0,0.0,False,a,,,,,2526
524,495161,33,329,Marko Stamenić,Stamenic,3,0.0,4.5,16,3,Home,2026-04-19T13:00:00Z,4,1,0,0,0,0,0,0,0,0,0,0,0.0,0.0,0.0,0.0,0,0.0,0.0,0.0,0.0,False,u,Has joined Swansea City permanently.,,,,2526
525,60689,33,329,Chris Wood,Wood,4,4.6,7.1,16,3,Home,2026-04-19T13:00:00Z,4,1,75,0,0,0,1,0,0,0,7,2,0.15,0.02,0.17,0.3,1,2.6,0.0,13.3,13.0,False,a,,,,1.0,2526
526,482973,33,329,Igor Jesus Maciel da Cruz,Igor Jesus,4,1.9,5.8,16,3,Home,2026-04-19T13:00:00Z,4,1,45,1,0,0,0,0,0,2,34,7,0.24,0.0,0.24,0.14,4,6.8,40.4,6.3,21.0,False,a,,,,3.0,2526
527,210156,33,329,Taiwo Awoniyi,Awoniyi,4,0.3,5.2,16,3,Home,2026-04-19T13:00:00Z,4,1,0,0,0,0,0,0,0,0,0,0,0.0,0.0,0.0,0.0,0,0.0,0.0,0.0,0.0,False,a,,,,,2526
528,232571,33,321,Anthony Patterson,Patterson,1,0.1,4.2,17,2,Away,2026-04-19T13:00:00Z,3,4,0,0,0,0,0,0,0,0,0,0,0.0,0.0,0.0,0.0,0,0.0,0.0,0.0,0.0,False,u,has joined Millwall on loan for the rest of the season.,,,,2526
529,74854,33,321,Simon Moore,Moore,1,0.3,3.9,17,2,Away,2026-04-19T13:00:00Z,3,4,0,0,0,0,0,0,0,0,0,0,0.0,0.0,0.0,0.0,0,0.0,0.0,0.0,0.0,False,i,Hand injury - Unknown return date,,,,2526
530,490000,33,321,Blondy Nna Noukeu,Nna Noukeu,1,0.1,3.9,17,2,Away,2026-04-19T13:00:00Z,3,4,0,0,0,0,0,0,0,0,0,0,0.0,0.0,0.0,0.0,0,0.0,0.0,0.0,0.0,False,u,has joined US Boulogne CO permanently.,,,,2526
531,223827,33,321,Daniel Ballard,Ballard,2,3.4,4.7,17,2,Away,2026-04-19T13:00:00Z,3,4,27,0,0,0,1,1,0,0,-4,0,0.0,0.0,0.0,0.98,2,0.7,6.2,1.2,0.0,False,a,,,,,2526
532,487676,33,321,Trai Hume,Hume,2,0.4,4.5,17,2,Away,2026-04-19T13:00:00Z,3,4,27,1,0,0,1,0,0,0,18,7,0.08,0.0,0.08,0.98,4,6.1,43.8,0.3,17.0,False,a,,2.0,,,2526
533,220684,33,321,Aji Alese,Alese,2,0.0,4.0,17,2,Away,2026-04-19T13:00:00Z,3,4,0,0,0,0,0,0,0,0,0,0,0.0,0.0,0.0,0.0,0,0.0,0.0,0.0,0.0,False,u,has joined Portsmouth on loan for the rest of the season.,,,,2526
534,232820,33,321,Joe Anderson,Anderson,2,0.3,3.8,17,2,Away,2026-04-19T13:00:00Z,3,4,0,0,0,0,0,0,0,0,0,0,0.0,0.0,0.0,0.0,0,0.0,0.0,0.0,0.0,False,u,has joined Barrow FC permanently.,,,,2526
535,461195,33,321,Dennis Cirkin,Cirkin,2,0.0,4.0,17,2,Away,2026-04-19T13:00:00Z,3,4,0,0,0,0,0,0,0,0,0,0,0.0,0.0,0.0,0.0,0,0.0,0.0,0.0,0.0,False,a,,,,,2526
536,477547,33,321,Leo Fuhr Hjelde,Hjelde,2,0.0,4.0,17,2,Away,2026-04-19T13:00:00Z,3,4,0,0,0,0,0,0,0,0,0,0,0.0,0.0,0.0,0.0,0,0.0,0.0,0.0,0.0,False,u,has joined Sheffield United on loan for the rest of the season.,,,,2526
537,492066,33,321,Niall Huggins,Huggins,2,0.1,4.0,17,2,Away,2026-04-19T13:00:00Z,3,4,0,0,0,0,0,0,0,0,0,0,0.0,0.0,0.0,0.0,0,0.0,0.0,0.0,0.0,False,u,has joined Wycombe Wanderers on loan for the rest of the season.,,,,2526
538,514613,33,321,Zak Johnson,Johnson,2,0.2,3.8,17,2,Away,2026-04-19T13:00:00Z,3,4,0,0,0,0,0,0,0,0,0,0,0.0,0.0,0.0,0.0,0,0.0,0.0,0.0,0.0,False,u,has joined York City on loan for the rest of the season.,,,,2526
539,167512,33,321,Luke O'Nien,O'Nien,2,0.1,4.0,17,2,Away,2026-04-19T13:00:00Z,3,4,90,0,0,0,4,0,0,0,2,0,0.0,0.01,0.01,2.84,7,1.9,17.2,1.8,0.0,False,a,,,,,2526
540,465702,33,321,Timothée Pembélé,Pembele,2,0.3,3.9,17,2,Away,2026-04-19T13:00:00Z,3,4,0,0,0,0,0,0,0,0,0,0,0.0,0.0,0.0,0.0,0,0.0,0.0,0.0,0.0,False,u,has joined Le Havre AC on loan for the rest of the season.,,,,2526
541,434399,33,321,Reinildo Mandava,Reinildo,2,3.4,3.8,17,2,Away,2026-04-19T13:00:00Z,3,4,62,0,0,0,3,0,0,0,-5,1,0.0,0.01,0.01,1.86,3,2.5,7.8,15.3,2.0,False,a,,,,,2526
542,519634,33,321,Jenson Seelt,Seelt,2,0.1,4.0,17,2,Away,2026-04-19T13:00:00Z,3,4,0,0,0,0,0,0,0,0,0,0,0.0,0.0,0.0,0.0,0,0.0,0.0,0.0,0.0,False,u,has joined Wolfsburg on loan for the rest of the season.,,,,2526
543,535818,33,321,Simon Adingra,Adingra,3,0.3,4.9,17,2,Away,2026-04-19T13:00:00Z,3,4,0,0,0,0,0,0,0,0,0,0,0.0,0.0,0.0,0.0,0,0.0,0.0,0.0,0.0,False,u,has joined AS Monaco on loan for the rest of the season.,,,,2526
544,547027,33,321,Habib Diarra,Diarra,3,0.2,5.3,17,2,Away,2026-04-19T13:00:00Z,3,4,90,0,0,0,4,0,0,0,14,2,0.65,0.07,0.72,2.84,7,4.5,8.6,17.5,19.0,False,a,,,,1.0,2526
545,124165,33,321,Patrick Roberts,Roberts,3,0.0,5.4,17,2,Away,2026-04-19T13:00:00Z,3,4,0,0,0,0,0,0,0,0,0,0,0.0,0.0,0.0,0.0,0,0.0,0.0,0.0,0.0,False,u,has joined Birmingham City permanently.,,,,2526
546,626844,33,321,Milan Aleksić,Aleksić,3,0.0,4.9,17,2,Away,2026-04-19T13:00:00Z,3,4,0,0,0,0,0,0,0,0,0,0,0.0,0.0,0.0,0.0,0,0.0,0.0,0.0,0.0,False,a,,,,,2526
547,484420,33,321,Enzo Le Fée,E.Le Fée,3,1.7,4.8,17,2,Away,2026-04-19T13:00:00Z,3,4,90,0,1,0,4,0,0,2,37,9,0.06,0.33,0.39,2.84,12,10.4,36.6,39.2,28.0,False,a,,3.0,2.0,2.0,2526
548,461199,33,321,Romaine Mundle,Mundle,3,0.0,4.9,17,2,Away,2026-04-19T13:00:00Z,3,4,0,0,0,0,0,0,0,0,0,0,0.0,0.0,0.0,0.0,0,0.0,0.0,0.0,0.0,False,i,Hamstring injury - Expected back 01 Jun,,,,2526
549,223336,33,321,Dan Neil,Neil,3,0.0,4.8,17,2,Away,2026-04-19T13:00:00Z,3,4,0,0,0,0,0,0,0,0,0,0,0.0,0.0,0.0,0.0,0,0.0,0.0,0.0,0.0,False,u,has joined Ipswich Town on loan for the rest of the season.,,,,2526
550,215460,33,321,Ian Poveda-Ocampo,Poveda,3,0.0,4.7,17,2,Away,2026-04-19T13:00:00Z,3,4,0,0,0,0,0,0,0,0,0,0,0.0,0.0,0.0,0.0,0,0.0,0.0,0.0,0.0,False,a,,,,,2526
551,554197,33,321,Chris Rigg,Rigg,3,0.1,4.7,17,2,Away,2026-04-19T13:00:00Z,3,4,62,1,0,0,3,0,0,0,25,7,0.1,0.01,0.11,1.86,4,6.5,35.8,8.1,21.0,False,a,,,,,2526
552,577669,33,321,Noah Sadiki,Sadiki,3,0.1,4.9,17,2,Away,2026-04-19T13:00:00Z,3,4,90,0,1,0,4,1,0,0,16,4,0.08,0.03,0.11,2.84,8,6.6,29.2,27.3,9.0,False,a,,,,,2526
553,549912,33,321,Chemsdine Talbi,Talbi,3,0.2,4.9,17,2,Away,2026-04-19T13:00:00Z,3,4,27,0,0,0,1,0,0,0,2,1,0.0,0.0,0.0,0.98,1,0.3,0.0,1.1,2.0,False,a,,,,,2526
554,477851,33,321,Abdoullah Ba,Ba,3,0.3,4.3,17,2,Away,2026-04-19T13:00:00Z,3,4,0,0,0,0,0,0,0,0,0,0,0.0,0.0,0.0,0.0,0,0.0,0.0,0.0,0.0,False,a,,,,,2526
555,171422,33,321,Alan Browne,Browne,3,0.0,4.5,17,2,Away,2026-04-19T13:00:00Z,3,4,0,0,0,0,0,0,0,0,0,0,0.0,0.0,0.0,0.0,0,0.0,0.0,0.0,0.0,False,u,has joined Middlesbrough on loan for the rest of the season.,,,,2526
556,458297,33,321,Pierre Ekwah Elimby,Ekwah,3,0.0,4.5,17,2,Away,2026-04-19T13:00:00Z,3,4,0,0,0,0,0,0,0,0,0,0,0.0,0.0,0.0,0.0,0,0.0,0.0,0.0,0.0,False,u,Has joined AS Saint-Etienne permanently.,,,,2526
557,547410,33,321,Harrison Jones,H.Jones,3,0.1,4.3,17,2,Away,2026-04-19T13:00:00Z,3,4,0,0,0,0,0,0,0,0,0,0,0.0,0.0,0.0,0.0,0,0.0,0.0,0.0,0.0,False,a,,,,,2526
558,493837,33,321,Jay Matete,Matete,3,0.2,4.3,17,2,Away,2026-04-19T13:00:00Z,3,4,0,0,0,0,0,0,0,0,0,0,0.0,0.0,0.0,0.0,0,0.0,0.0,0.0,0.0,False,u,has joined MK Dons permanently.,,,,2526
559,500696,33,321,Nectarios Triantis,Triantis,3,0.0,4.4,17,2,Away,2026-04-19T13:00:00Z,3,4,0,0,0,0,0,0,0,0,0,0,0.0,0.0,0.0,0.0,0,0.0,0.0,0.0,0.0,False,u,has joined Minnesota United permanently.,,,,2526
560,437505,33,321,Wilson Isidor,Isidor,4,1.5,5.0,17,2,Away,2026-04-19T13:00:00Z,3,4,6,1,0,0,1,0,0,0,28,5,0.65,0.0,0.65,0.67,0,4.9,32.0,0.1,17.0,False,a,,,,,2526
561,564406,33,321,Eliezer Mayenda Dossou,Mayenda,4,0.5,5.2,17,2,Away,2026-04-19T13:00:00Z,3,4,0,0,0,0,0,0,0,0,0,0,0.0,0.0,0.0,0.0,0,0.0,0.0,0.0,0.0,False,a,,,,,2526
562,611975,33,321,Ahmed Abdullahi,Abdullahi,4,0.5,4.2,17,2,Away,2026-04-19T13:00:00Z,3,4,0,0,0,0,0,0,0,0,0,0,0.0,0.0,0.0,0.0,0,0.0,0.0,0.0,0.0,False,a,,,,,2526
563,551153,33,321,Luís Hemir Silva Semedo,Luís Hemir,4,0.1,4.4,17,2,Away,2026-04-19T13:00:00Z,3,4,0,0,0,0,0,0,0,0,0,0,0.0,0.0,0.0,0.0,0,0.0,0.0,0.0,0.0,False,u,has joined Moreirense on loan for the rest of the season.,,,,2526
564,440955,33,321,Nazarii Rusyn,Rusyn,4,0.1,4.4,17,2,Away,2026-04-19T13:00:00Z,3,4,0,0,0,0,0,0,0,0,0,0,0.0,0.0,0.0,0.0,0,0.0,0.0,0.0,0.0,False,u,has joined Arka on loan for the rest of the season.,,,,2526
565,184254,33,330,Guglielmo Vicario,Vicario,1,5.0,4.7,18,6,Home,2026-04-18T16:30:00Z,2,2,0,0,0,0,0,0,0,0,0,0,0.0,0.0,0.0,0.0,0,0.0,0.0,0.0,0.0,False,i,Hernia - Expected back 03 May,,,,2526
566,214572,33,330,Brandon Austin,Austin,1,0.3,3.9,18,6,Home,2026-04-18T16:30:00Z,2,2,0,0,0,0,0,0,0,0,0,0,0.0,0.0,0.0,0.0,0,0.0,0.0,0.0,0.0,False,a,,,,,2526
567,485055,33,330,Antonín Kinský,Kinsky,1,2.4,3.9,18,6,Home,2026-04-18T16:30:00Z,2,2,90,0,0,0,2,0,0,0,6,1,0.0,0.0,0.0,0.82,0,1.4,13.8,0.0,0.0,False,a,,,,,2526
568,441164,33,330,Pedro Porro Sauceda,Pedro Porro,2,13.6,5.1,18,6,Home,2026-04-18T16:30:00Z,2,2,90,1,0,0,2,0,0,1,25,10,0.18,0.06,0.24,0.82,11,11.2,56.6,19.4,36.0,False,a,,3.0,2.0,,2526
569,221632,33,330,Cristian Romero,Romero,2,3.0,5.0,18,6,Home,2026-04-18T16:30:00Z,2,2,0,0,0,0,0,0,0,0,0,0,0.0,0.0,0.0,0.0,0,0.0,0.0,0.0,0.0,False,i,Knee injury - Expected back 01 Jun,,,,2526
570,135720,33,330,Kevin Danso,Danso,2,0.3,4.2,18,6,Home,2026-04-18T16:30:00Z,2,2,90,0,0,0,2,1,0,0,1,2,0.0,0.0,0.0,0.82,12,1.8,17.6,0.3,0.0,False,a,,,,,2526
571,115556,33,330,Ben Davies,Davies,2,0.1,4.3,18,6,Home,2026-04-18T16:30:00Z,2,2,0,0,0,0,0,0,0,0,0,0,0.0,0.0,0.0,0.0,0,0.0,0.0,0.0,0.0,False,i,Ankle injury - Unknown return date,,,,2526
572,493125,33,330,Radu Drăgușin,Dragusin,2,0.0,4.5,18,6,Home,2026-04-18T16:30:00Z,2,2,0,0,0,0,0,0,0,0,0,0,0.0,0.0,0.0,0.0,0,0.0,0.0,0.0,0.0,False,a,,,,,2526
573,232859,33,330,Djed Spence,Spence,2,0.9,4.1,18,6,Home,2026-04-18T16:30:00Z,2,2,14,0,0,0,1,0,0,0,-1,1,0.0,0.0,0.0,0.32,1,0.2,2.0,0.0,0.0,False,a,,,,,2526
574,487053,33,330,Destiny Udogie,Udogie,2,0.3,4.3,18,6,Home,2026-04-18T16:30:00Z,2,2,75,0,0,0,1,0,0,0,9,2,0.0,0.0,0.0,0.5,4,0.9,6.8,0.5,2.0,False,d,Muscle injury - 25% chance of playing,,,,2526
575,491279,33,330,Micky van de Ven,Van de Ven,2,18.3,4.4,18,6,Home,2026-04-18T16:30:00Z,2,2,90,0,0,0,2,0,0,0,6,1,0.0,0.01,0.01,0.82,6,3.5,20.2,10.5,4.0,False,a,,,,,2526
576,548308,33,330,Ashley Phillips,Phillips,2,0.0,4.0,18,6,Home,2026-04-18T16:30:00Z,2,2,0,0,0,0,0,0,0,0,0,0,0.0,0.0,0.0,0.0,0,0.0,0.0,0.0,0.0,False,u,Has joined Stoke City on loan for the rest of the season.,,,,2526
577,553299,33,330,Takai Kōta,Takai,2,0.0,4.0,18,6,Home,2026-04-18T16:30:00Z,2,2,0,0,0,0,0,0,0,0,0,0,0.0,0.0,0.0,0.0,0,0.0,0.0,0.0,0.0,False,u,has joined Borussia Mönchengladbach on loan for the rest of the season.,,,,2526
578,610799,33,330,Luka Vušković,Vuskovic,2,0.3,3.9,18,6,Home,2026-04-18T16:30:00Z,2,2,0,0,0,0,0,0,0,0,0,0,0.0,0.0,0.0,0.0,0,0.0,0.0,0.0,0.0,False,u,has joined Hamburger SV on loan for the rest of the season.,,,,2526
579,85971,33,330,Son Heung-min,Son,3,0.1,8.5,18,6,Home,2026-04-18T16:30:00Z,2,2,0,0,0,0,0,0,0,0,0,0,0.0,0.0,0.0,0.0,0,0.0,0.0,0.0,0.0,False,u,has joined Los Angeles FC permanently.,,,,2526
580,242898,33,324,Brennan Johnson,Johnson,3,2.3,6.5,8,19,Home,2026-04-20T19:00:00Z,0,0,77,0,0,1,0,1,0,0,-1,2,0.38,0.04,0.42,0.57,7,0.5,0.0,1.7,7.0,False,a,,1.0,3.0,,2526
581,172780,33,330,James Maddison,Maddison,3,0.1,6.8,18,6,Home,2026-04-18T16:30:00Z,2,2,0,0,0,0,0,0,0,0,0,0,0.0,0.0,0.0,0.0,0,0.0,0.0,0.0,0.0,False,a,,,,,2526
582,460842,33,330,Mohammed Kudus,Kudus,3,9.2,6.4,18,6,Home,2026-04-18T16:30:00Z,2,2,0,0,0,0,0,0,0,0,0,0,0.0,0.0,0.0,0.0,0,0.0,0.0,0.0,0.0,False,i,Thigh injury - Unknown return date,,4.0,3.0,2526
583,445044,33,330,Dejan Kulusevski,Kulusevski,3,0.0,6.4,18,6,Home,2026-04-18T16:30:00Z,2,2,0,0,0,0,0,0,0,0,0,0,0.0,0.0,0.0,0.0,0,0.0,0.0,0.0,0.0,False,i,Knee injury - Unknown return date,,,,2526
584,511499,33,330,Mathys Tel,Tel,3,0.1,6.2,18,6,Home,2026-04-18T16:30:00Z,2,2,33,0,0,0,1,0,0,0,4,1,0.0,0.04,0.04,0.37,2,2.5,8.4,14.9,2.0,False,a,,1.0,,,2526
585,202993,33,330,Rodrigo Bentancur,Bentancur,3,0.2,5.2,18,6,Home,2026-04-18T16:30:00Z,2,2,66,0,0,0,1,0,0,0,21,4,0.01,0.0,0.01,0.5,12,1.5,11.0,0.8,3.0,False,a,,,,,2526
586,570526,33,330,Lucas Bergvall,Bergvall,3,0.2,5.2,18,6,Home,2026-04-18T16:30:00Z,2,2,14,0,1,0,1,0,0,0,14,4,0.0,0.0,0.0,0.32,4,3.3,20.4,10.5,2.0,False,a,,,,,2526
587,227127,33,330,Yves Bissouma,Bissouma,3,0.0,5.2,18,6,Home,2026-04-18T16:30:00Z,2,2,56,0,0,0,1,1,0,0,-3,0,0.0,0.0,0.0,0.44,4,0.0,0.0,1.7,0.0,False,a,,,,,2526
588,550839,33,330,Wilson Odobert,Odobert,3,0.0,5.3,18,6,Home,2026-04-18T16:30:00Z,2,2,0,0,0,0,0,0,0,0,0,0,0.0,0.0,0.0,0.0,0,0.0,0.0,0.0,0.0,False,i,Knee injury - Unknown return date,,,,2526
589,235674,33,330,Manor Solomon,Solomon,3,0.0,5.4,18,6,Home,2026-04-18T16:30:00Z,2,2,0,0,0,0,0,0,0,0,0,0,0.0,0.0,0.0,0.0,0,0.0,0.0,0.0,0.0,False,u,has joined Fiorentina on loan for the rest of the season.,,,,2526
590,436234,33,330,Bryan Gil Salvatierra,Bryan,3,0.0,4.9,18,6,Home,2026-04-18T16:30:00Z,2,2,0,0,0,0,0,0,0,0,0,0,0.0,0.0,0.0,0.0,0,0.0,0.0,0.0,0.0,False,u,has joined Girona permanently.,,,,2526
591,547701,33,330,Archie Gray,Gray,3,0.2,4.8,18,6,Home,2026-04-18T16:30:00Z,2,2,33,0,0,0,1,0,0,0,6,1,0.04,0.0,0.04,0.37,2,2.4,6.8,0.2,17.0,False,a,,,,,2526
592,499721,33,330,Mikey Moore,Moore,3,0.0,5.0,18,6,Home,2026-04-18T16:30:00Z,2,2,0,0,0,0,0,0,0,0,0,0,0.0,0.0,0.0,0.0,0,0.0,0.0,0.0,0.0,False,u,Has joined Rangers on loan for the rest of the season.,,,,2526
593,482442,33,330,Pape Matar Sarr,P.M.Sarr,3,1.1,4.5,18,6,Home,2026-04-18T16:30:00Z,2,2,0,0,0,0,0,0,0,0,0,0,0.0,0.0,0.0,0.0,0,0.0,0.0,0.0,0.0,False,i,Shoulder injury - Unknown return date,,,,2526
594,623095,33,330,Yang Min-hyeok,Min-hyeok,3,0.0,4.5,18,6,Home,2026-04-18T16:30:00Z,2,2,0,0,0,0,0,0,0,0,0,0,0.0,0.0,0.0,0.0,0,0.0,0.0,0.0,0.0,False,u,has joined Coventry City on loan for the rest of the season.,,,,2526
595,499726,33,330,Callum Olusesi,Olusesi,3,0.2,4.3,18,6,Home,2026-04-18T16:30:00Z,2,2,0,0,0,0,0,0,0,0,0,0,0.0,0.0,0.0,0.0,0,0.0,0.0,0.0,0.0,False,a,,,,,2526
596,154566,33,330,Dominic Solanke-Mitchell,Solanke,4,3.5,7.2,18,6,Home,2026-04-18T16:30:00Z,2,2,90,0,0,0,2,0,0,0,11,2,0.05,0.03,0.08,0.82,6,4.7,10.4,12.3,24.0,False,a,,,,2.0,2526
597,212319,33,330,Richarlison de Andrade,Richarlison,4,5.8,6.3,18,6,Home,2026-04-18T16:30:00Z,2,2,0,0,0,0,0,0,0,0,0,0,0.0,0.0,0.0,0.0,0,0.0,0.0,0.0,0.0,False,a,,,,5.0,2526
598,552427,33,330,Will Lankshear,Lankshear,4,0.0,4.5,18,6,Home,2026-04-18T16:30:00Z,2,2,0,0,0,0,0,0,0,0,0,0,0.0,0.0,0.0,0.0,0,0.0,0.0,0.0,0.0,False,u,has joined Oxford United on loan for the rest of the season.,,,,2526
599,490145,33,330,Dane Scarlett,Scarlett,4,0.5,4.3,18,6,Home,2026-04-18T16:30:00Z,2,2,0,0,0,0,0,0,0,0,0,0,0.0,0.0,0.0,0.0,0,0.0,0.0,0.0,0.0,False,u,has joined Hibernian on loan for the rest of the season.,,,,2526
600,84182,33,324,Alphonse Areola,Areola,1,2.0,4.2,19,8,Away,2026-04-20T19:00:00Z,0,0,0,0,0,0,0,0,0,0,0,0,0.0,0.0,0.0,0.0,0,0.0,0.0,0.0,0.0,False,a,,,,,2526
601,82143,33,324,Wes Foderingham,Foderingham,1,0.2,4.0,19,8,Away,2026-04-20T19:00:00Z,0,0,0,0,0,0,0,0,0,0,0,0,0.0,0.0,0.0,0.0,0,0.0,0.0,0.0,0.0,False,u,has joined Aris Limassol permanently.,,,,2526
602,483364,33,324,Krisztián Hegyi,Hegyi,1,0.2,3.9,19,8,Away,2026-04-20T19:00:00Z,0,0,0,0,0,0,0,0,0,0,0,0,0.0,0.0,0.0,0.0,0,0.0,0.0,0.0,0.0,False,u,has joined MTK Budapest on loan for the rest of the season.,,,,2526
603,613804,33,324,El Hadji Malick Diouf,Diouf,2,2.9,4.1,19,8,Away,2026-04-20T19:00:00Z,0,0,90,0,0,1,0,1,0,0,22,5,0.01,0.13,0.14,0.73,5,4.9,15.2,32.8,1.0,False,a,,,,,2526
604,109533,33,324,Emerson Palmieri dos Santos,Emerson,2,0.0,4.4,19,8,Away,2026-04-20T19:00:00Z,0,0,0,0,0,0,0,0,0,0,0,0,0.0,0.0,0.0,0.0,0,0.0,0.0,0.0,0.0,False,u,has joined Marseille permanently.,,,,2526
605,214048,33,324,Maximilian Kilman,Kilman,2,0.1,4.1,19,8,Away,2026-04-20T19:00:00Z,0,0,0,0,0,0,0,0,0,0,0,0,0.0,0.0,0.0,0.0,0,0.0,0.0,0.0,0.0,False,a,,,,,2526
606,233963,33,324,Konstantinos Mavropanos,Mavropanos,2,4.1,4.5,19,8,Away,2026-04-20T19:00:00Z,0,0,90,0,0,1,0,0,0,0,26,6,0.12,0.0,0.12,0.73,8,5.6,19.4,0.2,36.0,False,a,,,,,2526
607,210494,33,324,Nayef Aguerd,N.Aguerd,2,0.0,4.4,19,8,Away,2026-04-20T19:00:00Z,0,0,0,0,0,0,0,0,0,0,0,0,0.0,0.0,0.0,0.0,0,0.0,0.0,0.0,0.0,False,u,has joined Marseille permanently.,,,,2526
608,536109,33,324,Ollie Scarles,Scarles,2,0.0,4.3,19,8,Away,2026-04-20T19:00:00Z,0,0,0,0,0,0,0,0,0,0,0,0,0.0,0.0,0.0,0.0,0,0.0,0.0,0.0,0.0,False,a,,5.0,,,2526
609,462116,33,324,Jean-Clair Todibo,Todibo,2,0.1,4.3,19,8,Away,2026-04-20T19:00:00Z,0,0,0,0,0,0,0,0,0,0,0,0,0.0,0.0,0.0,0.0,0,0.0,0.0,0.0,0.0,False,a,,,,,2526
610,214590,33,324,Aaron Wan-Bissaka,Wan-Bissaka,2,4.5,4.1,19,8,Away,2026-04-20T19:00:00Z,0,0,0,0,0,0,0,0,0,0,0,0,0.0,0.0,0.0,0.0,0,0.0,0.0,0.0,0.0,False,a,,,,,2526
611,518438,33,324,Kaelan Casey,Casey,2,0.1,4.0,19,8,Away,2026-04-20T19:00:00Z,0,0,0,0,0,0,0,0,0,0,0,0,0.0,0.0,0.0,0.0,0,0.0,0.0,0.0,0.0,False,u,has joined Leyton Orient on loan for the rest of the season.,,,,2526
612,224024,33,324,Lucas Tolentino Coelho de Lima,L.Paquetá,3,1.1,5.9,19,8,Away,2026-04-20T19:00:00Z,0,0,0,0,0,0,0,0,0,0,0,0,0.0,0.0,0.0,0.0,0,0.0,0.0,0.0,0.0,False,u,has joined Flamengo permanently.,,,,2526
613,215439,33,324,Tomáš Souček,Souček,3,0.3,5.7,19,8,Away,2026-04-20T19:00:00Z,0,0,90,0,0,1,0,0,0,0,14,3,0.0,0.02,0.02,0.73,9,1.9,12.6,4.4,2.0,False,a,,,,,2526
614,101178,33,329,James Ward-Prowse,Ward-Prowse,3,0.2,5.6,3,16,Away,2026-04-19T13:00:00Z,1,4,90,0,0,0,4,0,0,0,13,2,0.04,0.04,0.08,1.19,9,4.2,13.8,21.2,7.0,,a,,1.0,1.0,,2526
614,101178,33,334,James Ward-Prowse,Ward-Prowse,3,0.2,5.6,3,13,Home,2026-04-22T19:00:00Z,0,1,90,0,0,0,1,0,0,0,20,4,0.03,0.04,0.07,3.54,19,3.0,19.0,8.7,2.0,,a,,1.0,1.0,,2526
615,450070,33,324,Crysencio Summerville,Summerville,3,1.5,5.5,19,8,Away,2026-04-20T19:00:00Z,0,0,90,0,0,1,0,0,0,0,9,3,0.12,0.02,0.14,0.73,8,2.3,8.6,4.9,9.0,False,a,,2.0,,,2526
616,213999,33,324,Edson Álvarez Velázquez,Álvarez,3,0.0,4.9,19,8,Away,2026-04-20T19:00:00Z,0,0,0,0,0,0,0,0,0,0,0,0,0.0,0.0,0.0,0.0,0,0.0,0.0,0.0,0.0,False,u,Has joined Fenerbahçe on loan for the rest of the season.,,,,2526
617,149519,33,324,Maxwel Cornet,Cornet,3,0.0,4.9,19,8,Away,2026-04-20T19:00:00Z,0,0,0,0,0,0,0,0,0,0,0,0,0.0,0.0,0.0,0.0,0,0.0,0.0,0.0,0.0,False,u,has joined Genoa on loan for the rest of the season.,,,,2526
618,197024,33,324,Guido Rodríguez,G.Rodriguez,3,0.0,4.8,19,8,Away,2026-04-20T19:00:00Z,0,0,0,0,0,0,0,0,0,0,0,0,0.0,0.0,0.0,0.0,0,0.0,0.0,0.0,0.0,False,u,has joined Valencia on loan for the rest of the season.,,,,2526
619,577114,33,324,Luis Guilherme Lira dos Santos,L.Guilherme,3,0.0,4.9,19,8,Away,2026-04-20T19:00:00Z,0,0,0,0,0,0,0,0,0,0,0,0,0.0,0.0,0.0,0.0,0,0.0,0.0,0.0,0.0,False,u,has joined Sporting CP permanently.,,,,2526
620,490885,33,324,George Earthy,Earthy,3,0.0,4.5,19,8,Away,2026-04-20T19:00:00Z,0,0,0,0,0,0,0,0,0,0,0,0,0.0,0.0,0.0,0.0,0,0.0,0.0,0.0,0.0,False,u,has joined Bristol City on loan for the rest of the season.,,,,2526
621,229384,33,324,Andy Irving,Irving,3,0.2,4.3,19,8,Away,2026-04-20T19:00:00Z,0,0,0,0,0,0,0,0,0,0,0,0,0.0,0.0,0.0,0.0,0,0.0,0.0,0.0,0.0,False,u,has joined Sparta Prague permanently.,,,,2526
622,518442,33,324,Lewis Orford,Orford,3,0.1,4.4,19,8,Away,2026-04-20T19:00:00Z,0,0,0,0,0,0,0,0,0,0,0,0,0.0,0.0,0.0,0.0,0,0.0,0.0,0.0,0.0,False,u,has joined Stevenage on loan for the rest of the season.,,,,2526
623,490142,33,324,Freddie Potts,Potts,3,0.5,4.3,19,8,Away,2026-04-20T19:00:00Z,0,0,0,0,0,0,0,0,0,0,0,0,0.0,0.0,0.0,0.0,0,0.0,0.0,0.0,0.0,False,a,,,,,2526
624,178186,33,324,Jarrod Bowen,Bowen,4,18.0,7.7,19,8,Away,2026-04-20T19:00:00Z,0,0,90,0,0,1,0,0,0,0,9,2,0.04,0.1,0.14,0.73,8,3.5,11.6,16.5,7.0,False,a,,1.0,1.0,2.0,2526
625,91889,33,324,Niclas Füllkrug,Füllkrug,4,0.6,5.6,19,8,Away,2026-04-20T19:00:00Z,0,0,0,0,0,0,0,0,0,0,0,0,0.0,0.0,0.0,0.0,0,0.0,0.0,0.0,0.0,False,u,has joined AC Milan on loan for the rest of the season.,,,,2526
626,565431,33,324,Callum Marshall,Marshall,4,0.5,4.3,19,8,Away,2026-04-20T19:00:00Z,0,0,0,0,0,0,0,0,0,0,0,0,0.0,0.0,0.0,0.0,0,0.0,0.0,0.0,0.0,False,u,has joined VfL Bochum 1848 on loan for the rest of the season.,,,,2526
627,101982,33,326,Sam Johnstone,Johnstone,1,0.1,4.4,20,11,Away,2026-04-18T14:00:00Z,0,3,0,0,0,0,0,0,0,0,0,0,0.0,0.0,0.0,0.0,0,0.0,0.0,0.0,0.0,False,i,Shoulder injury - Expected back 24 May,,,,2526
628,149065,33,326,José Malheiro de Sá,José Sá,1,1.2,4.2,20,11,Away,2026-04-18T14:00:00Z,0,3,0,0,0,0,0,0,0,0,0,0,0.0,0.0,0.0,0.0,0,0.0,0.0,0.0,0.0,False,d,Shoulder injury - 75% chance of playing,,,,2526
629,79602,33,326,Daniel Bentley,Bentley,1,0.6,3.9,20,11,Away,2026-04-18T14:00:00Z,0,3,90,0,0,0,3,0,0,0,5,2,0.0,0.0,0.0,2.82,0,2.8,27.6,0.0,0.0,False,a,,,,,2526
630,138001,33,325,Tom King,King,1,1.2,3.9,9,12,Home,2026-04-19T13:00:00Z,1,2,0,0,0,0,0,0,0,0,0,0,0.0,0.0,0.0,0.0,0,0.0,0.0,0.0,0.0,False,a,,,,,2526
631,516939,33,326,Emmanuel Agbadou,Agbadou,2,0.1,4.2,20,11,Away,2026-04-18T14:00:00Z,0,3,0,0,0,0,0,0,0,0,0,0,0.0,0.0,0.0,0.0,0,0.0,0.0,0.0,0.0,False,u,has joined Besiktas permanently.,,,,2526
632,87835,33,326,Matt Doherty,Doherty,2,0.1,4.4,20,11,Away,2026-04-18T14:00:00Z,0,3,0,0,0,0,0,0,0,0,0,0,0.0,0.0,0.0,0.0,0,0.0,0.0,0.0,0.0,False,a,,,,,2526
633,490721,33,326,Hugo Bueno López,H.Bueno,2,0.2,4.3,20,11,Away,2026-04-18T14:00:00Z,0,3,90,0,0,0,3,1,0,0,-4,0,0.0,0.11,0.11,2.82,5,3.8,9.2,26.7,2.0,False,a,,1.0,,,2526
634,501837,33,326,Yerson Mosquera Valdelamar,Mosquera,2,0.1,4.3,20,11,Away,2026-04-18T14:00:00Z,0,3,0,0,0,0,0,0,0,0,0,0,0.0,0.0,0.0,0.0,0,0.0,0.0,0.0,0.0,False,s,Suspended until 02 May,,,,2526
635,483081,33,326,Rodrigo Martins Gomes,R.Gomes,2,0.1,4.4,20,11,Away,2026-04-18T14:00:00Z,0,3,23,0,0,0,1,0,0,0,-4,1,0.11,0.0,0.11,0.96,0,0.3,0.0,0.3,4.0,False,a,,,,,2526
636,231480,33,326,Santiago Ignacio Bueno,S.Bueno,2,0.2,4.4,20,11,Away,2026-04-18T14:00:00Z,0,3,90,0,0,0,3,0,0,0,3,3,0.0,0.02,0.02,2.82,11,2.5,24.2,1.0,0.0,False,a,,,,,2526
637,510362,33,326,Toti Gomes,Toti,2,0.1,4.2,20,11,Away,2026-04-18T14:00:00Z,0,3,90,0,0,0,3,0,0,0,6,3,0.0,0.0,0.0,2.82,18,3.4,31.2,0.3,2.0,False,a,,,,,2526
638,441271,33,326,Ki-Jana Hoever,Hoever,2,0.9,3.8,20,11,Away,2026-04-18T14:00:00Z,0,3,0,0,0,0,0,0,0,0,0,0,0.0,0.0,0.0,0.0,0,0.0,0.0,0.0,0.0,False,u,has joined Sheffield United on loan for the rest of the season.,,,,2526
639,560248,33,326,Bastien Meupiyou Menadjou,Meupiyou,2,0.0,4.0,20,11,Away,2026-04-18T14:00:00Z,0,3,0,0,0,0,0,0,0,0,0,0,0.0,0.0,0.0,0.0,0,0.0,0.0,0.0,0.0,False,u,On loan to FC Alverca,,,,2526
640,641221,33,326,Pedro Cardoso de Lima,Pedro Lima,2,0.4,4.0,20,11,Away,2026-04-18T14:00:00Z,0,3,45,0,0,0,1,0,0,0,-3,1,0.02,0.0,0.02,1.04,1,0.5,0.0,0.3,5.0,False,a,,,,,2526
641,517179,33,326,Alfie Pond,Pond,2,0.9,3.9,20,11,Away,2026-04-18T14:00:00Z,0,3,0,0,0,0,0,0,0,0,0,0,0.0,0.0,0.0,0.0,0,0.0,0.0,0.0,0.0,False,u,has joined Crewe Alexandra on loan for the rest of the season.,,,,2526
642,184754,33,326,Hwang Hee-chan,Hee Chan,3,0.1,5.6,20,11,Away,2026-04-18T14:00:00Z,0,3,15,0,0,0,1,0,0,0,2,1,0.0,0.0,0.0,0.94,2,0.3,1.2,1.3,0.0,False,a,,,2.0,3.0,2526
643,509291,33,326,André Trindade da Costa Neto,André,3,0.1,5.2,20,11,Away,2026-04-18T14:00:00Z,0,3,90,0,0,0,3,0,0,0,22,4,0.0,0.02,0.02,2.82,14,2.1,17.2,3.8,0.0,False,a,,,,,2526
644,231057,33,326,Jean-Ricner Bellegarde,Bellegarde,3,0.1,5.1,20,11,Away,2026-04-18T14:00:00Z,0,3,66,0,0,0,2,0,0,0,9,2,0.0,0.03,0.03,1.86,4,0.9,6.0,1.3,2.0,False,a,,,4.0,,2526
645,643135,33,326,Fer López González,Fer López,3,0.0,5.1,20,11,Away,2026-04-18T14:00:00Z,0,3,0,0,0,0,0,0,0,0,0,0,0.0,0.0,0.0,0.0,0,0.0,0.0,0.0,0.0,False,u,has joined Celta Vigo on loan for the rest of the season.,,,,2526
646,448089,33,326,João Victor Gomes da Silva,J.Gomes,3,0.4,5.3,20,11,Away,2026-04-18T14:00:00Z,0,3,90,0,0,0,3,0,0,0,8,2,0.0,0.02,0.02,2.82,10,0.7,3.4,3.9,0.0,False,a,,,3.0,,2526
647,181284,33,326,Gonçalo Manuel Ganchinho Guedes,Guedes,3,0.0,5.5,20,11,Away,2026-04-18T14:00:00Z,0,3,0,0,0,0,0,0,0,0,0,0,0.0,0.0,0.0,0.0,0,0.0,0.0,0.0,0.0,False,u,Has joined Real Sociedad permanently.,,,,2526
648,433312,33,326,Marshall Munetsi,Munetsi,3,0.0,5.3,20,11,Away,2026-04-18T14:00:00Z,0,3,0,0,0,0,0,0,0,0,0,0,0.0,0.0,0.0,0.0,0,0.0,0.0,0.0,0.0,False,u,has joined Paris FC on loan for the rest of the season.,,,,2526
649,476502,33,326,Boubacar Traoré,B.Traore,3,0.0,5.0,20,11,Away,2026-04-18T14:00:00Z,0,3,0,0,0,0,0,0,0,0,0,0,0.0,0.0,0.0,0.0,0,0.0,0.0,0.0,0.0,False,u,Has joined FC Metz on loan for the rest of the season.,,,,2526
650,497606,33,326,Tawanda Chirewa,Chirewa,3,0.2,4.3,20,11,Away,2026-04-18T14:00:00Z,0,3,0,0,0,0,0,0,0,0,0,0,0.0,0.0,0.0,0.0,0,0.0,0.0,0.0,0.0,False,u,has joined Barnsley on loan for the rest of the season.,,,,2526
651,596054,33,326,Tom Edozie,Edozie,3,0.4,4.3,20,11,Away,2026-04-18T14:00:00Z,0,3,0,0,0,0,0,0,0,0,0,0,0.0,0.0,0.0,0.0,0,0.0,0.0,0.0,0.0,False,a,,,,,2526
652,593001,33,326,Enso González Medina,Gonzalez,3,1.2,4.3,20,11,Away,2026-04-18T14:00:00Z,0,3,0,0,0,0,0,0,0,0,0,0,0.0,0.0,0.0,0.0,0,0.0,0.0,0.0,0.0,False,a,,,,,2526
653,240299,33,326,Joe Hodge,Hodge,3,0.0,4.5,20,11,Away,2026-04-18T14:00:00Z,0,3,0,0,0,0,0,0,0,0,0,0,0.0,0.0,0.0,0.0,0,0.0,0.0,0.0,0.0,False,u,Signed by CD Tondela,,,,2526
654,247412,33,324,Jørgen Strand Larsen,Strand Larsen,4,1.5,5.9,8,19,Home,2026-04-20T19:00:00Z,0,0,58,0,0,0,0,0,0,0,0,1,0.15,0.01,0.16,0.56,1,0.8,0.0,2.2,8.0,False,a,,,,,2526
655,449988,33,326,Fábio Soares Silva,Fábio Silva,4,0.2,4.9,20,11,Away,2026-04-18T14:00:00Z,0,3,0,0,0,0,0,0,0,0,0,0,0.0,0.0,0.0,0.0,0,0.0,0.0,0.0,0.0,False,u,has joined Borussia Dortmund permanently.,,,,2526
656,429414,33,326,Saša Kalajdžić,Kalajdžić,4,0.0,4.9,20,11,Away,2026-04-18T14:00:00Z,0,3,0,0,0,0,0,0,0,0,0,0,0.0,0.0,0.0,0.0,0,0.0,0.0,0.0,0.0,False,u,has joined LASK on loan for the rest of the season.,,,,2526
657,589507,33,326,Leon Chiwome,Chiwome,4,0.0,4.4,20,11,Away,2026-04-18T14:00:00Z,0,3,0,0,0,0,0,0,0,0,0,0,0.0,0.0,0.0,0.0,0,0.0,0.0,0.0,0.0,False,a,,,,,2526
658,531363,33,326,Nathan Fraser,Fraser,4,1.8,4.2,20,11,Away,2026-04-18T14:00:00Z,0,3,0,0,0,0,0,0,0,0,0,0,0.0,0.0,0.0,0.0,0,0.0,0.0,0.0,0.0,False,a,,,,,2526
659,158534,33,324,Kyle Walker-Peters,Walker-Peters,2,0.3,4.2,19,8,Away,2026-04-20T19:00:00Z,0,0,90,0,0,1,0,0,0,0,27,6,0.0,0.01,0.01,0.73,4,1.9,13.2,3.3,2.0,False,a,,,,,2526
660,466525,33,326,Anton Stach,Stach,3,1.6,4.8,11,20,Home,2026-04-18T14:00:00Z,3,0,0,0,0,0,0,0,0,0,0,0,0.0,0.0,0.0,0.0,0,0.0,0.0,0.0,0.0,,d,Ankle injury - 50% chance of playing,1.0,1.0,,2526
660,466525,33,332,Anton Stach,Stach,3,1.6,4.8,11,4,Away,2026-04-22T19:00:00Z,2,2,0,0,0,0,0,0,0,0,0,0,0.0,0.0,0.0,0.0,0,0.0,0.0,0.0,0.0,,d,Ankle injury - 50% chance of playing,1.0,1.0,,2526
661,510663,33,325,Hugo Ekitiké,Ekitiké,4,19.1,9.1,12,9,Away,2026-04-19T13:00:00Z,2,1,0,0,0,0,0,0,0,0,0,0,0.0,0.0,0.0,0.0,0,0.0,0.0,0.0,0.0,False,i,Achilles injury - Expected back 01 Jul,,,,2526
662,500040,33,327,Cristhian Mosquera,Mosquera,2,0.2,5.3,1,13,Away,2026-04-19T15:30:00Z,1,2,73,0,0,0,2,1,0,0,6,0,0.1,0.01,0.11,1.36,7,1.5,9.8,1.3,4.0,False,a,,,,,2526
663,230376,33,326,Jhon Arias,J.Arias,3,0.1,4.9,20,11,Away,2026-04-18T14:00:00Z,0,3,0,0,0,0,0,0,0,0,0,0,0.0,0.0,0.0,0.0,0,0.0,0.0,0.0,0.0,False,u,has joined Palmeiras permanently.,,,,2526
664,86873,33,322,Benjamin Lecomte,Lecomte,1,0.7,3.9,10,5,Away,2026-04-18T11:30:00Z,0,0,0,0,0,0,0,0,0,0,0,0,0.0,0.0,0.0,0.0,0,0.0,0.0,0.0,0.0,False,a,,,,,2526
665,201595,33,326,Lucas Estella Perri,Perri,1,0.3,4.4,11,20,Home,2026-04-18T14:00:00Z,3,0,0,0,0,0,0,0,0,0,0,0,0.0,0.0,0.0,0.0,0,0.0,0.0,0.0,0.0,,a,,,,,2526
665,201595,33,332,Lucas Estella Perri,Perri,1,0.3,4.4,11,4,Away,2026-04-22T19:00:00Z,2,2,0,0,0,0,0,0,0,0,0,0,0.0,0.0,0.0,0.0,0,0.0,0.0,0.0,0.0,,a,,,,,2526
666,224117,33,327,Viktor Gyökeres,Gyökeres,4,12.6,8.8,1,13,Away,2026-04-19T15:30:00Z,1,2,6,0,0,0,0,0,0,0,3,1,0.0,0.0,0.0,0.0,0,0.0,0.0,0.0,0.0,False,a,,,,2.0,2526
667,499300,33,325,Adam Aznou,Aznou,2,0.1,4.2,9,12,Home,2026-04-19T13:00:00Z,1,2,0,0,0,0,0,0,0,0,0,0,0.0,0.0,0.0,0.0,0,0.0,0.0,0.0,0.0,False,a,,,,,2526
668,84450,33,321,Granit Xhaka,Xhaka,3,3.3,5.1,17,2,Away,2026-04-19T13:00:00Z,3,4,90,0,0,0,4,0,0,0,13,2,0.01,0.04,0.05,2.84,11,1.6,7.4,7.1,1.0,False,a,,1.0,1.0,,2526
669,456512,33,329,Dan Ndoye,Ndoye,3,0.7,5.5,16,3,Home,2026-04-19T13:00:00Z,4,1,0,0,0,0,0,0,0,0,0,0,0.0,0.0,0.0,0.0,0,0.0,0.0,0.0,0.0,False,a,,4.0,,,2526
670,498016,33,321,Robin Roefs,Roefs,1,9.6,4.8,17,2,Away,2026-04-19T13:00:00Z,3,4,90,0,0,0,4,0,0,0,-1,1,0.0,0.0,0.0,2.84,0,2.0,20.0,0.0,0.0,False,a,,,,,2526
671,75115,33,324,Callum Wilson,Wilson,4,0.5,5.8,19,8,Away,2026-04-20T19:00:00Z,0,0,15,0,0,0,0,0,0,0,2,1,0.0,0.0,0.0,0.12,0,0.2,0.2,0.0,2.0,False,a,,,,,2526
672,551210,33,323,Jorrel Hato,Hato,2,0.2,4.6,7,14,Home,2026-04-18T19:00:00Z,0,1,90,0,0,0,1,1,0,0,12,1,0.0,0.02,0.02,0.29,6,1.7,14.0,3.1,0.0,,a,,,,,2526
672,551210,33,333,Jorrel Hato,Hato,2,0.2,4.6,7,6,Away,2026-04-21T19:00:00Z,0,3,90,0,0,0,3,0,0,0,9,1,0.0,0.01,0.01,2.14,9,2.8,26.4,1.8,0.0,,a,,,,,2526
673,154296,33,330,João Maria Lobo Alves Palhares Costa Palhinha Gonçalves,J.Palhinha,3,0.8,5.5,18,6,Home,2026-04-18T16:30:00Z,2,2,23,0,0,0,1,0,0,0,5,1,0.12,0.05,0.17,0.32,0,2.1,3.4,0.3,17.0,False,a,,,,,2526
674,225321,33,328,Aaron Ramsdale,Ramsdale,1,0.8,4.8,15,4,Home,2026-04-18T14:00:00Z,1,2,90,0,0,0,2,0,0,0,3,1,0.0,0.0,0.0,2.99,0,1.3,12.6,0.0,0.0,False,a,,,,,2526
675,107265,33,329,Angus Gunn,Gunn,1,1.1,4.0,16,3,Home,2026-04-19T13:00:00Z,4,1,0,0,0,0,0,0,0,0,0,0,0.0,0.0,0.0,0.0,0,0.0,0.0,0.0,0.0,False,a,,,,,2526
676,503714,33,329,Lesley Ugochukwu,Ugochukwu,3,0.1,5.0,3,16,Away,2026-04-19T13:00:00Z,1,4,75,0,0,0,2,0,0,0,6,2,0.0,0.0,0.0,0.93,4,0.9,7.8,0.9,0.0,,a,,,,,2526
676,503714,33,334,Lesley Ugochukwu,Ugochukwu,3,0.1,5.0,3,13,Home,2026-04-22T19:00:00Z,0,1,0,0,0,0,0,0,0,0,0,0,0.0,0.0,0.0,0.0,0,0.0,0.0,0.0,0.0,,a,,,,,2526
677,485337,33,324,Evann Guessand,Guessand,3,0.0,6.2,8,19,Home,2026-04-20T19:00:00Z,0,0,0,0,0,0,0,0,0,0,0,0,0.0,0.0,0.0,0.0,0,0.0,0.0,0.0,0.0,False,i,Knee injury - Expected back 02 May,,,,2526
678,105717,33,321,Arthur Masuaku,Masuaku,2,0.5,3.9,17,2,Away,2026-04-19T13:00:00Z,3,4,0,0,0,0,0,0,0,0,0,0,0.0,0.0,0.0,0.0,0,0.0,0.0,0.0,0.0,False,u,has joined RC Lens on loan for the rest of the season.,,,,2526
679,467189,33,324,Mads Hermansen,Hermansen,1,1.7,4.2,19,8,Away,2026-04-20T19:00:00Z,0,0,90,0,0,1,0,0,0,0,26,6,0.0,0.0,0.0,0.73,0,2.2,12.0,10.0,0.0,False,a,,,,,2526
680,440323,33,329,Armando Broja,Broja,4,0.1,5.2,3,16,Away,2026-04-19T13:00:00Z,1,4,6,0,0,0,1,0,0,0,4,1,0.0,0.01,0.01,0.22,0,0.7,2.2,4.8,0.0,,a,,,,,2526
680,440323,33,334,Armando Broja,Broja,4,0.1,5.2,3,13,Home,2026-04-22T19:00:00Z,0,1,8,0,0,0,0,0,0,0,3,1,0.0,0.0,0.0,1.13,1,0.3,2.2,0.3,0.0,,a,,,,,2526
681,485711,33,323,Benjamin Sesko,Šeško,4,6.2,7.3,14,7,Away,2026-04-18T19:00:00Z,1,0,79,0,0,1,0,0,0,0,6,2,0.03,0.01,0.04,1.49,2,0.7,2.2,3.2,2.0,False,a,,,,,2526
682,497949,33,326,David Møller Wolfe,Møller Wolfe,2,0.1,4.2,20,11,Away,2026-04-18T14:00:00Z,0,3,0,0,0,0,0,0,0,0,0,0,0.0,0.0,0.0,0.0,0,0.0,0.0,0.0,0.0,False,a,,,,,2526
683,201895,33,321,Omar Alderete,Alderete,2,6.1,4.1,17,2,Away,2026-04-19T13:00:00Z,3,4,62,0,0,0,3,0,0,0,-3,1,0.0,0.01,0.01,1.86,6,2.2,15.6,4.4,2.0,False,a,,,,,2526
684,465642,33,328,Malick Thiaw,Thiaw,2,5.6,5.1,15,4,Home,2026-04-18T14:00:00Z,1,2,90,0,0,0,2,0,0,0,11,1,0.24,0.01,0.25,2.99,5,3.0,14.4,1.2,14.0,False,a,,,,,2526
685,242882,33,328,Bafodé Diakité,Diakité,2,0.3,4.1,4,15,Away,2026-04-18T14:00:00Z,2,1,0,0,0,0,0,0,0,0,0,0,0.0,0.0,0.0,0.0,0,0.0,0.0,0.0,0.0,,a,,,,,2526
685,242882,33,332,Bafodé Diakité,Diakité,2,0.3,4.1,4,11,Home,2026-04-22T19:00:00Z,2,2,0,0,0,0,0,0,0,0,0,0,0.0,0.0,0.0,0.0,0,0.0,0.0,0.0,0.0,,a,,,,,2526
686,611922,33,325,Rio Ngumoha,Ngumoha,3,1.2,4.3,12,9,Away,2026-04-19T13:00:00Z,2,1,18,0,0,0,0,0,0,0,1,1,0.1,0.01,0.11,0.02,0,1.0,0.0,1.0,11.0,False,a,,,,,2526
687,606774,33,328,Remy Rees-Dottin,Rees-Dottin,3,0.2,4.3,4,15,Away,2026-04-18T14:00:00Z,2,1,0,0,0,0,0,0,0,0,0,0,0.0,0.0,0.0,0.0,0,0.0,0.0,0.0,0.0,,a,,,,,2526
687,606774,33,332,Remy Rees-Dottin,Rees-Dottin,3,0.2,4.3,4,11,Home,2026-04-22T19:00:00Z,2,2,0,0,0,0,0,0,0,0,0,0,0.0,0.0,0.0,0.0,0,0.0,0.0,0.0,0.0,,a,,,,,2526
688,481283,33,321,James Wright,Wright,1,0.6,3.9,2,17,Home,2026-04-19T13:00:00Z,4,3,0,0,0,0,0,0,0,0,0,0,0.0,0.0,0.0,0.0,0,0.0,0.0,0.0,0.0,False,a,,,,,2526
689,623110,33,328,Seung-Soo Park,Seung soo,3,0.5,4.3,15,4,Home,2026-04-18T14:00:00Z,1,2,0,0,0,0,0,0,0,0,0,0,0.0,0.0,0.0,0.0,0,0.0,0.0,0.0,0.0,False,a,,,,,2526
690,590014,33,324,Rio Cardines,Cardines,3,0.3,4.4,8,19,Home,2026-04-20T19:00:00Z,0,0,0,0,0,0,0,0,0,0,0,0,0.0,0.0,0.0,0.0,0,0.0,0.0,0.0,0.0,False,a,,,,,2526
691,177815,33,326,Dominic Calvert-Lewin,Calvert-Lewin,4,8.6,5.7,11,20,Home,2026-04-18T14:00:00Z,3,0,90,1,0,1,0,0,0,0,25,6,1.09,0.0,1.09,0.57,3,9.8,41.2,4.0,53.0,,a,,,,1.0,2526
691,177815,33,332,Dominic Calvert-Lewin,Calvert-Lewin,4,8.6,5.7,11,4,Away,2026-04-22T19:00:00Z,2,2,90,0,0,0,2,0,0,0,5,2,0.0,0.01,0.01,1.45,7,1.9,10.0,4.9,4.0,,a,,,,1.0,2526
692,647681,33,325,Giovanni Leoni,Leoni,2,0.0,4.9,12,9,Away,2026-04-19T13:00:00Z,2,1,0,0,0,0,0,0,0,0,0,0,0.0,0.0,0.0,0.0,0,0.0,0.0,0.0,0.0,False,i,Knee injury - Expected back 01 Sep,,,,2526
693,503301,33,329,Omari Hutchinson,Hutchinson,3,0.1,5.4,16,3,Home,2026-04-19T13:00:00Z,4,1,87,0,1,0,1,0,0,0,15,5,0.0,0.1,0.1,0.36,4,4.2,21.4,14.7,6.0,False,a,,2.0,,,2526
694,200834,33,321,Nordi Mukiele,Mukiele,2,10.3,4.6,17,2,Away,2026-04-19T13:00:00Z,3,4,90,0,0,0,4,1,0,0,-6,-1,0.0,0.03,0.03,2.84,7,3.0,13.0,16.9,0.0,False,a,,,,,2526
695,523705,33,326,Jackson Tchatchoua,Tchatchoua,2,0.0,4.4,20,11,Away,2026-04-18T14:00:00Z,0,3,45,0,0,0,2,0,0,0,-4,0,0.0,0.0,0.0,1.78,1,0.2,0.4,1.3,0.0,False,a,,,,,2526
696,465680,33,329,Arnaud Kalimuendo,Kalimuendo,4,0.1,6.0,16,3,Home,2026-04-19T13:00:00Z,4,1,0,0,0,0,0,0,0,0,0,0,0.0,0.0,0.0,0.0,0,0.0,0.0,0.0,0.0,False,u,has joined Eintracht Frankfurt on loan for the rest of the season.,,,,2526
697,489888,33,328,Amine Adli,Adli,3,0.3,5.4,4,15,Away,2026-04-18T14:00:00Z,2,1,0,0,0,0,0,0,0,0,0,0,0.0,0.0,0.0,0.0,0,0.0,0.0,0.0,0.0,,a,,,,,2526
697,489888,33,332,Amine Adli,Adli,3,0.3,5.4,4,11,Home,2026-04-22T19:00:00Z,2,2,17,0,0,0,1,0,0,0,4,1,0.05,0.03,0.08,0.38,1,2.1,2.4,11.7,7.0,,a,,,,,2526
698,435997,33,326,Noah Okafor,Okafor,3,1.1,5.5,11,20,Home,2026-04-18T14:00:00Z,3,0,66,1,1,1,0,0,0,3,42,14,0.36,0.17,0.53,0.46,9,15.2,65.2,44.3,42.0,,a,,,,,2526
698,435997,33,332,Noah Okafor,Okafor,3,1.1,5.5,11,4,Away,2026-04-22T19:00:00Z,2,2,63,0,0,0,1,0,0,0,4,2,0.19,0.0,0.19,0.82,8,1.3,1.4,1.2,10.0,,a,,,,,2526
699,230046,33,321,Douglas Luiz Soares de Paulo,Douglas Luiz,3,0.1,4.9,2,17,Home,2026-04-19T13:00:00Z,4,3,0,0,0,0,0,0,0,0,0,0,0.0,0.0,0.0,0.0,0,0.0,0.0,0.0,0.0,False,a,,1.0,,,2526
700,616077,33,327,Max Dowman,Dowman,3,1.0,4.2,1,13,Away,2026-04-19T15:30:00Z,1,2,0,0,0,0,0,0,0,0,0,0,0.0,0.0,0.0,0.0,0,0.0,0.0,0.0,0.0,False,a,,,,,2526
701,569577,33,321,Triston Rowe,Rowe,2,0.1,4.0,2,17,Home,2026-04-19T13:00:00Z,4,3,0,0,0,0,0,0,0,0,0,0,0.0,0.0,0.0,0.0,0,0.0,0.0,0.0,0.0,False,u,has joined Annecy on loan for the rest of the season.,,,,2526
702,645618,33,321,Bradley Burrowes,Burrowes,3,0.1,4.3,2,17,Home,2026-04-19T13:00:00Z,4,3,0,0,0,0,0,0,0,0,0,0,0.0,0.0,0.0,0.0,0,0.0,0.0,0.0,0.0,False,a,,,,,2526
703,564505,33,321,Sam Proctor,Proctor,1,0.6,3.9,2,17,Home,2026-04-19T13:00:00Z,4,3,0,0,0,0,0,0,0,0,0,0,0.0,0.0,0.0,0.0,0,0.0,0.0,0.0,0.0,False,a,,,,,2526
704,461446,33,325,Tyler Onyango,Onyango,3,0.0,4.5,9,12,Home,2026-04-19T13:00:00Z,1,2,0,0,0,0,0,0,0,0,0,0,0.0,0.0,0.0,0.0,0,0.0,0.0,0.0,0.0,False,u,has joined Stockport County on loan for the rest of the season.,,,,2526
705,491745,33,325,Elijah Campbell,Campbell,2,0.1,3.9,9,12,Home,2026-04-19T13:00:00Z,1,2,0,0,0,0,0,0,0,0,0,0,0.0,0.0,0.0,0.0,0,0.0,0.0,0.0,0.0,False,u,has joined Port Vale on loan for the rest of the season.,,,,2526
706,220627,33,326,James Justin,Justin,2,1.0,3.9,11,20,Home,2026-04-18T14:00:00Z,3,0,90,1,0,1,0,1,0,3,42,16,0.56,0.07,0.63,0.57,17,10.6,63.2,2.6,40.0,,a,,3.0,,,2526
706,220627,33,332,James Justin,Justin,2,1.0,3.9,11,4,Away,2026-04-22T19:00:00Z,2,2,90,0,0,0,2,0,0,0,5,3,0.0,0.0,0.0,1.45,10,2.5,22.4,2.5,0.0,,a,,3.0,,,2526
707,496661,33,325,Tyler Dibling,Dibling,3,0.0,5.3,9,12,Home,2026-04-19T13:00:00Z,1,2,0,0,0,0,0,0,0,0,0,0,0.0,0.0,0.0,0.0,0,0.0,0.0,0.0,0.0,False,a,,,,,2526
708,551226,33,324,Mateus Gonçalo Espanha Fernandes,M.Fernandes,3,0.4,5.5,19,8,Away,2026-04-20T19:00:00Z,0,0,90,0,0,1,0,0,0,0,22,5,0.0,0.04,0.04,0.73,13,1.6,8.6,5.3,2.0,False,a,,4.0,,,2526
709,431248,33,326,Ladislav Krejcí,Krejčí,2,0.1,4.5,20,11,Away,2026-04-18T14:00:00Z,0,3,74,0,0,0,2,0,0,0,7,1,0.15,0.03,0.18,1.88,6,7.2,23.2,4.7,44.0,False,d,Neck - 50% chance of playing,,,,2526
710,534836,33,321,Travis Patterson,Patterson,2,0.2,3.9,2,17,Home,2026-04-19T13:00:00Z,4,3,0,0,0,0,0,0,0,0,0,0,0.0,0.0,0.0,0.0,0,0.0,0.0,0.0,0.0,False,a,,,,,2526
711,646243,33,327,Andre Harriman-Annous,Harriman-Annous,3,0.0,4.4,1,13,Away,2026-04-19T15:30:00Z,1,2,0,0,0,0,0,0,0,0,0,0,0.0,0.0,0.0,0.0,0,0.0,0.0,0.0,0.0,False,a,,,,,2526
712,488024,33,324,Yéremy Pino Santos,Yeremy,3,0.2,5.8,8,19,Home,2026-04-20T19:00:00Z,0,0,58,0,0,0,0,0,0,0,3,1,0.0,0.04,0.04,0.56,7,3.7,8.2,24.4,4.0,False,a,,,1.0,,2526
713,551483,33,328,Álex Jiménez Sánchez,A.Jimenez,2,0.2,4.5,4,15,Away,2026-04-18T14:00:00Z,2,1,90,0,0,0,1,0,0,0,13,2,0.0,0.03,0.03,1.59,9,3.9,21.4,15.5,2.0,,a,,,,,2526
713,551483,33,332,Álex Jiménez Sánchez,A.Jimenez,2,0.2,4.5,4,11,Home,2026-04-22T19:00:00Z,2,2,90,0,0,0,2,1,0,0,2,0,0.0,0.03,0.03,0.83,6,2.6,15.0,3.2,8.0,,a,,,,,2526
714,470313,33,328,Nick Woltemade,Woltemade,4,6.6,6.7,15,4,Home,2026-04-18T14:00:00Z,1,2,4,0,0,0,0,0,0,0,2,1,0.0,0.01,0.01,0.0,1,0.2,0.0,0.3,2.0,False,a,,,,3.0,2526
715,221389,33,329,John Victor Maciel Furtado,John,1,0.3,4.0,16,3,Home,2026-04-19T13:00:00Z,4,1,0,0,0,0,0,0,0,0,0,0,0.0,0.0,0.0,0.0,0,0.0,0.0,0.0,0.0,False,i,Knee injury - Expected back 01 Jun,,,,2526
716,500151,33,329,Nicolò Savona,Savona,2,0.1,4.5,16,3,Home,2026-04-19T13:00:00Z,4,1,0,0,0,0,0,0,0,0,0,0,0.0,0.0,0.0,0.0,0,0.0,0.0,0.0,0.0,False,i,Knee injury - Unknown return date,,,,2526
717,493362,33,330,Xavi Simons,Xavi,3,4.4,6.5,18,6,Home,2026-04-18T16:30:00Z,2,2,90,1,1,0,2,1,0,2,33,11,0.63,0.27,0.9,0.82,4,9.9,51.2,23.6,24.0,False,a,,2.0,3.0,4.0,2526
718,564940,33,324,Soungoutou Magassa,S.Magassa,3,0.0,5.0,19,8,Away,2026-04-20T19:00:00Z,0,0,0,0,0,0,0,0,0,0,0,0,0.0,0.0,0.0,0.0,0,0.0,0.0,0.0,0.0,False,a,,,,,2526
719,184667,33,321,Victor Lindelöf,Lindelöf,2,0.1,4.5,2,17,Home,2026-04-19T13:00:00Z,4,3,0,0,0,0,0,0,0,0,0,0,0.0,0.0,0.0,0.0,0,0.0,0.0,0.0,0.0,False,a,,,,,2526
720,488213,33,326,Tolu Arokodare,Tolu,4,0.1,5.2,20,11,Away,2026-04-18T14:00:00Z,0,3,0,0,0,0,0,0,0,0,0,0,0.0,0.0,0.0,0.0,0,0.0,0.0,0.0,0.0,False,a,,,,5.0,2526
721,620487,33,328,Veljko Milosavljevic,Milosavljević,2,0.0,4.4,4,15,Away,2026-04-18T14:00:00Z,2,1,0,0,0,0,0,0,0,0,0,0,0.0,0.0,0.0,0.0,0,0.0,0.0,0.0,0.0,,a,,,,,2526
721,620487,33,332,Veljko Milosavljevic,Milosavljević,2,0.0,4.4,4,11,Home,2026-04-22T19:00:00Z,2,2,0,0,0,0,0,0,0,0,0,0,0.0,0.0,0.0,0.0,0,0.0,0.0,0.0,0.0,,a,,,,,2526
722,216055,33,329,Florentino Ibrain Morris Luís,Florentino,3,0.0,5.0,3,16,Away,2026-04-19T13:00:00Z,1,4,82,0,0,0,3,1,0,0,8,3,0.0,0.01,0.01,0.97,13,1.4,9.4,4.8,0.0,,a,,,,,2526
722,216055,33,334,Florentino Ibrain Morris Luís,Florentino,3,0.0,5.0,3,13,Home,2026-04-22T19:00:00Z,0,1,8,0,0,0,0,0,0,0,3,1,0.0,0.0,0.0,1.13,3,0.6,5.2,0.3,0.0,,a,,,,,2526
723,651426,33,324,Jaydee Canvot,Canvot,2,0.2,4.5,8,19,Home,2026-04-20T19:00:00Z,0,0,90,0,0,1,0,0,0,2,34,10,0.01,0.01,0.02,0.61,15,3.4,31.0,2.1,1.0,False,a,,,,,2526
724,247955,33,321,Lutsharel Geertruida,Geertruida,2,0.1,4.5,17,2,Away,2026-04-19T13:00:00Z,3,4,0,0,0,0,0,0,0,0,0,0,0.0,0.0,0.0,0.0,0,0.0,0.0,0.0,0.0,False,a,,,,,2526
725,448104,33,327,Piero Hincapié,Hincapie,2,0.8,5.1,1,13,Away,2026-04-19T15:30:00Z,1,2,90,0,0,0,2,0,0,0,7,1,0.0,0.01,0.01,1.36,9,2.4,21.6,0.8,2.0,False,a,,,,,2526
726,247693,33,330,Randal Kolo Muani,Kolo Muani,4,0.4,6.9,18,6,Home,2026-04-18T16:30:00Z,2,2,56,0,0,0,1,0,0,0,3,1,0.07,0.02,0.09,0.44,3,1.2,0.0,1.8,10.0,False,a,,,,,2526
727,218328,33,322,Samuel Chukwueze,Chukwueze,3,0.1,5.3,10,5,Away,2026-04-18T11:30:00Z,0,0,47,0,0,0,0,0,0,0,0,1,0.0,0.08,0.08,1.13,2,0.4,2.2,2.0,0.0,False,a,,,,,2526
728,513466,33,325,Merlin Röhl,Röhl,3,0.0,5.0,9,12,Home,2026-04-19T13:00:00Z,1,2,0,0,0,0,0,0,0,0,0,0,0.0,0.0,0.0,0.0,0,0.0,0.0,0.0,0.0,False,a,,,,,2526
729,560441,33,329,Luis Eduardo Soares da Silva,Cuiabano,2,0.0,4.5,16,3,Home,2026-04-19T13:00:00Z,4,1,0,0,0,0,0,0,0,0,0,0,0.0,0.0,0.0,0.0,0,0.0,0.0,0.0,0.0,False,u,has joined Vasco de Gama on loan for the rest of the season.,,,,2526
730,441264,33,321,Brian Brobbey,Brobbey,4,1.5,5.3,17,2,Away,2026-04-19T13:00:00Z,3,4,83,0,0,0,3,0,0,0,7,2,0.08,0.0,0.08,2.17,1,2.2,3.0,1.5,17.0,False,a,,,,,2526
731,560552,33,322,Kevin Santos Lopes de Macedo,Kevin,3,0.1,5.7,10,5,Away,2026-04-18T11:30:00Z,0,0,0,0,0,0,0,0,0,0,0,0,0.0,0.0,0.0,0.0,0,0.0,0.0,0.0,0.0,False,i,Foot injury - Unknown return date,,,,2526
732,660392,33,324,Christantus Uche,Uche,4,0.1,5.5,8,19,Home,2026-04-20T19:00:00Z,0,0,0,0,0,0,0,0,0,0,0,0,0.0,0.0,0.0,0.0,0,0.0,0.0,0.0,0.0,False,a,,,,,2526
733,465247,33,323,Senne Lammens,Lammens,1,3.5,5.1,14,7,Away,2026-04-18T19:00:00Z,1,0,90,0,0,1,0,0,0,3,30,10,0.0,0.0,0.0,1.57,0,2.4,24.0,0.0,0.0,False,a,,,,,2526
734,476887,33,329,Dilane Bakwa,Bakwa,3,0.0,5.9,16,3,Home,2026-04-19T13:00:00Z,4,1,45,0,0,0,1,0,0,0,5,1,0.0,0.04,0.04,0.21,4,2.5,5.2,15.8,4.0,False,a,,,,,2526
735,110504,33,321,Bertrand Traoré,Traoré,3,0.0,5.5,17,2,Away,2026-04-19T13:00:00Z,3,4,0,0,0,0,0,0,0,0,0,0,0.0,0.0,0.0,0.0,0,0.0,0.0,0.0,0.0,False,i,Knee injury - Expected back 02 May,,,,2526
736,204936,33,327,Gianluigi Donnarumma,Donnarumma,1,8.9,5.6,13,1,Home,2026-04-19T15:30:00Z,2,1,90,0,0,0,1,0,0,0,7,2,0.0,0.0,0.0,1.62,0,0.9,8.6,0.0,0.0,,a,,,,,2526
736,204936,33,334,Gianluigi Donnarumma,Donnarumma,1,8.9,5.6,13,3,Away,2026-04-22T19:00:00Z,1,0,90,0,0,1,0,0,0,0,22,6,0.0,0.0,0.0,0.61,0,1.1,11.4,0.0,0.0,,a,,,,,2526
737,631786,33,322,Jonah Kusi-Asare,Kusi-Asare,4,0.1,4.5,10,5,Away,2026-04-18T11:30:00Z,0,0,0,0,0,0,0,0,0,0,0,0,0.0,0.0,0.0,0.0,0,0.0,0.0,0.0,0.0,False,a,,,,,2526
738,37096,33,324,Lukasz Fabianski,Fabianski,1,0.0,4.5,19,8,Away,2026-04-20T19:00:00Z,0,0,0,0,0,0,0,0,0,0,0,0,0.0,0.0,0.0,0.0,0,0.0,0.0,0.0,0.0,False,a,,,,,2526
739,590039,33,327,Divine Mukasa,Mukasa,3,0.0,4.4,13,1,Home,2026-04-19T15:30:00Z,2,1,0,0,0,0,0,0,0,0,0,0,0.0,0.0,0.0,0.0,0,0.0,0.0,0.0,0.0,,u,has joined Leicester City on loan for the rest of the season.,,,,2526
739,590039,33,334,Divine Mukasa,Mukasa,3,0.0,4.4,13,3,Away,2026-04-22T19:00:00Z,1,0,0,0,0,0,0,0,0,0,0,0,0.0,0.0,0.0,0.0,0,0.0,0.0,0.0,0.0,,u,has joined Leicester City on loan for the rest of the season.,,,,2526
740,566213,33,327,Stephen Mfuni,Mfuni,2,0.0,3.9,13,1,Home,2026-04-19T15:30:00Z,2,1,0,0,0,0,0,0,0,0,0,0,0.0,0.0,0.0,0.0,0,0.0,0.0,0.0,0.0,,u,has joined Watford on loan for the rest of the season.,,,,2526
740,566213,33,334,Stephen Mfuni,Mfuni,2,0.0,3.9,13,3,Away,2026-04-22T19:00:00Z,1,0,0,0,0,0,0,0,0,0,0,0,0.0,0.0,0.0,0.0,0,0.0,0.0,0.0,0.0,,u,has joined Watford on loan for the rest of the season.,,,,2526
741,600882,33,326,Harry Gray,Gray,4,0.1,4.5,11,20,Home,2026-04-18T14:00:00Z,3,0,0,0,0,0,0,0,0,0,0,0,0.0,0.0,0.0,0.0,0,0.0,0.0,0.0,0.0,,u,has joined Rotherham United on loan for the rest of the season.,,,,2526
741,600882,33,332,Harry Gray,Gray,4,0.1,4.5,11,4,Away,2026-04-22T19:00:00Z,2,2,0,0,0,0,0,0,0,0,0,0,0.0,0.0,0.0,0.0,0,0.0,0.0,0.0,0.0,,u,has joined Rotherham United on loan for the rest of the season.,,,,2526
742,616288,33,327,Ryan McAidoo,McAidoo,3,0.0,4.5,13,1,Home,2026-04-19T15:30:00Z,2,1,0,0,0,0,0,0,0,0,0,0,0.0,0.0,0.0,0.0,0,0.0,0.0,0.0,0.0,,a,,,,,2526
742,616288,33,334,Ryan McAidoo,McAidoo,3,0.0,4.5,13,3,Away,2026-04-22T19:00:00Z,1,0,0,0,0,0,0,0,0,0,0,0,0.0,0.0,0.0,0.0,0,0.0,0.0,0.0,0.0,,a,,,,,2526
743,611912,33,323,Landon Emenalo,Emenalo,3,0.0,4.5,7,14,Home,2026-04-18T19:00:00Z,0,1,0,0,0,0,0,0,0,0,0,0,0.0,0.0,0.0,0.0,0,0.0,0.0,0.0,0.0,,a,,,,,2526
743,611912,33,333,Landon Emenalo,Emenalo,3,0.0,4.5,7,6,Away,2026-04-21T19:00:00Z,0,3,0,0,0,0,0,0,0,0,0,0,0.0,0.0,0.0,0.0,0,0.0,0.0,0.0,0.0,,a,,,,,2526
744,556637,33,330,Nehemiah Oriola,Oriola,3,0.0,4.5,6,18,Away,2026-04-18T16:30:00Z,2,2,0,0,0,0,0,0,0,0,0,0,0.0,0.0,0.0,0.0,0,0.0,0.0,0.0,0.0,,a,,,,,2526
744,556637,33,333,Nehemiah Oriola,Oriola,3,0.0,4.5,6,7,Home,2026-04-21T19:00:00Z,3,0,0,0,0,0,0,0,0,0,0,0,0.0,0.0,0.0,0.0,0,0.0,0.0,0.0,0.0,,a,,,,,2526
745,640419,33,330,Jun'ai Byfield,Byfield,2,0.0,4.0,18,6,Home,2026-04-18T16:30:00Z,2,2,0,0,0,0,0,0,0,0,0,0,0.0,0.0,0.0,0.0,0,0.0,0.0,0.0,0.0,False,a,,,,,2526
746,596042,33,325,Kieran Morrison,Morrison,3,0.0,4.5,12,9,Away,2026-04-19T13:00:00Z,2,1,0,0,0,0,0,0,0,0,0,0,0.0,0.0,0.0,0.0,0,0.0,0.0,0.0,0.0,False,a,,,,,2526
747,602903,33,324,Ezra Mayers,Mayers,2,0.0,4.0,19,8,Away,2026-04-20T19:00:00Z,0,0,0,0,0,0,0,0,0,0,0,0,0.0,0.0,0.0,0.0,0,0.0,0.0,0.0,0.0,False,a,,,,,2526
748,183656,33,322,Josh Dasilva,Dasilva,3,0.0,4.9,5,10,Home,2026-04-18T11:30:00Z,0,0,0,0,0,0,0,0,0,0,0,0,0.0,0.0,0.0,0.0,0,0.0,0.0,0.0,0.0,False,d,Lack of match fitness - 25% chance of playing,,,,2526
749,647671,33,326,Mateus Mané,Mané,4,2.0,4.3,20,11,Away,2026-04-18T14:00:00Z,0,3,52,0,0,0,1,0,0,0,4,1,0.13,0.03,0.16,1.07,8,3.3,8.2,14.3,10.0,False,a,,2.0,1.0,,2526
750,499716,33,330,James Rowswell,Rowswell,2,0.0,4.0,18,6,Home,2026-04-18T16:30:00Z,2,2,0,0,0,0,0,0,0,0,0,0,0.0,0.0,0.0,0.0,0,0.0,0.0,0.0,0.0,False,a,,,,,2526
751,590035,33,330,Yusuf Akhamrich,Akhamrich,3,0.0,4.5,18,6,Home,2026-04-18T16:30:00Z,2,2,0,0,0,0,0,0,0,0,0,0,0.0,0.0,0.0,0.0,0,0.0,0.0,0.0,0.0,False,u,has joined Bristol Rovers on loan for the rest of the season.,,,,2526
752,643473,33,324,Airidas Golambeckis,Golambeckis,2,0.0,4.0,19,8,Away,2026-04-20T19:00:00Z,0,0,0,0,0,0,0,0,0,0,0,0,0.0,0.0,0.0,0.0,0,0.0,0.0,0.0,0.0,False,a,,,,,2526
753,19236,33,328,John Ruddy,Ruddy,1,0.0,4.0,15,4,Home,2026-04-18T14:00:00Z,1,2,0,0,0,0,0,0,0,0,0,0,0.0,0.0,0.0,0.0,0,0.0,0.0,0.0,0.0,False,a,,,,,2526
754,577285,33,321,George Hemmings,George Hemmings,3,0.0,4.5,2,17,Home,2026-04-19T13:00:00Z,4,3,0,0,0,0,0,0,0,0,0,0,0.0,0.0,0.0,0.0,0,0.0,0.0,0.0,0.0,False,a,,,,,2526
755,576628,33,323,Shea Lacey,Lacey,3,0.0,4.5,14,7,Away,2026-04-18T19:00:00Z,1,0,0,0,0,0,0,0,0,0,0,0,0.0,0.0,0.0,0.0,0,0.0,0.0,0.0,0.0,False,a,,,,,2526
756,678552,33,328,Malcom DaCosta,DaCosta,3,0.0,4.5,4,15,Away,2026-04-18T14:00:00Z,2,1,0,0,0,0,0,0,0,0,0,0,0.0,0.0,0.0,0.0,0,0.0,0.0,0.0,0.0,,a,,,,,2526
756,678552,33,332,Malcom DaCosta,DaCosta,3,0.0,4.5,4,11,Home,2026-04-22T19:00:00Z,2,2,0,0,0,0,0,0,0,0,0,0,0.0,0.0,0.0,0.0,0,0.0,0.0,0.0,0.0,,a,,,,,2526
757,516875,33,321,Ronnie Hollingshead,Hollingshead,1,0.0,4.0,2,17,Home,2026-04-19T13:00:00Z,4,3,0,0,0,0,0,0,0,0,0,0,0.0,0.0,0.0,0.0,0,0.0,0.0,0.0,0.0,False,a,,,,,2526
758,630699,33,324,Mohamadou Kanté,Mohamadou Kanté,3,0.0,4.5,19,8,Away,2026-04-20T19:00:00Z,0,0,6,0,0,0,0,0,0,0,6,1,0.0,0.01,0.01,0.09,3,1.0,5.2,0.3,4.0,False,a,,,,,2526
759,616065,33,327,Marli Salmon,Salmon,2,0.0,4.0,1,13,Away,2026-04-19T15:30:00Z,1,2,0,0,0,0,0,0,0,0,0,0,0.0,0.0,0.0,0.0,0,0.0,0.0,0.0,0.0,False,a,,,,,2526
760,519440,33,325,Wellity Lucky,Lucky,2,0.0,4.0,12,9,Away,2026-04-19T13:00:00Z,2,1,0,0,0,0,0,0,0,0,0,0,0.0,0.0,0.0,0.0,0,0.0,0.0,0.0,0.0,False,a,,,,,2526
761,604988,33,330,Freddie Simmonds,Simmonds,2,0.0,4.0,6,18,Away,2026-04-18T16:30:00Z,2,2,0,0,0,0,0,0,0,0,0,0,0.0,0.0,0.0,0.0,0,0.0,0.0,0.0,0.0,,a,,,,,2526
761,604988,33,333,Freddie Simmonds,Simmonds,2,0.0,4.0,6,7,Home,2026-04-21T19:00:00Z,3,0,0,0,0,0,0,0,0,0,0,0,0.0,0.0,0.0,0.0,0,0.0,0.0,0.0,0.0,,a,,,,,2526
762,672492,33,324,Joél Drakes-Thomas,Drakes-Thomas,3,0.0,4.5,8,19,Home,2026-04-20T19:00:00Z,0,0,0,0,0,0,0,0,0,0,0,0,0.0,0.0,0.0,0.0,0,0.0,0.0,0.0,0.0,False,a,,,,,2526
763,516234,33,327,Charlie Gray,Gray,3,0.0,4.5,13,1,Home,2026-04-19T15:30:00Z,2,1,0,0,0,0,0,0,0,0,0,0,0.0,0.0,0.0,0.0,0,0.0,0.0,0.0,0.0,,a,,,,,2526
763,516234,33,334,Charlie Gray,Gray,3,0.0,4.5,13,3,Away,2026-04-22T19:00:00Z,1,0,0,0,0,0,0,0,0,0,0,0,0.0,0.0,0.0,0.0,0,0.0,0.0,0.0,0.0,,a,,,,,2526
764,580921,33,327,Reigan Heskey,Heskey,3,0.0,4.5,13,1,Home,2026-04-19T15:30:00Z,2,1,0,0,0,0,0,0,0,0,0,0,0.0,0.0,0.0,0.0,0,0.0,0.0,0.0,0.0,,a,,,,,2526
764,580921,33,334,Reigan Heskey,Heskey,3,0.0,4.5,13,3,Away,2026-04-22T19:00:00Z,1,0,0,0,0,0,0,0,0,0,0,0,0.0,0.0,0.0,0.0,0,0.0,0.0,0.0,0.0,,a,,,,,2526
765,553746,33,328,Leo Shahar,Shahar,2,0.0,4.0,15,4,Home,2026-04-18T14:00:00Z,1,2,0,0,0,0,0,0,0,0,0,0,0.0,0.0,0.0,0.0,0,0.0,0.0,0.0,0.0,False,a,,,,,2526
766,601956,33,326,Saheed Olagunju,Olagunju,2,0.0,4.0,20,11,Away,2026-04-18T14:00:00Z,0,3,0,0,0,0,0,0,0,0,0,0,0.0,0.0,0.0,0.0,0,0.0,0.0,0.0,0.0,False,a,,,,,2526
767,605319,33,326,Luke Rawlings,Rawlings,3,0.0,4.5,20,11,Away,2026-04-18T14:00:00Z,0,3,0,0,0,0,0,0,0,0,0,0,0.0,0.0,0.0,0.0,0,0.0,0.0,0.0,0.0,False,a,,,,,2526
768,664015,33,321,Leon Routh,Leon Routh,2,0.0,4.0,2,17,Home,2026-04-19T13:00:00Z,4,3,0,0,0,0,0,0,0,0,0,0,0.0,0.0,0.0,0.0,0,0.0,0.0,0.0,0.0,False,a,,,,,2526
769,576620,33,323,Bendito Mantato,Bendito Mantato,3,0.0,4.5,14,7,Away,2026-04-18T19:00:00Z,1,0,0,0,0,0,0,0,0,0,0,0,0.0,0.0,0.0,0.0,0,0.0,0.0,0.0,0.0,False,a,,,,,2526
770,619536,33,322,Seth Ridgeon,Ridgeon,3,0.0,4.5,10,5,Away,2026-04-18T11:30:00Z,0,0,0,0,0,0,0,0,0,0,0,0,0.0,0.0,0.0,0.0,0,0.0,0.0,0.0,0.0,False,a,,,,,2526
771,519913,33,323,Tyler Fletcher,Fletcher,3,0.0,4.4,14,7,Away,2026-04-18T19:00:00Z,1,0,0,0,0,0,0,0,0,0,0,0,0.0,0.0,0.0,0.0,0,0.0,0.0,0.0,0.0,False,a,,,,,2526
772,666607,33,328,Sam Alabi,Alabi,3,0.0,4.5,15,4,Home,2026-04-18T14:00:00Z,1,2,0,0,0,0,0,0,0,0,0,0,0.0,0.0,0.0,0.0,0,0.0,0.0,0.0,0.0,False,a,,,,,2526
773,643426,33,324,Dean Benamar,Benamar,2,0.0,4.0,8,19,Home,2026-04-20T19:00:00Z,0,0,0,0,0,0,0,0,0,0,0,0,0.0,0.0,0.0,0.0,0,0.0,0.0,0.0,0.0,False,a,,,,,2526
774,232356,33,321,Jenson Jones,Jenson Jones,2,0.0,4.0,17,2,Away,2026-04-19T13:00:00Z,3,4,0,0,0,0,0,0,0,0,0,0,0.0,0.0,0.0,0.0,0,0.0,0.0,0.0,0.0,False,a,,,,,2526
775,604211,33,321,Tymur Tutierov,Tutierov,3,0.0,4.5,17,2,Away,2026-04-19T13:00:00Z,3,4,0,0,0,0,0,0,0,0,0,0,0.0,0.0,0.0,0.0,0,0.0,0.0,0.0,0.0,False,u,has joined Exeter City on loan for the rest of the season.,,,,2526
776,647960,33,329,Oliver Pimlott,Pimlott,3,0.0,4.5,3,16,Away,2026-04-19T13:00:00Z,1,4,0,0,0,0,0,0,0,0,0,0,0.0,0.0,0.0,0.0,0,0.0,0.0,0.0,0.0,,a,,,,,2526
776,647960,33,334,Oliver Pimlott,Pimlott,3,0.0,4.5,3,13,Home,2026-04-22T19:00:00Z,0,1,0,0,0,0,0,0,0,0,0,0,0.0,0.0,0.0,0.0,0,0.0,0.0,0.0,0.0,,a,,,,,2526
777,514362,33,326,Temple Ojinnaka,Ojinnaka,3,0.0,4.5,20,11,Away,2026-04-18T14:00:00Z,0,3,0,0,0,0,0,0,0,0,0,0,0.0,0.0,0.0,0.0,0,0.0,0.0,0.0,0.0,False,u,has joined Shrewsbury Town on loan for the rest of the season.,,,,2526
778,589121,33,326,Ethan Sutherland,Sutherland,3,0.0,4.5,20,11,Away,2026-04-18T14:00:00Z,0,3,0,0,0,0,0,0,0,0,0,0,0.0,0.0,0.0,0.0,0,0.0,0.0,0.0,0.0,False,a,,,,,2526
779,629068,33,325,Braiden Graham,Graham,4,0.0,4.5,9,12,Home,2026-04-19T13:00:00Z,1,2,0,0,0,0,0,0,0,0,0,0,0.0,0.0,0.0,0.0,0,0.0,0.0,0.0,0.0,False,a,,,,,2526
780,631106,33,324,Ben Casey,Casey,4,0.0,4.5,8,19,Home,2026-04-20T19:00:00Z,0,0,0,0,0,0,0,0,0,0,0,0,0.0,0.0,0.0,0.0,0,0.0,0.0,0.0,0.0,False,a,,,,,2526
781,618027,33,321,TJ Carroll,Carroll,2,0.0,4.0,2,17,Home,2026-04-19T13:00:00Z,4,3,0,0,0,0,0,0,0,0,0,0,0.0,0.0,0.0,0.0,0,0.0,0.0,0.0,0.0,False,a,,,,,2526
782,40383,33,328,Fraser Forster,Forster,1,0.0,4.0,4,15,Away,2026-04-18T14:00:00Z,2,1,0,0,0,0,0,0,0,0,0,0,0.0,0.0,0.0,0.0,0,0.0,0.0,0.0,0.0,,a,,,,,2526
782,40383,33,332,Fraser Forster,Forster,1,0.0,4.0,4,11,Home,2026-04-22T19:00:00Z,2,2,0,0,0,0,0,0,0,0,0,0,0.0,0.0,0.0,0.0,0,0.0,0.0,0.0,0.0,,a,,,,,2526
783,60307,33,330,Pascal Groß,Groß,3,0.7,5.5,6,18,Away,2026-04-18T16:30:00Z,2,2,90,0,1,0,2,0,0,3,35,8,0.0,0.31,0.31,1.09,7,10.1,37.4,61.8,2.0,,a,,1.0,,,2526
783,60307,33,333,Pascal Groß,Groß,3,0.7,5.5,6,7,Home,2026-04-21T19:00:00Z,3,0,90,0,1,1,0,0,0,2,32,8,0.06,0.2,0.26,0.37,7,9.6,21.0,69.1,6.0,,a,,1.0,,,2526
784,704232,33,329,George Brierley,Brierley,3,0.0,4.5,3,16,Away,2026-04-19T13:00:00Z,1,4,0,0,0,0,0,0,0,0,0,0,0.0,0.0,0.0,0.0,0,0.0,0.0,0.0,0.0,,a,,,,,2526
784,704232,33,334,George Brierley,Brierley,3,0.0,4.5,3,13,Home,2026-04-22T19:00:00Z,0,1,0,0,0,0,0,0,0,0,0,0,0.0,0.0,0.0,0.0,0,0.0,0.0,0.0,0.0,,a,,,,,2526
785,530335,33,324,Pablo Felipe Pereira de Jesus,Pablo,4,0.0,5.4,19,8,Away,2026-04-20T19:00:00Z,0,0,74,0,0,1,0,0,0,0,6,2,0.02,0.01,0.03,0.61,3,2.2,3.4,3.2,15.0,False,a,,,,,2526
786,505079,33,322,Alfie McNally,McNally,1,0.0,4.0,10,5,Away,2026-04-18T11:30:00Z,0,0,0,0,0,0,0,0,0,0,0,0,0.0,0.0,0.0,0.0,0,0.0,0.0,0.0,0.0,False,a,,,,,2526
787,565863,33,326,Sam Chambers,Chambers,3,0.0,4.4,11,20,Home,2026-04-18T14:00:00Z,3,0,0,0,0,0,0,0,0,0,0,0,0.0,0.0,0.0,0.0,0,0.0,0.0,0.0,0.0,,a,,,,,2526
787,565863,33,332,Sam Chambers,Chambers,3,0.0,4.4,11,4,Away,2026-04-22T19:00:00Z,2,2,0,0,0,0,0,0,0,0,0,0,0.0,0.0,0.0,0.0,0,0.0,0.0,0.0,0.0,,a,,,,,2526
788,576637,33,323,Godwill Kukonki,Kukonki,2,0.0,4.0,14,7,Away,2026-04-18T19:00:00Z,1,0,0,0,0,0,0,0,0,0,0,0,0.0,0.0,0.0,0.0,0,0.0,0.0,0.0,0.0,False,a,,,,,2526
789,518335,33,323,Max Merrick,Merrick,1,0.0,4.0,7,14,Home,2026-04-18T19:00:00Z,0,1,0,0,0,0,0,0,0,0,0,0,0.0,0.0,0.0,0.0,0,0.0,0.0,0.0,0.0,,a,,,,,2526
789,518335,33,333,Max Merrick,Merrick,1,0.0,4.0,7,6,Away,2026-04-21T19:00:00Z,0,3,0,0,0,0,0,0,0,0,0,0,0.0,0.0,0.0,0.0,0,0.0,0.0,0.0,0.0,,a,,,,,2526
790,611917,33,330,Lucá Williams-Barnett,Williams-Barnett,3,0.0,4.5,18,6,Home,2026-04-18T16:30:00Z,2,2,0,0,0,0,0,0,0,0,0,0,0.0,0.0,0.0,0.0,0,0.0,0.0,0.0,0.0,False,a,,,,,2526
791,247670,33,324,Valentín Castellanos,Taty,4,0.3,5.5,19,8,Away,2026-04-20T19:00:00Z,0,0,83,0,0,1,0,0,0,0,9,2,0.3,0.02,0.32,0.64,5,4.5,7.8,3.8,33.0,False,a,,,,,2526
792,653481,33,321,Alysson Edward Franco da Rocha dos Santos,Alysson,3,0.0,5.0,2,17,Home,2026-04-19T13:00:00Z,4,3,0,0,0,0,0,0,0,0,0,0,0.0,0.0,0.0,0.0,0,0.0,0.0,0.0,0.0,False,a,,,,,2526
793,591384,33,324,George King,King,2,0.0,4.0,8,19,Home,2026-04-20T19:00:00Z,0,0,0,0,0,0,0,0,0,0,0,0,0.0,0.0,0.0,0.0,0,0.0,0.0,0.0,0.0,False,a,,,,,2526
794,494307,33,327,Max Alleyne,Alleyne,2,0.0,3.9,13,1,Home,2026-04-19T15:30:00Z,2,1,0,0,0,0,0,0,0,0,0,0,0.0,0.0,0.0,0.0,0,0.0,0.0,0.0,0.0,,a,,,,,2526
794,494307,33,334,Max Alleyne,Alleyne,2,0.0,3.9,13,3,Away,2026-04-22T19:00:00Z,1,0,0,0,0,0,0,0,0,0,0,0,0.0,0.0,0.0,0.0,0,0.0,0.0,0.0,0.0,,a,,,,,2526
795,597320,33,330,Harry Howell,Howell,3,0.0,4.5,6,18,Away,2026-04-18T16:30:00Z,2,2,0,0,0,0,0,0,0,0,0,0,0.0,0.0,0.0,0.0,0,0.0,0.0,0.0,0.0,,a,,,,,2526
795,597320,33,333,Harry Howell,Howell,3,0.0,4.5,6,7,Home,2026-04-21T19:00:00Z,3,0,0,0,0,0,0,0,0,0,0,0,0.0,0.0,0.0,0.0,0,0.0,0.0,0.0,0.0,,a,,,,,2526
796,232787,33,330,Conor Gallagher,Gallagher,3,0.1,5.0,18,6,Home,2026-04-18T16:30:00Z,2,2,75,0,0,0,1,0,0,0,15,2,0.04,0.04,0.08,0.5,7,4.3,9.2,11.6,22.0,False,a,,,,,2526
797,593174,33,322,Kaye Furo,Furo,4,0.0,4.5,5,10,Home,2026-04-18T11:30:00Z,0,0,0,0,0,0,0,0,0,0,0,0,0.0,0.0,0.0,0.0,0,0.0,0.0,0.0,0.0,False,i,Knock - Unknown return date,,,,2526
798,502988,33,324,Danny Imray,Imray,2,0.0,4.0,8,19,Home,2026-04-20T19:00:00Z,0,0,0,0,0,0,0,0,0,0,0,0,0.0,0.0,0.0,0.0,0,0.0,0.0,0.0,0.0,False,u,has joined West Brom on loan for the rest of the season.,,,,2526
799,658013,33,328,Charlie Stevens,Stevens,3,0.0,4.5,4,15,Away,2026-04-18T14:00:00Z,2,1,0,0,0,0,0,0,0,0,0,0,0.0,0.0,0.0,0.0,0,0.0,0.0,0.0,0.0,,a,,,,,2526
799,658013,33,332,Charlie Stevens,Stevens,3,0.0,4.5,4,11,Home,2026-04-22T19:00:00Z,2,2,0,0,0,0,0,0,0,0,0,0,0.0,0.0,0.0,0.0,0,0.0,0.0,0.0,0.0,,a,,,,,2526
800,699989,33,321,Djiamgone Jocelin Ta Bi,Jocelin.T,3,0.0,4.9,17,2,Away,2026-04-19T13:00:00Z,3,4,0,0,0,0,0,0,0,0,0,0,0.0,0.0,0.0,0.0,0,0.0,0.0,0.0,0.0,False,d,Ankle injury - 25% chance of playing,,,,2526
801,614574,33,328,Alex Tóth,Tóth.A,3,0.0,4.9,4,15,Away,2026-04-18T14:00:00Z,2,1,1,0,0,0,0,0,0,0,3,1,0.0,0.0,0.0,0.58,0,0.0,0.0,0.0,0.0,,a,,,,,2526
801,614574,33,332,Alex Tóth,Tóth.A,3,0.0,4.9,4,11,Home,2026-04-22T19:00:00Z,2,2,1,0,0,0,1,0,0,0,3,1,0.0,0.0,0.0,0.36,0,0.1,0.2,0.8,0.0,,a,,,,,2526
802,572702,33,324,Keiber Lamadrid,Lamadrid,3,0.0,5.0,19,8,Away,2026-04-20T19:00:00Z,0,0,0,0,0,0,0,0,0,0,0,0,0.0,0.0,0.0,0.0,0,0.0,0.0,0.0,0.0,False,a,,,,,2526
803,499857,33,323,Teddy Sharman-Lowe,Sharman-Lowe,1,0.0,4.0,7,14,Home,2026-04-18T19:00:00Z,0,1,0,0,0,0,0,0,0,0,0,0,0.0,0.0,0.0,0.0,0,0.0,0.0,0.0,0.0,,a,,,,,2526
803,499857,33,333,Teddy Sharman-Lowe,Sharman-Lowe,1,0.0,4.0,7,6,Away,2026-04-21T19:00:00Z,0,3,0,0,0,0,0,0,0,0,0,0,0.0,0.0,0.0,0.0,0,0.0,0.0,0.0,0.0,,a,,,,,2526
804,616221,33,330,João Victor de Souza Menezes,Souza,2,0.0,4.0,18,6,Home,2026-04-18T16:30:00Z,2,2,0,0,0,0,0,0,0,0,0,0,0.0,0.0,0.0,0.0,0,0.0,0.0,0.0,0.0,False,a,,,,,2526
805,469130,33,329,Lorenzo Lucca,Lucca,4,0.0,5.4,16,3,Home,2026-04-19T13:00:00Z,4,1,0,0,0,0,0,0,0,0,0,0,0.0,0.0,0.0,0.0,0,0.0,0.0,0.0,0.0,False,a,,,,,2526
806,436416,33,328,Christos Mandas,Mandas,1,0.0,4.0,4,15,Away,2026-04-18T14:00:00Z,2,1,0,0,0,0,0,0,0,0,0,0,0.0,0.0,0.0,0.0,0,0.0,0.0,0.0,0.0,,a,,,,,2526
806,436416,33,332,Christos Mandas,Mandas,1,0.0,4.0,4,11,Home,2026-04-22T19:00:00Z,2,2,0,0,0,0,0,0,0,0,0,0,0.0,0.0,0.0,0.0,0,0.0,0.0,0.0,0.0,,a,,,,,2526
807,499604,33,328,Rayan Vitor Simplício Rocha,Rayan,3,1.2,5.5,4,15,Away,2026-04-18T14:00:00Z,2,1,77,0,1,0,1,0,0,0,20,5,0.03,0.27,0.3,0.76,7,3.7,18.6,13.0,5.0,,a,,,,,2526
807,499604,33,332,Rayan Vitor Simplício Rocha,Rayan,3,1.2,5.5,4,11,Home,2026-04-22T19:00:00Z,2,2,23,1,0,0,2,0,0,0,20,6,0.3,0.0,0.3,0.56,1,7.4,36.0,1.6,36.0,,a,,,,,2526
808,173879,33,321,Tammy Abraham,Abraham,4,0.2,5.8,2,17,Home,2026-04-19T13:00:00Z,4,3,10,1,0,0,2,0,0,0,34,5,0.5,0.0,0.5,1.4,2,6.8,35.0,0.0,33.0,False,a,,,,,2526
809,685628,33,326,Jerome Abbey,Abbey,3,0.0,4.5,20,11,Away,2026-04-18T14:00:00Z,0,3,0,0,0,0,0,0,0,0,0,0,0.0,0.0,0.0,0.0,0,0.0,0.0,0.0,0.0,False,a,,,,,2526
810,559610,33,322,Luka Bentt,Bentt,3,0.0,4.5,5,10,Home,2026-04-18T11:30:00Z,0,0,0,0,0,0,0,0,0,0,0,0,0.0,0.0,0.0,0.0,0,0.0,0.0,0.0,0.0,False,a,,,,,2526
811,536134,33,330,Rio Kyerematen,Kyerematen,3,0.0,4.5,18,6,Home,2026-04-18T16:30:00Z,2,2,0,0,0,0,0,0,0,0,0,0,0.0,0.0,0.0,0.0,0,0.0,0.0,0.0,0.0,False,a,,,,,2526
812,515046,33,321,Melker Ellborg,Ellborg,1,0.2,4.0,17,2,Away,2026-04-19T13:00:00Z,3,4,0,0,0,0,0,0,0,0,0,0,0.0,0.0,0.0,0.0,0,0.0,0.0,0.0,0.0,False,a,,,,,2526
813,536661,33,321,Nilson Angulo,Angulo,3,0.0,5.0,17,2,Away,2026-04-19T13:00:00Z,3,4,0,0,0,0,0,0,0,0,0,0,0.0,0.0,0.0,0.0,0,0.0,0.0,0.0,0.0,False,i,Unknown - Expected back 02 May,,,,2526
814,470315,33,329,Luca Netz,Netz,2,0.0,4.5,16,3,Home,2026-04-19T13:00:00Z,4,1,0,0,0,0,0,0,0,0,0,0,0.0,0.0,0.0,0.0,0,0.0,0.0,0.0,0.0,False,a,,,,,2526
815,220362,33,324,Axel Disasi,Disasi,2,0.3,4.5,19,8,Away,2026-04-20T19:00:00Z,0,0,90,0,0,1,0,0,0,1,33,9,0.0,0.0,0.0,0.73,14,2.9,29.0,0.3,0.0,False,a,,,,,2526
816,209041,33,326,Angel Gomes,Angel,3,0.0,4.7,20,11,Away,2026-04-18T14:00:00Z,0,3,37,0,0,0,2,0,0,0,2,1,0.0,0.0,0.0,1.75,2,0.6,1.2,0.8,4.0,False,d,Foot injury - 75% chance of playing,,,,2526
817,155511,33,326,Adam Armstrong,Armstrong,4,0.1,5.2,20,11,Away,2026-04-18T14:00:00Z,0,3,90,0,0,0,3,0,0,0,7,2,0.16,0.05,0.21,2.82,1,2.4,4.2,6.1,14.0,False,a,,,,,2526
818,613232,33,330,James Wilson,Wilson,4,0.0,4.5,18,6,Home,2026-04-18T16:30:00Z,2,2,0,0,0,0,0,0,0,0,0,0,0.0,0.0,0.0,0.0,0,0.0,0.0,0.0,0.0,False,a,,,,,2526
819,494556,33,322,Ollie Shield,Shield,2,0.0,4.0,5,10,Home,2026-04-18T11:30:00Z,0,0,0,0,0,0,0,0,0,0,0,0,0.0,0.0,0.0,0.0,0,0.0,0.0,0.0,0.0,False,a,,,,,2526
820,644593,33,329,Kian McMahon-Brown,McMahon-Brown,3,0.0,4.5,3,16,Away,2026-04-19T13:00:00Z,1,4,0,0,0,0,0,0,0,0,0,0,0.0,0.0,0.0,0.0,0,0.0,0.0,0.0,0.0,,a,,,,,2526
820,644593,33,334,Kian McMahon-Brown,McMahon-Brown,3,0.0,4.5,3,13,Home,2026-04-22T19:00:00Z,0,1,0,0,0,0,0,0,0,0,0,0,0.0,0.0,0.0,0.0,0,0.0,0.0,0.0,0.0,,a,,,,,2526
821,570929,33,321,Jack Whittaker,Whittaker,3,0.0,4.5,17,2,Away,2026-04-19T13:00:00Z,3,4,0,0,0,0,0,0,0,0,0,0,0.0,0.0,0.0,0.0,0,0.0,0.0,0.0,0.0,False,a,,,,,2526
822,571087,33,321,Jaydon Jones,Jones,3,0.0,4.5,17,2,Away,2026-04-19T13:00:00Z,3,4,0,0,0,0,0,0,0,0,0,0,0.0,0.0,0.0,0.0,0,0.0,0.0,0.0,0.0,False,a,,,,,2526
823,649240,33,322,Joshua Stephenson,Stephenson,2,0.0,4.0,5,10,Home,2026-04-18T11:30:00Z,0,0,0,0,0,0,0,0,0,0,0,0,0.0,0.0,0.0,0.0,0,0.0,0.0,0.0,0.0,False,a,,,,,2526
824,587433,33,322,Conor McManus,McManus,2,0.0,4.0,5,10,Home,2026-04-18T11:30:00Z,0,0,0,0,0,0,0,0,0,0,0,0,0.0,0.0,0.0,0.0,0,0.0,0.0,0.0,0.0,False,a,,,,,2526
825,553742,33,324,Finlay Herrick,Herrick,1,0.0,4.0,19,8,Away,2026-04-20T19:00:00Z,0,0,0,0,0,0,0,0,0,0,0,0,0.0,0.0,0.0,0.0,0,0.0,0.0,0.0,0.0,False,a,,,,,2526
826,547671,33,322,Riley Owen,Owen,3,0.0,4.5,5,10,Home,2026-04-18T11:30:00Z,0,0,0,0,0,0,0,0,0,0,0,0,0.0,0.0,0.0,0.0,0,0.0,0.0,0.0,0.0,False,a,,,,,2526
827,576634,33,323,Jim Thwaites,Thwaites,3,0.0,4.5,14,7,Away,2026-04-18T19:00:00Z,1,0,0,0,0,0,0,0,0,0,0,0,0.0,0.0,0.0,0.0,0,0.0,0.0,0.0,0.0,False,a,,,,,2526
828,491460,33,326,Alfie Brooks,Brooks,1,0.0,4.0,20,11,Away,2026-04-18T14:00:00Z,0,3,0,0,0,0,0,0,0,0,0,0,0.0,0.0,0.0,0.0,0,0.0,0.0,0.0,0.0,False,a,,,,,2526
829,619734,33,323,Jesse Derry,Derry,3,0.0,4.5,7,14,Home,2026-04-18T19:00:00Z,0,1,0,0,0,0,0,0,0,0,0,0,0.0,0.0,0.0,0.0,0,0.0,0.0,0.0,0.0,,a,,,,,2526
829,619734,33,333,Jesse Derry,Derry,3,0.0,4.5,7,6,Away,2026-04-21T19:00:00Z,0,3,0,0,0,0,0,0,0,0,0,0,0.0,0.0,0.0,0.0,0,0.0,0.0,0.0,0.0,,a,,,,,2526
