player_id,player_code,gameweek,fixture_id,name,web_name,position_id,selected_by_percent,value,team_id,opponent_id,h_a,kickoff_time,team_score,opponent_score,minutes,goals_scored,assists,clean_sheets,goals_conceded,yellow_cards,red_cards,bonus,bps,total_points,xG,xA,xGI,xGC,DefCon,ict_index,influence,creativity,threat,in_dreamteam,status,news,corners_indirect_freekicks_order,direct_freekicks_order,penalties_order,season
1,154561,37,361,David Raya Martín,Raya,1,36.4,6.2,1,3,Home,2026-05-18T19:00:00Z,1,0,90,0,0,1,0,0,0,0,20,6,0.0,0.01,0.01,0.19,0,0.2,2.2,0.0,0.0,False,a,,,,,2526
2,109745,37,361,Kepa Arrizabalaga Revuelta,Arrizabalaga,1,0.4,4.0,1,3,Home,2026-05-18T19:00:00Z,1,0,0,0,0,0,0,0,0,0,0,0,0.0,0.0,0.0,0.0,0,0.0,0.0,0.0,0.0,False,a,,,,,2526
3,463748,37,361,Karl Hein,Hein,1,0.2,4.0,1,3,Home,2026-05-18T19:00:00Z,1,0,0,0,0,0,0,0,0,0,0,0,0.0,0.0,0.0,0.0,0,0.0,0.0,0.0,0.0,False,u,Has joined Werder Bremen on loan for the rest of the season.,,,,2526
4,551221,37,361,Tommy Setford,Setford,1,0.2,3.9,1,3,Home,2026-05-18T19:00:00Z,1,0,0,0,0,0,0,0,0,0,0,0,0.0,0.0,0.0,0.0,0,0.0,0.0,0.0,0.0,False,a,,,,,2526
5,226597,37,361,Gabriel dos Santos Magalhães,Gabriel,2,46.1,7.3,1,3,Home,2026-05-18T19:00:00Z,1,0,90,0,0,1,0,0,0,0,22,6,0.0,0.04,0.04,0.19,4,1.1,6.8,1.1,3.0,False,a,,,,,2526
6,462424,37,361,William Saliba,Saliba,2,17.2,6.3,1,3,Home,2026-05-18T19:00:00Z,1,0,90,0,0,1,0,0,0,2,27,8,0.0,0.01,0.01,0.19,7,2.1,19.6,1.8,0.0,False,a,,,,,2526
7,466075,37,361,Riccardo Calafiori,Calafiori,2,5.9,5.6,1,3,Home,2026-05-18T19:00:00Z,1,0,71,0,0,1,0,0,0,2,27,8,0.0,0.13,0.13,0.19,1,5.1,11.8,33.3,6.0,False,a,,,,,2526
8,445122,37,361,Jurriën Timber,J.Timber,2,15.4,6.0,1,3,Home,2026-05-18T19:00:00Z,1,0,0,0,0,0,0,0,0,0,0,0,0.0,0.0,0.0,0.0,0,0.0,0.0,0.0,0.0,False,i,Ankle injury - Unknown return date,,,,2526
9,440854,37,361,Jakub Kiwior,Kiwior,2,0.0,5.4,1,3,Home,2026-05-18T19:00:00Z,1,0,0,0,0,0,0,0,0,0,0,0,0.0,0.0,0.0,0.0,0,0.0,0.0,0.0,0.0,False,u,has joined Porto on loan for the rest of the season.,,,,2526
10,499169,37,361,Myles Lewis-Skelly,Lewis-Skelly,2,1.9,5.0,1,3,Home,2026-05-18T19:00:00Z,1,0,17,0,0,0,0,0,0,0,3,1,0.0,0.0,0.0,0.0,0,0.0,0.0,0.3,0.0,False,a,,,,,2526
11,198869,37,361,Benjamin White,White,2,0.5,5.1,1,3,Home,2026-05-18T19:00:00Z,1,0,0,0,0,0,0,0,0,0,0,0,0.0,0.0,0.0,0.0,0,0.0,0.0,0.0,0.0,False,i,Knee injury - Expected back 01 Jun,,,,2526
12,206325,37,368,Oleksandr Zinchenko,Zinchenko,2,0.2,4.9,16,14,Away,2026-05-17T11:30:00Z,2,3,0,0,0,0,0,0,0,0,0,0,0.0,0.0,0.0,0.0,0,0.0,0.0,0.0,0.0,False,u,has joined Ajax permanently.,,,,2526
13,563324,37,361,Brayden Clarke,Clarke,2,0.4,3.7,1,3,Home,2026-05-18T19:00:00Z,1,0,0,0,0,0,0,0,0,0,0,0,0.0,0.0,0.0,0.0,0,0.0,0.0,0.0,0.0,False,a,,,,,2526
14,588793,37,361,Maldini Kacurri,Kacurri,2,0.1,3.9,1,3,Home,2026-05-18T19:00:00Z,1,0,0,0,0,0,0,0,0,0,0,0,0.0,0.0,0.0,0.0,0,0.0,0.0,0.0,0.0,False,u,has joined Morecambe on loan for the rest of the season.,,,,2526
15,499167,37,361,Josh Nichols,Nichols,2,0.2,3.7,1,3,Home,2026-05-18T19:00:00Z,1,0,0,0,0,0,0,0,0,0,0,0,0.0,0.0,0.0,0.0,0,0.0,0.0,0.0,0.0,False,a,,,,,2526
16,223340,37,361,Bukayo Saka,Saka,3,13.0,10.0,1,3,Home,2026-05-18T19:00:00Z,1,0,90,0,1,1,0,0,0,2,27,10,0.2,0.29,0.49,0.19,13,6.7,24.4,18.7,24.0,False,a,,2.0,2.0,1.0,2526
17,184029,37,361,Martin Ødegaard,Ødegaard,3,1.7,7.8,1,3,Home,2026-05-18T19:00:00Z,1,0,90,0,0,1,0,0,0,0,10,3,0.21,0.09,0.3,0.19,3,3.3,6.8,18.7,7.0,False,a,,4.0,,3.0,2526
18,248857,37,361,Noni Madueke,Madueke,3,0.8,6.8,1,3,Home,2026-05-18T19:00:00Z,1,0,0,0,0,0,0,0,0,0,0,0,0.0,0.0,0.0,0.0,0,0.0,0.0,0.0,0.0,False,a,,3.0,,,2526
19,444145,37,361,Gabriel Martinelli Silva,Martinelli,3,0.9,6.8,1,3,Home,2026-05-18T19:00:00Z,1,0,1,0,0,0,0,0,0,0,3,1,0.0,0.0,0.0,0.0,1,0.2,0.0,0.0,2.0,False,a,,,,,2526
20,116216,37,361,Leandro Trossard,Trossard,3,2.0,6.6,1,3,Home,2026-05-18T19:00:00Z,1,0,90,0,0,1,0,0,0,0,12,3,0.08,0.11,0.18,0.19,4,2.2,0.8,14.3,7.0,False,a,,,,4.0,2526
21,204480,37,361,Declan Rice,Rice,3,24.3,7.2,1,3,Home,2026-05-18T19:00:00Z,1,0,90,0,0,1,0,0,0,0,19,5,0.0,0.04,0.04,0.19,16,3.5,24.6,6.3,4.0,False,a,,1.0,1.0,,2526
22,195384,37,361,Mikel Merino Zazón,Merino,3,0.7,5.3,1,3,Home,2026-05-18T19:00:00Z,1,0,0,0,0,0,0,0,0,0,0,0,0.0,0.0,0.0,0.0,0,0.0,0.0,0.0,0.0,False,i,Foot injury - Unknown return date,,,,2526
23,438098,37,361,Fábio Ferreira Vieira,Fábio Vieira,3,0.0,5.4,1,3,Home,2026-05-18T19:00:00Z,1,0,0,0,0,0,0,0,0,0,0,0,0.0,0.0,0.0,0.0,0,0.0,0.0,0.0,0.0,False,u,has joined Hamburger on loan for the rest of the season.,,,,2526
24,128295,37,361,Christian Nørgaard,Nørgaard,3,0.1,5.1,1,3,Home,2026-05-18T19:00:00Z,1,0,0,0,0,0,0,0,0,0,0,0,0.0,0.0,0.0,0.0,0,0.0,0.0,0.0,0.0,False,a,,,,,2526
25,499175,37,361,Ethan Nwaneri,Nwaneri,3,0.1,5.0,1,3,Home,2026-05-18T19:00:00Z,1,0,0,0,0,0,0,0,0,0,0,0,0.0,0.0,0.0,0.0,0,0.0,0.0,0.0,0.0,False,u,has joined Marseille on loan for the rest of the season.,,,,2526
26,481655,37,361,Martín Zubimendi Ibáñez,Zubimendi,3,2.8,4.9,1,3,Home,2026-05-18T19:00:00Z,1,0,1,0,0,0,0,0,0,0,3,1,0.0,0.0,0.0,0.0,0,0.0,0.0,0.0,0.0,False,a,,,,,2526
27,200641,37,364,Reiss Nelson,Nelson,3,0.1,4.8,5,8,Home,2026-05-17T14:00:00Z,2,2,0,0,0,0,0,0,0,0,0,0,0.0,0.0,0.0,0.0,0,0.0,0.0,0.0,0.0,False,a,,,,,2526
28,588796,37,361,Ismeal Kabia,Kabia,3,0.1,4.5,1,3,Home,2026-05-18T19:00:00Z,1,0,0,0,0,0,0,0,0,0,0,0,0.0,0.0,0.0,0.0,0,0.0,0.0,0.0,0.0,False,u,has joined Shrewsbury Town on loan for the rest of the season.,,,,2526
29,437742,37,361,Albert Sambi Lokonga,Sambi,3,0.0,4.5,1,3,Home,2026-05-18T19:00:00Z,1,0,0,0,0,0,0,0,0,0,0,0,0.0,0.0,0.0,0.0,0,0.0,0.0,0.0,0.0,False,u,has joined Hamburger permanently.,,,,2526
30,219847,37,361,Kai Havertz,Havertz,4,0.6,7.3,1,3,Home,2026-05-18T19:00:00Z,1,0,72,1,0,1,0,1,0,3,34,8,0.39,0.33,0.72,0.19,2,12.6,35.4,36.2,54.0,False,a,,,,,2526
31,205651,37,361,Gabriel Fernando de Jesus,G.Jesus,4,0.3,6.4,1,3,Home,2026-05-18T19:00:00Z,1,0,0,0,0,0,0,0,0,0,0,0,0.0,0.0,0.0,0.0,0,0.0,0.0,0.0,0.0,False,a,,,,,2526
32,98980,37,362,Emiliano Martínez Romero,Martinez,1,4.5,5.1,2,12,Home,2026-05-15T19:00:00Z,4,2,90,0,0,0,2,0,0,0,7,2,0.0,0.01,0.01,1.43,0,2.1,20.6,0.0,0.0,False,a,,,,,2526
33,72147,37,362,Marco Bizot,M.Bizot,1,0.4,4.2,2,12,Home,2026-05-15T19:00:00Z,4,2,0,0,0,0,0,0,0,0,0,0,0.0,0.0,0.0,0.0,0,0.0,0.0,0.0,0.0,False,a,,,,,2526
34,462492,37,362,Joe Gauci,Gauci,1,0.1,4.0,2,12,Home,2026-05-15T19:00:00Z,4,2,0,0,0,0,0,0,0,0,0,0,0.0,0.0,0.0,0.0,0,0.0,0.0,0.0,0.0,False,u,Has joined Port Vale on loan for the rest of the season.,,,,2526
35,462381,37,362,Filip Marschall,Marschall,1,0.0,4.0,2,12,Home,2026-05-15T19:00:00Z,4,2,0,0,0,0,0,0,0,0,0,0,0.0,0.0,0.0,0.0,0,0.0,0.0,0.0,0.0,False,u,Has joined Stevenage permanently.,,,,2526
36,199796,37,362,Matty Cash,Cash,2,7.6,4.7,2,12,Home,2026-05-15T19:00:00Z,4,2,90,0,0,0,2,1,0,0,3,0,0.01,0.01,0.02,1.43,7,3.1,16.6,12.4,2.0,False,a,,3.0,,,2526
37,101188,37,362,Lucas Digne,Digne,2,1.5,4.5,2,12,Home,2026-05-15T19:00:00Z,4,2,90,0,1,0,2,0,0,0,9,4,0.04,0.06,0.1,1.43,6,4.4,23.4,16.3,4.0,False,a,,2.0,2.0,,2526
38,199798,37,362,Ezri Konsa Ngoyo,Konsa,2,7.2,4.4,2,12,Home,2026-05-15T19:00:00Z,4,2,90,0,0,0,2,0,0,0,9,1,0.0,0.01,0.01,1.43,6,1.5,13.6,0.9,0.0,False,a,,,,,2526
39,441302,37,362,Ian Maatsen,Maatsen,2,0.5,4.2,2,12,Home,2026-05-15T19:00:00Z,4,2,5,0,0,0,1,0,0,0,-1,1,0.0,0.0,0.0,0.27,0,0.1,1.0,0.0,0.0,False,a,,,,,2526
40,149484,37,362,Tyrone Mings,Mings,2,0.6,4.3,2,12,Home,2026-05-15T19:00:00Z,4,2,0,0,0,0,0,0,0,0,0,0,0.0,0.0,0.0,0.0,0,0.0,0.0,0.0,0.0,False,a,,,,,2526
41,244954,37,362,Pau Torres,Pau,2,0.3,4.3,2,12,Home,2026-05-15T19:00:00Z,4,2,90,0,1,0,2,0,0,0,13,4,0.55,0.0,0.55,1.43,4,3.5,17.6,0.3,17.0,False,a,,,,,2526
42,606798,37,362,Andrés García,A.García,2,0.2,3.9,2,12,Home,2026-05-15T19:00:00Z,4,2,0,0,0,0,0,0,0,0,0,0,0.0,0.0,0.0,0.0,0,0.0,0.0,0.0,0.0,False,a,,,,,2526
43,106468,37,362,Álex Moreno Lopera,Alex Moreno,2,1.5,4.0,2,12,Home,2026-05-15T19:00:00Z,4,2,0,0,0,0,0,0,0,0,0,0,0.0,0.0,0.0,0.0,0,0.0,0.0,0.0,0.0,False,u,Has joined Girona permanently.,,,,2526
44,515597,37,362,Lamare Bogarde,Bogarde,2,0.5,4.0,2,12,Home,2026-05-15T19:00:00Z,4,2,0,0,0,0,0,0,0,0,0,0,0.0,0.0,0.0,0.0,0,0.0,0.0,0.0,0.0,False,a,,,,,2526
45,514315,37,362,Lino da Cruz Sousa,Sousa,2,0.2,3.8,2,12,Home,2026-05-15T19:00:00Z,4,2,0,0,0,0,0,0,0,0,0,0,0.0,0.0,0.0,0.0,0,0.0,0.0,0.0,0.0,False,u,has joined Rotherham on loan for the rest of the season.,,,,2526
46,587178,37,362,Yasin Özcan,Yasin,2,0.1,4.0,2,12,Home,2026-05-15T19:00:00Z,4,2,0,0,0,0,0,0,0,0,0,0,0.0,0.0,0.0,0.0,0,0.0,0.0,0.0,0.0,False,u,has joined Anderlecht on loan for the rest of the season.,,,,2526
47,244850,37,362,Morgan Rogers,Rogers,3,21.1,7.3,2,12,Home,2026-05-15T19:00:00Z,4,2,90,1,1,0,2,0,0,2,50,12,0.05,0.27,0.32,1.43,10,13.8,65.6,51.8,21.0,True,a,,,1.0,,2526
48,166989,37,362,Youri Tielemans,Tielemans,3,0.7,5.9,2,12,Home,2026-05-15T19:00:00Z,4,2,89,0,0,0,1,0,0,0,17,2,0.02,0.02,0.04,1.16,5,3.7,13.2,16.9,7.0,False,a,,5.0,,,2526
49,215711,37,362,Leon Bailey,Bailey,3,0.1,5.5,2,12,Home,2026-05-15T19:00:00Z,4,2,0,0,0,0,0,0,0,0,0,0,0.0,0.0,0.0,0.0,0,0.0,0.0,0.0,0.0,False,a,,4.0,,,2526
50,195546,37,362,Emiliano Buendía Stati,Buendía,3,0.4,5.3,2,12,Home,2026-05-15T19:00:00Z,4,2,84,0,0,0,1,0,0,0,13,2,0.02,0.21,0.23,1.16,9,3.7,6.4,25.0,6.0,False,a,,,6.0,2.0,2526
51,469247,37,362,Samuel Iling-Junior,Iling Jr,3,0.0,5.5,2,12,Home,2026-05-15T19:00:00Z,4,2,0,0,0,0,0,0,0,0,0,0,0.0,0.0,0.0,0.0,0,0.0,0.0,0.0,0.0,False,u,has joined Pisa on loan for the rest of the season.,,,,2526
52,232653,37,369,Jacob Ramsey,J.Ramsey,3,0.2,5.3,15,19,Home,2026-05-17T16:30:00Z,3,1,90,0,1,0,1,0,0,2,35,9,0.0,0.19,0.19,0.95,12,7.1,32.0,29.4,10.0,False,a,,,,,2526
53,204646,37,362,Donyell Malen,Malen,3,0.4,5.1,2,12,Home,2026-05-15T19:00:00Z,4,2,0,0,0,0,0,0,0,0,0,0,0.0,0.0,0.0,0.0,0,0.0,0.0,0.0,0.0,False,u,has joined Roma on loan for the rest of the season.,,,,2526
54,122806,37,362,John McGinn,McGinn,3,0.7,5.3,2,12,Home,2026-05-15T19:00:00Z,4,2,89,1,0,0,1,1,0,0,26,6,0.03,0.01,0.04,1.16,5,5.0,35.2,3.4,11.0,False,a,,,,,2526
55,88894,37,362,Ross Barkley,Barkley,3,0.1,4.8,2,12,Home,2026-05-15T19:00:00Z,4,2,45,0,0,0,2,0,0,0,7,1,0.02,0.01,0.03,1.24,5,0.9,5.0,1.5,2.0,False,a,,,,,2526
56,491287,37,362,Enzo Barrenechea,Barrenechea,3,0.0,5.0,2,12,Home,2026-05-15T19:00:00Z,4,2,0,0,0,0,0,0,0,0,0,0,0.0,0.0,0.0,0.0,0,0.0,0.0,0.0,0.0,False,u,Season-long loan to Benfica,,,,2526
57,461421,37,362,Lewis Dobbin,Dobbin,3,0.0,5.0,2,12,Home,2026-05-15T19:00:00Z,4,2,0,0,0,0,0,0,0,0,0,0,0.0,0.0,0.0,0.0,0,0.0,0.0,0.0,0.0,False,u,Has joined Preston North End on loan for the rest of the season.,,,,2526
58,226944,37,362,Boubacar Kamara,Kamara,3,0.2,4.9,2,12,Home,2026-05-15T19:00:00Z,4,2,0,0,0,0,0,0,0,0,0,0,0.0,0.0,0.0,0.0,0,0.0,0.0,0.0,0.0,False,i,Knee injury - Expected back 01 Jun,,,,2526
59,449871,37,362,Amadou Onana,Onana,3,0.6,4.8,2,12,Home,2026-05-15T19:00:00Z,4,2,0,0,0,0,0,0,0,0,0,0,0.0,0.0,0.0,0.0,0,0.0,0.0,0.0,0.0,False,i,Calf injury - Unknown return date,,,,2526
60,577731,37,362,Ben Broggio,Broggio,3,0.2,4.4,2,12,Home,2026-05-15T19:00:00Z,4,2,0,0,0,0,0,0,0,0,0,0,0.0,0.0,0.0,0.0,0,0.0,0.0,0.0,0.0,False,u,has joined Falkirk on loan for the rest of the season.,,,,2526
61,151589,37,362,Leander Dendoncker,Dendoncker,3,0.1,4.5,2,12,Home,2026-05-15T19:00:00Z,4,2,0,0,0,0,0,0,0,0,0,0,0.0,0.0,0.0,0.0,0,0.0,0.0,0.0,0.0,False,u,Has joined Real Oviedo permanently.,,,,2526
62,559962,37,362,Jamaldeen Jimoh-Aloba,Jimoh-Aloba,3,0.1,4.5,2,12,Home,2026-05-15T19:00:00Z,4,2,0,0,0,0,0,0,0,0,0,0,0.0,0.0,0.0,0.0,0,0.0,0.0,0.0,0.0,False,u,has joined West Brom on loan for the rest of the season.,,,,2526
63,537403,37,362,Kadan Young,Young,3,0.5,4.3,2,12,Home,2026-05-15T19:00:00Z,4,2,0,0,0,0,0,0,0,0,0,0,0.0,0.0,0.0,0.0,0,0.0,0.0,0.0,0.0,False,u,has joined Reading on loan for the rest of the season.,,,,2526
64,178301,37,362,Ollie Watkins,Watkins,4,13.4,8.7,2,12,Home,2026-05-15T19:00:00Z,4,2,90,2,1,0,2,1,0,3,65,15,1.52,0.02,1.54,1.43,1,23.2,90.2,12.3,129.0,True,a,,,,3.0,2526
65,576756,37,362,Zépiqueno Redmond,Redmond,4,0.3,4.5,2,12,Home,2026-05-15T19:00:00Z,4,2,0,0,0,0,0,0,0,0,0,0,0.0,0.0,0.0,0.0,0,0.0,0.0,0.0,0.0,False,u,has joined Huddersfield Town on loan for the rest of the season.,,,,2526
66,69752,37,363,Norberto Murara Neto,Neto,1,0.1,4.5,4,13,Home,2026-05-19T18:30:00Z,1,1,0,0,0,0,0,0,0,0,0,0,0.0,0.0,0.0,0.0,0,0.0,0.0,0.0,0.0,False,u,Has joined Botafogo permanently.,,,,2526
67,457569,37,363,Đorđe Petrović,Petrović,1,5.0,4.6,4,13,Home,2026-05-19T18:30:00Z,1,1,90,0,0,0,1,0,0,0,13,3,0.0,0.0,0.0,1.67,0,2.2,22.4,0.0,0.0,False,a,,,,,2526
68,444172,37,363,Will Dennis,Dennis,1,0.7,4.0,4,13,Home,2026-05-19T18:30:00Z,1,1,0,0,0,0,0,0,0,0,0,0,0.0,0.0,0.0,0.0,0,0.0,0.0,0.0,0.0,False,u,has joined Leyton Orient on loan for the rest of the season.,,,,2526
69,568791,37,363,Callan McKenna,McKenna,1,0.2,3.9,4,13,Home,2026-05-19T18:30:00Z,1,1,0,0,0,0,0,0,0,0,0,0,0.0,0.0,0.0,0.0,0,0.0,0.0,0.0,0.0,False,a,,,,,2526
70,495145,37,363,Alex Paulsen,Paulsen,1,0.1,4.0,4,13,Home,2026-05-19T18:30:00Z,1,1,0,0,0,0,0,0,0,0,0,0,0.0,0.0,0.0,0.0,0,0.0,0.0,0.0,0.0,False,u,Has joined Lechia Gdansk on loan for the rest of the season.,,,,2526
71,477580,37,363,Illia Zabarnyi,Zabarnyi,2,0.0,5.0,4,13,Home,2026-05-19T18:30:00Z,1,1,0,0,0,0,0,0,0,0,0,0,0.0,0.0,0.0,0.0,0,0.0,0.0,0.0,0.0,False,u,Has joined Paris Saint-Germain permanently.,,,,2526
72,221466,37,363,Marcos Senesi Barón,Senesi,2,21.1,5.2,4,13,Home,2026-05-19T18:30:00Z,1,1,90,0,0,0,1,0,0,0,13,4,0.0,0.01,0.01,1.67,10,2.3,22.2,1.0,0.0,False,a,,,,,2526
73,54469,37,363,Adam Smith,Smith,2,0.2,4.4,4,13,Home,2026-05-19T18:30:00Z,1,1,89,0,0,1,0,0,0,0,18,6,0.0,0.01,0.01,1.16,5,1.6,14.8,1.4,0.0,False,a,,,,,2526
74,494521,37,363,Adrien Truffert,Truffert,2,4.8,4.7,4,13,Home,2026-05-19T18:30:00Z,1,1,90,0,1,0,1,1,0,0,17,4,0.0,0.19,0.19,1.67,6,6.7,33.2,27.8,6.0,False,a,,,,,2526
75,541462,37,363,Matai Akinmboni,Akinmboni,2,0.2,3.8,4,13,Home,2026-05-19T18:30:00Z,1,1,0,0,0,0,0,0,0,0,0,0,0.0,0.0,0.0,0.0,0,0.0,0.0,0.0,0.0,False,a,,,,,2526
76,518906,37,363,Owen Bevan,Bevan,2,0.2,3.8,4,13,Home,2026-05-19T18:30:00Z,1,1,0,0,0,0,0,0,0,0,0,0,0.0,0.0,0.0,0.0,0,0.0,0.0,0.0,0.0,False,a,,,,,2526
77,463981,37,363,James Hill,Hill,2,7.3,4.2,4,13,Home,2026-05-19T18:30:00Z,1,1,90,0,0,0,1,1,0,0,8,1,0.1,0.0,0.1,1.67,7,3.5,17.2,10.1,8.0,False,a,,,,,2526
78,436893,37,363,Julián Araujo Zúñiga,J.Araujo,2,0.5,3.8,4,13,Home,2026-05-19T18:30:00Z,1,1,0,0,0,0,0,0,0,0,0,0,0.0,0.0,0.0,0.0,0,0.0,0.0,0.0,0.0,False,u,has joined Celtic on loan for the rest of the season.,,,,2526
79,223911,37,363,Chris Mepham,Mepham,2,0.1,4.0,4,13,Home,2026-05-19T18:30:00Z,1,1,0,0,0,0,0,0,0,0,0,0,0.0,0.0,0.0,0.0,0,0.0,0.0,0.0,0.0,False,u,has joined West Bromwich Albion permanently.,,,,2526
80,575901,37,363,Julio Soler Barreto,Soler,2,0.2,3.9,4,13,Home,2026-05-19T18:30:00Z,1,1,0,0,0,0,0,0,0,0,0,0,0.0,0.0,0.0,0.0,0,0.0,0.0,0.0,0.0,False,a,,,,,2526
81,222683,37,363,Justin Kluivert,Kluivert,3,0.6,6.9,4,13,Home,2026-05-19T18:30:00Z,1,1,14,0,0,0,1,1,0,0,-2,0,0.0,0.0,0.0,0.67,2,0.2,1.2,0.3,0.0,False,a,,,3.0,1.0,2526
82,437730,37,363,Antoine Semenyo,Semenyo,3,47.2,8.1,13,4,Away,2026-05-19T18:30:00Z,1,1,55,0,0,0,1,0,0,0,5,1,0.03,0.06,0.09,0.75,2,3.4,6.2,15.2,13.0,False,a,,,4.0,,2526
83,533463,37,364,Dango Ouattara,O.Dango,3,1.6,5.6,5,8,Home,2026-05-17T14:00:00Z,2,2,90,2,0,0,2,0,0,3,45,15,0.92,0.03,0.95,1.72,2,16.7,72.0,12.6,82.0,True,a,,3.0,,,2526
84,201658,37,363,Marcus Tavernier,Tavernier,3,4.3,5.3,4,13,Home,2026-05-19T18:30:00Z,1,1,90,0,0,0,1,0,0,0,24,2,0.0,0.54,0.54,1.67,9,7.1,15.6,49.8,6.0,False,a,,2.0,2.0,4.0,2526
85,200785,37,363,Tyler Adams,Adams,3,0.3,4.9,4,13,Home,2026-05-19T18:30:00Z,1,1,90,0,0,0,1,1,0,0,12,3,0.0,0.01,0.01,1.67,12,1.6,13.2,2.4,0.0,False,a,,,,,2526
86,111317,37,363,David Brooks,Brooks,3,0.2,5.0,4,13,Home,2026-05-19T18:30:00Z,1,1,6,0,0,0,1,0,0,0,1,1,0.65,0.01,0.66,0.51,1,3.4,5.2,10.3,18.0,False,a,,5.0,4.0,,2526
87,158499,37,363,Ryan Christie,Christie,3,0.1,4.9,4,13,Home,2026-05-19T18:30:00Z,1,1,0,0,0,0,0,0,0,0,0,0,0.0,0.0,0.0,0.0,0,0.0,0.0,0.0,0.0,False,s,Suspended until 29 Aug,6.0,,,2526
88,155408,37,363,Lewis Cook,Cook,3,0.0,4.9,4,13,Home,2026-05-19T18:30:00Z,1,1,1,0,0,0,1,0,0,0,3,1,0.0,0.0,0.0,0.51,0,0.1,0.4,0.3,0.0,False,a,,4.0,,,2526
89,168991,37,363,Philip Billing,Philip,3,0.0,4.9,4,13,Home,2026-05-19T18:30:00Z,1,1,0,0,0,0,0,0,0,0,0,0,0.0,0.0,0.0,0.0,0,0.0,0.0,0.0,0.0,False,u,has joined Midtjylland permanently.,,,,2526
90,503139,37,363,Alex Scott,Scott,3,2.1,4.9,4,13,Home,2026-05-19T18:30:00Z,1,1,90,0,0,0,1,0,0,0,20,4,0.0,0.01,0.01,1.67,18,3.2,18.6,13.5,0.0,False,a,,3.0,6.0,,2526
91,224995,37,363,Luis Sinisterra Lucumí,Sinisterra,3,0.0,5.0,4,13,Home,2026-05-19T18:30:00Z,1,1,0,0,0,0,0,0,0,0,0,0,0.0,0.0,0.0,0.0,0,0.0,0.0,0.0,0.0,False,u,has joined Cruzeiro on loan for the rest of the season.,,,,2526
92,441240,37,363,Romain Faivre,Faivre,3,0.1,4.5,4,13,Home,2026-05-19T18:30:00Z,1,1,0,0,0,0,0,0,0,0,0,0,0.0,0.0,0.0,0.0,0,0.0,0.0,0.0,0.0,False,u,has joined Auxerre permanently.,,,,2526
93,424044,37,363,Hamed Traorè,H.Traorè,3,0.3,4.5,4,13,Home,2026-05-19T18:30:00Z,1,1,0,0,0,0,0,0,0,0,0,0,0.0,0.0,0.0,0.0,0,0.0,0.0,0.0,0.0,False,u,has joined Marseille on loan for the rest of the season.,,,,2526
94,550596,37,363,Dominic Sadi,Sadi,3,0.0,4.5,4,13,Home,2026-05-19T18:30:00Z,1,1,0,0,0,0,0,0,0,0,0,0,0.0,0.0,0.0,0.0,0,0.0,0.0,0.0,0.0,False,u,has joined Novi Pazar on loan for the rest of the season.,,,,2526
95,530121,37,363,Zain Silcott-Duberry,Silcott-Duberry,3,0.1,4.4,4,13,Home,2026-05-19T18:30:00Z,1,1,0,0,0,0,0,0,0,0,0,0,0.0,0.0,0.0,0.0,0,0.0,0.0,0.0,0.0,False,u,has joined Olympiakos permanently.,,,,2526
96,606775,37,363,Ben Winterburn,Winterburn,3,0.0,4.5,4,13,Home,2026-05-19T18:30:00Z,1,1,0,0,0,0,0,0,0,0,0,0,0.0,0.0,0.0,0.0,0,0.0,0.0,0.0,0.0,False,u,has joined Barnet on loan for the rest of the season.,,,,2526
97,444102,37,363,Francisco Evanilson de Lima Barbosa,Evanilson,4,2.3,6.6,4,13,Home,2026-05-19T18:30:00Z,1,1,88,0,0,1,0,0,0,0,14,2,0.71,0.04,0.75,1.16,8,4.0,13.4,12.3,14.0,False,a,,,,,2526
98,168636,37,363,Enes Ünal,Enes Ünal,4,0.0,5.4,4,13,Home,2026-05-19T18:30:00Z,1,1,1,0,0,0,1,0,0,0,7,1,0.0,0.0,0.0,0.51,4,2.0,9.4,10.1,0.0,False,a,,,1.0,,2526
99,590760,37,363,Daniel Adu-Adjei,Adu-Adjei,4,0.1,4.4,4,13,Home,2026-05-19T18:30:00Z,1,1,0,0,0,0,0,0,0,0,0,0,0.0,0.0,0.0,0.0,0,0.0,0.0,0.0,0.0,False,u,has joined HNK Rijeka permanently.,,,,2526
100,560262,37,363,Junior Kroupi,Kroupi.Jr,4,6.3,4.6,4,13,Home,2026-05-19T18:30:00Z,1,1,75,1,0,1,0,0,0,2,32,8,0.19,0.16,0.35,1.0,3,6.1,33.0,6.3,22.0,False,a,,,,2.0,2526
101,200720,37,364,Caoimhín Kelleher,Kelleher,1,12.2,4.8,5,8,Home,2026-05-17T14:00:00Z,2,2,90,0,0,0,2,0,0,0,5,2,0.0,0.0,0.0,1.72,0,1.1,10.6,0.0,0.0,False,a,,,,,2526
102,235448,37,364,Ellery Balcombe,Balcombe,1,0.2,3.9,5,8,Home,2026-05-17T14:00:00Z,2,2,0,0,0,0,0,0,0,0,0,0,0.0,0.0,0.0,0.0,0,0.0,0.0,0.0,0.0,False,a,,,,,2526
103,503300,37,364,Matthew Cox,Cox,1,0.1,3.9,5,8,Home,2026-05-17T14:00:00Z,2,2,0,0,0,0,0,0,0,0,0,0,0.0,0.0,0.0,0.0,0,0.0,0.0,0.0,0.0,False,u,has joined Shrewsbury Town on loan for the rest of the season.,,,,2526
104,535017,37,364,Julian Eyestone,Eyestone,1,0.1,3.9,5,8,Home,2026-05-17T14:00:00Z,2,2,0,0,0,0,0,0,0,0,0,0,0.0,0.0,0.0,0.0,0,0.0,0.0,0.0,0.0,False,a,,,,,2526
105,507433,37,364,Hákon Rafn Valdimarsson,Valdimarsson,1,0.9,3.8,5,8,Home,2026-05-17T14:00:00Z,2,2,0,0,0,0,0,0,0,0,0,0,0.0,0.0,0.0,0.0,0,0.0,0.0,0.0,0.0,False,a,,,,,2526
106,432830,37,364,Nathan Collins,Collins,2,2.5,4.9,5,8,Home,2026-05-17T14:00:00Z,2,2,90,0,0,0,2,0,0,0,11,3,0.1,0.01,0.11,1.72,13,4.1,33.2,0.9,7.0,False,a,,,,,2526
107,249231,37,364,Keane Lewis-Potter,Lewis-Potter,2,1.6,4.8,5,8,Home,2026-05-17T14:00:00Z,2,2,90,0,0,0,2,0,0,0,3,1,0.09,0.02,0.11,1.72,3,1.0,3.4,1.9,5.0,False,a,,,1.0,,2526
108,191866,37,364,Kristoffer Ajer,Ajer,2,0.2,4.4,5,8,Home,2026-05-17T14:00:00Z,2,2,81,0,0,0,2,0,0,0,10,3,0.0,0.0,0.0,1.69,12,2.0,19.6,0.3,0.0,False,a,,,,,2526
109,194010,37,364,Rico Henry,Henry,2,0.1,4.3,5,8,Home,2026-05-17T14:00:00Z,2,2,0,0,0,0,0,0,0,0,0,0,0.0,0.0,0.0,0.0,0,0.0,0.0,0.0,0.0,False,i,Hamstring injury - Unknown return date,,,,2526
110,607464,37,364,Michael Kayode,Kayode,2,1.1,4.6,5,8,Home,2026-05-17T14:00:00Z,2,2,90,0,0,0,2,1,0,0,1,0,0.0,0.06,0.06,1.72,3,2.1,10.2,10.8,0.0,False,a,,,,,2526
111,231065,37,364,Ethan Pinnock,Pinnock,2,0.1,4.2,5,8,Home,2026-05-17T14:00:00Z,2,2,0,0,0,0,0,0,0,0,0,0,0.0,0.0,0.0,0.0,0,0.0,0.0,0.0,0.0,False,a,,,,,2526
112,226956,37,364,Mads Roerslev Rasmussen,Roerslev,2,0.0,4.5,5,8,Home,2026-05-17T14:00:00Z,2,2,0,0,0,0,0,0,0,0,0,0,0.0,0.0,0.0,0.0,0,0.0,0.0,0.0,0.0,False,u,Has joined Southampton permanently.,,,,2526
113,444765,37,364,Sepp van den Berg,Van den Berg,2,1.1,4.4,5,8,Home,2026-05-17T14:00:00Z,2,2,8,0,1,0,0,0,0,0,19,4,0.18,0.48,0.66,0.03,5,4.7,28.0,10.4,9.0,False,a,,,,,2526
114,622536,37,364,Benjamin Arthur,Arthur,2,0.2,3.8,5,8,Home,2026-05-17T14:00:00Z,2,2,0,0,0,0,0,0,0,0,0,0,0.0,0.0,0.0,0.0,0,0.0,0.0,0.0,0.0,False,u,has joined Celtic on loan for the rest of the season.,,,,2526
115,612534,37,364,Benjamin Fredrick,Fredrick,2,0.1,4.0,5,8,Home,2026-05-17T14:00:00Z,2,2,0,0,0,0,0,0,0,0,0,0,0.0,0.0,0.0,0.0,0,0.0,0.0,0.0,0.0,False,u,has joined Dender on loan for the rest of the season.,,,,2526
116,472713,37,364,Aaron Hickey,Hickey,2,0.3,4.0,5,8,Home,2026-05-17T14:00:00Z,2,2,0,0,0,0,0,0,0,0,0,0,0.0,0.0,0.0,0.0,0,0.0,0.0,0.0,0.0,False,a,,,,,2526
117,570241,37,364,Kim Ji-soo,Ji-soo,2,0.1,3.9,5,8,Home,2026-05-17T14:00:00Z,2,2,0,0,0,0,0,0,0,0,0,0,0.0,0.0,0.0,0.0,0,0.0,0.0,0.0,0.0,False,u,has joined Kaiserslautern on loan for the rest of the season.,,,,2526
118,499717,37,364,Jayden Meghoma,Meghoma,2,0.0,4.0,5,8,Home,2026-05-17T14:00:00Z,2,2,0,0,0,0,0,0,0,0,0,0,0.0,0.0,0.0,0.0,0,0.0,0.0,0.0,0.0,False,u,Has joined Rangers on loan for the rest of the season.,,,,2526
119,446008,37,368,Bryan Mbeumo,Mbeumo,3,14.9,8.3,14,16,Home,2026-05-17T11:30:00Z,3,2,79,1,0,0,2,0,0,0,18,7,2.57,0.02,2.59,1.62,3,8.1,28.0,6.8,46.0,False,a,,2.0,2.0,,2526
120,513418,37,364,Kevin Schade,Schade,3,1.4,6.8,5,8,Home,2026-05-17T14:00:00Z,2,2,27,0,0,0,0,0,0,0,-1,1,0.21,0.0,0.21,0.05,0,0.9,0.0,0.3,13.0,False,a,,,,3.0,2526
121,440089,37,364,Mikkel Damsgaard,Damsgaard,3,0.8,5.6,5,8,Home,2026-05-17T14:00:00Z,2,2,90,0,0,0,2,0,0,0,13,2,0.03,0.35,0.38,1.72,10,4.3,9.0,30.8,3.0,False,a,,,3.0,,2526
122,543295,37,364,Antoni Milambo,Milambo,3,0.0,5.2,5,8,Home,2026-05-17T14:00:00Z,2,2,0,0,0,0,0,0,0,0,0,0,0.0,0.0,0.0,0.0,0,0.0,0.0,0.0,0.0,False,i,Knee injury - Expected back 01 Jun,,,,2526
123,244858,37,364,Fábio Freitas Gouveia Carvalho,Carvalho,3,0.1,4.6,5,8,Home,2026-05-17T14:00:00Z,2,2,0,0,0,0,0,0,0,0,0,0,0.0,0.0,0.0,0.0,0,0.0,0.0,0.0,0.0,False,i,Knee injury - Expected back 01 Jun,,,4.0,2526
124,56979,37,364,Jordan Henderson,Henderson,3,0.3,5.0,5,8,Home,2026-05-17T14:00:00Z,2,2,27,0,0,0,0,0,0,0,4,1,0.0,0.03,0.03,0.05,2,1.8,4.0,11.5,2.0,False,a,,,,,2526
125,204580,37,364,Vitaly Janelt,Janelt,3,0.1,4.9,5,8,Home,2026-05-17T14:00:00Z,2,2,62,0,0,0,2,0,0,0,13,2,0.0,0.21,0.21,1.67,5,2.7,6.6,20.6,0.0,False,a,,2.0,,,2526
126,207283,37,364,Mathias Jensen,Jensen,3,0.2,4.9,5,8,Home,2026-05-17T14:00:00Z,2,2,62,0,0,0,2,0,0,0,10,2,0.0,0.05,0.05,1.67,5,3.1,6.2,18.8,6.0,False,a,,1.0,2.0,5.0,2526
127,626464,37,364,Gustavo Nunes Fernandes Gomes,Nunes,3,0.0,4.9,5,8,Home,2026-05-17T14:00:00Z,2,2,0,0,0,0,0,0,0,0,0,0,0.0,0.0,0.0,0.0,0,0.0,0.0,0.0,0.0,False,u,has joined Swansea City on loan for the rest of the season.,,,,2526
128,428580,37,364,Frank Onyeka,Onyeka,3,0.0,4.8,5,8,Home,2026-05-17T14:00:00Z,2,2,0,0,0,0,0,0,0,0,0,0,0.0,0.0,0.0,0.0,0,0.0,0.0,0.0,0.0,False,u,has joined Coventry City on loan for the rest of the season.,,,,2526
129,508395,37,364,Yehor Yarmoliuk,Yarmoliuk,3,0.1,5.0,5,8,Home,2026-05-17T14:00:00Z,2,2,88,0,1,0,2,0,0,1,24,8,0.0,0.03,0.03,1.69,17,3.1,25.2,4.1,2.0,False,a,,,,,2526
130,606689,37,364,Romelle Donovan,Donovan,3,0.1,4.4,5,8,Home,2026-05-17T14:00:00Z,2,2,0,0,0,0,0,0,0,0,0,0,0.0,0.0,0.0,0.0,0,0.0,0.0,0.0,0.0,False,a,,,,,2526
131,628204,37,364,Yunus Emre Konak,Konak,3,0.1,4.3,5,8,Home,2026-05-17T14:00:00Z,2,2,0,0,0,0,0,0,0,0,0,0,0.0,0.0,0.0,0.0,0,0.0,0.0,0.0,0.0,False,u,has joined Oxford United on loan for the rest of the season.,,,,2526
132,220695,37,364,Paris Maghoma,Maghoma,3,0.0,4.5,5,8,Home,2026-05-17T14:00:00Z,2,2,0,0,0,0,0,0,0,0,0,0,0.0,0.0,0.0,0.0,0,0.0,0.0,0.0,0.0,False,u,has joined Norwich City permanently.,,,,2526
133,450539,37,364,Myles Peart-Harris,Peart-Harris,3,0.0,4.4,5,8,Home,2026-05-17T14:00:00Z,2,2,0,0,0,0,0,0,0,0,0,0,0.0,0.0,0.0,0.0,0,0.0,0.0,0.0,0.0,False,u,has joined Oxford United permanently.,,,,2526
134,591357,37,364,Ryan Trevitt,Trevitt,3,0.0,4.5,5,8,Home,2026-05-17T14:00:00Z,2,2,0,0,0,0,0,0,0,0,0,0,0.0,0.0,0.0,0.0,0,0.0,0.0,0.0,0.0,False,u,Has joined Wigan on loan for the rest of the season,,,,2526
135,216646,37,369,Yoane Wissa,Wissa,4,0.6,7.3,15,19,Home,2026-05-17T16:30:00Z,3,1,5,0,0,0,0,0,0,0,5,1,0.0,0.0,0.0,0.05,1,0.2,2.0,0.0,0.0,False,a,,,,,2526
136,502500,37,364,Igor Thiago Nascimento Rodrigues,Thiago,4,32.0,7.3,5,8,Home,2026-05-17T14:00:00Z,2,2,90,0,0,0,2,0,0,0,0,2,0.11,0.05,0.16,1.72,7,3.6,10.0,11.8,14.0,False,a,,,,2.0,2526
137,533710,37,364,Iwan Morgan,Morgan,4,0.3,4.4,5,8,Home,2026-05-17T14:00:00Z,2,2,0,0,0,0,0,0,0,0,0,0,0.0,0.0,0.0,0.0,0,0.0,0.0,0.0,0.0,False,u,has joined Shrewsbury on loan for the rest of the season.,,,,2526
138,49262,37,367,Jason Steele,Steele,1,0.2,4.2,6,11,Away,2026-05-17T14:00:00Z,0,1,0,0,0,0,0,0,0,0,0,0,0.0,0.0,0.0,0.0,0,0.0,0.0,0.0,0.0,False,a,,,,,2526
139,489639,37,367,Bart Verbruggen,Verbruggen,1,9.5,4.6,6,11,Away,2026-05-17T14:00:00Z,0,1,90,0,0,0,1,0,0,0,5,2,0.0,0.0,0.0,0.39,0,0.8,7.6,0.0,0.0,False,a,,,,,2526
140,209288,37,367,Tom McGill,McGill,1,0.3,3.9,6,11,Away,2026-05-17T14:00:00Z,0,1,0,0,0,0,0,0,0,0,0,0,0.0,0.0,0.0,0.0,0,0.0,0.0,0.0,0.0,False,a,,,,,2526
141,472739,37,367,Carl Rushworth,Rushworth,1,0.0,4.0,6,11,Away,2026-05-17T14:00:00Z,0,1,0,0,0,0,0,0,0,0,0,0,0.0,0.0,0.0,0.0,0,0.0,0.0,0.0,0.0,False,u,Has joined Coventry City on loan for the rest of the season.,,,,2526
142,240514,37,367,Kjell Scherpen,Scherpen,1,0.0,4.0,6,11,Away,2026-05-17T14:00:00Z,0,1,0,0,0,0,0,0,0,0,0,0,0.0,0.0,0.0,0.0,0,0.0,0.0,0.0,0.0,False,u,Has joined Union SG permanently,,,,2526
143,204120,37,367,Olivier Boscagli,Boscagli,2,0.2,4.2,6,11,Away,2026-05-17T14:00:00Z,0,1,0,0,0,0,0,0,0,0,0,0,0.0,0.0,0.0,0.0,0,0.0,0.0,0.0,0.0,False,a,,3.0,,,2526
144,550090,37,367,Diego Coppola,Coppola,2,0.0,4.2,6,11,Away,2026-05-17T14:00:00Z,0,1,0,0,0,0,0,0,0,0,0,0,0.0,0.0,0.0,0.0,0,0.0,0.0,0.0,0.0,False,u,has joined Paris FC on loan for the rest of the season.,,,,2526
145,465730,37,367,Maxim De Cuyper,De Cuyper,2,1.7,4.3,6,11,Away,2026-05-17T14:00:00Z,0,1,90,0,0,0,1,0,0,0,13,2,0.09,0.5,0.59,0.39,5,7.2,17.6,47.8,7.0,False,a,,,1.0,,2526
146,83299,37,367,Lewis Dunk,Dunk,2,0.9,4.5,6,11,Away,2026-05-17T14:00:00Z,0,1,90,0,0,0,1,0,0,0,13,2,0.23,0.01,0.24,0.39,7,3.9,19.6,12.3,7.0,False,a,,,3.0,,2526
147,204214,37,367,Pervis Estupiñán Tenorio,Estupiñan,2,0.0,4.5,6,11,Away,2026-05-17T14:00:00Z,0,1,0,0,0,0,0,0,0,0,0,0,0.0,0.0,0.0,0.0,0,0.0,0.0,0.0,0.0,False,u,Has joined AC Milan permanently,,,,2526
148,231416,37,367,Ferdi Kadıoğlu,F.Kadıoğlu,2,1.4,4.5,6,11,Away,2026-05-17T14:00:00Z,0,1,90,0,0,0,1,0,0,0,13,2,0.01,0.66,0.67,0.39,3,8.2,16.2,38.6,27.0,False,a,,,,,2526
149,223434,37,367,Igor Julio dos Santos de Paulo,Igor,2,0.1,4.5,6,11,Away,2026-05-17T14:00:00Z,0,1,0,0,0,0,0,0,0,0,0,0,0.0,0.0,0.0,0.0,0,0.0,0.0,0.0,0.0,False,a,,,,,2526
150,232792,37,367,Tariq Lamptey,Lamptey,2,0.1,4.4,6,11,Away,2026-05-17T14:00:00Z,0,1,0,0,0,0,0,0,0,0,0,0,0.0,0.0,0.0,0.0,0,0.0,0.0,0.0,0.0,False,u,has joined Fiorentina permanently.,,,,2526
151,469142,37,367,Jan Paul van Hecke,Van Hecke,2,11.0,4.7,6,11,Away,2026-05-17T14:00:00Z,0,1,90,0,0,0,1,0,0,0,6,2,0.94,0.07,1.01,0.39,9,4.5,18.0,14.3,13.0,False,a,,,,,2526
152,111478,37,367,Joël Veltman,Veltman,2,0.1,4.3,6,11,Away,2026-05-17T14:00:00Z,0,1,64,0,0,1,0,0,0,0,22,6,0.16,0.06,0.22,0.22,4,1.7,8.0,3.7,5.0,False,a,,,,,2526
153,110735,37,367,Adam Webster,Webster,2,0.0,4.4,6,11,Away,2026-05-17T14:00:00Z,0,1,0,0,0,0,0,0,0,0,0,0,0.0,0.0,0.0,0.0,0,0.0,0.0,0.0,0.0,False,i,Knee injury - Unknown return date,,,,2526
154,439135,37,367,Eiran Cashin,Cashin,2,0.0,4.0,6,11,Away,2026-05-17T14:00:00Z,0,1,0,0,0,0,0,0,0,0,0,0,0.0,0.0,0.0,0.0,0,0.0,0.0,0.0,0.0,False,u,has joined Blackburn Rovers on loan for the rest of the season.,,,,2526
155,589100,37,367,Jacob Slater,Slater,2,0.1,4.0,6,11,Away,2026-05-17T14:00:00Z,0,1,0,0,0,0,0,0,0,0,0,0,0.0,0.0,0.0,0.0,0,0.0,0.0,0.0,0.0,False,u,has joined Harrogate Town on loan until January.,,,,2526
156,547720,37,367,Charlie Tasker,Tasker,2,0.2,3.8,6,11,Away,2026-05-17T14:00:00Z,0,1,0,0,0,0,0,0,0,0,0,0,0.0,0.0,0.0,0.0,0,0.0,0.0,0.0,0.0,False,a,,,,,2526
157,451340,37,367,Mitoma Kaoru,Mitoma,3,2.0,6.1,6,11,Away,2026-05-17T14:00:00Z,0,1,0,0,0,0,0,0,0,0,0,0,0.0,0.0,0.0,0.0,0,0.0,0.0,0.0,0.0,False,i,Hamstring injury - Expected back 01 Jun,,,,2526
158,463067,37,367,Georginio Rutter,Georginio,3,0.3,5.6,6,11,Away,2026-05-17T14:00:00Z,0,1,25,0,0,0,1,0,0,0,3,1,0.36,0.32,0.68,0.17,2,4.5,5.2,13.3,26.0,False,a,,,,,2526
159,109345,37,367,Solly March,March,3,0.0,5.8,6,11,Away,2026-05-17T14:00:00Z,0,1,1,0,0,0,1,0,0,0,2,1,0.0,0.0,0.0,0.07,0,0.0,0.0,0.3,0.0,False,a,,,,,2526
160,592031,37,367,Yankuba Minteh,Minteh,3,2.5,5.5,6,11,Away,2026-05-17T14:00:00Z,0,1,90,0,0,1,0,0,0,0,12,3,0.0,0.29,0.29,0.32,6,4.2,13.0,25.3,4.0,False,a,,5.0,,,2526
161,474120,37,367,Julio Enciso Espínola,Enciso,3,0.0,5.4,6,11,Away,2026-05-17T14:00:00Z,0,1,0,0,0,0,0,0,0,0,0,0,0.0,0.0,0.0,0.0,0,0.0,0.0,0.0,0.0,False,u,has joined Strasbourg permanently.,,,,2526
162,513433,37,367,Brajan Gruda,Gruda,3,0.0,5.4,6,11,Away,2026-05-17T14:00:00Z,0,1,0,0,0,0,0,0,0,0,0,0,0.0,0.0,0.0,0.0,0,0.0,0.0,0.0,0.0,False,u,has joined Leipzig on loan for the rest of the season.,,,,2526
163,532529,37,367,Jack Hinshelwood,Hinshelwood,3,1.5,5.2,6,11,Away,2026-05-17T14:00:00Z,0,1,81,0,0,1,0,0,0,0,11,3,0.3,0.34,0.64,0.32,5,6.5,7.8,25.7,31.0,False,a,,,,,2526
164,219249,37,367,Matt O'Riley,O'Riley,3,0.3,5.5,6,11,Away,2026-05-17T14:00:00Z,0,1,0,0,0,0,0,0,0,0,0,0,0.0,0.0,0.0,0.0,0,0.0,0.0,0.0,0.0,False,a,,,,3.0,2526
165,516211,37,367,Abdallah Sima,Sima,3,0.0,5.4,6,11,Away,2026-05-17T14:00:00Z,0,1,0,0,0,0,0,0,0,0,0,0,0.0,0.0,0.0,0.0,0,0.0,0.0,0.0,0.0,False,u,has joined Lens permanently.,,,,2526
166,509416,37,367,Yasin Ayari,Ayari,3,0.4,4.8,6,11,Away,2026-05-17T14:00:00Z,0,1,8,0,0,0,1,0,0,0,3,1,0.0,0.0,0.0,0.07,2,0.4,1.8,0.2,2.0,False,a,,,2.0,,2526
167,535301,37,367,Carlos Baleba,Baleba,3,1.5,4.5,6,11,Away,2026-05-17T14:00:00Z,0,1,81,0,0,1,0,0,0,0,14,3,0.06,0.02,0.08,0.32,10,4.0,19.8,13.5,7.0,False,a,,,,,2526
168,536916,37,367,Facundo Buonanotte,Buonanotte,3,0.1,4.6,11,6,Home,2026-05-17T14:00:00Z,1,0,0,0,0,0,0,0,0,0,0,0,0.0,0.0,0.0,0.0,0,0.0,0.0,0.0,0.0,False,a,,,,,2526
169,514254,37,367,Diego Gómez Amarilla,Gomez,3,0.4,4.9,6,11,Away,2026-05-17T14:00:00Z,0,1,25,0,0,0,1,0,0,0,-3,1,0.65,0.01,0.66,0.17,3,2.2,1.0,1.3,20.0,False,a,,,5.0,,2526
170,15157,37,367,James Milner,Milner,3,0.1,4.9,6,11,Away,2026-05-17T14:00:00Z,0,1,0,0,0,0,0,0,0,0,0,0,0.0,0.0,0.0,0.0,0,0.0,0.0,0.0,0.0,False,a,,,,1.0,2526
171,441192,37,367,Jeremy Sarmiento Morante,Sarmiento,3,0.0,4.9,6,11,Away,2026-05-17T14:00:00Z,0,1,0,0,0,0,0,0,0,0,0,0,0.0,0.0,0.0,0.0,0,0.0,0.0,0.0,0.0,False,u,has joined Middlesbrough on loan for the rest of the season.,,,,2526
172,549074,37,367,Tom Watson,Watson,3,0.0,4.8,6,11,Away,2026-05-17T14:00:00Z,0,1,0,0,0,0,0,0,0,0,0,0,0.0,0.0,0.0,0.0,0,0.0,0.0,0.0,0.0,False,u,has joined Millwall on loan for the rest of the season.,,,,2526
173,467779,37,367,Mats Wieffer,Wieffer,3,0.3,4.9,6,11,Away,2026-05-17T14:00:00Z,0,1,0,0,0,0,0,0,0,0,0,0,0.0,0.0,0.0,0.0,0,0.0,0.0,0.0,0.0,False,d,Ankle injury - 75% chance of playing,,,,2526
174,611695,37,367,Malick Yalcouyé,Yalcouye,3,0.0,5.0,6,11,Away,2026-05-17T14:00:00Z,0,1,0,0,0,0,0,0,0,0,0,0,0.0,0.0,0.0,0.0,0,0.0,0.0,0.0,0.0,False,u,Has joined Swansea City on loan for the rest of the season.,,,,2526
175,567121,37,367,Joe Knight,Knight,3,0.1,4.4,6,11,Away,2026-05-17T14:00:00Z,0,1,0,0,0,0,0,0,0,0,0,0,0.0,0.0,0.0,0.0,0,0.0,0.0,0.0,0.0,False,u,has joined Stevenage permanently.,,,,2526
176,550141,37,367,Adrian Mazilu,Mazilu,3,0.0,4.5,6,11,Away,2026-05-17T14:00:00Z,0,1,0,0,0,0,0,0,0,0,0,0,0.0,0.0,0.0,0.0,0,0.0,0.0,0.0,0.0,False,u,has joined Dinamo Bucharest permanently.,,,,2526
177,513834,37,367,Andrew Moran,Moran,3,0.0,4.5,6,11,Away,2026-05-17T14:00:00Z,0,1,0,0,0,0,0,0,0,0,0,0,0.0,0.0,0.0,0.0,0,0.0,0.0,0.0,0.0,False,u,Has joined Los Angeles FC on loan for the rest of the season.,,,,2526
178,50175,37,367,Danny Welbeck,Welbeck,4,9.0,6.4,6,11,Away,2026-05-17T14:00:00Z,0,1,64,0,0,1,0,0,0,0,8,2,0.21,0.01,0.22,0.22,5,2.7,7.8,5.3,14.0,False,a,,,4.0,2.0,2526
179,487117,37,367,Evan Ferguson,Ferguson,4,0.0,5.5,6,11,Away,2026-05-17T14:00:00Z,0,1,0,0,0,0,0,0,0,0,0,0,0.0,0.0,0.0,0.0,0,0.0,0.0,0.0,0.0,False,u,Has joined AS Roma on loan for the rest of the season,,,,2526
180,608181,37,367,Stefanos Tzimas,Tzimas,4,0.1,5.2,6,11,Away,2026-05-17T14:00:00Z,0,1,0,0,0,0,0,0,0,0,0,0,0.0,0.0,0.0,0.0,0,0.0,0.0,0.0,0.0,False,i,Knee injury - Expected back 01 Jun,,,,2526
181,647850,37,367,Charalampos Kostoulas,Kostoulas,4,0.3,4.8,6,11,Away,2026-05-17T14:00:00Z,0,1,8,0,0,0,1,0,0,0,7,1,0.03,0.18,0.21,0.07,2,3.8,6.2,12.8,19.0,False,a,,,,,2526
182,432720,37,363,James Trafford,Trafford,1,0.9,4.5,13,4,Away,2026-05-19T18:30:00Z,1,1,0,0,0,0,0,0,0,0,0,0,0.0,0.0,0.0,0.0,0,0.0,0.0,0.0,0.0,False,a,,,,,2526
183,518030,37,361,Max Weiß,Weiss,1,0.1,4.2,3,1,Away,2026-05-18T19:00:00Z,0,1,90,0,0,0,1,0,0,0,9,2,0.0,0.0,0.0,1.29,0,1.8,18.0,0.0,0.0,False,a,,,,,2526
184,489571,37,361,Etienne Green,Green,1,0.2,4.0,3,1,Away,2026-05-18T19:00:00Z,0,1,0,0,0,0,0,0,0,0,0,0,0.0,0.0,0.0,0.0,0,0.0,0.0,0.0,0.0,False,u,has joined FC Fredericia permanently.,,,,2526
185,51943,37,361,Václav Hladký,Hladký,1,0.1,3.9,3,1,Away,2026-05-18T19:00:00Z,0,1,0,0,0,0,0,0,0,0,0,0,0.0,0.0,0.0,0.0,0,0.0,0.0,0.0,0.0,False,a,,,,,2526
186,192290,37,361,Connor Roberts,Roberts,2,0.0,4.3,3,1,Away,2026-05-18T19:00:00Z,0,1,0,0,0,0,0,0,0,0,0,0,0.0,0.0,0.0,0.0,0,0.0,0.0,0.0,0.0,False,i,Achilles injury - Unknown return date,,,,2526
187,58621,37,361,Kyle Walker,Walker,2,1.1,4.4,3,1,Away,2026-05-18T19:00:00Z,0,1,90,0,0,0,1,0,0,0,7,2,0.0,0.01,0.01,1.29,4,1.0,9.2,1.0,0.0,False,a,,,,,2526
188,247245,37,361,Hannes Delcroix,Delcroix,2,0.2,3.8,3,1,Away,2026-05-18T19:00:00Z,0,1,0,0,0,0,0,0,0,0,0,0,0.0,0.0,0.0,0.0,0,0.0,0.0,0.0,0.0,False,u,has joined Lugano permanently.,,,,2526
189,461567,37,361,Owen Dodgson,Dodgson,2,0.0,4.0,3,1,Away,2026-05-18T19:00:00Z,0,1,0,0,0,0,0,0,0,0,0,0,0.0,0.0,0.0,0.0,0,0.0,0.0,0.0,0.0,False,u,Has joined Stockport County on loan for the rest of the season.,,,,2526
190,478969,37,361,Hjalmar Ekdal,Ekdal,2,0.7,3.8,3,1,Away,2026-05-18T19:00:00Z,0,1,0,0,0,0,0,0,0,0,0,0,0.0,0.0,0.0,0.0,0,0.0,0.0,0.0,0.0,False,a,,,,,2526
191,477717,37,361,Maxime Estève,Estève,2,6.8,3.8,3,1,Away,2026-05-18T19:00:00Z,0,1,81,0,0,0,1,0,0,0,11,2,0.0,0.0,0.0,1.27,9,2.4,23.6,0.2,0.0,False,a,,,,,2526
192,494960,37,361,Quilindschy Hartman,Hartman,2,0.6,4.0,3,1,Away,2026-05-18T19:00:00Z,0,1,0,0,0,0,0,0,0,0,0,0,0.0,0.0,0.0,0.0,0,0.0,0.0,0.0,0.0,False,a,,,,,2526
193,461188,37,361,Bashir Humphreys,Humphreys,2,0.1,3.9,3,1,Away,2026-05-18T19:00:00Z,0,1,8,0,0,0,0,0,0,0,4,1,0.0,0.0,0.0,0.03,2,0.5,4.6,0.4,0.0,False,a,,,,,2526
194,241231,37,361,Jordan Beyer,Jordan,2,0.1,3.9,3,1,Away,2026-05-18T19:00:00Z,0,1,0,0,0,0,0,0,0,0,0,0,0.0,0.0,0.0,0.0,0,0.0,0.0,0.0,0.0,False,i,Hamstring injury - Unknown return date,,,,2526
195,549329,37,361,Lucas Pires Silva,Lucas Pires,2,0.3,3.8,3,1,Away,2026-05-18T19:00:00Z,0,1,90,0,0,0,1,1,0,0,5,1,0.0,0.14,0.14,1.29,9,1.9,13.8,5.3,0.0,False,a,,,,,2526
196,450072,37,361,Shurandy Sambo,Sambo,2,0.0,4.0,3,1,Away,2026-05-18T19:00:00Z,0,1,0,0,0,0,0,0,0,0,0,0,0.0,0.0,0.0,0.0,0,0.0,0.0,0.0,0.0,False,u,has joined Sparta Rotterdam on loan for the rest of the season.,,,,2526
197,519895,37,361,Oliver Sonne,Sonne,2,0.2,3.8,3,1,Away,2026-05-18T19:00:00Z,0,1,0,0,0,0,0,0,0,0,0,0,0.0,0.0,0.0,0.0,0,0.0,0.0,0.0,0.0,False,u,has joined Sparta Prague on loan for the rest of the season.,,,,2526
198,180804,37,361,Axel Tuanzebe,Tuanzebe,2,0.9,3.9,3,1,Away,2026-05-18T19:00:00Z,0,1,90,0,0,0,1,0,0,0,8,2,0.0,0.0,0.0,1.29,5,1.3,12.6,0.2,0.0,False,a,,,,,2526
199,208912,37,361,Joe Worrall,Worrall,2,0.2,3.8,3,1,Away,2026-05-18T19:00:00Z,0,1,0,0,0,0,0,0,0,0,0,0,0.0,0.0,0.0,0.0,0,0.0,0.0,0.0,0.0,False,a,,,,,2526
200,444180,37,361,Jaidon Anthony,Anthony,3,1.9,5.0,3,1,Away,2026-05-18T19:00:00Z,0,1,90,0,0,0,1,0,0,0,5,2,0.02,0.02,0.04,1.29,6,0.8,0.0,7.0,1.0,False,a,,2.0,,,2526
201,183751,37,361,Manuel Benson Hedilazio,Benson,3,0.0,5.4,3,1,Away,2026-05-18T19:00:00Z,0,1,0,0,0,0,0,0,0,0,0,0,0.0,0.0,0.0,0.0,0,0.0,0.0,0.0,0.0,False,u,has joined Maccabi Haifa permanently.,,,,2526
202,179458,37,361,Jacob Bruun Larsen,Bruun Larsen,3,0.0,5.2,3,1,Away,2026-05-18T19:00:00Z,0,1,8,0,0,0,0,0,0,0,3,1,0.0,0.0,0.0,0.03,0,0.0,0.0,0.1,0.0,False,a,,,2.0,3.0,2526
203,578614,37,361,Enock Agyei,Boateng,3,0.0,4.7,3,1,Away,2026-05-18T19:00:00Z,0,1,0,0,0,0,0,0,0,0,0,0,0.0,0.0,0.0,0.0,0,0.0,0.0,0.0,0.0,False,a,,,,,2526
204,250735,37,361,Darko Churlinov,Churlinov,3,0.0,4.9,3,1,Away,2026-05-18T19:00:00Z,0,1,0,0,0,0,0,0,0,0,0,0,0.0,0.0,0.0,0.0,0,0.0,0.0,0.0,0.0,False,u,has joined Kocaelispor  permanently.,,,,2526
205,172567,37,361,Josh Cullen,Cullen,3,0.8,4.9,3,1,Away,2026-05-18T19:00:00Z,0,1,0,0,0,0,0,0,0,0,0,0,0.0,0.0,0.0,0.0,0,0.0,0.0,0.0,0.0,False,i,Knee injury - Expected back 30 Sep,,,,2526
206,174592,37,361,Marcus Edwards,Edwards,3,0.1,4.7,3,1,Away,2026-05-18T19:00:00Z,0,1,0,0,0,0,0,0,0,0,0,0,0.0,0.0,0.0,0.0,0,0.0,0.0,0.0,0.0,False,a,,,3.0,,2526
207,465527,37,361,Hannibal Mejbri,Hannibal,3,0.1,4.7,3,1,Away,2026-05-18T19:00:00Z,0,1,69,0,0,0,1,1,0,0,1,1,0.11,0.01,0.12,1.27,2,2.2,0.0,15.1,7.0,False,a,,,,,2526
208,487702,37,361,Luca Koleosho,Koleosho,3,0.0,5.0,3,1,Away,2026-05-18T19:00:00Z,0,1,0,0,0,0,0,0,0,0,0,0,0.0,0.0,0.0,0.0,0,0.0,0.0,0.0,0.0,False,u,has joined Paris FC on loan for the rest of the season.,,,,2526
209,167887,37,361,Josh Laurent,Laurent,3,0.0,4.8,3,1,Away,2026-05-18T19:00:00Z,0,1,19,0,0,0,0,0,0,0,0,1,0.0,0.0,0.0,0.03,4,0.9,8.4,0.1,0.0,False,a,,,,,2526
210,469272,37,361,Loum Tchaouna,Tchaouna,3,0.0,4.8,3,1,Away,2026-05-18T19:00:00Z,0,1,81,0,0,0,1,0,0,0,7,2,0.04,0.02,0.06,1.27,4,3.8,3.6,25.2,9.0,False,a,,,4.0,,2526
211,447715,37,361,Aaron Ramsey,A.Ramsey,3,1.4,4.4,3,1,Away,2026-05-18T19:00:00Z,0,1,0,0,0,0,0,0,0,0,0,0,0.0,0.0,0.0,0.0,0,0.0,0.0,0.0,0.0,False,u,has joined Leicester City on loan for the rest of the season.,,,,2526
212,576323,37,361,Oluwaseun Adewumi,Adewumi,3,0.0,4.5,3,1,Away,2026-05-18T19:00:00Z,0,1,0,0,0,0,0,0,0,0,0,0,0.0,0.0,0.0,0.0,0,0.0,0.0,0.0,0.0,False,u,Has joined Cercle Brugge on loan for the rest of the season.,,,,2526
213,551206,37,361,Jaydon Banel,Banel,3,0.0,4.5,3,1,Away,2026-05-18T19:00:00Z,0,1,0,0,0,0,0,0,0,0,0,0,0.0,0.0,0.0,0.0,0,0.0,0.0,0.0,0.0,False,u,has joined Derby County on loan for the rest of the season.,,,,2526
214,437748,37,361,Mike Trésor Ndayishimiye,Trésor,3,0.1,4.3,3,1,Away,2026-05-18T19:00:00Z,0,1,0,0,0,0,0,0,0,0,0,0,0.0,0.0,0.0,0.0,0,0.0,0.0,0.0,0.0,False,a,,,,,2526
215,431639,37,361,Zian Flemming,Flemming,4,0.4,5.3,3,1,Away,2026-05-18T19:00:00Z,0,1,90,0,0,0,1,1,0,0,6,1,0.0,0.03,0.03,1.29,5,1.7,4.6,10.8,2.0,False,a,,,5.0,1.0,2526
216,492831,37,361,Zeki Amdouni,Amdouni,4,0.0,4.8,3,1,Away,2026-05-18T19:00:00Z,0,1,20,0,0,0,0,0,0,0,4,1,0.0,0.0,0.0,0.03,0,0.1,0.0,1.3,0.0,False,a,,,,,2526
217,435973,37,361,Lyle Foster,Foster,4,0.7,4.9,3,1,Away,2026-05-18T19:00:00Z,0,1,0,0,0,0,0,0,0,0,0,0,0.0,0.0,0.0,0.0,0,0.0,0.0,0.0,0.0,False,a,,,,,2526
218,44699,37,361,Ashley Barnes,Barnes,4,1.2,4.2,3,1,Away,2026-05-18T19:00:00Z,0,1,0,0,0,0,0,0,0,0,0,0,0.0,0.0,0.0,0.0,0,0.0,0.0,0.0,0.0,False,a,,,,2.0,2526
219,220598,37,361,Michael Obafemi,Obafemi,4,0.1,4.4,3,1,Away,2026-05-18T19:00:00Z,0,1,0,0,0,0,0,0,0,0,0,0,0.0,0.0,0.0,0.0,0,0.0,0.0,0.0,0.0,False,u,has joined Blackpool on loan for the rest of the season.,,,,2526
220,215059,37,365,Robert Lynch Sánchez,Sánchez,1,10.3,4.8,7,18,Home,2026-05-19T19:15:00Z,2,1,90,0,0,0,1,0,0,0,11,2,0.0,0.0,0.0,1.72,0,1.9,19.2,0.0,0.0,False,a,,,,,2526
221,508479,37,365,Filip Jörgensen,Jörgensen,1,0.2,4.3,7,18,Home,2026-05-19T19:15:00Z,2,1,0,0,0,0,0,0,0,0,0,0,0.0,0.0,0.0,0.0,0,0.0,0.0,0.0,0.0,False,a,,,,,2526
222,549939,37,365,Mike Penders,Penders,1,0.0,4.0,7,18,Home,2026-05-19T19:15:00Z,2,1,0,0,0,0,0,0,0,0,0,0,0.0,0.0,0.0,0.0,0,0.0,0.0,0.0,0.0,False,u,Has joined RC Strasbourg on loan for the rest of the season.,,,,2526
223,471798,37,365,Gabriel Słonina,Slonina,1,0.1,3.9,7,18,Home,2026-05-19T19:15:00Z,2,1,0,0,0,0,0,0,0,0,0,0,0.0,0.0,0.0,0.0,0,0.0,0.0,0.0,0.0,False,a,,,,,2526
224,179268,37,365,Marc Cucurella Saseta,Cucurella,2,14.4,6.1,7,18,Home,2026-05-19T19:15:00Z,2,1,90,0,0,0,1,1,0,0,6,1,0.0,0.0,0.0,1.72,5,1.2,8.8,1.5,2.0,False,a,,,,,2526
225,225796,37,365,Reece James,James,2,5.9,5.6,7,18,Home,2026-05-19T19:15:00Z,2,1,0,0,0,0,0,0,0,0,0,0,0.0,0.0,0.0,0.0,0,0.0,0.0,0.0,0.0,False,a,,1.0,1.0,,2526
226,180736,37,365,Trevoh Chalobah,Chalobah,2,8.9,5.4,7,18,Home,2026-05-19T19:15:00Z,2,1,16,0,0,0,0,0,0,0,4,1,0.0,0.0,0.0,0.21,2,0.4,3.4,0.4,0.0,False,a,,,,,2526
227,460028,37,365,Levi Samuels Colwill,Colwill,2,0.1,4.7,7,18,Home,2026-05-19T19:15:00Z,2,1,0,0,0,0,0,0,0,0,0,0,0.0,0.0,0.0,0.0,0,0.0,0.0,0.0,0.0,False,a,,,,,2526
228,482609,37,365,Malo Gusto,Gusto,2,1.8,4.8,7,18,Home,2026-05-19T19:15:00Z,2,1,0,0,0,0,0,0,0,0,0,0,0.0,0.0,0.0,0.0,0,0.0,0.0,0.0,0.0,False,a,,,,,2526
229,242880,37,365,Benoît Badiashile Mukinayi,B.Badiashile,2,0.0,4.4,7,18,Home,2026-05-19T19:15:00Z,2,1,0,0,0,0,0,0,0,0,0,0,0.0,0.0,0.0,0.0,0,0.0,0.0,0.0,0.0,False,a,,,,,2526
230,444463,37,365,Wesley Fofana,Fofana,2,0.4,4.4,7,18,Home,2026-05-19T19:15:00Z,2,1,80,0,0,0,1,0,0,0,11,2,0.0,0.0,0.0,1.51,9,1.6,13.4,0.3,2.0,False,a,,,,,2526
231,574458,37,365,Mamadou Sarr,M.Sarr,2,0.0,4.5,7,18,Home,2026-05-19T19:15:00Z,2,1,9,0,0,0,0,0,0,0,3,1,0.0,0.0,0.0,0.21,0,0.0,0.2,0.0,0.0,False,a,,,,,2526
232,109646,37,365,Tosin Adarabioyo,Tosin,2,0.3,4.0,7,18,Home,2026-05-19T19:15:00Z,2,1,0,0,0,0,0,0,0,0,0,0,0.0,0.0,0.0,0.0,0,0.0,0.0,0.0,0.0,False,a,,,,,2526
233,577016,37,365,Josh Acheampong,Acheampong,2,1.7,3.7,7,18,Home,2026-05-19T19:15:00Z,2,1,73,0,0,0,1,0,0,0,8,2,0.0,0.0,0.0,1.51,3,0.5,4.0,0.5,0.0,False,a,,,,,2526
234,622758,37,365,Aarón Anselmino,Anselmino,2,0.1,4.0,7,18,Home,2026-05-19T19:15:00Z,2,1,0,0,0,0,0,0,0,0,0,0,0.0,0.0,0.0,0.0,0,0.0,0.0,0.0,0.0,False,u,has joined Strasbourg on loan for the rest of the season.,,,,2526
235,244851,37,365,Cole Palmer,Palmer,3,12.5,10.3,7,18,Home,2026-05-19T19:15:00Z,2,1,88,0,0,0,1,0,0,0,9,2,0.2,0.09,0.29,1.67,5,3.0,6.4,11.9,12.0,False,a,,,3.0,1.0,2526
236,247632,37,365,Pedro Lomba Neto,Neto,3,3.9,7.0,7,18,Home,2026-05-19T19:15:00Z,2,1,88,0,1,0,1,0,0,0,20,5,0.08,0.02,0.1,1.67,5,7.0,28.6,15.4,26.0,False,a,,2.0,4.0,,2526
237,448047,37,365,Enzo Fernández,Enzo,3,10.9,6.4,7,18,Home,2026-05-19T19:15:00Z,2,1,90,1,1,0,1,0,0,3,46,13,0.06,0.49,0.55,1.72,9,9.3,55.2,27.3,10.0,True,a,,3.0,2.0,2.0,2526
238,624773,37,365,Estêvão Almeida de Oliveira Gonçalves,Estêvão,3,1.7,6.4,7,18,Home,2026-05-19T19:15:00Z,2,1,0,0,0,0,0,0,0,0,0,0,0.0,0.0,0.0,0.0,0,0.0,0.0,0.0,0.0,False,i,Hamstring injury - Expected back 01 Jun,4.0,,3.0,2526
239,463936,37,365,Jamie Bynoe-Gittens,Gittens,3,0.1,6.0,7,18,Home,2026-05-19T19:15:00Z,2,1,0,0,0,0,0,0,0,0,0,0,0.0,0.0,0.0,0.0,0,0.0,0.0,0.0,0.0,False,d,Hamstring injury - 25% chance of playing,,,,2526
240,213198,37,365,Christopher Nkunku,Nkunku,3,0.1,5.9,7,18,Home,2026-05-19T19:15:00Z,2,1,0,0,0,0,0,0,0,0,0,0,0.0,0.0,0.0,0.0,0,0.0,0.0,0.0,0.0,False,u,has joined AC Milan permanently.,,,,2526
241,486672,37,365,Moisés Caicedo Corozo,Caicedo,3,7.1,5.7,7,18,Home,2026-05-19T19:15:00Z,2,1,90,0,0,0,1,0,0,0,17,2,0.0,0.01,0.01,1.72,7,2.5,7.2,17.5,0.0,False,a,,,,,2526
242,215413,37,366,Kiernan Dewsbury-Hall,Dewsbury-Hall,3,8.2,5.3,9,17,Home,2026-05-17T14:00:00Z,1,3,90,0,0,0,3,0,0,0,28,2,0.02,0.44,0.46,0.76,9,7.3,20.2,47.6,5.0,False,a,,3.0,,,2526
243,550615,37,366,Tyrique George,George,3,0.1,4.8,9,17,Home,2026-05-17T14:00:00Z,1,3,17,0,0,0,2,0,0,0,10,1,0.0,0.46,0.46,0.29,0,2.7,7.2,19.3,0.0,False,a,,,,,2526
244,514356,37,365,Roméo Lavia,Lavia,3,0.0,4.9,7,18,Home,2026-05-19T19:15:00Z,2,1,0,0,0,0,0,0,0,0,0,0,0.0,0.0,0.0,0.0,0,0.0,0.0,0.0,0.0,False,a,,,,,2526
245,465920,37,365,Mykhailo Mudryk,Mudryk,3,0.0,4.9,7,18,Home,2026-05-19T19:15:00Z,2,1,0,0,0,0,0,0,0,0,0,0,0.0,0.0,0.0,0.0,0,0.0,0.0,0.0,0.0,False,s,Suspended - unknown return date,,,,2526
246,532605,37,365,Andrey Nascimento dos Santos,Andrey Santos,3,0.3,4.4,7,18,Home,2026-05-19T19:15:00Z,2,1,90,1,0,0,1,0,0,3,46,10,0.22,0.01,0.23,1.72,8,6.9,46.2,5.3,17.0,False,a,,,,,2526
247,491007,37,365,Dário Luís Essugo,D.Essugo,3,0.1,4.3,7,18,Home,2026-05-19T19:15:00Z,2,1,1,0,0,0,0,1,0,0,0,0,0.0,0.0,0.0,0.05,3,0.2,2.0,0.0,0.0,False,a,,,,,2526
248,611134,37,365,Kendry Páez Andrade,Paez,3,0.0,4.5,7,18,Home,2026-05-19T19:15:00Z,2,1,0,0,0,0,0,0,0,0,0,0,0.0,0.0,0.0,0.0,0,0.0,0.0,0.0,0.0,False,u,has joined River Plate on loan for the rest of the season.,,,,2526
249,475168,37,365,João Pedro Junqueira de Jesus,João Pedro,4,37.8,7.4,7,18,Home,2026-05-19T19:15:00Z,2,1,0,0,0,0,0,0,0,0,0,0,0.0,0.0,0.0,0.0,0,0.0,0.0,0.0,0.0,False,a,,,,,2526
250,463034,37,365,Liam Delap,Delap,4,0.9,6.2,7,18,Home,2026-05-19T19:15:00Z,2,1,88,0,0,0,1,1,0,0,-1,1,0.06,0.01,0.07,1.67,2,0.3,0.0,3.0,4.0,False,a,,,,,2526
251,517052,37,365,Nicolas Jackson,N.Jackson,4,0.1,6.5,7,18,Home,2026-05-19T19:15:00Z,2,1,0,0,0,0,0,0,0,0,0,0,0.0,0.0,0.0,0.0,0,0.0,0.0,0.0,0.0,False,u,has joined Bayern Munich on loan for the rest of the season.,,,,2526
252,499309,37,365,Marc Guiu Paz,Marc Guiu,4,5.2,4.0,7,18,Home,2026-05-19T19:15:00Z,2,1,0,0,0,0,0,0,0,0,0,0,0.0,0.0,0.0,0.0,0,0.0,0.0,0.0,0.0,False,a,,,,,2526
253,172649,37,364,Dean Henderson,Henderson,1,9.2,5.1,8,5,Away,2026-05-17T14:00:00Z,2,2,90,0,0,0,2,1,0,0,2,0,0.0,0.0,0.0,1.71,0,0.9,8.6,0.0,0.0,False,a,,,,,2526
254,121709,37,364,Walter Benítez,Benitez,1,0.3,3.9,8,5,Away,2026-05-17T14:00:00Z,2,2,0,0,0,0,0,0,0,0,0,0,0.0,0.0,0.0,0.0,0,0.0,0.0,0.0,0.0,False,a,,,,,2526
255,169593,37,364,Remi Matthews,Matthews,1,0.1,3.9,8,5,Away,2026-05-17T14:00:00Z,2,2,0,0,0,0,0,0,0,0,0,0,0.0,0.0,0.0,0.0,0,0.0,0.0,0.0,0.0,False,a,,,,,2526
256,247348,37,364,Daniel Muñoz Mejía,Muñoz,2,9.5,5.9,8,5,Away,2026-05-17T14:00:00Z,2,2,90,0,1,0,2,0,0,0,17,6,0.06,0.03,0.09,1.71,11,9.9,42.6,32.3,24.0,False,a,,,,,2526
257,437499,37,364,Maxence Lacroix,Lacroix,2,7.6,5.2,8,5,Away,2026-05-17T14:00:00Z,2,2,60,0,0,0,1,0,0,0,5,2,0.01,0.04,0.05,0.58,8,2.0,12.8,0.5,7.0,False,a,,,,,2526
258,244723,37,364,Tyrick Mitchell,Mitchell,2,2.4,5.0,8,5,Away,2026-05-17T14:00:00Z,2,2,90,0,0,0,2,0,0,0,10,1,0.26,0.14,0.4,1.71,8,3.9,19.8,6.8,12.0,False,a,,,,,2526
259,218364,37,364,Borna Sosa,Sosa,2,0.1,4.8,8,5,Away,2026-05-17T14:00:00Z,2,2,0,0,0,0,0,0,0,0,0,0,0.0,0.0,0.0,0.0,0,0.0,0.0,0.0,0.0,False,d,Knock - 50% chance of playing,,,,2526
260,209036,37,363,Marc Guéhi,Guéhi,2,32.8,5.1,13,4,Away,2026-05-19T18:30:00Z,1,1,90,0,0,0,1,0,0,0,11,2,0.0,0.0,0.0,1.99,4,1.8,13.2,1.0,4.0,False,a,,,,,2526
261,427623,37,364,Chris Richards,Richards,2,2.6,4.4,8,5,Away,2026-05-17T14:00:00Z,2,2,29,0,0,0,1,1,0,0,-3,0,0.0,0.0,0.0,1.14,2,0.2,1.4,0.1,0.0,False,d,Knock - 75% chance of playing,,,,2526
262,515621,37,364,Chadi Riad Dnanou,Chadi Riad,2,0.1,4.0,8,5,Away,2026-05-17T14:00:00Z,2,2,73,0,0,0,1,0,0,0,5,2,0.04,0.0,0.04,0.58,6,1.3,6.2,0.8,6.0,False,a,,,,,2526
263,57328,37,364,Nathaniel Clyne,Clyne,2,0.5,3.8,8,5,Away,2026-05-17T14:00:00Z,2,2,0,0,0,0,0,0,0,0,0,0,0.0,0.0,0.0,0.0,0,0.0,0.0,0.0,0.0,False,a,,,,,2526
264,156074,37,364,Rob Holding,Holding,2,0.0,4.0,8,5,Away,2026-05-17T14:00:00Z,2,2,0,0,0,0,0,0,0,0,0,0,0.0,0.0,0.0,0.0,0,0.0,0.0,0.0,0.0,False,u,Has joined Colorado Rapids permanently.,,,,2526
265,590012,37,364,Caleb Kporha,Kporha,2,0.0,4.0,8,5,Away,2026-05-17T14:00:00Z,2,2,0,0,0,0,0,0,0,0,0,0,0.0,0.0,0.0,0.0,0,0.0,0.0,0.0,0.0,False,a,,,,,2526
266,232413,37,361,Eberechi Eze,Eze,3,8.9,7.3,1,3,Home,2026-05-18T19:00:00Z,1,0,72,0,0,1,0,0,0,0,19,3,0.41,0.04,0.45,0.19,4,4.9,5.2,13.8,30.0,False,a,,,,,2526
267,232185,37,364,Ismaïla Sarr,Sarr,3,6.2,6.4,8,5,Away,2026-05-17T14:00:00Z,2,2,90,1,0,0,2,0,0,0,19,7,0.9,0.09,0.99,1.3,5,7.8,39.4,11.7,27.0,False,a,,,,3.0,2526
268,438464,37,364,Cheick Doucouré,Doucouré,3,0.0,4.9,8,5,Away,2026-05-17T14:00:00Z,2,2,0,0,0,0,0,0,0,0,0,0,0.0,0.0,0.0,0.0,0,0.0,0.0,0.0,0.0,False,i,Lack of match fitness - Expected back 01 Jun,,,,2526
269,606921,37,364,Romain Esse,Esse,3,0.1,4.7,8,5,Away,2026-05-17T14:00:00Z,2,2,0,0,0,0,0,0,0,0,0,0,0.0,0.0,0.0,0.0,0,0.0,0.0,0.0,0.0,False,u,has joined Coventry City on loan for the rest of the season.,,,,2526
270,108413,37,364,Will Hughes,Hughes,3,0.1,4.7,8,5,Away,2026-05-17T14:00:00Z,2,2,0,0,0,0,0,0,0,0,0,0,0.0,0.0,0.0,0.0,0,0.0,0.0,0.0,0.0,False,a,,3.0,,,2526
271,209400,37,364,Daichi Kamada,Kamada,3,0.1,5.0,8,5,Away,2026-05-17T14:00:00Z,2,2,90,0,0,0,2,0,0,0,19,4,0.15,0.18,0.33,1.71,14,3.7,16.8,13.1,7.0,False,a,,4.0,,,2526
272,152551,37,364,Jefferson Lerma Solís,Lerma,3,0.1,4.9,8,5,Away,2026-05-17T14:00:00Z,2,2,16,0,0,0,1,1,0,0,2,0,0.0,0.0,0.0,1.14,6,0.9,9.4,0.0,0.0,False,a,,,,,2526
273,496221,37,364,Adam Wharton,Wharton,3,0.8,5.0,8,5,Away,2026-05-17T14:00:00Z,2,2,90,1,0,0,2,0,0,2,38,11,0.13,0.15,0.28,1.71,13,12.5,53.8,51.5,20.0,False,a,,2.0,,,2526
274,579075,37,364,Asher Agbinone,Agbinone,3,0.1,4.3,8,5,Away,2026-05-17T14:00:00Z,2,2,0,0,0,0,0,0,0,0,0,0,0.0,0.0,0.0,0.0,0,0.0,0.0,0.0,0.0,False,a,,,,,2526
275,466117,37,364,Naouirou Ahamada,Ahamada,3,0.0,4.3,8,5,Away,2026-05-17T14:00:00Z,2,2,0,0,0,0,0,0,0,0,0,0,0.0,0.0,0.0,0.0,0,0.0,0.0,0.0,0.0,False,u,has joined AJ Auxerre permanently.,,,,2526
276,489706,37,364,Justin Devenny,Devenny,3,1.1,4.3,8,5,Away,2026-05-17T14:00:00Z,2,2,0,0,0,0,0,0,0,0,0,0,0.0,0.0,0.0,0.0,0,0.0,0.0,0.0,0.0,False,a,,,2.0,4.0,2526
277,450535,37,364,Malcolm Ebiowei,Ebiowei,3,0.0,4.5,8,5,Away,2026-05-17T14:00:00Z,2,2,0,0,0,0,0,0,0,0,0,0,0.0,0.0,0.0,0.0,0,0.0,0.0,0.0,0.0,False,u,Has joined Blackpool permanently.,,,,2526
278,450542,37,364,Jesurun Rak-Sakyi,J.Rak-Sakyi,3,0.0,4.4,8,5,Away,2026-05-17T14:00:00Z,2,2,0,0,0,0,0,0,0,0,0,0,0.0,0.0,0.0,0.0,0,0.0,0.0,0.0,0.0,False,u,has joined Stoke City on loan for the rest of the season.,,,,2526
279,536694,37,364,Matheus França de Oliveira,M.França,3,0.0,4.5,8,5,Away,2026-05-17T14:00:00Z,2,2,0,0,0,0,0,0,0,0,0,0,0.0,0.0,0.0,0.0,0,0.0,0.0,0.0,0.0,False,u,Has joined CR Vasco da Gama on loan for the rest of the season.,,,,2526
280,531989,37,364,David Ozoh,Ozoh,3,0.0,4.5,8,5,Away,2026-05-17T14:00:00Z,2,2,0,0,0,0,0,0,0,0,0,0,0.0,0.0,0.0,0.0,0,0.0,0.0,0.0,0.0,False,u,Has joined Derby County on loan for the rest of the season.,,,,2526
281,530318,37,364,Kaden Rodney,Rodney,3,0.1,4.4,8,5,Away,2026-05-17T14:00:00Z,2,2,0,0,0,0,0,0,0,0,0,0,0.0,0.0,0.0,0.0,0,0.0,0.0,0.0,0.0,False,a,,,,,2526
282,574398,37,364,Franco Umeh-Chibueze,Umeh,3,0.0,4.5,8,5,Away,2026-05-17T14:00:00Z,2,2,0,0,0,0,0,0,0,0,0,0,0.0,0.0,0.0,0.0,0,0.0,0.0,0.0,0.0,False,u,has joined Portsmouth permanently.,,,,2526
283,231747,37,364,Jean-Philippe Mateta,Mateta,4,8.6,7.6,8,5,Away,2026-05-17T14:00:00Z,2,2,29,0,0,0,1,0,0,0,3,1,0.0,0.01,0.01,1.14,0,0.8,2.0,4.0,2.0,False,a,,,,2.0,2526
284,205533,37,364,Eddie Nketiah,Nketiah,4,0.3,5.4,8,5,Away,2026-05-17T14:00:00Z,2,2,0,0,0,0,0,0,0,0,0,0,0.0,0.0,0.0,0.0,0,0.0,0.0,0.0,0.0,False,i,Hamstring injury - Expected back 01 Jun,,,,2526
285,199670,37,364,Odsonne Édouard,Édouard,4,0.2,5.0,8,5,Away,2026-05-17T14:00:00Z,2,2,0,0,0,0,0,0,0,0,0,0,0.0,0.0,0.0,0.0,0,0.0,0.0,0.0,0.0,False,u,has joined RC Lens permanently.,,,,2526
286,576980,37,364,Zach Marsh,Marsh,4,0.3,4.4,8,5,Away,2026-05-17T14:00:00Z,2,2,0,0,0,0,0,0,0,0,0,0,0.0,0.0,0.0,0.0,0,0.0,0.0,0.0,0.0,False,a,,,,,2526
287,111234,37,366,Jordan Pickford,Pickford,1,13.0,5.6,9,17,Home,2026-05-17T14:00:00Z,1,3,90,0,0,0,3,0,0,0,-1,1,0.0,0.0,0.0,0.76,0,0.8,8.2,0.0,0.0,False,a,,,,,2526
288,229600,37,366,Mark Travers,Travers,1,0.1,4.2,9,17,Home,2026-05-17T14:00:00Z,1,3,0,0,0,0,0,0,0,0,0,0,0.0,0.0,0.0,0.0,0,0.0,0.0,0.0,0.0,False,a,,,,,2526
289,447325,37,366,Harry Tyrer,Tyrer,1,0.1,3.9,9,17,Home,2026-05-17T14:00:00Z,1,3,0,0,0,0,0,0,0,0,0,0,0.0,0.0,0.0,0.0,0,0.0,0.0,0.0,0.0,False,u,has joined Cardiff City permanently.,,,,2526
290,480455,37,366,Jarrad Branthwaite,Branthwaite,2,0.3,5.3,9,17,Home,2026-05-17T14:00:00Z,1,3,0,0,0,0,0,0,0,0,0,0,0.0,0.0,0.0,0.0,0,0.0,0.0,0.0,0.0,False,i,Hamstring injury - Expected back 01 Jun,,,,2526
291,17761,37,366,James Tarkowski,Tarkowski,2,12.7,5.8,9,17,Home,2026-05-17T14:00:00Z,1,3,90,0,0,0,3,0,0,0,6,3,0.07,0.02,0.09,0.76,11,7.2,24.8,11.9,35.0,False,a,,,,,2526
292,224967,37,366,Vitalii Mykolenko,Mykolenko,2,0.7,4.9,9,17,Home,2026-05-17T14:00:00Z,1,3,90,0,0,0,3,0,0,0,4,1,0.0,0.03,0.03,0.76,5,3.1,13.8,15.2,2.0,False,a,,,,,2526
293,512462,37,366,Jake O'Brien,O'Brien,2,0.7,4.9,9,17,Home,2026-05-17T14:00:00Z,1,3,87,0,0,0,2,1,0,0,-7,0,0.56,0.01,0.57,0.58,4,3.9,0.4,1.6,37.0,False,a,,,,,2526
294,59949,37,366,Séamus Coleman,Coleman,2,0.1,4.2,9,17,Home,2026-05-17T14:00:00Z,1,3,2,0,0,0,1,0,0,0,-3,1,0.0,0.01,0.01,0.19,2,0.1,0.0,0.5,0.0,False,a,,,,,2526
295,106611,37,366,Michael Keane,Keane,2,3.2,4.5,9,17,Home,2026-05-17T14:00:00Z,1,3,90,0,1,0,3,0,0,0,12,4,0.0,0.01,0.01,0.76,7,4.4,31.0,11.3,2.0,False,a,,,,,2526
296,243571,37,366,Nathan Patterson,Patterson,2,0.0,4.4,9,17,Home,2026-05-17T14:00:00Z,1,3,0,0,0,0,0,0,0,0,0,0,0.0,0.0,0.0,0.0,0,0.0,0.0,0.0,0.0,False,a,,,,,2526
297,496178,37,366,Roman Dixon,Dixon,2,0.2,3.8,9,17,Home,2026-05-17T14:00:00Z,1,3,0,0,0,0,0,0,0,0,0,0,0.0,0.0,0.0,0.0,0,0.0,0.0,0.0,0.0,False,u,has joined Stockport County on loan for the rest of the season.,,,,2526
298,474907,37,366,Reece Welch,Welch,2,0.1,3.8,9,17,Home,2026-05-17T14:00:00Z,1,3,0,0,0,0,0,0,0,0,0,0,0.0,0.0,0.0,0.0,0,0.0,0.0,0.0,0.0,False,a,,,,,2526
299,440993,37,366,Iliman Ndiaye,Ndiaye,3,4.7,6.3,9,17,Home,2026-05-17T14:00:00Z,1,3,90,0,0,0,3,0,0,0,3,2,0.06,0.03,0.09,0.76,4,1.8,3.8,6.8,7.0,False,a,,,,1.0,2526
300,433154,37,366,Dwight McNeil,McNeil,3,0.1,5.5,9,17,Home,2026-05-17T14:00:00Z,1,3,2,0,0,0,1,0,0,0,3,1,0.0,0.0,0.0,0.19,0,0.1,0.2,0.8,0.0,False,a,,2.0,,,2526
301,502697,37,366,Carlos Alcaraz Durán,Alcaraz,3,0.1,5.2,9,17,Home,2026-05-17T14:00:00Z,1,3,0,0,0,0,0,0,0,0,0,0,0.0,0.0,0.0,0.0,0,0.0,0.0,0.0,0.0,False,a,,,,,2526
302,80801,37,366,Idrissa Gana Gueye,Gana,3,0.1,5.4,9,17,Home,2026-05-17T14:00:00Z,1,3,0,0,0,0,0,0,0,0,0,0,0.0,0.0,0.0,0.0,0,0.0,0.0,0.0,0.0,False,d,Knock - 50% chance of playing,,,,2526
303,232928,37,366,James Garner,Garner,3,3.8,5.2,9,17,Home,2026-05-17T14:00:00Z,1,3,90,0,0,0,3,1,0,0,14,1,0.02,0.25,0.27,0.76,8,3.2,14.2,10.8,7.0,False,a,,1.0,3.0,2.0,2526
304,490094,37,366,Tim Iroegbunam,Iroegbunam,3,0.0,4.8,9,17,Home,2026-05-17T14:00:00Z,1,3,72,0,0,0,1,1,0,0,4,1,0.0,0.04,0.04,0.47,7,1.9,5.0,13.9,0.0,False,a,,,,,2526
305,609873,37,366,Harrison Armstrong,Armstrong,3,0.1,4.5,9,17,Home,2026-05-17T14:00:00Z,1,3,0,0,0,0,0,0,0,0,0,0,0.0,0.0,0.0,0.0,0,0.0,0.0,0.0,0.0,False,a,,,,,2526
306,547801,37,366,Callum Bates,Bates,3,0.1,4.3,9,17,Home,2026-05-17T14:00:00Z,1,3,0,0,0,0,0,0,0,0,0,0,0.0,0.0,0.0,0.0,0,0.0,0.0,0.0,0.0,False,a,,,,,2526
307,504296,37,366,Coby Ebere,Ebere,3,0.0,4.4,9,17,Home,2026-05-17T14:00:00Z,1,3,0,0,0,0,0,0,0,0,0,0,0.0,0.0,0.0,0.0,0,0.0,0.0,0.0,0.0,False,a,,,,,2526
308,496279,37,366,Isaac Heath,Heath,3,0.0,4.5,9,17,Home,2026-05-17T14:00:00Z,1,3,0,0,0,0,0,0,0,0,0,0,0.0,0.0,0.0,0.0,0,0.0,0.0,0.0,0.0,False,u,has joined Accrington on loan for the rest of the season.,,,,2526
309,491557,37,366,Jenson Metcalfe,Metcalfe,3,0.0,4.5,9,17,Home,2026-05-17T14:00:00Z,1,3,0,0,0,0,0,0,0,0,0,0,0.0,0.0,0.0,0.0,0,0.0,0.0,0.0,0.0,False,u,Has joined Bradford City permanently.,,,,2526
310,586309,37,366,Thierno Barry,Barry,4,0.8,5.7,9,17,Home,2026-05-17T14:00:00Z,1,3,17,0,0,0,2,0,0,0,3,1,0.0,0.0,0.0,0.29,1,1.7,3.0,11.6,2.0,False,a,,,,,2526
311,486385,37,366,Norberto Bercique Gomes Betuncal,Beto,4,3.4,5.1,9,17,Home,2026-05-17T14:00:00Z,1,3,72,0,0,0,1,0,0,0,3,2,0.21,0.0,0.21,0.47,4,1.6,5.4,1.1,9.0,False,a,,,,3.0,2526
312,491012,37,366,Youssef Ramalho Chermiti,Y.Chermiti,4,0.1,4.9,9,17,Home,2026-05-17T14:00:00Z,1,3,0,0,0,0,0,0,0,0,0,0,0.0,0.0,0.0,0.0,0,0.0,0.0,0.0,0.0,False,u,has joined Rangers permanently.,,,,2526
313,536241,37,366,Martin Sherif,Sherif,4,0.1,4.4,9,17,Home,2026-05-17T14:00:00Z,1,3,0,0,0,0,0,0,0,0,0,0,0.0,0.0,0.0,0.0,0,0.0,0.0,0.0,0.0,False,u,has joined Port Vale on loan for the rest of the season.,,,,2526
314,80201,37,370,Bernd Leno,Leno,1,2.3,5.0,10,20,Away,2026-05-17T14:00:00Z,1,1,90,0,0,0,1,0,0,0,15,2,0.0,0.0,0.0,1.4,0,1.3,13.4,0.0,0.0,False,a,,,,,2526
315,428971,37,370,Steven Benda,Benda,1,0.0,4.0,10,20,Away,2026-05-17T14:00:00Z,1,1,0,0,0,0,0,0,0,0,0,0,0.0,0.0,0.0,0.0,0,0.0,0.0,0.0,0.0,False,u,has joined Feyenoord on loan for the rest of the season.,,,,2526
316,169528,37,370,Antonee Robinson,Robinson,2,0.9,4.9,10,20,Away,2026-05-17T14:00:00Z,1,1,90,1,0,0,1,0,0,2,32,12,0.79,0.11,0.9,1.4,11,9.3,57.2,16.5,19.0,True,a,,,,4.0,2526
317,174874,37,370,Joachim Andersen,Andersen,2,3.2,4.4,10,20,Away,2026-05-17T14:00:00Z,1,1,0,0,0,0,0,0,0,0,0,0,0.0,0.0,0.0,0.0,0,0.0,0.0,0.0,0.0,False,s,Suspended until 29 Aug,,,,2526
318,232892,37,370,Calvin Bassey,Bassey,2,0.8,4.4,10,20,Away,2026-05-17T14:00:00Z,1,1,90,0,0,0,1,0,0,0,19,2,0.0,0.03,0.03,1.4,7,1.9,17.4,1.6,0.0,False,a,,,,,2526
319,166477,37,370,Timothy Castagne,Castagne,2,0.2,4.3,10,20,Away,2026-05-17T14:00:00Z,1,1,90,0,1,0,1,0,0,0,25,5,0.05,0.15,0.2,1.4,6,7.1,24.2,31.1,16.0,False,a,,,,,2526
320,219924,37,370,Issa Diop,Diop,2,0.1,4.3,10,20,Away,2026-05-17T14:00:00Z,1,1,90,0,0,0,1,0,0,0,9,2,0.0,0.01,0.01,1.4,7,1.9,18.4,0.8,0.0,False,a,,,,,2526
321,246301,37,370,Jorge Cuenca Barreno,J.Cuenca,2,0.1,4.3,10,20,Away,2026-05-17T14:00:00Z,1,1,0,0,0,0,0,0,0,0,0,0,0.0,0.0,0.0,0.0,0,0.0,0.0,0.0,0.0,False,a,,,,,2526
322,167074,37,370,Kenny Tete,Tete,2,0.2,4.5,10,20,Away,2026-05-17T14:00:00Z,1,1,0,0,0,0,0,0,0,0,0,0,0.0,0.0,0.0,0.0,0,0.0,0.0,0.0,0.0,False,a,,,,,2526
323,591385,37,370,Samuel Amissah,Amissah,2,0.1,3.8,10,20,Away,2026-05-17T14:00:00Z,1,1,0,0,0,0,0,0,0,0,0,0,0.0,0.0,0.0,0.0,0,0.0,0.0,0.0,0.0,False,a,,,,,2526
324,153133,37,370,Alex Iwobi,Iwobi,3,1.1,6.1,10,20,Away,2026-05-17T14:00:00Z,1,1,66,0,0,0,1,0,0,0,15,2,0.24,0.11,0.35,0.71,5,5.3,11.8,11.5,30.0,False,a,,2.0,,,2526
325,209289,37,370,Emile Smith Rowe,Smith Rowe,3,0.5,5.6,10,20,Away,2026-05-17T14:00:00Z,1,1,78,0,0,0,1,0,0,0,18,2,0.04,0.02,0.06,1.14,7,4.1,10.2,5.5,25.0,False,a,,,,,2526
326,159533,37,369,Adama Traoré Diarra,Adama,3,0.1,5.1,19,15,Away,2026-05-17T16:30:00Z,1,3,0,0,0,0,0,0,0,0,0,0,0.0,0.0,0.0,0.0,0,0.0,0.0,0.0,0.0,False,d,Knock - 50% chance of playing,,,,2526
327,156689,37,370,Andreas Hoelgebaum Pereira,Andreas,3,0.1,5.3,10,20,Away,2026-05-17T14:00:00Z,1,1,0,0,0,0,0,0,0,0,0,0,0.0,0.0,0.0,0.0,0,0.0,0.0,0.0,0.0,False,u,has joined Palmeiras permanently.,,,,2526
328,184349,37,370,Ryan Sessegnon,Sessegnon,3,0.1,5.4,10,20,Away,2026-05-17T14:00:00Z,1,1,0,0,0,0,0,0,0,0,0,0,0.0,0.0,0.0,0.0,0,0.0,0.0,0.0,0.0,False,i,Muscle injury - Unknown return date,,,,2526
329,153682,37,370,Harry Wilson,Wilson,3,18.7,5.9,10,20,Away,2026-05-17T14:00:00Z,1,1,11,0,0,0,0,0,0,0,4,1,0.04,0.0,0.04,0.26,0,1.1,1.4,1.6,8.0,False,a,,1.0,1.0,3.0,2526
330,207189,37,370,Sander Berge,Berge,3,0.1,4.9,10,20,Away,2026-05-17T14:00:00Z,1,1,45,0,0,0,1,0,0,0,0,1,0.16,0.01,0.17,0.34,5,0.8,0.0,1.6,8.0,False,a,,,,,2526
331,76357,37,370,Tom Cairney,Cairney,3,0.0,4.8,10,20,Away,2026-05-17T14:00:00Z,1,1,0,0,0,0,0,0,0,0,0,0,0.0,0.0,0.0,0.0,0,0.0,0.0,0.0,0.0,False,a,,,,,2526
332,212314,37,370,Saša Lukić,Lukić,3,0.1,4.9,10,20,Away,2026-05-17T14:00:00Z,1,1,90,0,0,0,1,0,0,1,26,5,0.0,0.09,0.09,1.4,15,5.0,21.8,24.0,4.0,False,a,,3.0,,,2526
333,573062,37,370,Martial Godo,Godo,3,0.0,4.5,10,20,Away,2026-05-17T14:00:00Z,1,1,0,0,0,0,0,0,0,0,0,0,0.0,0.0,0.0,0.0,0,0.0,0.0,0.0,0.0,False,u,has joined Strasbourg permanently.,,,,2526
334,515024,37,370,Luke Harris,Harris,3,0.0,4.5,10,20,Away,2026-05-17T14:00:00Z,1,1,0,0,0,0,0,0,0,0,0,0,0.0,0.0,0.0,0.0,0,0.0,0.0,0.0,0.0,False,u,Has joined Oxford United on loan for the rest of the season.,,,,2526
335,577725,37,370,Josh King,King,3,1.6,4.4,10,20,Away,2026-05-17T14:00:00Z,1,1,23,0,0,0,0,0,0,0,4,1,0.0,0.02,0.02,0.68,1,2.1,3.0,16.2,2.0,False,a,,,,,2526
336,153366,37,370,Harrison Reed,Reed,3,0.3,4.3,10,20,Away,2026-05-17T14:00:00Z,1,1,0,0,0,0,0,0,0,0,0,0,0.0,0.0,0.0,0.0,0,0.0,0.0,0.0,0.0,False,a,,,,,2526
337,102057,37,370,Raúl Jiménez Rodríguez,Raúl,4,1.9,6.0,10,20,Away,2026-05-17T14:00:00Z,1,1,23,0,0,0,0,0,0,0,3,1,0.11,0.0,0.11,0.68,1,0.5,0.0,1.0,6.0,False,a,,,2.0,1.0,2526
338,244042,37,370,Rodrigo Muniz Carvalho,Muniz,4,0.7,5.3,10,20,Away,2026-05-17T14:00:00Z,1,1,66,0,0,0,1,0,0,0,6,2,0.15,0.01,0.16,0.71,2,1.5,2.2,1.6,11.0,False,a,,,,,2526
339,437495,37,367,Illan Meslier,Meslier,1,0.3,4.1,11,6,Home,2026-05-17T14:00:00Z,1,0,0,0,0,0,0,0,0,0,0,0,0.0,0.0,0.0,0.0,0,0.0,0.0,0.0,0.0,False,a,,,,,2526
340,97846,37,367,Alex Cairns,Cairns,1,0.1,3.9,11,6,Home,2026-05-17T14:00:00Z,1,0,0,0,0,0,0,0,0,0,0,0,0.0,0.0,0.0,0.0,0,0.0,0.0,0.0,0.0,False,a,,,,,2526
341,59735,37,367,Karl Darlow,Darlow,1,6.8,4.0,11,6,Home,2026-05-17T14:00:00Z,1,0,90,0,0,1,0,0,0,3,40,11,0.0,0.0,0.0,3.06,0,4.8,47.8,0.0,0.0,True,a,,,,,2526
342,226182,37,367,Jayden Bogle,Bogle,2,0.5,4.4,11,6,Home,2026-05-17T14:00:00Z,1,0,0,0,0,0,0,0,0,0,0,0,0.0,0.0,0.0,0.0,0,0.0,0.0,0.0,0.0,False,i,Hamstring injury - Unknown return date,,,,2526
343,222694,37,367,Pascal Struijk,Struijk,2,2.1,4.2,11,6,Home,2026-05-17T14:00:00Z,1,0,0,0,0,0,0,0,0,0,0,0,0.0,0.0,0.0,0.0,0,0.0,0.0,0.0,0.0,False,d,Hip injury - 50% chance of playing,,,,2526
344,434752,37,367,Jaka Bijol,Bijol,2,1.2,3.9,11,6,Home,2026-05-17T14:00:00Z,1,0,90,0,0,1,0,0,0,0,24,8,0.0,0.0,0.0,3.06,14,3.6,31.6,0.8,4.0,False,a,,,,,2526
345,437738,37,367,Sebastiaan Bornauw,Bornauw,2,0.1,3.8,11,6,Home,2026-05-17T14:00:00Z,1,0,90,0,0,1,0,0,0,0,19,6,0.0,0.0,0.0,2.84,6,1.4,11.2,0.3,2.0,False,a,,,,,2526
346,113564,37,367,Sam Byram,Byram,2,0.4,3.7,11,6,Home,2026-05-17T14:00:00Z,1,0,1,0,0,0,0,0,0,0,3,1,0.0,0.0,0.0,0.22,3,0.5,5.4,0.0,0.0,False,a,,,,,2526
347,243526,37,367,Gabriel Gudmundsson,Gudmundsson,2,2.6,3.8,11,6,Home,2026-05-17T14:00:00Z,1,0,0,0,0,0,0,0,0,0,0,0,0.0,0.0,0.0,0.0,0,0.0,0.0,0.0,0.0,False,d,Hamstring injury - 50% chance of playing,,,,2526
348,214225,37,367,Joe Rodon,Rodon,2,2.9,3.9,11,6,Home,2026-05-17T14:00:00Z,1,0,90,0,0,1,0,0,0,0,22,6,0.0,0.01,0.01,3.06,7,4.0,24.8,10.9,4.0,False,a,,,,,2526
349,492368,37,367,Isaac Schmidt,Schmidt,2,0.1,4.0,11,6,Home,2026-05-17T14:00:00Z,1,0,0,0,0,0,0,0,0,0,0,0,0.0,0.0,0.0,0.0,0,0.0,0.0,0.0,0.0,False,u,has joined Werder Bremen on loan for the rest of the season.,,,,2526
350,427637,37,367,Brenden Aaronson,Aaronson,3,0.9,5.4,11,6,Home,2026-05-17T14:00:00Z,1,0,59,0,0,0,0,0,0,0,4,1,0.0,0.02,0.02,1.92,2,1.6,3.8,11.8,0.0,False,d,Knee injury - 75% chance of playing,,,,2526
351,492859,37,367,Wilfried Gnonto,Gnonto,3,0.1,5.1,11,6,Home,2026-05-17T14:00:00Z,1,0,30,0,0,0,0,0,0,0,5,1,0.04,0.0,0.04,1.15,6,1.0,5.2,0.3,4.0,False,a,,,,,2526
352,221399,37,367,Jack Harrison,Harrison,3,0.0,5.1,11,6,Home,2026-05-17T14:00:00Z,1,0,0,0,0,0,0,0,0,0,0,0,0.0,0.0,0.0,0.0,0,0.0,0.0,0.0,0.0,False,u,has joined ACF Fiorentina on loan for the rest of the season.,,,,2526
353,200617,37,367,Daniel James,James,3,0.1,5.2,11,6,Home,2026-05-17T14:00:00Z,1,0,59,0,0,0,0,0,0,0,5,1,0.12,0.01,0.13,1.92,4,1.9,6.6,0.7,12.0,False,a,,,,,2526
354,199598,37,367,Ethan Ampadu,Ampadu,3,0.6,4.9,11,6,Home,2026-05-17T14:00:00Z,1,0,90,0,0,1,0,0,0,0,21,3,0.0,0.02,0.02,3.06,7,1.8,12.8,3.2,2.0,False,a,,,,,2526
355,248937,37,367,Sam Greenwood,Greenwood,3,0.0,4.9,11,6,Home,2026-05-17T14:00:00Z,1,0,0,0,0,0,0,0,0,0,0,0,0.0,0.0,0.0,0.0,0,0.0,0.0,0.0,0.0,False,u,has joined Pogon Szczecin permanently.,,,,2526
356,486520,37,367,Ilia Gruev,Gruev,3,0.1,4.7,11,6,Home,2026-05-17T14:00:00Z,1,0,0,0,0,0,0,0,0,0,0,0,0.0,0.0,0.0,0.0,0,0.0,0.0,0.0,0.0,False,i,Knee injury - Expected back 01 Jun,4.0,,,2526
357,433952,37,367,Largie Ramazani,Ramazani,3,0.0,4.9,11,6,Home,2026-05-17T14:00:00Z,1,0,0,0,0,0,0,0,0,0,0,0,0.0,0.0,0.0,0.0,0,0.0,0.0,0.0,0.0,False,u,has joined Valencia on loan for the rest of the season.,,,,2526
358,248056,37,367,Tanaka Ao,Tanaka,3,0.2,4.8,11,6,Home,2026-05-17T14:00:00Z,1,0,59,0,0,0,0,0,0,0,6,1,0.0,0.04,0.04,1.92,3,1.0,4.8,5.2,0.0,False,a,,,,,2526
359,536119,37,367,Charlie Crew,Crew,3,0.0,4.5,11,6,Home,2026-05-17T14:00:00Z,1,0,0,0,0,0,0,0,0,0,0,0,0.0,0.0,0.0,0.0,0,0.0,0.0,0.0,0.0,False,u,Has joined Doncaster Rovers on loan for the rest of the season.,,,,2526
360,462635,37,367,Joe Gelhardt,Gelhardt,3,0.0,4.5,11,6,Home,2026-05-17T14:00:00Z,1,0,0,0,0,0,0,0,0,0,0,0,0.0,0.0,0.0,0.0,0,0.0,0.0,0.0,0.0,False,u,Has joined Hull City on loan for the rest of the season.,,,,2526
361,470294,37,367,Darko Gyabi,Gyabi,3,0.0,4.5,11,6,Home,2026-05-17T14:00:00Z,1,0,0,0,0,0,0,0,0,0,0,0,0.0,0.0,0.0,0.0,0,0.0,0.0,0.0,0.0,False,u,has joined Hull City permanently.,,,,2526
362,235826,37,367,Joël Piroe,Piroe,4,0.3,4.9,11,6,Home,2026-05-17T14:00:00Z,1,0,16,0,0,0,0,0,0,0,1,1,0.04,0.0,0.04,0.86,2,0.0,0.0,0.1,1.0,False,a,,,,3.0,2526
363,106617,37,367,Patrick Bamford,Bamford,4,0.3,4.9,11,6,Home,2026-05-17T14:00:00Z,1,0,0,0,0,0,0,0,0,0,0,0,0.0,0.0,0.0,0.0,0,0.0,0.0,0.0,0.0,False,u,has departed the club as a free agent.,,,,2526
364,565297,37,367,Mateo Joseph Fernández-Regatillo,Mateo Joseph,4,0.0,5.0,11,6,Home,2026-05-17T14:00:00Z,1,0,0,0,0,0,0,0,0,0,0,0,0.0,0.0,0.0,0.0,0,0.0,0.0,0.0,0.0,False,u,Has joined RCD Mallorca on loan for the rest of the season.,,,,2526
365,174594,37,367,Lukas Nmecha,Nmecha,4,0.5,5.0,11,6,Home,2026-05-17T14:00:00Z,1,0,30,0,0,0,0,0,0,0,7,1,0.0,0.03,0.03,1.15,3,2.8,5.4,20.9,2.0,False,a,,,,2.0,2526
366,116535,37,362,Alisson Becker,A.Becker,1,5.1,5.4,12,2,Away,2026-05-15T19:00:00Z,2,4,0,0,0,0,0,0,0,0,0,0,0.0,0.0,0.0,0.0,0,0.0,0.0,0.0,0.0,False,d,Lack of match fitness - 75% chance of playing,,,,2526
367,449027,37,362,Giorgi Mamardashvili,Mamardashvili,1,0.6,4.1,12,2,Away,2026-05-15T19:00:00Z,2,4,90,0,0,0,4,0,0,0,6,1,0.0,0.0,0.0,1.85,0,3.8,38.4,0.0,0.0,False,a,,,,,2526
368,586268,37,362,Ármin Pécsi,Pécsi,1,0.9,3.8,12,2,Away,2026-05-15T19:00:00Z,2,4,0,0,0,0,0,0,0,0,0,0,0.0,0.0,0.0,0.0,0,0.0,0.0,0.0,0.0,False,a,,,,,2526
369,155503,37,362,Freddie Woodman,Woodman,1,0.3,3.9,12,2,Away,2026-05-15T19:00:00Z,2,4,0,0,0,0,0,0,0,0,0,0,0.0,0.0,0.0,0.0,0,0.0,0.0,0.0,0.0,False,a,,,,,2526
370,216094,37,362,Jeremie Frimpong,Frimpong,2,5.0,5.7,12,2,Away,2026-05-15T19:00:00Z,2,4,0,0,0,0,0,0,0,0,0,0,0.0,0.0,0.0,0.0,0,0.0,0.0,0.0,0.0,False,d,Knock - 75% chance of playing,,,,2526
371,544877,37,362,Milos Kerkez,Kerkez,2,2.9,5.6,12,2,Away,2026-05-15T19:00:00Z,2,4,90,0,0,0,4,0,0,0,3,0,0.0,0.01,0.01,1.85,2,1.8,6.6,11.8,0.0,False,a,,,,,2526
372,122798,37,362,Andrew Robertson,Robertson,2,1.1,5.7,12,2,Away,2026-05-15T19:00:00Z,2,4,0,0,0,0,0,0,0,0,0,0,0.0,0.0,0.0,0.0,0,0.0,0.0,0.0,0.0,False,a,,,,,2526
373,97032,37,362,Virgil van Dijk,Virgil,2,30.3,6.0,12,2,Away,2026-05-15T19:00:00Z,2,4,90,2,0,0,4,0,0,0,26,14,0.4,0.02,0.42,1.85,10,13.2,89.8,1.8,40.0,True,a,,,,,2526
374,204716,37,362,Ibrahima Konaté,Konaté,2,3.8,5.4,12,2,Away,2026-05-15T19:00:00Z,2,4,90,0,0,0,4,0,0,0,0,0,0.0,0.02,0.02,1.85,5,1.8,14.8,1.4,2.0,False,a,,,,,2526
375,492777,37,362,Conor Bradley,Bradley,2,0.1,4.9,12,2,Away,2026-05-15T19:00:00Z,2,4,0,0,0,0,0,0,0,0,0,0,0.0,0.0,0.0,0.0,0,0.0,0.0,0.0,0.0,False,i,Knee injury - Expected back 01 Jun,,,,2526
376,171287,37,362,Joe Gomez,Gomez,2,0.1,4.9,12,2,Away,2026-05-15T19:00:00Z,2,4,65,0,0,0,2,1,0,0,-4,0,0.05,0.02,0.07,0.85,2,1.3,2.2,6.1,5.0,False,a,,,,,2526
377,214285,37,362,Konstantinos Tsimikas,Tsimikas,2,0.0,4.8,12,2,Away,2026-05-15T19:00:00Z,2,4,0,0,0,0,0,0,0,0,0,0,0.0,0.0,0.0,0.0,0,0.0,0.0,0.0,0.0,False,u,has joined AS Roma on loan for the rest of the season.,,,,2526
378,611926,37,362,Amara Nallo,Nallo,2,0.9,3.7,12,2,Away,2026-05-15T19:00:00Z,2,4,0,0,0,0,0,0,0,0,0,0,0.0,0.0,0.0,0.0,0,0.0,0.0,0.0,0.0,False,a,,,,,2526
379,219937,37,362,Rhys Williams,R.Williams,2,0.5,3.7,12,2,Away,2026-05-15T19:00:00Z,2,4,0,0,0,0,0,0,0,0,0,0,0.0,0.0,0.0,0.0,0,0.0,0.0,0.0,0.0,False,a,,,,,2526
380,489580,37,362,Calvin Ramsay,Ramsay,2,0.3,3.7,12,2,Away,2026-05-15T19:00:00Z,2,4,0,0,0,0,0,0,0,0,0,0,0.0,0.0,0.0,0.0,0,0.0,0.0,0.0,0.0,False,a,,,,,2526
381,118748,37,362,Mohamed Salah,M.Salah,3,13.8,14.0,12,2,Away,2026-05-15T19:00:00Z,2,4,16,0,0,0,1,0,0,0,3,1,0.0,0.07,0.07,0.09,0,1.1,0.8,9.8,0.0,False,a,,2.0,4.0,1.0,2526
382,494595,37,362,Florian Wirtz,Wirtz,3,8.5,8.3,12,2,Away,2026-05-15T19:00:00Z,2,4,24,0,0,0,2,0,0,0,1,1,0.03,0.01,0.04,0.99,2,1.0,1.6,2.1,6.0,False,a,,4.0,5.0,,2526
383,244731,37,362,Luis Díaz Marulanda,Luis Díaz,3,0.0,8.0,12,2,Away,2026-05-15T19:00:00Z,2,4,0,0,0,0,0,0,0,0,0,0,0.0,0.0,0.0,0.0,0,0.0,0.0,0.0,0.0,False,u,Has joined Bayern Munch permanently.,,,,2526
384,243298,37,362,Cody Gakpo,Gakpo,3,5.6,7.3,12,2,Away,2026-05-15T19:00:00Z,2,4,73,0,0,0,3,0,0,0,-1,2,0.53,0.0,0.53,1.75,2,1.1,0.0,0.5,12.0,False,a,,3.0,,3.0,2526
385,223541,37,362,Federico Chiesa,Chiesa,3,0.3,6.3,12,2,Away,2026-05-15T19:00:00Z,2,4,24,0,0,0,2,0,0,0,5,1,0.09,0.0,0.09,0.99,0,3.5,2.0,0.3,33.0,False,a,,,,,2526
386,243016,37,362,Alexis Mac Allister,Mac Allister,3,1.8,6.1,12,2,Away,2026-05-15T19:00:00Z,2,4,90,0,0,0,4,0,0,0,18,4,0.1,0.04,0.14,1.85,12,5.9,16.2,28.0,15.0,False,a,,,,4.0,2526
387,424876,37,362,Dominik Szoboszlai,Szoboszlai,3,13.4,7.0,12,2,Away,2026-05-15T19:00:00Z,2,4,90,0,2,0,4,0,0,1,37,9,0.01,0.47,0.48,1.85,3,14.3,45.2,86.8,11.0,False,a,,1.0,2.0,2.0,2526
388,206915,37,362,Curtis Jones,C.Jones,3,0.1,5.4,12,2,Away,2026-05-15T19:00:00Z,2,4,90,0,0,0,4,0,0,0,20,2,0.09,0.06,0.15,1.85,11,5.4,17.2,20.0,17.0,False,a,,,,,2526
389,444884,37,362,Harvey Elliott,Elliott,3,0.2,5.1,2,12,Home,2026-05-15T19:00:00Z,4,2,0,0,0,0,0,0,0,0,0,0,0.0,0.0,0.0,0.0,0,0.0,0.0,0.0,0.0,False,a,,,,,2526
390,441266,37,362,Ryan Gravenberch,Gravenberch,3,3.7,5.4,12,2,Away,2026-05-15T19:00:00Z,2,4,65,0,0,0,2,0,0,0,10,2,0.03,0.01,0.04,0.85,4,2.4,2.4,12.3,9.0,False,a,,,,,2526
391,496208,37,363,Ben Gannon-Doak,Gannon-Doak,3,0.0,4.8,4,13,Home,2026-05-19T18:30:00Z,1,1,0,0,0,0,0,0,0,0,0,0,0.0,0.0,0.0,0.0,0,0.0,0.0,0.0,0.0,False,a,,,,,2526
392,158983,37,362,Endo Wataru,Endo,3,0.1,4.9,12,2,Away,2026-05-15T19:00:00Z,2,4,0,0,0,0,0,0,0,0,0,0,0.0,0.0,0.0,0.0,0,0.0,0.0,0.0,0.0,False,d,Foot injury - 50% chance of playing,,,,2526
393,535928,37,362,Stefan Bajčetić Maquieira,Bajcetic,3,0.2,4.2,12,2,Away,2026-05-15T19:00:00Z,2,4,0,0,0,0,0,0,0,0,0,0,0.0,0.0,0.0,0.0,0,0.0,0.0,0.0,0.0,False,i,Hamstring injury - Unknown return date,,,,2526
394,491501,37,362,James McConnell,McConnell,3,0.0,4.4,12,2,Away,2026-05-15T19:00:00Z,2,4,0,0,0,0,0,0,0,0,0,0,0.0,0.0,0.0,0.0,0,0.0,0.0,0.0,0.0,False,u,has joined Ajax on loan for the rest of the season.,,,,2526
395,440148,37,362,Tyler Morton,Morton,3,0.0,4.5,12,2,Away,2026-05-15T19:00:00Z,2,4,0,0,0,0,0,0,0,0,0,0,0.0,0.0,0.0,0.0,0,0.0,0.0,0.0,0.0,False,u,Has joined Lyon permanently.,,,,2526
396,591386,37,362,Trey Nyoni,Nyoni,3,0.3,4.3,12,2,Away,2026-05-15T19:00:00Z,2,4,0,0,0,0,0,0,0,0,0,0,0.0,0.0,0.0,0.0,0,0.0,0.0,0.0,0.0,False,a,,,,,2526
397,447203,37,362,Darwin Núñez Ribeiro,Darwin,4,0.1,6.5,12,2,Away,2026-05-15T19:00:00Z,2,4,0,0,0,0,0,0,0,0,0,0,0.0,0.0,0.0,0.0,0,0.0,0.0,0.0,0.0,False,u,Has joined Al-Hilal permanently.,,,,2526
398,500058,37,362,Jayden Danns,Danns,4,0.1,4.3,12,2,Away,2026-05-15T19:00:00Z,2,4,0,0,0,0,0,0,0,0,0,0,0.0,0.0,0.0,0.0,0,0.0,0.0,0.0,0.0,False,i,Hamstring injury - Unknown return date,,,,2526
399,121160,37,363,Ederson Santana de Moraes,Ederson M.,1,0.8,5.3,13,4,Away,2026-05-19T18:30:00Z,1,1,0,0,0,0,0,0,0,0,0,0,0.0,0.0,0.0,0.0,0,0.0,0.0,0.0,0.0,False,u,has joined Fenerbache permanently.,,,,2526
400,88248,37,368,Stefan Ortega Moreno,Ortega Moreno,1,0.2,4.7,16,14,Away,2026-05-17T11:30:00Z,2,3,0,0,0,0,0,0,0,0,0,0,0.0,0.0,0.0,0.0,0,0.0,0.0,0.0,0.0,False,a,,,,,2526
401,122074,37,363,Marcus Bettinelli,Bettinelli,1,0.3,3.8,13,4,Away,2026-05-19T18:30:00Z,1,1,0,0,0,0,0,0,0,0,0,0,0.0,0.0,0.0,0.0,0,0.0,0.0,0.0,0.0,False,a,,,,,2526
402,448514,37,363,Rayan Aït-Nouri,Aït-Nouri,2,4.1,5.7,13,4,Away,2026-05-19T18:30:00Z,1,1,0,0,0,0,0,0,0,0,0,0,0.0,0.0,0.0,0.0,0,0.0,0.0,0.0,0.0,False,a,,,,,2526
403,477424,37,363,Joško Gvardiol,Gvardiol,2,3.2,5.8,13,4,Away,2026-05-19T18:30:00Z,1,1,0,0,0,0,0,0,0,0,0,0,0.0,0.0,0.0,0.0,0,0.0,0.0,0.0,0.0,False,a,,,,,2526
404,211975,37,363,Manuel Akanji,Akanji,2,0.3,5.4,13,4,Away,2026-05-19T18:30:00Z,1,1,0,0,0,0,0,0,0,0,0,0,0.0,0.0,0.0,0.0,0,0.0,0.0,0.0,0.0,False,u,has joined Inter Milan on loan for the rest of the season.,,,,2526
405,126184,37,363,Nathan Aké,Aké,2,0.6,5.2,13,4,Away,2026-05-19T18:30:00Z,1,1,0,0,0,0,0,0,0,0,0,0,0.0,0.0,0.0,0.0,0,0.0,0.0,0.0,0.0,False,a,,,,,2526
406,578153,37,363,Abdukodir Khusanov,Khusanov,2,0.7,5.4,13,4,Away,2026-05-19T18:30:00Z,1,1,90,0,0,0,1,0,0,0,10,2,0.04,0.78,0.82,1.99,3,1.8,10.4,2.6,5.0,False,a,,,,,2526
407,465351,37,363,Matheus Nunes,Matheus N.,2,2.9,5.3,13,4,Away,2026-05-19T18:30:00Z,1,1,90,0,0,0,1,0,0,0,12,2,0.0,0.02,0.02,1.99,4,2.0,14.2,3.8,2.0,False,a,,,,4.0,2526
408,171314,37,363,Rúben dos Santos Gato Alves Dias,Rúben,2,3.1,5.5,13,4,Away,2026-05-19T18:30:00Z,1,1,0,0,0,0,0,0,0,0,0,0,0.0,0.0,0.0,0.0,0,0.0,0.0,0.0,0.0,False,a,,,,,2526
409,97299,37,363,John Stones,Stones,2,0.6,5.4,13,4,Away,2026-05-19T18:30:00Z,1,1,0,0,0,0,0,0,0,0,0,0,0.0,0.0,0.0,0.0,0,0.0,0.0,0.0,0.0,False,a,,,,,2526
410,477064,37,363,Rico Lewis,Lewis,2,1.2,4.6,13,4,Away,2026-05-19T18:30:00Z,1,1,0,0,0,0,0,0,0,0,0,0,0.0,0.0,0.0,0.0,0,0.0,0.0,0.0,0.0,False,a,,,,,2526
411,472769,37,363,Nico O'Reilly,O'Reilly,2,19.6,5.3,13,4,Away,2026-05-19T18:30:00Z,1,1,90,0,0,0,1,0,0,0,8,2,0.67,0.04,0.71,1.99,5,5.3,19.2,3.3,30.0,False,a,,,,,2526
412,616222,37,363,Vitor de Oliveira Nunes dos Reis,Vitor Reis,2,0.0,5.0,13,4,Away,2026-05-19T18:30:00Z,1,1,0,0,0,0,0,0,0,0,0,0,0.0,0.0,0.0,0.0,0,0.0,0.0,0.0,0.0,False,u,Has joined Girona on loan for the rest of the season.,,,,2526
413,438234,37,363,Omar Marmoush,Marmoush,3,2.5,8.3,13,4,Away,2026-05-19T18:30:00Z,1,1,14,0,0,0,0,0,0,0,5,1,0.09,0.0,0.09,0.69,0,0.2,0.0,0.0,2.0,False,a,,4.0,1.0,2.0,2526
414,209244,37,363,Phil Foden,Foden,3,7.6,8.0,13,4,Away,2026-05-19T18:30:00Z,1,1,34,0,0,0,0,0,0,0,5,1,0.0,0.05,0.05,1.25,4,0.8,3.6,2.0,2.0,False,a,,5.0,,,2526
415,510281,37,363,Sávio Moreira de Oliveira,Savinho,3,0.4,6.9,13,4,Away,2026-05-19T18:30:00Z,1,1,34,0,0,0,0,0,0,0,9,1,0.0,0.05,0.05,1.25,2,2.0,4.4,11.1,4.0,False,a,,,,,2526
416,165809,37,363,Bernardo Mota Veiga de Carvalho e Silva,Bernardo,3,0.7,6.2,13,4,Away,2026-05-19T18:30:00Z,1,1,55,0,0,0,1,0,0,0,9,1,0.08,0.08,0.16,0.75,3,3.2,5.2,20.1,7.0,False,a,,1.0,,,2526
417,466052,37,363,Rayan Cherki,Cherki,3,19.4,6.6,13,4,Away,2026-05-19T18:30:00Z,1,1,34,0,0,0,0,0,0,0,3,1,0.03,0.04,0.07,1.25,2,1.2,0.8,6.4,5.0,False,a,,3.0,2.0,,2526
418,248875,37,363,Jérémy Doku,Doku,3,6.5,6.5,13,4,Away,2026-05-19T18:30:00Z,1,1,75,0,0,0,1,0,0,0,10,2,0.17,0.05,0.22,1.3,1,6.6,7.6,25.1,33.0,False,a,,,,3.0,2526
419,114283,37,366,Jack Grealish,Grealish,3,5.6,6.3,9,17,Home,2026-05-17T14:00:00Z,1,3,0,0,0,0,0,0,0,0,0,0,0.0,0.0,0.0,0.0,0,0.0,0.0,0.0,0.0,False,i,Foot injury - Expected back 01 Jun,,,,2526
420,59859,37,363,İlkay Gündoğan,Gündoğan,3,0.1,6.3,13,4,Away,2026-05-19T18:30:00Z,1,1,0,0,0,0,0,0,0,0,0,0,0.0,0.0,0.0,0.0,0,0.0,0.0,0.0,0.0,False,u,has joined Galatasaray permanently.,,,,2526
421,220566,37,363,Rodrigo 'Rodri' Hernandez Cascante,Rodrigo,3,0.5,6.3,13,4,Away,2026-05-19T18:30:00Z,1,1,90,0,1,0,1,1,0,1,27,7,0.36,0.12,0.48,1.99,12,6.5,16.2,29.0,20.0,False,a,,,,,2526
422,91651,37,363,Mateo Kovačić,Kovačić,3,0.0,5.8,13,4,Away,2026-05-19T18:30:00Z,1,1,55,0,0,0,1,0,0,0,8,1,0.0,0.03,0.03,0.75,9,2.1,7.8,12.8,0.0,False,a,,,,,2526
423,465694,37,363,Nico González Iglesias,N.Gonzalez,3,0.1,5.9,13,4,Away,2026-05-19T18:30:00Z,1,1,0,0,0,0,0,0,0,0,0,0,0.0,0.0,0.0,0.0,0,0.0,0.0,0.0,0.0,False,a,,,,,2526
424,477555,37,370,Oscar Bobb,Bobb,3,0.2,5.1,10,20,Away,2026-05-17T14:00:00Z,1,1,78,0,0,0,1,0,0,0,16,2,0.0,0.29,0.29,1.14,5,5.5,14.4,28.5,12.0,False,a,,,,,2526
425,575204,37,363,Claudio Echeverri,Echeverri,3,0.0,5.4,13,4,Away,2026-05-19T18:30:00Z,1,1,0,0,0,0,0,0,0,0,0,0,0.0,0.0,0.0,0.0,0,0.0,0.0,0.0,0.0,False,u,has joined Girona on loan for the rest of the season.,,,,2526
426,432714,37,368,James McAtee,McAtee,3,0.1,5.0,16,14,Away,2026-05-17T11:30:00Z,2,3,6,0,0,0,0,0,0,0,5,1,0.0,0.08,0.08,0.83,4,2.0,6.6,11.3,2.0,False,a,,,,5.0,2526
427,433036,37,363,Tijjani Reijnders,Reijnders,3,8.9,5.0,13,4,Away,2026-05-19T18:30:00Z,1,1,0,0,0,0,0,0,0,0,0,0,0.0,0.0,0.0,0.0,0,0.0,0.0,0.0,0.0,False,a,,4.0,3.0,,2526
428,566164,37,363,Sverre Nypan,Nypan,3,0.0,5.0,13,4,Away,2026-05-19T18:30:00Z,1,1,0,0,0,0,0,0,0,0,0,0,0.0,0.0,0.0,0.0,0,0.0,0.0,0.0,0.0,False,a,,,,,2526
429,155405,37,363,Kalvin Phillips,Phillips,3,0.1,4.7,13,4,Away,2026-05-19T18:30:00Z,1,1,0,0,0,0,0,0,0,0,0,0,0.0,0.0,0.0,0.0,0,0.0,0.0,0.0,0.0,False,u,has joined Sheffield United on loan for the rest of the season.,,,,2526
430,223094,37,363,Erling Haaland,Haaland,4,64.4,14.7,13,4,Away,2026-05-19T18:30:00Z,1,1,90,1,0,0,1,0,0,3,36,9,0.23,0.52,0.75,1.99,5,9.3,42.8,14.8,35.0,False,a,,,,1.0,2526
431,451302,37,368,Altay Bayındır,Bayindir,1,0.3,4.7,14,16,Home,2026-05-17T11:30:00Z,3,2,0,0,0,0,0,0,0,0,0,0,0.0,0.0,0.0,0.0,0,0.0,0.0,0.0,0.0,False,a,,,,,2526
432,202641,37,368,André Onana,Onana,1,0.1,4.9,14,16,Home,2026-05-17T11:30:00Z,3,2,0,0,0,0,0,0,0,0,0,0,0.0,0.0,0.0,0.0,0,0.0,0.0,0.0,0.0,False,u,has joined Trabzonspor on loan for the rest of the season.,,,,2526
433,588555,37,368,Elyh Harrison,Harrison,1,0.0,4.0,14,16,Home,2026-05-17T11:30:00Z,3,2,0,0,0,0,0,0,0,0,0,0,0.0,0.0,0.0,0.0,0,0.0,0.0,0.0,0.0,False,u,On loan to Shrewsbury Town,,,,2526
434,21205,37,368,Tom Heaton,Heaton,1,0.6,3.8,14,16,Home,2026-05-17T11:30:00Z,3,2,0,0,0,0,0,0,0,0,0,0,0.0,0.0,0.0,0.0,0,0.0,0.0,0.0,0.0,False,a,,,,,2526
435,461537,37,368,Dermot Mee,Mee,1,0.1,3.9,14,16,Home,2026-05-17T11:30:00Z,3,2,0,0,0,0,0,0,0,0,0,0,0.0,0.0,0.0,0.0,0,0.0,0.0,0.0,0.0,False,a,,,,,2526
436,209365,37,368,Matthijs de Ligt,De Ligt,2,1.8,4.9,14,16,Home,2026-05-17T11:30:00Z,3,2,0,0,0,0,0,0,0,0,0,0,0.0,0.0,0.0,0.0,0,0.0,0.0,0.0,0.0,False,i,Back injury - Unknown return date,,,,2526
437,221820,37,368,Lisandro Martínez,Martinez,2,0.4,4.8,14,16,Home,2026-05-17T11:30:00Z,3,2,90,0,0,0,2,0,0,0,17,3,0.09,0.01,0.1,1.88,15,6.0,39.6,11.1,9.0,False,a,,,,,2526
438,230001,37,368,Noussair Mazraoui,Mazraoui,2,0.3,4.9,14,16,Home,2026-05-17T11:30:00Z,3,2,0,0,0,0,0,0,0,0,0,0,0.0,0.0,0.0,0.0,0,0.0,0.0,0.0,0.0,False,a,,,,,2526
439,661712,37,368,Diego León Blanco,D.Leon,2,0.1,4.1,14,16,Home,2026-05-17T11:30:00Z,3,2,0,0,0,0,0,0,0,0,0,0,0.0,0.0,0.0,0.0,0,0.0,0.0,0.0,0.0,False,a,,,,,2526
440,216051,37,368,Diogo Dalot Teixeira,Dalot,2,3.9,4.5,14,16,Home,2026-05-17T11:30:00Z,3,2,90,0,0,0,2,0,0,0,5,1,0.3,0.15,0.45,1.88,7,5.5,20.4,30.8,4.0,False,a,,,,,2526
441,596777,37,368,Patrick Dorgu,Dorgu,2,2.4,4.1,14,16,Home,2026-05-17T11:30:00Z,3,2,10,0,0,0,0,0,0,0,6,1,0.15,0.3,0.45,0.26,2,3.0,6.2,6.3,17.0,False,a,,,,,2526
442,95658,37,368,Harry Maguire,Maguire,2,1.6,4.4,14,16,Home,2026-05-17T11:30:00Z,3,2,90,0,0,0,2,0,0,0,14,3,0.05,0.01,0.06,1.88,14,3.3,27.0,0.8,5.0,False,a,,,,,2526
443,106760,37,368,Luke Shaw,Shaw,2,1.1,4.5,14,16,Home,2026-05-17T11:30:00Z,3,2,90,1,0,0,2,1,0,0,14,6,0.09,0.1,0.19,1.88,5,6.4,41.4,5.3,17.0,False,a,,,,,2526
444,550864,37,368,Leny Yoro,Yoro,2,1.2,4.1,14,16,Home,2026-05-17T11:30:00Z,3,2,0,0,0,0,0,0,0,0,0,0,0.0,0.0,0.0,0.0,0,0.0,0.0,0.0,0.0,False,a,,,,,2526
445,577974,37,368,Harry Amass,Amass,2,0.1,4.0,14,16,Home,2026-05-17T11:30:00Z,3,2,0,0,0,0,0,0,0,0,0,0,0.0,0.0,0.0,0.0,0,0.0,0.0,0.0,0.0,False,u,has joined Norwich City on loan for the rest of the season.,,,,2526
446,547676,37,368,Tyler Fredricson,Fredricson,2,0.2,3.7,14,16,Home,2026-05-17T11:30:00Z,3,2,0,0,0,0,0,0,0,0,0,0,0.0,0.0,0.0,0.0,0,0.0,0.0,0.0,0.0,False,a,,,,,2526
447,606745,37,368,Ayden Heaven,Heaven,2,2.6,3.7,14,16,Home,2026-05-17T11:30:00Z,3,2,0,0,0,0,0,0,0,0,0,0,0.0,0.0,0.0,0.0,0,0.0,0.0,0.0,0.0,False,a,,,,,2526
448,222690,37,368,Tyrell Malacia,Malacia,2,0.5,3.7,14,16,Home,2026-05-17T11:30:00Z,3,2,0,0,0,0,0,0,0,0,0,0,0.0,0.0,0.0,0.0,0,0.0,0.0,0.0,0.0,False,a,,,,,2526
449,141746,37,368,Bruno Borges Fernandes,B.Fernandes,3,47.7,10.4,14,16,Home,2026-05-17T11:30:00Z,3,2,90,0,2,0,2,0,0,1,42,9,0.19,0.88,1.07,1.88,2,17.8,37.0,106.8,34.0,False,a,,1.0,1.0,1.0,2526
450,430871,37,368,Matheus Santos Carneiro da Cunha,Cunha,3,8.4,8.1,14,16,Home,2026-05-17T11:30:00Z,3,2,79,1,0,0,2,0,0,2,43,9,0.32,0.49,0.81,1.62,8,14.7,53.2,58.6,35.0,False,a,,,,,2526
451,176297,37,368,Marcus Rashford,Rashford,3,0.0,7.0,14,16,Home,2026-05-17T11:30:00Z,3,2,0,0,0,0,0,0,0,0,0,0,0.0,0.0,0.0,0.0,0,0.0,0.0,0.0,0.0,False,u,Has joined Barcelona on loan for the rest of the season,,,,2526
452,493250,37,368,Amad Diallo,Amad,3,1.3,6.2,14,16,Home,2026-05-17T11:30:00Z,3,2,90,0,0,0,2,0,0,0,5,2,0.12,0.33,0.45,1.88,3,4.7,4.0,14.2,29.0,False,a,,3.0,,,2526
453,493105,37,365,Alejandro Garnacho Ferreyra,Garnacho,3,0.4,6.4,7,18,Home,2026-05-19T19:15:00Z,2,1,1,0,0,0,0,0,0,0,5,1,0.0,0.0,0.0,0.05,3,0.4,4.0,0.0,0.0,False,a,,,,,2526
454,467169,37,368,Antony dos Santos,Antony,3,0.1,5.9,14,16,Home,2026-05-17T11:30:00Z,3,2,0,0,0,0,0,0,0,0,0,0,0.0,0.0,0.0,0.0,0,0.0,0.0,0.0,0.0,False,u,has joined Real Betis permanently.,,,,2526
455,184341,37,368,Mason Mount,Mount,3,0.3,5.9,14,16,Home,2026-05-17T11:30:00Z,3,2,9,0,0,0,0,0,0,0,7,1,0.02,0.0,0.02,0.26,5,0.5,3.8,0.3,1.0,False,a,,,,,2526
456,209243,37,362,Jadon Sancho,Sancho,3,0.2,5.8,2,12,Home,2026-05-15T19:00:00Z,4,2,1,0,0,0,1,0,0,0,4,1,0.0,0.02,0.02,0.27,0,0.3,1.0,1.8,0.0,False,a,,6.0,,,2526
457,61256,37,368,Carlos Henrique Casimiro,Casemiro,3,5.3,5.9,14,16,Home,2026-05-17T11:30:00Z,3,2,80,0,0,0,2,1,0,0,6,1,0.18,0.08,0.26,1.62,4,4.2,6.8,24.2,11.0,False,a,,,,,2526
458,516895,37,368,Kobbie Mainoo,Mainoo,3,1.4,4.7,14,16,Home,2026-05-17T11:30:00Z,3,2,90,0,0,0,2,0,0,0,19,4,0.0,0.02,0.02,1.88,12,5.4,18.2,33.8,2.0,False,a,,,,,2526
459,232112,37,368,Manuel Ugarte Ribeiro,Ugarte,3,0.1,4.7,14,16,Home,2026-05-17T11:30:00Z,3,2,0,0,0,0,0,0,0,0,0,0,0.0,0.0,0.0,0.0,0,0.0,0.0,0.0,0.0,False,d,Back injury - 75% chance of playing,,,,2526
460,490881,37,368,Toby Collyer,Collyer,3,0.0,4.5,14,16,Home,2026-05-17T11:30:00Z,3,2,0,0,0,0,0,0,0,0,0,0,0.0,0.0,0.0,0.0,0,0.0,0.0,0.0,0.0,False,u,has joined Hull City on loan for the rest of the season.,,,,2526
461,556639,37,368,Jayce Fitzgerald,Fitzgerald,3,0.0,4.3,14,16,Home,2026-05-17T11:30:00Z,3,2,0,0,0,0,0,0,0,0,0,0,0.0,0.0,0.0,0.0,0,0.0,0.0,0.0,0.0,False,a,,,,,2526
462,547037,37,368,Jack Fletcher,J.Fletcher,3,0.1,4.3,14,16,Home,2026-05-17T11:30:00Z,3,2,0,0,0,0,0,0,0,0,0,0,0.0,0.0,0.0,0.0,0,0.0,0.0,0.0,0.0,False,a,,,,,2526
463,618873,37,368,Sékou Koné,Kone,3,0.1,4.3,14,16,Home,2026-05-17T11:30:00Z,3,2,0,0,0,0,0,0,0,0,0,0,0.0,0.0,0.0,0.0,0,0.0,0.0,0.0,0.0,False,u,has joined Lausanne-Sport on loan for the rest of the season.,,,,2526
464,559684,37,368,Jack Moorhouse,Moorhouse,3,0.0,4.5,14,16,Home,2026-05-17T11:30:00Z,3,2,0,0,0,0,0,0,0,0,0,0,0.0,0.0,0.0,0.0,0,0.0,0.0,0.0,0.0,False,u,has joined Leyton Orient on loan for the rest of the season.,,,,2526
465,497894,37,368,Rasmus Højlund,Højlund,4,0.3,6.3,14,16,Home,2026-05-17T11:30:00Z,3,2,0,0,0,0,0,0,0,0,0,0,0.0,0.0,0.0,0.0,0,0.0,0.0,0.0,0.0,False,u,has joined Napoli on loan for the rest of the season.,,,,2526
466,458249,37,368,Joshua Zirkzee,Zirkzee,4,0.4,5.8,14,16,Home,2026-05-17T11:30:00Z,3,2,10,0,0,0,0,0,0,0,3,1,0.48,0.01,0.49,0.26,2,6.1,8.8,10.3,42.0,False,a,,,,,2526
467,596047,37,368,Chido Obi,Obi,4,1.4,4.2,14,16,Home,2026-05-17T11:30:00Z,3,2,0,0,0,0,0,0,0,0,0,0,0.0,0.0,0.0,0.0,0,0.0,0.0,0.0,0.0,False,a,,,,,2526
468,575034,37,368,Ethan Wheatley,Wheatley,4,0.1,4.5,14,16,Home,2026-05-17T11:30:00Z,3,2,0,0,0,0,0,0,0,0,0,0,0.0,0.0,0.0,0.0,0,0.0,0.0,0.0,0.0,False,u,has joined Bradford City on loan for the rest of the season.,,,,2526
469,98747,37,369,Nick Pope,Pope,1,4.3,5.0,15,19,Home,2026-05-17T16:30:00Z,3,1,90,0,0,0,1,0,0,0,26,4,0.0,0.0,0.0,0.95,0,5.5,54.8,0.0,0.0,False,a,,,,,2526
470,67089,37,361,Martin Dúbravka,Dúbravka,1,26.0,4.0,3,1,Away,2026-05-18T19:00:00Z,0,1,0,0,0,0,0,0,0,0,0,0,0.0,0.0,0.0,0.0,0,0.0,0.0,0.0,0.0,False,a,,,,,2526
471,81441,37,369,Mark Gillespie,Gillespie,1,0.1,3.9,15,19,Home,2026-05-17T16:30:00Z,3,1,0,0,0,0,0,0,0,0,0,0,0.0,0.0,0.0,0.0,0,0.0,0.0,0.0,0.0,False,a,,,,,2526
472,111452,37,369,Odysseas Vlachodimos,Odysseas,1,0.0,4.0,15,19,Home,2026-05-17T16:30:00Z,3,1,0,0,0,0,0,0,0,0,0,0,0.0,0.0,0.0,0.0,0,0.0,0.0,0.0,0.0,False,u,Has joined Sevilla on loan for the rest of the season.,,,,2526
473,487838,37,369,Lewis Hall,Hall,2,3.3,5.3,15,19,Home,2026-05-17T16:30:00Z,3,1,90,0,0,0,1,1,0,0,5,1,0.14,0.03,0.17,0.95,3,5.6,12.8,8.7,34.0,False,a,,2.0,1.0,,2526
474,119471,37,369,Fabian Schär,Schär,2,1.1,5.2,15,19,Home,2026-05-17T16:30:00Z,3,1,0,0,0,0,0,0,0,0,0,0,0.0,0.0,0.0,0.0,0,0.0,0.0,0.0,0.0,False,i,Ankle injury - Expected back 01 Jun,,4.0,,2526
475,220237,37,369,Sven Botman,Botman,2,0.4,4.9,15,19,Home,2026-05-17T16:30:00Z,3,1,90,0,0,0,1,0,0,0,10,4,0.02,0.0,0.02,0.95,13,3.3,28.0,0.3,5.0,False,a,,,,,2526
476,78916,37,369,Dan Burn,Burn,2,3.5,5.0,15,19,Home,2026-05-17T16:30:00Z,3,1,15,0,0,0,0,0,0,0,4,1,0.0,0.0,0.0,0.33,1,1.6,5.2,10.5,0.0,False,a,,,,,2526
477,441191,37,369,Tino Livramento,Livramento,2,1.8,4.9,15,19,Home,2026-05-17T16:30:00Z,3,1,0,0,0,0,0,0,0,0,0,0,0.0,0.0,0.0,0.0,0,0.0,0.0,0.0,0.0,False,i,Thigh injury - Expected back 01 Jun,,,,2526
478,77794,37,369,Kieran Trippier,Trippier,2,1.4,4.9,15,19,Home,2026-05-17T16:30:00Z,3,1,84,0,0,0,1,0,0,0,9,2,0.0,0.06,0.06,0.9,3,3.4,11.4,22.5,0.0,False,a,,4.0,2.0,,2526
479,111773,37,369,Emil Krafth,Krafth,2,0.0,4.3,15,19,Home,2026-05-17T16:30:00Z,3,1,0,0,0,0,0,0,0,0,0,0,0.0,0.0,0.0,0.0,0,0.0,0.0,0.0,0.0,False,i,Knee injury - Unknown return date,,,,2526
480,101148,37,369,Jamaal Lascelles,Lascelles,2,0.0,4.3,15,19,Home,2026-05-17T16:30:00Z,3,1,0,0,0,0,0,0,0,0,0,0,0.0,0.0,0.0,0.0,0,0.0,0.0,0.0,0.0,False,u,has joined Leicester City permanently.,,,,2526
481,545477,37,369,Alex Murphy,A.Murphy,2,0.7,3.8,15,19,Home,2026-05-17T16:30:00Z,3,1,0,0,0,0,0,0,0,0,0,0,0.0,0.0,0.0,0.0,0,0.0,0.0,0.0,0.0,False,a,,,,,2526
482,441024,37,369,Harrison Ashby,Ashby,2,0.1,3.9,15,19,Home,2026-05-17T16:30:00Z,3,1,0,0,0,0,0,0,0,0,0,0,0.0,0.0,0.0,0.0,0,0.0,0.0,0.0,0.0,False,u,has joined Bradford City on loan for the rest of the season.,,,,2526
483,578512,37,369,Miodrag Pivaš,Pivas,2,0.4,3.8,15,19,Home,2026-05-17T16:30:00Z,3,1,0,0,0,0,0,0,0,0,0,0,0.0,0.0,0.0,0.0,0,0.0,0.0,0.0,0.0,False,a,,,,,2526
484,169359,37,369,Matt Targett,Targett,2,0.1,4.0,15,19,Home,2026-05-17T16:30:00Z,3,1,0,0,0,0,0,0,0,0,0,0,0.0,0.0,0.0,0.0,0,0.0,0.0,0.0,0.0,False,u,has joined Middlesbrough on loan for the rest of the season.,,,,2526
485,232826,37,369,Anthony Gordon,Gordon,3,3.3,7.3,15,19,Home,2026-05-17T16:30:00Z,3,1,0,0,0,0,0,0,0,0,0,0,0.0,0.0,0.0,0.0,0,0.0,0.0,0.0,0.0,False,a,,,,1.0,2526
486,449434,37,369,Anthony Elanga,Elanga,3,2.6,6.5,15,19,Home,2026-05-17T16:30:00Z,3,1,5,0,0,0,0,0,0,0,0,1,0.21,0.0,0.21,0.05,0,0.3,0.0,0.1,4.0,False,a,,5.0,,,2526
487,201666,37,369,Harvey Barnes,Barnes,3,1.2,6.1,15,19,Home,2026-05-17T16:30:00Z,3,1,74,0,1,0,1,0,0,0,23,5,0.11,0.25,0.36,0.62,2,7.1,23.4,23.3,24.0,False,a,,,,,2526
488,208706,37,369,Bruno Guimarães Rodriguez Moura,Bruno G.,3,6.2,6.9,15,19,Home,2026-05-17T16:30:00Z,3,1,90,0,0,0,1,0,0,0,16,4,0.09,0.36,0.45,0.95,13,5.2,20.4,9.3,22.0,False,a,,3.0,5.0,2.0,2526
489,114243,37,369,Jacob Murphy,J.Murphy,3,0.6,5.9,15,19,Home,2026-05-17T16:30:00Z,3,1,15,0,0,0,0,0,0,0,9,1,0.02,0.03,0.05,0.33,5,4.6,18.2,14.3,13.0,False,a,,,,,2526
490,180974,37,369,Joelinton Cássio Apolinário de Lira,Joelinton,3,0.3,5.9,15,19,Home,2026-05-17T16:30:00Z,3,1,0,0,0,0,0,0,0,0,0,0,0.0,0.0,0.0,0.0,0,0.0,0.0,0.0,0.0,False,i,Thigh injury - Expected back 01 Jun,,,,2526
491,432422,37,369,Sandro Tonali,Tonali,3,1.1,5.3,15,19,Home,2026-05-17T16:30:00Z,3,1,52,0,0,0,0,0,0,0,11,1,0.0,0.02,0.02,0.32,5,2.4,6.0,14.1,4.0,False,d,Hamstring injury - 25% chance of playing,1.0,3.0,,2526
492,640108,37,369,Antoñito Cordero Campillo,Antoñito C.,3,0.0,4.9,15,19,Home,2026-05-17T16:30:00Z,3,1,0,0,0,0,0,0,0,0,0,0,0.0,0.0,0.0,0.0,0,0.0,0.0,0.0,0.0,False,u,has joined Cadiz on loan for the rest of the season.,,,,2526
493,180135,37,367,Sean Longstaff,Longstaff,3,0.2,4.8,11,6,Home,2026-05-17T14:00:00Z,1,0,30,0,0,0,0,0,0,0,4,1,0.0,0.13,0.13,1.15,3,0.6,3.0,0.6,2.0,False,a,,2.0,2.0,,2526
494,200089,37,369,Joe Willock,Willock,3,0.1,5.0,15,19,Home,2026-05-17T16:30:00Z,3,1,37,0,1,0,1,0,0,0,19,4,0.03,0.36,0.39,0.63,0,6.7,22.2,36.0,9.0,False,a,,,,,2526
495,153127,37,369,Isaac Hayden,Hayden,3,0.0,4.5,15,19,Home,2026-05-17T16:30:00Z,3,1,0,0,0,0,0,0,0,0,0,0,0.0,0.0,0.0,0.0,0,0.0,0.0,0.0,0.0,False,u,Has departed the club as a free agent.,,,,2526
496,564510,37,369,Garang Kuol,Kuol,3,0.0,4.4,15,19,Home,2026-05-17T16:30:00Z,3,1,0,0,0,0,0,0,0,0,0,0,0.0,0.0,0.0,0.0,0,0.0,0.0,0.0,0.0,False,u,has joined Sparta Prague permanently.,,,,2526
497,547719,37,369,Lewis Miley,L.Miley,3,1.7,4.4,15,19,Home,2026-05-17T16:30:00Z,3,1,0,0,0,0,0,0,0,0,0,0,0.0,0.0,0.0,0.0,0,0.0,0.0,0.0,0.0,False,i,Leg injury - Expected back 01 Jul,,,,2526
498,461484,37,369,Joe White,White,3,0.0,4.5,15,19,Home,2026-05-17T16:30:00Z,3,1,0,0,0,0,0,0,0,0,0,0,0.0,0.0,0.0,0.0,0,0.0,0.0,0.0,0.0,False,u,has joined Bradford City on loan for the rest of the season.,,,,2526
499,219168,37,362,Alexander Isak,Isak,4,3.8,10.3,12,2,Away,2026-05-15T19:00:00Z,2,4,0,0,0,0,0,0,0,0,0,0,0.0,0.0,0.0,0.0,0,0.0,0.0,0.0,0.0,False,d,Knock - 75% chance of playing,,,,2526
500,538207,37,369,William Osula,Osula,4,1.3,5.5,15,19,Home,2026-05-17T16:30:00Z,3,1,84,2,0,0,1,0,0,3,66,13,0.91,0.15,1.06,0.9,3,10.5,69.2,1.3,34.0,True,a,,,,,2526
501,599303,37,369,Sean Neave,Neave,4,0.3,4.3,15,19,Home,2026-05-17T16:30:00Z,3,1,0,0,0,0,0,0,0,0,0,0,0.0,0.0,0.0,0.0,0,0.0,0.0,0.0,0.0,False,a,,,,,2526
502,85633,37,368,Matz Sels,Sels,1,5.0,4.6,16,14,Away,2026-05-17T11:30:00Z,2,3,90,0,0,0,3,0,0,0,9,2,0.0,0.0,0.0,4.57,0,3.8,38.4,0.0,0.0,False,a,,,,,2526
503,475123,37,368,Carlos Miguel dos Santos Pereira,C.Miguel,1,0.1,4.0,16,14,Away,2026-05-17T11:30:00Z,2,3,0,0,0,0,0,0,0,0,0,0,0.0,0.0,0.0,0.0,0,0.0,0.0,0.0,0.0,False,u,Has joined Palmeiras permanently.,,,,2526
504,224068,37,368,Matt Turner,Turner,1,0.1,4.0,16,14,Away,2026-05-17T11:30:00Z,2,3,0,0,0,0,0,0,0,0,0,0,0.0,0.0,0.0,0.0,0,0.0,0.0,0.0,0.0,False,u,Has joined Lyon permanently.,,,,2526
505,227444,37,368,Nikola Milenković,Milenković,2,3.3,5.1,16,14,Away,2026-05-17T11:30:00Z,2,3,90,0,0,0,3,0,0,0,2,1,0.02,0.01,0.03,4.57,4,2.0,11.6,0.8,8.0,False,a,,,,,2526
506,575476,37,368,Murillo Costa dos Santos,Murillo,2,1.8,5.2,16,14,Away,2026-05-17T11:30:00Z,2,3,0,0,0,0,0,0,0,0,0,0,0.0,0.0,0.0,0.0,0,0.0,0.0,0.0,0.0,False,i,Muscle injury - Unknown return date,,2.0,,2526
507,159506,37,368,Ola Aina,Aina,2,2.1,4.7,16,14,Away,2026-05-17T11:30:00Z,2,3,0,0,0,0,0,0,0,0,0,0,0.0,0.0,0.0,0.0,0,0.0,0.0,0.0,0.0,False,i,Knock - Unknown return date,,,,2526
508,215136,37,368,Neco Williams,N.Williams,2,4.2,4.8,16,14,Away,2026-05-17T11:30:00Z,2,3,90,0,0,0,3,0,0,0,8,1,0.0,0.05,0.05,4.57,9,4.7,28.2,17.2,2.0,False,a,,3.0,,,2526
509,451432,37,368,David Mota Veiga Teixeira do Carmo,David Carmo,2,0.0,4.5,16,14,Away,2026-05-17T11:30:00Z,2,3,0,0,0,0,0,0,0,0,0,0,0.0,0.0,0.0,0.0,0,0.0,0.0,0.0,0.0,False,u,has joined Real Oviedo on loan for the rest of the season.,,,,2526
510,575458,37,368,Jair Paula da Cunha Filho,Jair Cunha,2,0.1,4.2,16,14,Away,2026-05-17T11:30:00Z,2,3,6,0,0,0,0,0,0,0,5,1,0.0,0.05,0.05,0.83,3,2.0,7.2,10.3,2.0,False,a,,,,,2526
511,485047,37,368,Felipe Rodrigues da Silva,Morato,2,0.1,4.3,16,14,Away,2026-05-17T11:30:00Z,2,3,90,1,0,0,3,0,0,0,17,9,0.49,0.0,0.49,4.57,10,9.7,60.0,3.8,33.0,True,a,,,,,2526
512,204822,37,368,Omar Richards,O.Richards,2,0.0,4.5,16,14,Away,2026-05-17T11:30:00Z,2,3,0,0,0,0,0,0,0,0,0,0,0.0,0.0,0.0,0.0,0,0.0,0.0,0.0,0.0,False,u,has joined Rio Ave on loan for the rest of the season.,,,,2526
513,549067,37,368,Zach Abbott,Abbott,2,0.2,3.8,16,14,Away,2026-05-17T11:30:00Z,2,3,0,0,0,0,0,0,0,0,0,0,0.0,0.0,0.0,0.0,0,0.0,0.0,0.0,0.0,False,a,,,,,2526
514,90585,37,368,Willy Boly,Boly,2,0.3,3.8,16,14,Away,2026-05-17T11:30:00Z,2,3,0,0,0,0,0,0,0,0,0,0,0.0,0.0,0.0,0.0,0,0.0,0.0,0.0,0.0,False,i,Knee injury - Unknown return date,,,,2526
515,222531,37,368,Morgan Gibbs-White,Gibbs-White,3,7.3,7.5,16,14,Away,2026-05-17T11:30:00Z,2,3,90,1,0,0,3,0,0,0,31,7,0.9,0.04,0.94,4.57,8,14.0,51.6,20.6,68.0,False,a,,,1.0,2.0,2526
516,209046,37,368,Callum Hudson-Odoi,Hudson-Odoi,3,0.6,5.7,16,14,Away,2026-05-17T11:30:00Z,2,3,0,0,0,0,0,0,0,0,0,0,0.0,0.0,0.0,0.0,0,0.0,0.0,0.0,0.0,False,i,Muscle injury - Expected back 01 Jun,,,,2526
517,215379,37,368,Elliot Anderson,Anderson,3,7.8,5.6,16,14,Away,2026-05-17T11:30:00Z,2,3,90,0,2,0,3,1,0,3,49,12,0.0,0.68,0.68,4.57,20,12.3,72.8,50.3,0.0,True,a,,1.0,3.0,4.0,2526
518,510500,37,368,João Pedro Ferreira da Silva,Jota,3,0.0,5.4,16,14,Away,2026-05-17T11:30:00Z,2,3,0,0,0,0,0,0,0,0,0,0,0.0,0.0,0.0,0.0,0,0.0,0.0,0.0,0.0,False,u,has joined Besiktas on loan for the rest of the season.,,,,2526
519,250199,37,368,Nicolás Domínguez,Dominguez,3,0.0,5.0,16,14,Away,2026-05-17T11:30:00Z,2,3,69,0,0,0,2,0,0,0,23,2,0.21,0.05,0.26,2.8,11,4.6,21.8,16.8,7.0,False,a,,,,,2526
520,243345,37,368,Lewis O'Brien,O'Brien,3,0.0,5.0,16,14,Away,2026-05-17T11:30:00Z,2,3,0,0,0,0,0,0,0,0,0,0,0.0,0.0,0.0,0.0,0,0.0,0.0,0.0,0.0,False,u,Has joined Wrexham permanently.,,,,2526
521,210462,37,368,Ibrahim Sangaré,Sangaré,3,0.1,4.9,16,14,Away,2026-05-17T11:30:00Z,2,3,20,0,0,0,1,0,0,0,8,1,0.0,0.01,0.01,1.77,7,0.9,7.2,1.3,0.0,False,a,,,,,2526
522,204968,37,368,Ryan Yates,Yates,3,0.1,4.7,16,14,Away,2026-05-17T11:30:00Z,2,3,0,0,0,0,0,0,0,0,0,0,0.0,0.0,0.0,0.0,0,0.0,0.0,0.0,0.0,False,a,,,,,2526
523,569014,37,368,Eric da Silva Moreira,Da Silva Moreira,3,0.1,4.5,16,14,Away,2026-05-17T11:30:00Z,2,3,0,0,0,0,0,0,0,0,0,0,0.0,0.0,0.0,0.0,0,0.0,0.0,0.0,0.0,False,a,,,,,2526
524,495161,37,368,Marko Stamenić,Stamenic,3,0.0,4.5,16,14,Away,2026-05-17T11:30:00Z,2,3,0,0,0,0,0,0,0,0,0,0,0.0,0.0,0.0,0.0,0,0.0,0.0,0.0,0.0,False,u,Has joined Swansea City permanently.,,,,2526
525,60689,37,368,Chris Wood,Wood,4,4.6,7.1,16,14,Away,2026-05-17T11:30:00Z,2,3,69,0,0,0,2,0,0,0,5,2,0.06,0.0,0.06,2.8,2,1.1,0.0,6.2,7.0,False,a,,,,1.0,2526
526,482973,37,368,Igor Jesus Maciel da Cruz,Igor Jesus,4,2.4,5.9,16,14,Away,2026-05-17T11:30:00Z,2,3,83,0,0,0,3,0,0,0,7,2,0.02,0.01,0.03,3.74,5,2.1,8.0,5.7,7.0,False,a,,,,3.0,2526
527,210156,37,368,Taiwo Awoniyi,Awoniyi,4,0.4,5.2,16,14,Away,2026-05-17T11:30:00Z,2,3,20,0,0,0,1,0,0,0,1,1,0.18,0.35,0.53,1.77,2,2.1,0.8,14.4,6.0,False,a,,,,,2526
528,232571,37,366,Anthony Patterson,Patterson,1,0.1,4.2,17,9,Away,2026-05-17T14:00:00Z,3,1,0,0,0,0,0,0,0,0,0,0,0.0,0.0,0.0,0.0,0,0.0,0.0,0.0,0.0,False,u,has joined Millwall on loan for the rest of the season.,,,,2526
529,74854,37,366,Simon Moore,Moore,1,0.3,3.9,17,9,Away,2026-05-17T14:00:00Z,3,1,0,0,0,0,0,0,0,0,0,0,0.0,0.0,0.0,0.0,0,0.0,0.0,0.0,0.0,False,a,,,,,2526
530,490000,37,366,Blondy Nna Noukeu,Nna Noukeu,1,0.1,3.9,17,9,Away,2026-05-17T14:00:00Z,3,1,0,0,0,0,0,0,0,0,0,0,0.0,0.0,0.0,0.0,0,0.0,0.0,0.0,0.0,False,u,has joined US Boulogne CO permanently.,,,,2526
531,223827,37,366,Daniel Ballard,Ballard,2,2.5,4.6,17,9,Away,2026-05-17T14:00:00Z,3,1,0,0,0,0,0,0,0,0,0,0,0.0,0.0,0.0,0.0,0,0.0,0.0,0.0,0.0,False,s,Suspended until 25 May,,,,2526
532,487676,37,366,Trai Hume,Hume,2,0.3,4.5,17,9,Away,2026-05-17T14:00:00Z,3,1,59,0,0,0,1,0,0,0,4,1,0.0,0.01,0.01,0.37,1,0.7,1.8,2.9,2.0,False,a,,2.0,,,2526
533,220684,37,366,Aji Alese,Alese,2,0.0,4.0,17,9,Away,2026-05-17T14:00:00Z,3,1,0,0,0,0,0,0,0,0,0,0,0.0,0.0,0.0,0.0,0,0.0,0.0,0.0,0.0,False,u,has joined Portsmouth on loan for the rest of the season.,,,,2526
534,232820,37,366,Joe Anderson,Anderson,2,0.3,3.8,17,9,Away,2026-05-17T14:00:00Z,3,1,0,0,0,0,0,0,0,0,0,0,0.0,0.0,0.0,0.0,0,0.0,0.0,0.0,0.0,False,u,has joined Barrow FC permanently.,,,,2526
535,461195,37,366,Dennis Cirkin,Cirkin,2,0.0,4.0,17,9,Away,2026-05-17T14:00:00Z,3,1,0,0,0,0,0,0,0,0,0,0,0.0,0.0,0.0,0.0,0,0.0,0.0,0.0,0.0,False,a,,,,,2526
536,477547,37,366,Leo Fuhr Hjelde,Hjelde,2,0.0,4.0,17,9,Away,2026-05-17T14:00:00Z,3,1,0,0,0,0,0,0,0,0,0,0,0.0,0.0,0.0,0.0,0,0.0,0.0,0.0,0.0,False,u,has joined Sheffield United on loan for the rest of the season.,,,,2526
537,492066,37,366,Niall Huggins,Huggins,2,0.1,4.0,17,9,Away,2026-05-17T14:00:00Z,3,1,0,0,0,0,0,0,0,0,0,0,0.0,0.0,0.0,0.0,0,0.0,0.0,0.0,0.0,False,u,has joined Wycombe Wanderers on loan for the rest of the season.,,,,2526
538,514613,37,366,Zak Johnson,Johnson,2,0.2,3.8,17,9,Away,2026-05-17T14:00:00Z,3,1,0,0,0,0,0,0,0,0,0,0,0.0,0.0,0.0,0.0,0,0.0,0.0,0.0,0.0,False,u,has joined York City on loan for the rest of the season.,,,,2526
539,167512,37,366,Luke O'Nien,O'Nien,2,0.1,4.0,17,9,Away,2026-05-17T14:00:00Z,3,1,67,0,0,0,1,0,0,0,9,4,0.05,0.0,0.05,1.01,11,2.3,18.6,0.3,4.0,False,a,,,,,2526
540,465702,37,366,Timothée Pembélé,Pembele,2,0.3,3.9,17,9,Away,2026-05-17T14:00:00Z,3,1,0,0,0,0,0,0,0,0,0,0,0.0,0.0,0.0,0.0,0,0.0,0.0,0.0,0.0,False,u,has joined Le Havre AC on loan for the rest of the season.,,,,2526
541,434399,37,366,Reinildo Mandava,Reinildo,2,2.9,3.8,17,9,Away,2026-05-17T14:00:00Z,3,1,90,0,0,0,1,0,0,0,14,2,0.0,0.02,0.02,1.04,6,1.6,14.4,1.8,0.0,False,a,,,,,2526
542,519634,37,366,Jenson Seelt,Seelt,2,0.1,4.0,17,9,Away,2026-05-17T14:00:00Z,3,1,0,0,0,0,0,0,0,0,0,0,0.0,0.0,0.0,0.0,0,0.0,0.0,0.0,0.0,False,u,has joined Wolfsburg on loan for the rest of the season.,,,,2526
543,535818,37,366,Simon Adingra,Adingra,3,0.3,4.9,17,9,Away,2026-05-17T14:00:00Z,3,1,0,0,0,0,0,0,0,0,0,0,0.0,0.0,0.0,0.0,0,0.0,0.0,0.0,0.0,False,u,has joined AS Monaco on loan for the rest of the season.,,,,2526
544,547027,37,366,Habib Diarra,Diarra,3,0.1,5.3,17,9,Away,2026-05-17T14:00:00Z,3,1,13,0,1,0,0,0,0,0,17,4,0.0,0.14,0.14,0.52,0,4.0,21.2,18.5,0.0,False,a,,,,1.0,2526
545,124165,37,366,Patrick Roberts,Roberts,3,0.0,5.4,17,9,Away,2026-05-17T14:00:00Z,3,1,0,0,0,0,0,0,0,0,0,0,0.0,0.0,0.0,0.0,0,0.0,0.0,0.0,0.0,False,u,has joined Birmingham City permanently.,,,,2526
546,626844,37,366,Milan Aleksić,Aleksić,3,0.0,4.9,17,9,Away,2026-05-17T14:00:00Z,3,1,0,0,0,0,0,0,0,0,0,0,0.0,0.0,0.0,0.0,0,0.0,0.0,0.0,0.0,False,a,,,,,2526
547,484420,37,366,Enzo Le Fée,E.Le Fée,3,1.5,4.8,17,9,Away,2026-05-17T14:00:00Z,3,1,90,1,1,0,1,0,0,3,50,13,0.12,0.29,0.41,1.04,9,9.1,53.8,17.7,19.0,True,a,,3.0,2.0,2.0,2526
548,461199,37,366,Romaine Mundle,Mundle,3,0.0,4.9,17,9,Away,2026-05-17T14:00:00Z,3,1,0,0,0,0,0,0,0,0,0,0,0.0,0.0,0.0,0.0,0,0.0,0.0,0.0,0.0,False,i,Hamstring injury - Expected back 01 Jun,,,,2526
549,223336,37,366,Dan Neil,Neil,3,0.0,4.8,17,9,Away,2026-05-17T14:00:00Z,3,1,0,0,0,0,0,0,0,0,0,0,0.0,0.0,0.0,0.0,0,0.0,0.0,0.0,0.0,False,u,has joined Ipswich Town on loan for the rest of the season.,,,,2526
550,215460,37,366,Ian Poveda-Ocampo,Poveda,3,0.0,4.7,17,9,Away,2026-05-17T14:00:00Z,3,1,0,0,0,0,0,0,0,0,0,0,0.0,0.0,0.0,0.0,0,0.0,0.0,0.0,0.0,False,a,,,,,2526
551,554197,37,366,Chris Rigg,Rigg,3,0.1,4.7,17,9,Away,2026-05-17T14:00:00Z,3,1,13,0,1,0,0,0,0,0,12,4,0.0,0.01,0.01,0.52,1,3.2,18.4,11.3,2.0,False,a,,,,,2526
552,577669,37,366,Noah Sadiki,Sadiki,3,0.1,4.9,17,9,Away,2026-05-17T14:00:00Z,3,1,76,0,0,0,1,0,0,0,4,2,0.0,0.01,0.01,0.53,5,0.4,0.0,3.8,0.0,False,a,,,,,2526
553,549912,37,366,Chemsdine Talbi,Talbi,3,0.2,4.9,17,9,Away,2026-05-17T14:00:00Z,3,1,30,0,0,0,0,0,0,0,3,1,0.0,0.0,0.0,0.67,2,0.4,0.4,3.1,0.0,False,a,,,,,2526
554,477851,37,366,Abdoullah Ba,Ba,3,0.3,4.3,17,9,Away,2026-05-17T14:00:00Z,3,1,0,0,0,0,0,0,0,0,0,0,0.0,0.0,0.0,0.0,0,0.0,0.0,0.0,0.0,False,a,,,,,2526
555,171422,37,366,Alan Browne,Browne,3,0.0,4.5,17,9,Away,2026-05-17T14:00:00Z,3,1,0,0,0,0,0,0,0,0,0,0,0.0,0.0,0.0,0.0,0,0.0,0.0,0.0,0.0,False,u,has joined Middlesbrough on loan for the rest of the season.,,,,2526
556,458297,37,366,Pierre Ekwah Elimby,Ekwah,3,0.0,4.5,17,9,Away,2026-05-17T14:00:00Z,3,1,0,0,0,0,0,0,0,0,0,0,0.0,0.0,0.0,0.0,0,0.0,0.0,0.0,0.0,False,u,Has joined AS Saint-Etienne permanently.,,,,2526
557,547410,37,366,Harrison Jones,H.Jones,3,0.1,4.3,17,9,Away,2026-05-17T14:00:00Z,3,1,0,0,0,0,0,0,0,0,0,0,0.0,0.0,0.0,0.0,0,0.0,0.0,0.0,0.0,False,a,,,,,2526
558,493837,37,366,Jay Matete,Matete,3,0.2,4.3,17,9,Away,2026-05-17T14:00:00Z,3,1,0,0,0,0,0,0,0,0,0,0,0.0,0.0,0.0,0.0,0,0.0,0.0,0.0,0.0,False,u,has joined MK Dons permanently.,,,,2526
559,500696,37,366,Nectarios Triantis,Triantis,3,0.0,4.4,17,9,Away,2026-05-17T14:00:00Z,3,1,0,0,0,0,0,0,0,0,0,0,0.0,0.0,0.0,0.0,0,0.0,0.0,0.0,0.0,False,u,has joined Minnesota United permanently.,,,,2526
560,437505,37,366,Wilson Isidor,Isidor,4,1.3,5.0,17,9,Away,2026-05-17T14:00:00Z,3,1,13,1,0,0,0,0,0,0,29,5,0.19,0.17,0.36,0.52,4,5.6,36.2,0.3,19.0,False,a,,,,,2526
561,564406,37,366,Eliezer Mayenda Dossou,Mayenda,4,0.5,5.1,17,9,Away,2026-05-17T14:00:00Z,3,1,0,0,0,0,0,0,0,0,0,0,0.0,0.0,0.0,0.0,0,0.0,0.0,0.0,0.0,False,a,,,,,2526
562,611975,37,366,Ahmed Abdullahi,Abdullahi,4,0.4,4.2,17,9,Away,2026-05-17T14:00:00Z,3,1,0,0,0,0,0,0,0,0,0,0,0.0,0.0,0.0,0.0,0,0.0,0.0,0.0,0.0,False,a,,,,,2526
563,551153,37,366,Luís Hemir Silva Semedo,Luís Hemir,4,0.1,4.4,17,9,Away,2026-05-17T14:00:00Z,3,1,0,0,0,0,0,0,0,0,0,0,0.0,0.0,0.0,0.0,0,0.0,0.0,0.0,0.0,False,u,has joined Moreirense on loan for the rest of the season.,,,,2526
564,440955,37,366,Nazarii Rusyn,Rusyn,4,0.1,4.4,17,9,Away,2026-05-17T14:00:00Z,3,1,0,0,0,0,0,0,0,0,0,0,0.0,0.0,0.0,0.0,0,0.0,0.0,0.0,0.0,False,u,has joined Arka on loan for the rest of the season.,,,,2526
565,184254,37,365,Guglielmo Vicario,Vicario,1,4.7,4.7,18,7,Away,2026-05-19T19:15:00Z,1,2,0,0,0,0,0,0,0,0,0,0,0.0,0.0,0.0,0.0,0,0.0,0.0,0.0,0.0,False,a,,,,,2526
566,214572,37,365,Brandon Austin,Austin,1,0.3,3.9,18,7,Away,2026-05-19T19:15:00Z,1,2,0,0,0,0,0,0,0,0,0,0,0.0,0.0,0.0,0.0,0,0.0,0.0,0.0,0.0,False,a,,,,,2526
567,485055,37,365,Antonín Kinský,Kinsky,1,1.8,3.9,18,7,Away,2026-05-19T19:15:00Z,1,2,90,0,0,0,2,0,0,0,4,1,0.0,0.0,0.0,0.63,0,1.6,15.6,0.0,0.0,False,a,,,,,2526
568,441164,37,365,Pedro Porro Sauceda,Pedro Porro,2,10.7,5.2,18,7,Away,2026-05-19T19:15:00Z,1,2,90,0,0,0,2,1,0,0,8,0,0.0,0.36,0.36,0.63,1,6.5,16.2,45.2,4.0,False,a,,3.0,2.0,,2526
569,221632,37,365,Cristian Romero,Romero,2,2.9,5.0,18,7,Away,2026-05-19T19:15:00Z,1,2,0,0,0,0,0,0,0,0,0,0,0.0,0.0,0.0,0.0,0,0.0,0.0,0.0,0.0,False,i,Knee injury - Expected back 01 Jun,,,,2526
570,135720,37,365,Kevin Danso,Danso,2,0.2,4.2,18,7,Away,2026-05-19T19:15:00Z,1,2,90,0,0,0,2,0,0,0,9,3,0.0,0.01,0.01,0.63,10,2.7,23.6,1.0,2.0,False,a,,,,,2526
571,115556,37,365,Ben Davies,Davies,2,0.1,4.3,18,7,Away,2026-05-19T19:15:00Z,1,2,0,0,0,0,0,0,0,0,0,0,0.0,0.0,0.0,0.0,0,0.0,0.0,0.0,0.0,False,i,Ankle injury - Unknown return date,,,,2526
572,493125,37,365,Radu Drăgușin,Dragusin,2,0.0,4.5,18,7,Away,2026-05-19T19:15:00Z,1,2,0,0,0,0,0,0,0,0,0,0,0.0,0.0,0.0,0.0,0,0.0,0.0,0.0,0.0,False,a,,,,,2526
573,232859,37,365,Djed Spence,Spence,2,0.9,4.1,18,7,Away,2026-05-19T19:15:00Z,1,2,21,0,0,0,0,0,0,0,4,1,0.0,0.01,0.01,0.15,0,0.3,2.6,0.8,0.0,False,a,,,,,2526
574,487053,37,365,Destiny Udogie,Udogie,2,0.3,4.3,18,7,Away,2026-05-19T19:15:00Z,1,2,68,0,0,0,2,1,0,0,-5,0,0.0,0.0,0.0,0.48,4,0.7,4.6,0.6,2.0,False,a,,,,,2526
575,491279,37,365,Micky van de Ven,Van de Ven,2,17.5,4.4,18,7,Away,2026-05-19T19:15:00Z,1,2,90,0,0,0,2,1,0,0,6,0,0.0,0.01,0.01,0.63,4,1.7,15.6,1.3,0.0,False,a,,,,,2526
576,548308,37,365,Ashley Phillips,Phillips,2,0.0,4.0,18,7,Away,2026-05-19T19:15:00Z,1,2,0,0,0,0,0,0,0,0,0,0,0.0,0.0,0.0,0.0,0,0.0,0.0,0.0,0.0,False,u,Has joined Stoke City on loan for the rest of the season.,,,,2526
577,553299,37,365,Takai Kōta,Takai,2,0.0,4.0,18,7,Away,2026-05-19T19:15:00Z,1,2,0,0,0,0,0,0,0,0,0,0,0.0,0.0,0.0,0.0,0,0.0,0.0,0.0,0.0,False,u,has joined Borussia Mönchengladbach on loan for the rest of the season.,,,,2526
578,610799,37,365,Luka Vušković,Vuskovic,2,0.3,3.9,18,7,Away,2026-05-19T19:15:00Z,1,2,0,0,0,0,0,0,0,0,0,0,0.0,0.0,0.0,0.0,0,0.0,0.0,0.0,0.0,False,u,has joined Hamburger SV on loan for the rest of the season.,,,,2526
579,85971,37,365,Son Heung-min,Son,3,0.1,8.5,18,7,Away,2026-05-19T19:15:00Z,1,2,0,0,0,0,0,0,0,0,0,0,0.0,0.0,0.0,0.0,0,0.0,0.0,0.0,0.0,False,u,has joined Los Angeles FC permanently.,,,,2526
580,242898,37,364,Brennan Johnson,Johnson,3,2.4,6.5,8,5,Away,2026-05-17T14:00:00Z,2,2,45,0,0,0,1,0,0,0,3,1,0.0,0.0,0.0,1.27,6,0.7,2.4,0.7,4.0,False,a,,1.0,3.0,,2526
581,172780,37,365,James Maddison,Maddison,3,0.2,6.8,18,7,Away,2026-05-19T19:15:00Z,1,2,21,0,0,0,0,0,0,0,-1,1,0.21,0.02,0.23,0.15,2,1.5,0.4,3.2,11.0,False,a,,,,,2526
582,460842,37,365,Mohammed Kudus,Kudus,3,9.2,6.4,18,7,Away,2026-05-19T19:15:00Z,1,2,0,0,0,0,0,0,0,0,0,0,0.0,0.0,0.0,0.0,0,0.0,0.0,0.0,0.0,False,i,Thigh injury - Expected back 01 Jun,,4.0,3.0,2526
583,445044,37,365,Dejan Kulusevski,Kulusevski,3,0.0,6.4,18,7,Away,2026-05-19T19:15:00Z,1,2,0,0,0,0,0,0,0,0,0,0,0.0,0.0,0.0,0.0,0,0.0,0.0,0.0,0.0,False,i,Knee injury - Unknown return date,,,,2526
584,511499,37,365,Mathys Tel,Tel,3,0.3,6.2,18,7,Away,2026-05-19T19:15:00Z,1,2,90,0,0,0,2,0,0,0,4,2,0.09,0.11,0.2,0.63,5,4.1,9.4,17.6,14.0,False,a,,1.0,,,2526
585,202993,37,365,Rodrigo Bentancur,Bentancur,3,0.2,5.2,18,7,Away,2026-05-19T19:15:00Z,1,2,90,0,0,0,2,0,0,0,17,2,0.0,0.03,0.03,0.63,8,2.0,6.4,11.4,2.0,False,a,,,,,2526
586,570526,37,365,Lucas Bergvall,Bergvall,3,0.2,5.2,18,7,Away,2026-05-19T19:15:00Z,1,2,0,0,0,0,0,0,0,0,0,0,0.0,0.0,0.0,0.0,0,0.0,0.0,0.0,0.0,False,a,,,,,2526
587,227127,37,365,Yves Bissouma,Bissouma,3,0.0,5.2,18,7,Away,2026-05-19T19:15:00Z,1,2,0,0,0,0,0,0,0,0,0,0,0.0,0.0,0.0,0.0,0,0.0,0.0,0.0,0.0,False,a,,,,,2526
588,550839,37,365,Wilson Odobert,Odobert,3,0.0,5.3,18,7,Away,2026-05-19T19:15:00Z,1,2,0,0,0,0,0,0,0,0,0,0,0.0,0.0,0.0,0.0,0,0.0,0.0,0.0,0.0,False,i,Knee injury - Unknown return date,,,,2526
589,235674,37,365,Manor Solomon,Solomon,3,0.0,5.4,18,7,Away,2026-05-19T19:15:00Z,1,2,0,0,0,0,0,0,0,0,0,0,0.0,0.0,0.0,0.0,0,0.0,0.0,0.0,0.0,False,u,has joined Fiorentina on loan for the rest of the season.,,,,2526
590,436234,37,365,Bryan Gil Salvatierra,Bryan,3,0.0,4.9,18,7,Away,2026-05-19T19:15:00Z,1,2,0,0,0,0,0,0,0,0,0,0,0.0,0.0,0.0,0.0,0,0.0,0.0,0.0,0.0,False,u,has joined Girona permanently.,,,,2526
591,547701,37,365,Archie Gray,Gray,3,0.1,4.8,18,7,Away,2026-05-19T19:15:00Z,1,2,0,0,0,0,0,0,0,0,0,0,0.0,0.0,0.0,0.0,0,0.0,0.0,0.0,0.0,False,a,,,,,2526
592,499721,37,365,Mikey Moore,Moore,3,0.0,5.0,18,7,Away,2026-05-19T19:15:00Z,1,2,0,0,0,0,0,0,0,0,0,0,0.0,0.0,0.0,0.0,0,0.0,0.0,0.0,0.0,False,u,Has joined Rangers on loan for the rest of the season.,,,,2526
593,482442,37,365,Pape Matar Sarr,P.M.Sarr,3,1.0,4.5,18,7,Away,2026-05-19T19:15:00Z,1,2,21,0,1,0,0,0,0,0,18,4,0.13,0.03,0.16,0.15,1,4.7,18.0,25.2,4.0,False,a,,,,,2526
594,623095,37,365,Yang Min-hyeok,Min-hyeok,3,0.0,4.5,18,7,Away,2026-05-19T19:15:00Z,1,2,0,0,0,0,0,0,0,0,0,0,0.0,0.0,0.0,0.0,0,0.0,0.0,0.0,0.0,False,u,has joined Coventry City on loan for the rest of the season.,,,,2526
595,499726,37,365,Callum Olusesi,Olusesi,3,0.2,4.3,18,7,Away,2026-05-19T19:15:00Z,1,2,0,0,0,0,0,0,0,0,0,0,0.0,0.0,0.0,0.0,0,0.0,0.0,0.0,0.0,False,a,,,,,2526
596,154566,37,365,Dominic Solanke-Mitchell,Solanke,4,1.1,7.1,18,7,Away,2026-05-19T19:15:00Z,1,2,0,0,0,0,0,0,0,0,0,0,0.0,0.0,0.0,0.0,0,0.0,0.0,0.0,0.0,False,d,Muscle injury - 50% chance of playing,,,2.0,2526
597,212319,37,365,Richarlison de Andrade,Richarlison,4,6.3,6.4,18,7,Away,2026-05-19T19:15:00Z,1,2,90,1,0,0,2,0,0,1,38,7,0.96,0.04,1.0,0.63,7,11.5,44.6,12.2,58.0,False,a,,,,5.0,2526
598,552427,37,365,Will Lankshear,Lankshear,4,0.0,4.5,18,7,Away,2026-05-19T19:15:00Z,1,2,0,0,0,0,0,0,0,0,0,0,0.0,0.0,0.0,0.0,0,0.0,0.0,0.0,0.0,False,u,has joined Oxford United on loan for the rest of the season.,,,,2526
599,490145,37,365,Dane Scarlett,Scarlett,4,0.5,4.3,18,7,Away,2026-05-19T19:15:00Z,1,2,0,0,0,0,0,0,0,0,0,0,0.0,0.0,0.0,0.0,0,0.0,0.0,0.0,0.0,False,u,has joined Hibernian on loan for the rest of the season.,,,,2526
600,84182,37,369,Alphonse Areola,Areola,1,1.9,4.2,19,15,Away,2026-05-17T16:30:00Z,1,3,0,0,0,0,0,0,0,0,0,0,0.0,0.0,0.0,0.0,0,0.0,0.0,0.0,0.0,False,a,,,,,2526
601,82143,37,369,Wes Foderingham,Foderingham,1,0.2,4.0,19,15,Away,2026-05-17T16:30:00Z,1,3,0,0,0,0,0,0,0,0,0,0,0.0,0.0,0.0,0.0,0,0.0,0.0,0.0,0.0,False,u,has joined Aris Limassol permanently.,,,,2526
602,483364,37,369,Krisztián Hegyi,Hegyi,1,0.2,3.9,19,15,Away,2026-05-17T16:30:00Z,1,3,0,0,0,0,0,0,0,0,0,0,0.0,0.0,0.0,0.0,0,0.0,0.0,0.0,0.0,False,u,has joined MTK Budapest on loan for the rest of the season.,,,,2526
603,613804,37,369,El Hadji Malick Diouf,Diouf,2,2.4,4.1,19,15,Away,2026-05-17T16:30:00Z,1,3,90,0,0,0,3,1,0,0,3,0,0.04,0.2,0.24,1.73,2,9.0,20.2,50.7,19.0,False,a,,,,,2526
604,109533,37,369,Emerson Palmieri dos Santos,Emerson,2,0.0,4.4,19,15,Away,2026-05-17T16:30:00Z,1,3,0,0,0,0,0,0,0,0,0,0,0.0,0.0,0.0,0.0,0,0.0,0.0,0.0,0.0,False,u,has joined Marseille permanently.,,,,2526
605,214048,37,369,Maximilian Kilman,Kilman,2,0.1,4.1,19,15,Away,2026-05-17T16:30:00Z,1,3,0,0,0,0,0,0,0,0,0,0,0.0,0.0,0.0,0.0,0,0.0,0.0,0.0,0.0,False,a,,,,,2526
606,233963,37,369,Konstantinos Mavropanos,Mavropanos,2,2.0,4.5,19,15,Away,2026-05-17T16:30:00Z,1,3,90,0,0,0,3,0,0,0,10,3,0.03,0.05,0.08,1.73,14,3.8,33.6,1.5,3.0,False,a,,,,,2526
607,210494,37,369,Nayef Aguerd,N.Aguerd,2,0.0,4.4,19,15,Away,2026-05-17T16:30:00Z,1,3,0,0,0,0,0,0,0,0,0,0,0.0,0.0,0.0,0.0,0,0.0,0.0,0.0,0.0,False,u,has joined Marseille permanently.,,,,2526
608,536109,37,369,Ollie Scarles,Scarles,2,0.0,4.3,19,15,Away,2026-05-17T16:30:00Z,1,3,0,0,0,0,0,0,0,0,0,0,0.0,0.0,0.0,0.0,0,0.0,0.0,0.0,0.0,False,a,,5.0,,,2526
609,462116,37,369,Jean-Clair Todibo,Todibo,2,0.1,4.3,19,15,Away,2026-05-17T16:30:00Z,1,3,25,0,0,0,2,0,0,0,-4,0,0.0,0.0,0.0,0.84,2,0.2,1.8,0.3,0.0,False,a,,,,,2526
610,214590,37,369,Aaron Wan-Bissaka,Wan-Bissaka,2,4.3,4.1,19,15,Away,2026-05-17T16:30:00Z,1,3,62,0,0,0,2,0,0,0,2,1,0.0,0.02,0.02,1.01,4,0.9,7.0,1.7,0.0,False,a,,,,,2526
611,518438,37,369,Kaelan Casey,Casey,2,0.1,4.0,19,15,Away,2026-05-17T16:30:00Z,1,3,0,0,0,0,0,0,0,0,0,0,0.0,0.0,0.0,0.0,0,0.0,0.0,0.0,0.0,False,u,has joined Leyton Orient on loan for the rest of the season.,,,,2526
612,224024,37,369,Lucas Tolentino Coelho de Lima,L.Paquetá,3,1.0,5.9,19,15,Away,2026-05-17T16:30:00Z,1,3,0,0,0,0,0,0,0,0,0,0,0.0,0.0,0.0,0.0,0,0.0,0.0,0.0,0.0,False,u,has joined Flamengo permanently.,,,,2526
613,215439,37,369,Tomáš Souček,Souček,3,0.4,5.7,19,15,Away,2026-05-17T16:30:00Z,1,3,62,0,0,0,2,1,0,0,10,1,0.0,0.01,0.01,1.01,7,3.0,12.2,14.1,4.0,False,a,,,,,2526
614,101178,37,361,James Ward-Prowse,Ward-Prowse,3,0.2,5.6,3,1,Away,2026-05-18T19:00:00Z,0,1,12,0,0,0,0,0,0,0,3,1,0.0,0.0,0.0,0.03,2,0.2,1.4,0.5,0.0,False,a,,1.0,1.0,,2526
615,450070,37,369,Crysencio Summerville,Summerville,3,1.3,5.4,19,15,Away,2026-05-17T16:30:00Z,1,3,90,0,0,0,3,0,0,0,23,2,0.05,0.24,0.29,1.73,8,5.3,14.4,23.3,15.0,False,a,,2.0,,,2526
616,213999,37,369,Edson Álvarez Velázquez,Álvarez,3,0.0,4.9,19,15,Away,2026-05-17T16:30:00Z,1,3,0,0,0,0,0,0,0,0,0,0,0.0,0.0,0.0,0.0,0,0.0,0.0,0.0,0.0,False,u,Has joined Fenerbahçe on loan for the rest of the season.,,,,2526
617,149519,37,369,Maxwel Cornet,Cornet,3,0.0,4.9,19,15,Away,2026-05-17T16:30:00Z,1,3,0,0,0,0,0,0,0,0,0,0,0.0,0.0,0.0,0.0,0,0.0,0.0,0.0,0.0,False,u,has joined Genoa on loan for the rest of the season.,,,,2526
618,197024,37,369,Guido Rodríguez,G.Rodriguez,3,0.0,4.8,19,15,Away,2026-05-17T16:30:00Z,1,3,0,0,0,0,0,0,0,0,0,0,0.0,0.0,0.0,0.0,0,0.0,0.0,0.0,0.0,False,u,has joined Valencia on loan for the rest of the season.,,,,2526
619,577114,37,369,Luis Guilherme Lira dos Santos,L.Guilherme,3,0.0,4.9,19,15,Away,2026-05-17T16:30:00Z,1,3,0,0,0,0,0,0,0,0,0,0,0.0,0.0,0.0,0.0,0,0.0,0.0,0.0,0.0,False,u,has joined Sporting CP permanently.,,,,2526
620,490885,37,369,George Earthy,Earthy,3,0.0,4.5,19,15,Away,2026-05-17T16:30:00Z,1,3,0,0,0,0,0,0,0,0,0,0,0.0,0.0,0.0,0.0,0,0.0,0.0,0.0,0.0,False,u,has joined Bristol City on loan for the rest of the season.,,,,2526
621,229384,37,369,Andy Irving,Irving,3,0.2,4.3,19,15,Away,2026-05-17T16:30:00Z,1,3,0,0,0,0,0,0,0,0,0,0,0.0,0.0,0.0,0.0,0,0.0,0.0,0.0,0.0,False,u,has joined Sparta Prague permanently.,,,,2526
622,518442,37,369,Lewis Orford,Orford,3,0.1,4.4,19,15,Away,2026-05-17T16:30:00Z,1,3,0,0,0,0,0,0,0,0,0,0,0.0,0.0,0.0,0.0,0,0.0,0.0,0.0,0.0,False,u,has joined Stevenage on loan for the rest of the season.,,,,2526
623,490142,37,369,Freddie Potts,Potts,3,0.5,4.3,19,15,Away,2026-05-17T16:30:00Z,1,3,0,0,0,0,0,0,0,0,0,0,0.0,0.0,0.0,0.0,0,0.0,0.0,0.0,0.0,False,a,,,,,2526
624,178186,37,369,Jarrod Bowen,Bowen,4,12.7,7.7,19,15,Away,2026-05-17T16:30:00Z,1,3,90,0,0,0,3,0,0,0,7,2,0.13,0.03,0.16,1.73,10,2.7,10.6,5.3,11.0,False,a,,1.0,1.0,2.0,2526
625,91889,37,369,Niclas Füllkrug,Füllkrug,4,0.6,5.6,19,15,Away,2026-05-17T16:30:00Z,1,3,0,0,0,0,0,0,0,0,0,0,0.0,0.0,0.0,0.0,0,0.0,0.0,0.0,0.0,False,u,has joined AC Milan on loan for the rest of the season.,,,,2526
626,565431,37,369,Callum Marshall,Marshall,4,0.5,4.3,19,15,Away,2026-05-17T16:30:00Z,1,3,0,0,0,0,0,0,0,0,0,0,0.0,0.0,0.0,0.0,0,0.0,0.0,0.0,0.0,False,u,has joined VfL Bochum 1848 on loan for the rest of the season.,,,,2526
627,101982,37,370,Sam Johnstone,Johnstone,1,0.1,4.4,20,10,Home,2026-05-17T14:00:00Z,1,1,0,0,0,0,0,0,0,0,0,0,0.0,0.0,0.0,0.0,0,0.0,0.0,0.0,0.0,False,i,Shoulder injury - Expected back 25 May,,,,2526
628,149065,37,370,José Malheiro de Sá,José Sá,1,1.1,4.2,20,10,Home,2026-05-17T14:00:00Z,1,1,90,0,0,0,1,0,0,0,14,3,0.0,0.01,0.01,1.59,0,2.4,23.8,0.0,0.0,False,a,,,,,2526
629,79602,37,370,Daniel Bentley,Bentley,1,0.5,3.9,20,10,Home,2026-05-17T14:00:00Z,1,1,0,0,0,0,0,0,0,0,0,0,0.0,0.0,0.0,0.0,0,0.0,0.0,0.0,0.0,False,a,,,,,2526
630,138001,37,366,Tom King,King,1,1.2,3.9,9,17,Home,2026-05-17T14:00:00Z,1,3,0,0,0,0,0,0,0,0,0,0,0.0,0.0,0.0,0.0,0,0.0,0.0,0.0,0.0,False,a,,,,,2526
631,516939,37,370,Emmanuel Agbadou,Agbadou,2,0.1,4.2,20,10,Home,2026-05-17T14:00:00Z,1,1,0,0,0,0,0,0,0,0,0,0,0.0,0.0,0.0,0.0,0,0.0,0.0,0.0,0.0,False,u,has joined Besiktas permanently.,,,,2526
632,87835,37,370,Matt Doherty,Doherty,2,0.1,4.4,20,10,Home,2026-05-17T14:00:00Z,1,1,0,0,0,0,0,0,0,0,0,0,0.0,0.0,0.0,0.0,0,0.0,0.0,0.0,0.0,False,a,,,,,2526
633,490721,37,370,Hugo Bueno López,H.Bueno,2,0.2,4.3,20,10,Home,2026-05-17T14:00:00Z,1,1,5,0,0,0,0,0,0,0,5,1,0.0,0.03,0.03,0.1,0,1.8,4.2,14.0,0.0,False,a,,1.0,,,2526
634,501837,37,370,Yerson Mosquera Valdelamar,Mosquera,2,0.1,4.3,20,10,Home,2026-05-17T14:00:00Z,1,1,90,0,0,0,1,0,0,0,-2,2,0.35,0.01,0.36,1.59,5,1.6,0.4,0.6,15.0,False,a,,,,,2526
635,483081,37,370,Rodrigo Martins Gomes,R.Gomes,2,0.1,4.4,20,10,Home,2026-05-17T14:00:00Z,1,1,84,0,0,0,1,0,0,0,4,2,0.28,0.04,0.32,1.49,5,3.0,5.8,5.4,19.0,False,a,,,,,2526
636,231480,37,370,Santiago Ignacio Bueno,S.Bueno,2,0.1,4.4,20,10,Home,2026-05-17T14:00:00Z,1,1,90,0,0,0,1,0,0,0,5,2,0.0,0.0,0.0,1.59,9,1.7,17.2,0.1,0.0,False,a,,,,,2526
637,510362,37,370,Toti Gomes,Toti,2,0.1,4.2,20,10,Home,2026-05-17T14:00:00Z,1,1,0,0,0,0,0,0,0,0,0,0,0.0,0.0,0.0,0.0,0,0.0,0.0,0.0,0.0,False,a,,,,,2526
638,441271,37,370,Ki-Jana Hoever,Hoever,2,0.9,3.8,20,10,Home,2026-05-17T14:00:00Z,1,1,0,0,0,0,0,0,0,0,0,0,0.0,0.0,0.0,0.0,0,0.0,0.0,0.0,0.0,False,u,has joined Sheffield United on loan for the rest of the season.,,,,2526
639,560248,37,370,Bastien Meupiyou Menadjou,Meupiyou,2,0.0,4.0,20,10,Home,2026-05-17T14:00:00Z,1,1,0,0,0,0,0,0,0,0,0,0,0.0,0.0,0.0,0.0,0,0.0,0.0,0.0,0.0,False,u,On loan to FC Alverca,,,,2526
640,641221,37,370,Pedro Cardoso de Lima,Pedro Lima,2,0.4,4.0,20,10,Home,2026-05-17T14:00:00Z,1,1,5,0,0,0,0,0,0,0,2,1,0.15,0.0,0.15,0.1,1,0.4,0.0,0.1,4.0,False,a,,,,,2526
641,517179,37,370,Alfie Pond,Pond,2,0.9,3.9,20,10,Home,2026-05-17T14:00:00Z,1,1,0,0,0,0,0,0,0,0,0,0,0.0,0.0,0.0,0.0,0,0.0,0.0,0.0,0.0,False,u,has joined Crewe Alexandra on loan for the rest of the season.,,,,2526
642,184754,37,370,Hwang Hee-chan,Hee Chan,3,0.1,5.6,20,10,Home,2026-05-17T14:00:00Z,1,1,78,0,1,0,1,0,0,0,22,5,0.05,0.3,0.35,1.47,9,6.4,23.6,35.1,5.0,False,a,,,2.0,3.0,2526
643,509291,37,370,André Trindade da Costa Neto,André,3,0.1,5.2,20,10,Home,2026-05-17T14:00:00Z,1,1,90,0,0,0,1,1,0,0,10,3,0.0,0.01,0.01,1.59,14,0.5,2.6,2.4,0.0,False,a,,,,,2526
644,231057,37,370,Jean-Ricner Bellegarde,Bellegarde,3,0.0,5.1,20,10,Home,2026-05-17T14:00:00Z,1,1,11,0,0,0,0,0,0,0,2,1,0.0,0.01,0.01,0.12,3,0.3,0.0,3.5,0.0,False,a,,,4.0,,2526
645,643135,37,370,Fer López González,Fer López,3,0.0,5.1,20,10,Home,2026-05-17T14:00:00Z,1,1,0,0,0,0,0,0,0,0,0,0,0.0,0.0,0.0,0.0,0,0.0,0.0,0.0,0.0,False,u,has joined Celta Vigo on loan for the rest of the season.,,,,2526
646,448089,37,370,João Victor Gomes da Silva,J.Gomes,3,0.3,5.3,20,10,Home,2026-05-17T14:00:00Z,1,1,90,0,0,0,1,0,0,0,9,2,0.0,0.02,0.02,1.59,10,1.4,7.4,2.5,4.0,False,a,,,3.0,,2526
647,181284,37,370,Gonçalo Manuel Ganchinho Guedes,Guedes,3,0.0,5.5,20,10,Home,2026-05-17T14:00:00Z,1,1,0,0,0,0,0,0,0,0,0,0,0.0,0.0,0.0,0.0,0,0.0,0.0,0.0,0.0,False,u,Has joined Real Sociedad permanently.,,,,2526
648,433312,37,370,Marshall Munetsi,Munetsi,3,0.0,5.3,20,10,Home,2026-05-17T14:00:00Z,1,1,0,0,0,0,0,0,0,0,0,0,0.0,0.0,0.0,0.0,0,0.0,0.0,0.0,0.0,False,u,has joined Paris FC on loan for the rest of the season.,,,,2526
649,476502,37,370,Boubacar Traoré,B.Traore,3,0.0,5.0,20,10,Home,2026-05-17T14:00:00Z,1,1,0,0,0,0,0,0,0,0,0,0,0.0,0.0,0.0,0.0,0,0.0,0.0,0.0,0.0,False,u,Has joined FC Metz on loan for the rest of the season.,,,,2526
650,497606,37,370,Tawanda Chirewa,Chirewa,3,0.2,4.3,20,10,Home,2026-05-17T14:00:00Z,1,1,0,0,0,0,0,0,0,0,0,0,0.0,0.0,0.0,0.0,0,0.0,0.0,0.0,0.0,False,u,has joined Barnsley on loan for the rest of the season.,,,,2526
651,596054,37,370,Tom Edozie,Edozie,3,0.4,4.3,20,10,Home,2026-05-17T14:00:00Z,1,1,0,0,0,0,0,0,0,0,0,0,0.0,0.0,0.0,0.0,0,0.0,0.0,0.0,0.0,False,a,,,,,2526
652,593001,37,370,Enso González Medina,Gonzalez,3,1.2,4.3,20,10,Home,2026-05-17T14:00:00Z,1,1,0,0,0,0,0,0,0,0,0,0,0.0,0.0,0.0,0.0,0,0.0,0.0,0.0,0.0,False,a,,,,,2526
653,240299,37,370,Joe Hodge,Hodge,3,0.0,4.5,20,10,Home,2026-05-17T14:00:00Z,1,1,0,0,0,0,0,0,0,0,0,0,0.0,0.0,0.0,0.0,0,0.0,0.0,0.0,0.0,False,u,Signed by CD Tondela,,,,2526
654,247412,37,364,Jørgen Strand Larsen,Strand Larsen,4,1.5,5.9,8,5,Away,2026-05-17T14:00:00Z,2,2,60,0,0,0,1,0,0,0,9,2,0.2,0.16,0.36,0.58,2,3.7,6.8,4.3,26.0,False,a,,,,,2526
655,449988,37,370,Fábio Soares Silva,Fábio Silva,4,0.2,4.9,20,10,Home,2026-05-17T14:00:00Z,1,1,0,0,0,0,0,0,0,0,0,0,0.0,0.0,0.0,0.0,0,0.0,0.0,0.0,0.0,False,u,has joined Borussia Dortmund permanently.,,,,2526
656,429414,37,370,Saša Kalajdžić,Kalajdžić,4,0.0,4.9,20,10,Home,2026-05-17T14:00:00Z,1,1,0,0,0,0,0,0,0,0,0,0,0.0,0.0,0.0,0.0,0,0.0,0.0,0.0,0.0,False,u,has joined LASK on loan for the rest of the season.,,,,2526
657,589507,37,370,Leon Chiwome,Chiwome,4,0.0,4.4,20,10,Home,2026-05-17T14:00:00Z,1,1,0,0,0,0,0,0,0,0,0,0,0.0,0.0,0.0,0.0,0,0.0,0.0,0.0,0.0,False,a,,,,,2526
658,531363,37,370,Nathan Fraser,Fraser,4,1.8,4.2,20,10,Home,2026-05-17T14:00:00Z,1,1,0,0,0,0,0,0,0,0,0,0,0.0,0.0,0.0,0.0,0,0.0,0.0,0.0,0.0,False,a,,,,,2526
659,158534,37,369,Kyle Walker-Peters,Walker-Peters,2,0.3,4.2,19,15,Away,2026-05-17T16:30:00Z,1,3,0,0,0,0,0,0,0,0,0,0,0.0,0.0,0.0,0.0,0,0.0,0.0,0.0,0.0,False,a,,,,,2526
660,466525,37,367,Anton Stach,Stach,3,2.1,4.8,11,6,Home,2026-05-17T14:00:00Z,1,0,73,0,0,1,0,0,0,0,10,3,0.06,0.07,0.13,2.2,7,3.0,9.8,19.2,1.0,False,d,Ankle injury - 50% chance of playing,1.0,1.0,,2526
661,510663,37,362,Hugo Ekitiké,Ekitiké,4,15.8,9.0,12,2,Away,2026-05-15T19:00:00Z,2,4,0,0,0,0,0,0,0,0,0,0,0.0,0.0,0.0,0.0,0,0.0,0.0,0.0,0.0,False,i,Achilles injury - Expected back 01 Jul,,,,2526
662,500040,37,361,Cristhian Mosquera,Mosquera,2,0.2,5.3,1,3,Home,2026-05-18T19:00:00Z,1,0,90,0,0,1,0,0,0,0,23,6,0.0,0.08,0.08,0.19,5,4.1,17.2,19.5,4.0,False,a,,,,,2526
663,230376,37,370,Jhon Arias,J.Arias,3,0.1,4.9,20,10,Home,2026-05-17T14:00:00Z,1,1,0,0,0,0,0,0,0,0,0,0,0.0,0.0,0.0,0.0,0,0.0,0.0,0.0,0.0,False,u,has joined Palmeiras permanently.,,,,2526
664,86873,37,370,Benjamin Lecomte,Lecomte,1,0.7,3.9,10,20,Away,2026-05-17T14:00:00Z,1,1,0,0,0,0,0,0,0,0,0,0,0.0,0.0,0.0,0.0,0,0.0,0.0,0.0,0.0,False,a,,,,,2526
665,201595,37,367,Lucas Estella Perri,Perri,1,0.3,4.4,11,6,Home,2026-05-17T14:00:00Z,1,0,0,0,0,0,0,0,0,0,0,0,0.0,0.0,0.0,0.0,0,0.0,0.0,0.0,0.0,False,a,,,,,2526
666,224117,37,361,Viktor Gyökeres,Gyökeres,4,18.0,9.1,1,3,Home,2026-05-18T19:00:00Z,1,0,17,0,0,0,0,0,0,0,3,1,0.0,0.01,0.01,0.0,2,0.7,2.0,0.5,4.0,False,a,,,,2.0,2526
667,499300,37,366,Adam Aznou,Aznou,2,0.1,4.2,9,17,Home,2026-05-17T14:00:00Z,1,3,0,0,0,0,0,0,0,0,0,0,0.0,0.0,0.0,0.0,0,0.0,0.0,0.0,0.0,False,a,,,,,2526
668,84450,37,366,Granit Xhaka,Xhaka,3,3.2,5.1,17,9,Away,2026-05-17T14:00:00Z,3,1,90,0,0,0,1,0,0,0,15,2,0.0,0.02,0.02,1.04,7,1.8,10.0,8.0,0.0,False,a,,1.0,1.0,,2526
669,456512,37,368,Dan Ndoye,Ndoye,3,0.7,5.5,16,14,Away,2026-05-17T11:30:00Z,2,3,0,0,0,0,0,0,0,0,0,0,0.0,0.0,0.0,0.0,0,0.0,0.0,0.0,0.0,False,d,Knock - 75% chance of playing,4.0,,,2526
670,498016,37,366,Robin Roefs,Roefs,1,8.1,4.8,17,9,Away,2026-05-17T14:00:00Z,3,1,90,0,0,0,1,0,0,0,13,3,0.0,0.0,0.0,1.04,0,2.5,24.6,0.0,0.0,False,a,,,,,2526
671,75115,37,369,Callum Wilson,Wilson,4,0.5,5.8,19,15,Away,2026-05-17T16:30:00Z,1,3,90,0,0,0,3,0,0,0,5,2,0.08,0.11,0.19,1.73,1,3.9,4.6,1.4,33.0,False,a,,,,,2526
672,551210,37,365,Jorrel Hato,Hato,2,0.2,4.6,7,18,Home,2026-05-19T19:15:00Z,2,1,90,0,0,0,1,1,0,0,11,1,0.0,0.02,0.02,1.72,6,3.1,18.2,10.7,2.0,False,a,,,,,2526
673,154296,37,365,João Maria Lobo Alves Palhares Costa Palhinha Gonçalves,J.Palhinha,3,0.8,5.5,18,7,Away,2026-05-19T19:15:00Z,1,2,68,0,0,0,2,0,0,0,14,4,0.0,0.01,0.01,0.48,12,1.1,9.4,2.0,0.0,False,a,,,,,2526
674,225321,37,369,Aaron Ramsdale,Ramsdale,1,0.8,4.8,15,19,Home,2026-05-17T16:30:00Z,3,1,0,0,0,0,0,0,0,0,0,0,0.0,0.0,0.0,0.0,0,0.0,0.0,0.0,0.0,False,a,,,,,2526
675,107265,37,368,Angus Gunn,Gunn,1,1.1,4.0,16,14,Away,2026-05-17T11:30:00Z,2,3,0,0,0,0,0,0,0,0,0,0,0.0,0.0,0.0,0.0,0,0.0,0.0,0.0,0.0,False,a,,,,,2526
676,503714,37,361,Lesley Ugochukwu,Ugochukwu,3,0.1,5.0,3,1,Away,2026-05-18T19:00:00Z,0,1,70,0,0,0,1,0,0,0,9,2,0.0,0.0,0.0,1.27,8,1.5,11.0,1.7,2.0,False,a,,,,,2526
677,485337,37,364,Evann Guessand,Guessand,3,0.0,6.2,8,5,Away,2026-05-17T14:00:00Z,2,2,1,0,0,0,0,0,0,0,3,1,0.0,0.1,0.1,0.41,1,0.2,1.2,0.3,0.0,False,a,,,,,2526
678,105717,37,366,Arthur Masuaku,Masuaku,2,0.5,3.9,17,9,Away,2026-05-17T14:00:00Z,3,1,0,0,0,0,0,0,0,0,0,0,0.0,0.0,0.0,0.0,0,0.0,0.0,0.0,0.0,False,u,has joined RC Lens on loan for the rest of the season.,,,,2526
679,467189,37,369,Mads Hermansen,Hermansen,1,0.8,4.2,19,15,Away,2026-05-17T16:30:00Z,1,3,90,0,1,0,3,0,0,0,13,5,0.0,0.0,0.0,1.73,0,5.0,40.4,10.0,0.0,False,a,,,,,2526
680,440323,37,361,Armando Broja,Broja,4,0.1,5.2,3,1,Away,2026-05-18T19:00:00Z,0,1,0,0,0,0,0,0,0,0,0,0,0.0,0.0,0.0,0.0,0,0.0,0.0,0.0,0.0,False,a,,,,,2526
681,485711,37,368,Benjamin Sesko,Šeško,4,5.0,7.2,14,16,Home,2026-05-17T11:30:00Z,3,2,0,0,0,0,0,0,0,0,0,0,0.0,0.0,0.0,0.0,0,0.0,0.0,0.0,0.0,False,d,Shin injury - 50% chance of playing,,,,2526
682,497949,37,370,David Møller Wolfe,Møller Wolfe,2,0.1,4.2,20,10,Home,2026-05-17T14:00:00Z,1,1,84,0,0,0,1,0,0,0,0,2,0.0,0.01,0.01,1.49,0,0.0,0.0,0.4,0.0,False,a,,,,,2526
683,201895,37,366,Omar Alderete,Alderete,2,5.5,4.1,17,9,Away,2026-05-17T14:00:00Z,3,1,22,0,0,0,0,0,0,0,3,1,0.0,0.0,0.0,0.03,1,0.2,2.0,0.3,0.0,False,d,Knock - 75% chance of playing,,,,2526
684,465642,37,369,Malick Thiaw,Thiaw,2,4.8,4.9,15,19,Home,2026-05-17T16:30:00Z,3,1,90,0,0,0,1,0,0,0,14,2,0.0,0.01,0.01,0.95,9,2.0,18.2,1.3,0.0,False,a,,,,,2526
685,242882,37,363,Bafodé Diakité,Diakité,2,0.3,4.1,4,13,Home,2026-05-19T18:30:00Z,1,1,0,0,0,0,0,0,0,0,0,0,0.0,0.0,0.0,0.0,0,0.0,0.0,0.0,0.0,False,a,,,,,2526
686,611922,37,362,Rio Ngumoha,Ngumoha,3,1.4,4.3,12,2,Away,2026-05-15T19:00:00Z,2,4,90,0,0,0,4,0,0,0,11,2,0.12,0.12,0.24,1.85,2,5.6,9.6,31.6,15.0,False,a,,,,,2526
687,606774,37,363,Remy Rees-Dottin,Rees-Dottin,3,0.2,4.3,4,13,Home,2026-05-19T18:30:00Z,1,1,0,0,0,0,0,0,0,0,0,0,0.0,0.0,0.0,0.0,0,0.0,0.0,0.0,0.0,False,a,,,,,2526
688,481283,37,362,James Wright,Wright,1,0.6,3.9,2,12,Home,2026-05-15T19:00:00Z,4,2,0,0,0,0,0,0,0,0,0,0,0.0,0.0,0.0,0.0,0,0.0,0.0,0.0,0.0,False,a,,,,,2526
689,623110,37,369,Seung-Soo Park,Seung soo,3,0.5,4.3,15,19,Home,2026-05-17T16:30:00Z,3,1,0,0,0,0,0,0,0,0,0,0,0.0,0.0,0.0,0.0,0,0.0,0.0,0.0,0.0,False,a,,,,,2526
690,590014,37,364,Rio Cardines,Cardines,3,0.3,4.4,8,5,Away,2026-05-17T14:00:00Z,2,2,0,0,0,0,0,0,0,0,0,0,0.0,0.0,0.0,0.0,0,0.0,0.0,0.0,0.0,False,a,,,,,2526
691,177815,37,367,Dominic Calvert-Lewin,Calvert-Lewin,4,13.4,5.8,11,6,Home,2026-05-17T14:00:00Z,1,0,90,1,0,1,0,1,0,2,33,7,0.07,0.02,0.09,3.06,3,6.0,37.0,1.9,21.0,False,a,,,,1.0,2526
692,647681,37,362,Giovanni Leoni,Leoni,2,0.0,4.9,12,2,Away,2026-05-15T19:00:00Z,2,4,0,0,0,0,0,0,0,0,0,0,0.0,0.0,0.0,0.0,0,0.0,0.0,0.0,0.0,False,i,Knee injury - Expected back 01 Sep,,,,2526
693,503301,37,368,Omari Hutchinson,Hutchinson,3,0.1,5.4,16,14,Away,2026-05-17T11:30:00Z,2,3,69,0,0,0,2,0,0,0,11,2,0.0,0.2,0.2,2.8,6,2.3,5.0,15.6,2.0,False,a,,2.0,,,2526
694,200834,37,366,Nordi Mukiele,Mukiele,2,8.6,4.6,17,9,Away,2026-05-17T14:00:00Z,3,1,90,0,0,0,1,0,0,0,6,2,0.03,0.03,0.06,1.04,5,3.5,14.2,12.8,8.0,False,a,,,,,2526
695,523705,37,370,Jackson Tchatchoua,Tchatchoua,2,0.0,4.4,20,10,Home,2026-05-17T14:00:00Z,1,1,0,0,0,0,0,0,0,0,0,0,0.0,0.0,0.0,0.0,0,0.0,0.0,0.0,0.0,False,a,,,,,2526
696,465680,37,368,Arnaud Kalimuendo,Kalimuendo,4,0.1,6.0,16,14,Away,2026-05-17T11:30:00Z,2,3,0,0,0,0,0,0,0,0,0,0,0.0,0.0,0.0,0.0,0,0.0,0.0,0.0,0.0,False,u,has joined Eintracht Frankfurt on loan for the rest of the season.,,,,2526
697,489888,37,363,Amine Adli,Adli,3,0.2,5.4,4,13,Home,2026-05-19T18:30:00Z,1,1,0,0,0,0,0,0,0,0,0,0,0.0,0.0,0.0,0.0,0,0.0,0.0,0.0,0.0,False,a,,,,,2526
698,435997,37,367,Noah Okafor,Okafor,3,1.3,5.5,11,6,Home,2026-05-17T14:00:00Z,1,0,0,0,0,0,0,0,0,0,0,0,0.0,0.0,0.0,0.0,0,0.0,0.0,0.0,0.0,False,d,Calf injury - 50% chance of playing,,,,2526
699,230046,37,362,Douglas Luiz Soares de Paulo,Douglas Luiz,3,0.1,4.9,2,12,Home,2026-05-15T19:00:00Z,4,2,1,0,0,0,1,0,0,0,3,1,0.0,0.0,0.0,0.27,0,0.1,0.2,0.5,0.0,False,a,,1.0,,,2526
700,616077,37,361,Max Dowman,Dowman,3,0.8,4.2,1,3,Home,2026-05-18T19:00:00Z,1,0,0,0,0,0,0,0,0,0,0,0,0.0,0.0,0.0,0.0,0,0.0,0.0,0.0,0.0,False,a,,,,,2526
701,569577,37,362,Triston Rowe,Rowe,2,0.1,4.0,2,12,Home,2026-05-15T19:00:00Z,4,2,0,0,0,0,0,0,0,0,0,0,0.0,0.0,0.0,0.0,0,0.0,0.0,0.0,0.0,False,u,has joined Annecy on loan for the rest of the season.,,,,2526
702,645618,37,362,Bradley Burrowes,Burrowes,3,0.1,4.3,2,12,Home,2026-05-15T19:00:00Z,4,2,0,0,0,0,0,0,0,0,0,0,0.0,0.0,0.0,0.0,0,0.0,0.0,0.0,0.0,False,a,,,,,2526
703,564505,37,362,Sam Proctor,Proctor,1,0.6,3.9,2,12,Home,2026-05-15T19:00:00Z,4,2,0,0,0,0,0,0,0,0,0,0,0.0,0.0,0.0,0.0,0,0.0,0.0,0.0,0.0,False,a,,,,,2526
704,461446,37,366,Tyler Onyango,Onyango,3,0.0,4.5,9,17,Home,2026-05-17T14:00:00Z,1,3,0,0,0,0,0,0,0,0,0,0,0.0,0.0,0.0,0.0,0,0.0,0.0,0.0,0.0,False,u,has joined Stockport County on loan for the rest of the season.,,,,2526
705,491745,37,366,Elijah Campbell,Campbell,2,0.1,3.9,9,17,Home,2026-05-17T14:00:00Z,1,3,0,0,0,0,0,0,0,0,0,0,0.0,0.0,0.0,0.0,0,0.0,0.0,0.0,0.0,False,u,has joined Port Vale on loan for the rest of the season.,,,,2526
706,220627,37,367,James Justin,Justin,2,2.3,4.0,11,6,Home,2026-05-17T14:00:00Z,1,0,90,0,0,1,0,0,0,0,23,6,0.06,0.02,0.08,3.06,6,2.0,10.8,1.3,8.0,False,a,,3.0,,,2526
707,496661,37,366,Tyler Dibling,Dibling,3,0.0,5.3,9,17,Home,2026-05-17T14:00:00Z,1,3,0,0,0,0,0,0,0,0,0,0,0.0,0.0,0.0,0.0,0,0.0,0.0,0.0,0.0,False,a,,,,,2526
708,551226,37,369,Mateus Gonçalo Espanha Fernandes,M.Fernandes,3,0.4,5.5,19,15,Away,2026-05-17T16:30:00Z,1,3,90,0,0,0,3,0,0,0,19,4,0.13,0.1,0.23,1.73,12,7.0,22.2,24.8,23.0,False,a,,4.0,,,2526
709,431248,37,370,Ladislav Krejcí,Krejčí,2,0.1,4.5,20,10,Home,2026-05-17T14:00:00Z,1,1,90,0,0,0,1,0,0,0,12,2,0.0,0.05,0.05,1.59,9,3.1,24.2,4.3,2.0,False,a,,,,,2526
710,534836,37,362,Travis Patterson,Patterson,2,0.2,3.9,2,12,Home,2026-05-15T19:00:00Z,4,2,0,0,0,0,0,0,0,0,0,0,0.0,0.0,0.0,0.0,0,0.0,0.0,0.0,0.0,False,a,,,,,2526
711,646243,37,361,Andre Harriman-Annous,Harriman-Annous,3,0.0,4.4,1,3,Home,2026-05-18T19:00:00Z,1,0,0,0,0,0,0,0,0,0,0,0,0.0,0.0,0.0,0.0,0,0.0,0.0,0.0,0.0,False,a,,,,,2526
712,488024,37,364,Yéremy Pino Santos,Yeremy,3,0.2,5.8,8,5,Away,2026-05-17T14:00:00Z,2,2,45,0,0,0,1,0,0,0,9,1,0.0,0.06,0.06,0.45,5,2.4,6.6,15.1,2.0,False,a,,,1.0,,2526
713,551483,37,363,Álex Jiménez Sánchez,A.Jimenez,2,0.2,4.5,4,13,Home,2026-05-19T18:30:00Z,1,1,0,0,0,0,0,0,0,0,0,0,0.0,0.0,0.0,0.0,0,0.0,0.0,0.0,0.0,False,n,Made unavailable for selection on 8/5. - Unknown return date,,,,2526
714,470313,37,369,Nick Woltemade,Woltemade,4,6.4,6.7,15,19,Home,2026-05-17T16:30:00Z,3,1,74,1,0,0,1,0,0,2,35,8,0.2,0.16,0.36,0.62,6,11.0,42.8,40.1,27.0,False,a,,,,3.0,2526
715,221389,37,368,John Victor Maciel Furtado,John,1,0.3,4.0,16,14,Away,2026-05-17T11:30:00Z,2,3,0,0,0,0,0,0,0,0,0,0,0.0,0.0,0.0,0.0,0,0.0,0.0,0.0,0.0,False,a,,,,,2526
716,500151,37,368,Nicolò Savona,Savona,2,0.0,4.5,16,14,Away,2026-05-17T11:30:00Z,2,3,0,0,0,0,0,0,0,0,0,0,0.0,0.0,0.0,0.0,0,0.0,0.0,0.0,0.0,False,i,Knee injury - Unknown return date,,,,2526
717,493362,37,365,Xavi Simons,Xavi,3,1.1,6.3,18,7,Away,2026-05-19T19:15:00Z,1,2,0,0,0,0,0,0,0,0,0,0,0.0,0.0,0.0,0.0,0,0.0,0.0,0.0,0.0,False,i,Knee injury - Expected back 01 Jan,2.0,3.0,4.0,2526
718,564940,37,369,Soungoutou Magassa,S.Magassa,3,0.0,5.0,19,15,Away,2026-05-17T16:30:00Z,1,3,0,0,0,0,0,0,0,0,0,0,0.0,0.0,0.0,0.0,0,0.0,0.0,0.0,0.0,False,a,,,,,2526
719,184667,37,362,Victor Lindelöf,Lindelöf,2,0.1,4.5,2,12,Home,2026-05-15T19:00:00Z,4,2,45,0,0,0,0,0,0,0,3,1,0.0,0.01,0.01,0.19,2,0.4,1.4,2.8,0.0,False,a,,,,,2526
720,488213,37,370,Tolu Arokodare,Tolu,4,0.1,5.1,20,10,Home,2026-05-17T14:00:00Z,1,1,18,0,0,0,0,0,0,0,9,1,0.02,0.0,0.02,0.12,5,2.6,12.0,3.0,11.0,False,a,,,,5.0,2526
721,620487,37,363,Veljko Milosavljevic,Milosavljević,2,0.0,4.4,4,13,Home,2026-05-19T18:30:00Z,1,1,0,0,0,0,0,0,0,0,0,0,0.0,0.0,0.0,0.0,0,0.0,0.0,0.0,0.0,False,a,,,,,2526
722,216055,37,361,Florentino Ibrain Morris Luís,Florentino,3,0.0,5.0,3,1,Away,2026-05-18T19:00:00Z,0,1,77,0,0,0,1,0,0,0,14,4,0.02,0.0,0.02,1.27,12,1.4,12.6,0.1,1.0,False,a,,,,,2526
723,651426,37,364,Jaydee Canvot,Canvot,2,0.5,4.5,8,5,Away,2026-05-17T14:00:00Z,2,2,90,0,0,0,2,0,0,0,9,3,0.0,0.0,0.0,1.71,12,1.9,18.2,1.2,0.0,False,a,,,,,2526
724,247955,37,366,Lutsharel Geertruida,Geertruida,2,0.1,4.5,17,9,Away,2026-05-17T14:00:00Z,3,1,90,0,0,0,1,0,0,0,14,2,0.05,0.01,0.06,1.04,6,2.0,15.2,3.5,1.0,False,a,,,,,2526
725,448104,37,361,Piero Hincapié,Hincapie,2,0.9,5.1,1,3,Home,2026-05-18T19:00:00Z,1,0,18,0,0,0,0,0,0,0,5,1,0.0,0.0,0.0,0.0,1,0.7,2.2,0.3,4.0,False,a,,,,,2526
726,247693,37,365,Randal Kolo Muani,Kolo Muani,4,0.4,6.9,18,7,Away,2026-05-19T19:15:00Z,1,2,68,0,0,0,2,0,0,0,4,2,0.0,0.0,0.0,0.48,1,0.3,0.0,0.8,6.0,False,a,,,,,2526
727,218328,37,370,Samuel Chukwueze,Chukwueze,3,0.1,5.3,10,20,Away,2026-05-17T14:00:00Z,1,1,11,0,0,0,0,0,0,0,4,1,0.0,0.0,0.0,0.26,2,1.9,2.4,16.5,0.0,False,a,,,,,2526
728,513466,37,366,Merlin Röhl,Röhl,3,0.0,5.0,9,17,Home,2026-05-17T14:00:00Z,1,3,87,1,0,0,2,0,0,2,32,9,0.1,0.06,0.16,0.58,6,5.8,37.6,5.4,15.0,False,a,,,,,2526
729,560441,37,368,Luis Eduardo Soares da Silva,Cuiabano,2,0.0,4.5,16,14,Away,2026-05-17T11:30:00Z,2,3,0,0,0,0,0,0,0,0,0,0,0.0,0.0,0.0,0.0,0,0.0,0.0,0.0,0.0,False,u,has joined Vasco de Gama on loan for the rest of the season.,,,,2526
730,441264,37,366,Brian Brobbey,Brobbey,4,0.9,5.3,17,9,Away,2026-05-17T14:00:00Z,3,1,76,1,0,0,1,0,0,1,30,7,0.33,0.01,0.34,0.53,4,5.9,39.4,1.0,19.0,False,a,,,,,2526
731,560552,37,370,Kevin Santos Lopes de Macedo,Kevin,3,0.1,5.7,10,20,Away,2026-05-17T14:00:00Z,1,1,45,0,0,0,0,0,0,0,2,1,0.02,0.05,0.07,1.05,4,1.1,2.6,1.4,7.0,False,a,,,,,2526
732,660392,37,364,Christantus Uche,Uche,4,0.1,5.5,8,5,Away,2026-05-17T14:00:00Z,2,2,0,0,0,0,0,0,0,0,0,0,0.0,0.0,0.0,0.0,0,0.0,0.0,0.0,0.0,False,a,,,,,2526
733,465247,37,368,Senne Lammens,Lammens,1,3.5,5.1,14,16,Home,2026-05-17T11:30:00Z,3,2,90,0,0,0,2,0,0,0,7,1,0.0,0.0,0.0,1.88,0,2.0,19.8,0.0,0.0,False,a,,,,,2526
734,476887,37,368,Dilane Bakwa,Bakwa,3,0.0,5.9,16,14,Away,2026-05-17T11:30:00Z,2,3,20,0,0,0,1,0,0,0,5,1,0.0,0.03,0.03,1.77,0,0.9,1.6,5.5,2.0,False,a,,,,,2526
735,110504,37,366,Bertrand Traoré,Traoré,3,0.0,5.5,17,9,Away,2026-05-17T14:00:00Z,3,1,0,0,0,0,0,0,0,0,0,0,0.0,0.0,0.0,0.0,0,0.0,0.0,0.0,0.0,False,a,,,,,2526
736,204936,37,363,Gianluigi Donnarumma,Donnarumma,1,9.3,5.6,13,4,Away,2026-05-19T18:30:00Z,1,1,90,0,0,0,1,1,0,0,6,1,0.0,0.0,0.0,1.99,0,1.5,15.4,0.0,0.0,False,a,,,,,2526
737,631786,37,370,Jonah Kusi-Asare,Kusi-Asare,4,0.1,4.5,10,20,Away,2026-05-17T14:00:00Z,1,1,0,0,0,0,0,0,0,0,0,0,0.0,0.0,0.0,0.0,0,0.0,0.0,0.0,0.0,False,a,,,,,2526
738,37096,37,369,Lukasz Fabianski,Fabianski,1,0.0,4.5,19,15,Away,2026-05-17T16:30:00Z,1,3,0,0,0,0,0,0,0,0,0,0,0.0,0.0,0.0,0.0,0,0.0,0.0,0.0,0.0,False,a,,,,,2526
739,590039,37,363,Divine Mukasa,Mukasa,3,0.0,4.4,13,4,Away,2026-05-19T18:30:00Z,1,1,0,0,0,0,0,0,0,0,0,0,0.0,0.0,0.0,0.0,0,0.0,0.0,0.0,0.0,False,u,has joined Leicester City on loan for the rest of the season.,,,,2526
740,566213,37,363,Stephen Mfuni,Mfuni,2,0.0,3.9,13,4,Away,2026-05-19T18:30:00Z,1,1,0,0,0,0,0,0,0,0,0,0,0.0,0.0,0.0,0.0,0,0.0,0.0,0.0,0.0,False,u,has joined Watford on loan for the rest of the season.,,,,2526
741,600882,37,367,Harry Gray,Gray,4,0.1,4.5,11,6,Home,2026-05-17T14:00:00Z,1,0,0,0,0,0,0,0,0,0,0,0,0.0,0.0,0.0,0.0,0,0.0,0.0,0.0,0.0,False,u,has joined Rotherham United on loan for the rest of the season.,,,,2526
742,616288,37,363,Ryan McAidoo,McAidoo,3,0.0,4.5,13,4,Away,2026-05-19T18:30:00Z,1,1,0,0,0,0,0,0,0,0,0,0,0.0,0.0,0.0,0.0,0,0.0,0.0,0.0,0.0,False,a,,,,,2526
743,611912,37,365,Landon Emenalo,Emenalo,3,0.0,4.5,7,18,Home,2026-05-19T19:15:00Z,2,1,0,0,0,0,0,0,0,0,0,0,0.0,0.0,0.0,0.0,0,0.0,0.0,0.0,0.0,False,a,,,,,2526
744,556637,37,367,Nehemiah Oriola,Oriola,3,0.0,4.5,6,11,Away,2026-05-17T14:00:00Z,0,1,0,0,0,0,0,0,0,0,0,0,0.0,0.0,0.0,0.0,0,0.0,0.0,0.0,0.0,False,a,,,,,2526
745,640419,37,365,Jun'ai Byfield,Byfield,2,0.0,4.0,18,7,Away,2026-05-19T19:15:00Z,1,2,0,0,0,0,0,0,0,0,0,0,0.0,0.0,0.0,0.0,0,0.0,0.0,0.0,0.0,False,a,,,,,2526
746,596042,37,362,Kieran Morrison,Morrison,3,0.0,4.5,12,2,Away,2026-05-15T19:00:00Z,2,4,0,0,0,0,0,0,0,0,0,0,0.0,0.0,0.0,0.0,0,0.0,0.0,0.0,0.0,False,a,,,,,2526
747,602903,37,369,Ezra Mayers,Mayers,2,0.0,4.0,19,15,Away,2026-05-17T16:30:00Z,1,3,0,0,0,0,0,0,0,0,0,0,0.0,0.0,0.0,0.0,0,0.0,0.0,0.0,0.0,False,a,,,,,2526
748,183656,37,364,Josh Dasilva,Dasilva,3,0.0,4.9,5,8,Home,2026-05-17T14:00:00Z,2,2,1,0,0,0,0,0,0,0,3,1,0.08,0.0,0.08,0.03,1,1.5,0.2,10.3,4.0,False,a,,,,,2526
749,647671,37,370,Mateus Mané,Mané,4,1.3,4.2,20,10,Home,2026-05-17T14:00:00Z,1,1,90,1,0,0,1,0,0,3,40,11,0.12,0.4,0.52,1.59,13,10.5,46.0,42.9,16.0,False,a,,2.0,1.0,,2526
750,499716,37,365,James Rowswell,Rowswell,2,0.0,4.0,18,7,Away,2026-05-19T19:15:00Z,1,2,0,0,0,0,0,0,0,0,0,0,0.0,0.0,0.0,0.0,0,0.0,0.0,0.0,0.0,False,a,,,,,2526
751,590035,37,365,Yusuf Akhamrich,Akhamrich,3,0.0,4.5,18,7,Away,2026-05-19T19:15:00Z,1,2,0,0,0,0,0,0,0,0,0,0,0.0,0.0,0.0,0.0,0,0.0,0.0,0.0,0.0,False,u,has joined Bristol Rovers on loan for the rest of the season.,,,,2526
752,643473,37,369,Airidas Golambeckis,Golambeckis,2,0.0,4.0,19,15,Away,2026-05-17T16:30:00Z,1,3,0,0,0,0,0,0,0,0,0,0,0.0,0.0,0.0,0.0,0,0.0,0.0,0.0,0.0,False,a,,,,,2526
753,19236,37,369,John Ruddy,Ruddy,1,0.0,4.0,15,19,Home,2026-05-17T16:30:00Z,3,1,0,0,0,0,0,0,0,0,0,0,0.0,0.0,0.0,0.0,0,0.0,0.0,0.0,0.0,False,a,,,,,2526
754,577285,37,362,George Hemmings,George Hemmings,3,0.0,4.5,2,12,Home,2026-05-15T19:00:00Z,4,2,0,0,0,0,0,0,0,0,0,0,0.0,0.0,0.0,0.0,0,0.0,0.0,0.0,0.0,False,a,,,,,2526
755,576628,37,368,Shea Lacey,Lacey,3,0.0,4.5,14,16,Home,2026-05-17T11:30:00Z,3,2,0,0,0,0,0,0,0,0,0,0,0.0,0.0,0.0,0.0,0,0.0,0.0,0.0,0.0,False,a,,,,,2526
756,678552,37,363,Malcom DaCosta,DaCosta,3,0.0,4.5,4,13,Home,2026-05-19T18:30:00Z,1,1,0,0,0,0,0,0,0,0,0,0,0.0,0.0,0.0,0.0,0,0.0,0.0,0.0,0.0,False,a,,,,,2526
757,516875,37,362,Ronnie Hollingshead,Hollingshead,1,0.0,4.0,2,12,Home,2026-05-15T19:00:00Z,4,2,0,0,0,0,0,0,0,0,0,0,0.0,0.0,0.0,0.0,0,0.0,0.0,0.0,0.0,False,a,,,,,2526
758,630699,37,369,Mohamadou Kanté,Mohamadou Kanté,3,0.0,4.5,19,15,Away,2026-05-17T16:30:00Z,1,3,27,0,0,0,1,1,0,0,-1,0,0.0,0.0,0.0,0.72,1,0.2,2.2,0.0,0.0,False,a,,,,,2526
759,616065,37,361,Marli Salmon,Salmon,2,0.0,4.0,1,3,Home,2026-05-18T19:00:00Z,1,0,0,0,0,0,0,0,0,0,0,0,0.0,0.0,0.0,0.0,0,0.0,0.0,0.0,0.0,False,a,,,,,2526
760,519440,37,362,Wellity Lucky,Lucky,2,0.0,4.0,12,2,Away,2026-05-15T19:00:00Z,2,4,0,0,0,0,0,0,0,0,0,0,0.0,0.0,0.0,0.0,0,0.0,0.0,0.0,0.0,False,a,,,,,2526
761,604988,37,367,Freddie Simmonds,Simmonds,2,0.0,4.0,6,11,Away,2026-05-17T14:00:00Z,0,1,0,0,0,0,0,0,0,0,0,0,0.0,0.0,0.0,0.0,0,0.0,0.0,0.0,0.0,False,a,,,,,2526
762,672492,37,364,Joél Drakes-Thomas,Drakes-Thomas,3,0.0,4.5,8,5,Away,2026-05-17T14:00:00Z,2,2,0,0,0,0,0,0,0,0,0,0,0.0,0.0,0.0,0.0,0,0.0,0.0,0.0,0.0,False,a,,,,,2526
763,516234,37,363,Charlie Gray,Gray,3,0.0,4.5,13,4,Away,2026-05-19T18:30:00Z,1,1,0,0,0,0,0,0,0,0,0,0,0.0,0.0,0.0,0.0,0,0.0,0.0,0.0,0.0,False,a,,,,,2526
764,580921,37,363,Reigan Heskey,Heskey,3,0.0,4.5,13,4,Away,2026-05-19T18:30:00Z,1,1,0,0,0,0,0,0,0,0,0,0,0.0,0.0,0.0,0.0,0,0.0,0.0,0.0,0.0,False,a,,,,,2526
765,553746,37,369,Leo Shahar,Shahar,2,0.0,4.0,15,19,Home,2026-05-17T16:30:00Z,3,1,0,0,0,0,0,0,0,0,0,0,0.0,0.0,0.0,0.0,0,0.0,0.0,0.0,0.0,False,a,,,,,2526
766,601956,37,370,Saheed Olagunju,Olagunju,2,0.0,4.0,20,10,Home,2026-05-17T14:00:00Z,1,1,0,0,0,0,0,0,0,0,0,0,0.0,0.0,0.0,0.0,0,0.0,0.0,0.0,0.0,False,a,,,,,2526
767,605319,37,370,Luke Rawlings,Rawlings,3,0.0,4.5,20,10,Home,2026-05-17T14:00:00Z,1,1,0,0,0,0,0,0,0,0,0,0,0.0,0.0,0.0,0.0,0,0.0,0.0,0.0,0.0,False,a,,,,,2526
768,664015,37,362,Leon Routh,Leon Routh,2,0.0,4.0,2,12,Home,2026-05-15T19:00:00Z,4,2,0,0,0,0,0,0,0,0,0,0,0.0,0.0,0.0,0.0,0,0.0,0.0,0.0,0.0,False,a,,,,,2526
769,576620,37,368,Bendito Mantato,Bendito Mantato,3,0.0,4.5,14,16,Home,2026-05-17T11:30:00Z,3,2,0,0,0,0,0,0,0,0,0,0,0.0,0.0,0.0,0.0,0,0.0,0.0,0.0,0.0,False,a,,,,,2526
770,619536,37,370,Seth Ridgeon,Ridgeon,3,0.0,4.5,10,20,Away,2026-05-17T14:00:00Z,1,1,0,0,0,0,0,0,0,0,0,0,0.0,0.0,0.0,0.0,0,0.0,0.0,0.0,0.0,False,a,,,,,2526
771,519913,37,368,Tyler Fletcher,Fletcher,3,0.0,4.4,14,16,Home,2026-05-17T11:30:00Z,3,2,0,0,0,0,0,0,0,0,0,0,0.0,0.0,0.0,0.0,0,0.0,0.0,0.0,0.0,False,a,,,,,2526
772,666607,37,369,Sam Alabi,Alabi,3,0.0,4.5,15,19,Home,2026-05-17T16:30:00Z,3,1,0,0,0,0,0,0,0,0,0,0,0.0,0.0,0.0,0.0,0,0.0,0.0,0.0,0.0,False,a,,,,,2526
773,643426,37,364,Dean Benamar,Benamar,2,0.0,4.0,8,5,Away,2026-05-17T14:00:00Z,2,2,0,0,0,0,0,0,0,0,0,0,0.0,0.0,0.0,0.0,0,0.0,0.0,0.0,0.0,False,a,,,,,2526
774,232356,37,366,Jenson Jones,Jenson Jones,2,0.0,4.0,17,9,Away,2026-05-17T14:00:00Z,3,1,0,0,0,0,0,0,0,0,0,0,0.0,0.0,0.0,0.0,0,0.0,0.0,0.0,0.0,False,a,,,,,2526
775,604211,37,366,Tymur Tutierov,Tutierov,3,0.0,4.5,17,9,Away,2026-05-17T14:00:00Z,3,1,0,0,0,0,0,0,0,0,0,0,0.0,0.0,0.0,0.0,0,0.0,0.0,0.0,0.0,False,u,has joined Exeter City on loan for the rest of the season.,,,,2526
776,647960,37,361,Oliver Pimlott,Pimlott,3,0.0,4.5,3,1,Away,2026-05-18T19:00:00Z,0,1,0,0,0,0,0,0,0,0,0,0,0.0,0.0,0.0,0.0,0,0.0,0.0,0.0,0.0,False,a,,,,,2526
777,514362,37,370,Temple Ojinnaka,Ojinnaka,3,0.0,4.5,20,10,Home,2026-05-17T14:00:00Z,1,1,0,0,0,0,0,0,0,0,0,0,0.0,0.0,0.0,0.0,0,0.0,0.0,0.0,0.0,False,u,has joined Shrewsbury Town on loan for the rest of the season.,,,,2526
778,589121,37,370,Ethan Sutherland,Sutherland,3,0.0,4.5,20,10,Home,2026-05-17T14:00:00Z,1,1,0,0,0,0,0,0,0,0,0,0,0.0,0.0,0.0,0.0,0,0.0,0.0,0.0,0.0,False,a,,,,,2526
779,629068,37,366,Braiden Graham,Graham,4,0.0,4.5,9,17,Home,2026-05-17T14:00:00Z,1,3,0,0,0,0,0,0,0,0,0,0,0.0,0.0,0.0,0.0,0,0.0,0.0,0.0,0.0,False,a,,,,,2526
780,631106,37,364,Ben Casey,Casey,4,0.0,4.5,8,5,Away,2026-05-17T14:00:00Z,2,2,0,0,0,0,0,0,0,0,0,0,0.0,0.0,0.0,0.0,0,0.0,0.0,0.0,0.0,False,a,,,,,2526
781,618027,37,362,TJ Carroll,Carroll,2,0.0,4.0,2,12,Home,2026-05-15T19:00:00Z,4,2,0,0,0,0,0,0,0,0,0,0,0.0,0.0,0.0,0.0,0,0.0,0.0,0.0,0.0,False,a,,,,,2526
782,40383,37,363,Fraser Forster,Forster,1,0.0,4.0,4,13,Home,2026-05-19T18:30:00Z,1,1,0,0,0,0,0,0,0,0,0,0,0.0,0.0,0.0,0.0,0,0.0,0.0,0.0,0.0,False,a,,,,,2526
783,60307,37,367,Pascal Groß,Groß,3,3.2,5.6,6,11,Away,2026-05-17T14:00:00Z,0,1,90,0,0,0,1,0,0,1,26,3,0.03,0.48,0.51,0.39,5,10.3,24.0,59.2,20.0,False,a,,1.0,,,2526
784,704232,37,361,George Brierley,Brierley,3,0.0,4.5,3,1,Away,2026-05-18T19:00:00Z,0,1,0,0,0,0,0,0,0,0,0,0,0.0,0.0,0.0,0.0,0,0.0,0.0,0.0,0.0,False,a,,,,,2526
785,530335,37,369,Pablo Felipe Pereira de Jesus,Pablo,4,0.0,5.4,19,15,Away,2026-05-17T16:30:00Z,1,3,27,0,0,0,1,0,0,0,7,1,0.0,0.06,0.06,0.72,6,2.6,9.6,16.0,0.0,False,a,,,,,2526
786,505079,37,370,Alfie McNally,McNally,1,0.0,4.0,10,20,Away,2026-05-17T14:00:00Z,1,1,0,0,0,0,0,0,0,0,0,0,0.0,0.0,0.0,0.0,0,0.0,0.0,0.0,0.0,False,a,,,,,2526
787,565863,37,367,Sam Chambers,Chambers,3,0.0,4.4,11,6,Home,2026-05-17T14:00:00Z,1,0,0,0,0,0,0,0,0,0,0,0,0.0,0.0,0.0,0.0,0,0.0,0.0,0.0,0.0,False,a,,,,,2526
788,576637,37,368,Godwill Kukonki,Kukonki,2,0.0,4.0,14,16,Home,2026-05-17T11:30:00Z,3,2,0,0,0,0,0,0,0,0,0,0,0.0,0.0,0.0,0.0,0,0.0,0.0,0.0,0.0,False,a,,,,,2526
789,518335,37,365,Max Merrick,Merrick,1,0.0,4.0,7,18,Home,2026-05-19T19:15:00Z,2,1,0,0,0,0,0,0,0,0,0,0,0.0,0.0,0.0,0.0,0,0.0,0.0,0.0,0.0,False,a,,,,,2526
790,611917,37,365,Lucá Williams-Barnett,Williams-Barnett,3,0.0,4.5,18,7,Away,2026-05-19T19:15:00Z,1,2,0,0,0,0,0,0,0,0,0,0,0.0,0.0,0.0,0.0,0,0.0,0.0,0.0,0.0,False,a,,,,,2526
791,247670,37,369,Valentín Castellanos,Taty,4,0.2,5.5,19,15,Away,2026-05-17T16:30:00Z,1,3,64,1,0,0,1,0,0,0,28,6,0.49,0.01,0.5,0.89,5,13.5,37.6,2.1,95.0,False,a,,,,,2526
792,653481,37,362,Alysson Edward Franco da Rocha dos Santos,Alysson,3,0.0,5.0,2,12,Home,2026-05-15T19:00:00Z,4,2,0,0,0,0,0,0,0,0,0,0,0.0,0.0,0.0,0.0,0,0.0,0.0,0.0,0.0,False,i,Muscle injury - Unknown return date,,,,2526
793,591384,37,364,George King,King,2,0.0,4.0,8,5,Away,2026-05-17T14:00:00Z,2,2,0,0,0,0,0,0,0,0,0,0,0.0,0.0,0.0,0.0,0,0.0,0.0,0.0,0.0,False,a,,,,,2526
794,494307,37,363,Max Alleyne,Alleyne,2,0.0,3.9,13,4,Away,2026-05-19T18:30:00Z,1,1,0,0,0,0,0,0,0,0,0,0,0.0,0.0,0.0,0.0,0,0.0,0.0,0.0,0.0,False,a,,,,,2526
795,597320,37,367,Harry Howell,Howell,3,0.0,4.5,6,11,Away,2026-05-17T14:00:00Z,0,1,0,0,0,0,0,0,0,0,0,0,0.0,0.0,0.0,0.0,0,0.0,0.0,0.0,0.0,False,a,,,,,2526
796,232787,37,365,Conor Gallagher,Gallagher,3,0.2,5.0,18,7,Away,2026-05-19T19:15:00Z,1,2,90,0,0,0,2,0,0,0,9,2,0.33,0.03,0.36,0.63,9,4.7,10.6,17.6,19.0,False,a,,,,,2526
797,593174,37,364,Kaye Furo,Furo,4,0.0,4.5,5,8,Home,2026-05-17T14:00:00Z,2,2,0,0,0,0,0,0,0,0,0,0,0.0,0.0,0.0,0.0,0,0.0,0.0,0.0,0.0,False,a,,,,,2526
798,502988,37,364,Danny Imray,Imray,2,0.0,4.0,8,5,Away,2026-05-17T14:00:00Z,2,2,0,0,0,0,0,0,0,0,0,0,0.0,0.0,0.0,0.0,0,0.0,0.0,0.0,0.0,False,u,has joined West Brom on loan for the rest of the season.,,,,2526
799,658013,37,363,Charlie Stevens,Stevens,3,0.0,4.5,4,13,Home,2026-05-19T18:30:00Z,1,1,0,0,0,0,0,0,0,0,0,0,0.0,0.0,0.0,0.0,0,0.0,0.0,0.0,0.0,False,a,,,,,2526
800,699989,37,366,Djiamgone Jocelin Ta Bi,Jocelin.T,3,0.0,4.9,17,9,Away,2026-05-17T14:00:00Z,3,1,0,0,0,0,0,0,0,0,0,0,0.0,0.0,0.0,0.0,0,0.0,0.0,0.0,0.0,False,a,,,,,2526
801,614574,37,363,Alex Tóth,Tóth.A,3,0.0,4.9,4,13,Home,2026-05-19T18:30:00Z,1,1,0,0,0,0,0,0,0,0,0,0,0.0,0.0,0.0,0.0,0,0.0,0.0,0.0,0.0,False,a,,,,,2526
802,572702,37,369,Keiber Lamadrid,Lamadrid,3,0.0,5.0,19,15,Away,2026-05-17T16:30:00Z,1,3,0,0,0,0,0,0,0,0,0,0,0.0,0.0,0.0,0.0,0,0.0,0.0,0.0,0.0,False,a,,,,,2526
803,499857,37,365,Teddy Sharman-Lowe,Sharman-Lowe,1,0.0,4.0,7,18,Home,2026-05-19T19:15:00Z,2,1,0,0,0,0,0,0,0,0,0,0,0.0,0.0,0.0,0.0,0,0.0,0.0,0.0,0.0,False,a,,,,,2526
804,616221,37,365,João Victor de Souza Menezes,Souza,2,0.0,4.0,18,7,Away,2026-05-19T19:15:00Z,1,2,0,0,0,0,0,0,0,0,0,0,0.0,0.0,0.0,0.0,0,0.0,0.0,0.0,0.0,False,a,,,,,2526
805,469130,37,368,Lorenzo Lucca,Lucca,4,0.0,5.3,16,14,Away,2026-05-17T11:30:00Z,2,3,0,0,0,0,0,0,0,0,0,0,0.0,0.0,0.0,0.0,0,0.0,0.0,0.0,0.0,False,a,,,,,2526
806,436416,37,363,Christos Mandas,Mandas,1,0.0,4.0,4,13,Home,2026-05-19T18:30:00Z,1,1,0,0,0,0,0,0,0,0,0,0,0.0,0.0,0.0,0.0,0,0.0,0.0,0.0,0.0,False,a,,,,,2526
807,499604,37,363,Rayan Vitor Simplício Rocha,Rayan,3,1.8,5.4,4,13,Home,2026-05-19T18:30:00Z,1,1,83,0,0,1,0,0,0,0,6,3,0.35,0.01,0.36,1.16,8,1.9,4.2,2.2,13.0,False,a,,,,,2526
808,173879,37,362,Tammy Abraham,Abraham,4,0.2,5.7,2,12,Home,2026-05-15T19:00:00Z,4,2,0,0,0,0,0,0,0,0,0,0,0.0,0.0,0.0,0.0,0,0.0,0.0,0.0,0.0,False,a,,,,,2526
809,685628,37,370,Jerome Abbey,Abbey,3,0.0,4.5,20,10,Home,2026-05-17T14:00:00Z,1,1,0,0,0,0,0,0,0,0,0,0,0.0,0.0,0.0,0.0,0,0.0,0.0,0.0,0.0,False,a,,,,,2526
810,559610,37,364,Luka Bentt,Bentt,3,0.0,4.5,5,8,Home,2026-05-17T14:00:00Z,2,2,0,0,0,0,0,0,0,0,0,0,0.0,0.0,0.0,0.0,0,0.0,0.0,0.0,0.0,False,a,,,,,2526
811,536134,37,365,Rio Kyerematen,Kyerematen,3,0.0,4.5,18,7,Away,2026-05-19T19:15:00Z,1,2,0,0,0,0,0,0,0,0,0,0,0.0,0.0,0.0,0.0,0,0.0,0.0,0.0,0.0,False,a,,,,,2526
812,515046,37,366,Melker Ellborg,Ellborg,1,0.1,4.0,17,9,Away,2026-05-17T14:00:00Z,3,1,0,0,0,0,0,0,0,0,0,0,0.0,0.0,0.0,0.0,0,0.0,0.0,0.0,0.0,False,a,,,,,2526
813,536661,37,366,Nilson Angulo,Angulo,3,0.0,5.0,17,9,Away,2026-05-17T14:00:00Z,3,1,76,0,0,0,1,0,0,0,5,2,0.0,0.01,0.01,0.53,2,0.8,2.2,4.0,2.0,False,a,,,,,2526
814,470315,37,368,Luca Netz,Netz,2,0.0,4.5,16,14,Away,2026-05-17T11:30:00Z,2,3,83,0,0,0,3,0,0,0,-5,1,0.0,0.0,0.0,3.74,3,1.3,8.6,2.0,2.0,False,a,,,,,2526
815,220362,37,369,Axel Disasi,Disasi,2,0.2,4.5,19,15,Away,2026-05-17T16:30:00Z,1,3,90,0,0,0,3,0,0,0,3,1,0.0,0.01,0.01,1.73,6,1.6,14.4,1.9,0.0,False,a,,,,,2526
816,209041,37,370,Angel Gomes,Angel,3,0.0,4.6,20,10,Home,2026-05-17T14:00:00Z,1,1,0,0,0,0,0,0,0,0,0,0,0.0,0.0,0.0,0.0,0,0.0,0.0,0.0,0.0,False,a,,,,,2526
817,155511,37,370,Adam Armstrong,Armstrong,4,0.1,5.1,20,10,Home,2026-05-17T14:00:00Z,1,1,71,0,0,0,1,0,0,0,3,2,0.42,0.0,0.42,1.47,3,0.6,0.0,0.3,6.0,False,a,,,,,2526
818,613232,37,365,James Wilson,Wilson,4,0.0,4.5,18,7,Away,2026-05-19T19:15:00Z,1,2,0,0,0,0,0,0,0,0,0,0,0.0,0.0,0.0,0.0,0,0.0,0.0,0.0,0.0,False,a,,,,,2526
819,494556,37,364,Ollie Shield,Shield,2,0.0,4.0,5,8,Home,2026-05-17T14:00:00Z,2,2,0,0,0,0,0,0,0,0,0,0,0.0,0.0,0.0,0.0,0,0.0,0.0,0.0,0.0,False,a,,,,,2526
820,644593,37,361,Kian McMahon-Brown,McMahon-Brown,3,0.0,4.5,3,1,Away,2026-05-18T19:00:00Z,0,1,0,0,0,0,0,0,0,0,0,0,0.0,0.0,0.0,0.0,0,0.0,0.0,0.0,0.0,False,a,,,,,2526
821,570929,37,366,Jack Whittaker,Whittaker,3,0.0,4.5,17,9,Away,2026-05-17T14:00:00Z,3,1,0,0,0,0,0,0,0,0,0,0,0.0,0.0,0.0,0.0,0,0.0,0.0,0.0,0.0,False,a,,,,,2526
822,571087,37,366,Jaydon Jones,Jones,3,0.0,4.5,17,9,Away,2026-05-17T14:00:00Z,3,1,0,0,0,0,0,0,0,0,0,0,0.0,0.0,0.0,0.0,0,0.0,0.0,0.0,0.0,False,a,,,,,2526
823,649240,37,364,Joshua Stephenson,Stephenson,2,0.0,4.0,5,8,Home,2026-05-17T14:00:00Z,2,2,0,0,0,0,0,0,0,0,0,0,0.0,0.0,0.0,0.0,0,0.0,0.0,0.0,0.0,False,a,,,,,2526
824,587433,37,364,Conor McManus,McManus,2,0.0,4.0,5,8,Home,2026-05-17T14:00:00Z,2,2,0,0,0,0,0,0,0,0,0,0,0.0,0.0,0.0,0.0,0,0.0,0.0,0.0,0.0,False,a,,,,,2526
825,553742,37,369,Finlay Herrick,Herrick,1,0.0,4.0,19,15,Away,2026-05-17T16:30:00Z,1,3,0,0,0,0,0,0,0,0,0,0,0.0,0.0,0.0,0.0,0,0.0,0.0,0.0,0.0,False,a,,,,,2526
826,547671,37,364,Riley Owen,Owen,3,0.0,4.5,5,8,Home,2026-05-17T14:00:00Z,2,2,0,0,0,0,0,0,0,0,0,0,0.0,0.0,0.0,0.0,0,0.0,0.0,0.0,0.0,False,a,,,,,2526
827,576634,37,368,Jim Thwaites,Thwaites,3,0.0,4.5,14,16,Home,2026-05-17T11:30:00Z,3,2,0,0,0,0,0,0,0,0,0,0,0.0,0.0,0.0,0.0,0,0.0,0.0,0.0,0.0,False,a,,,,,2526
828,491460,37,370,Alfie Brooks,Brooks,1,0.0,4.0,20,10,Home,2026-05-17T14:00:00Z,1,1,0,0,0,0,0,0,0,0,0,0,0.0,0.0,0.0,0.0,0,0.0,0.0,0.0,0.0,False,a,,,,,2526
829,619734,37,365,Jesse Derry,Derry,3,0.0,4.5,7,18,Home,2026-05-19T19:15:00Z,2,1,0,0,0,0,0,0,0,0,0,0,0.0,0.0,0.0,0.0,0,0.0,0.0,0.0,0.0,False,i,Head injury - Expected back 01 Jun,,,,2526
830,677945,37,362,Will Wright,Wright,4,0.0,4.5,12,2,Away,2026-05-15T19:00:00Z,2,4,0,0,0,0,0,0,0,0,0,0,0.0,0.0,0.0,0.0,0,0.0,0.0,0.0,0.0,False,a,,,,,2526
831,627888,37,370,Josh Gracey,Gracey,1,0.0,4.0,20,10,Home,2026-05-17T14:00:00Z,1,1,0,0,0,0,0,0,0,0,0,0,0.0,0.0,0.0,0.0,0,0.0,0.0,0.0,0.0,False,a,,,,,2526
832,718875,37,362,Talla Ndiaye,Ndiaye,2,0.0,4.0,12,2,Away,2026-05-15T19:00:00Z,2,4,0,0,0,0,0,0,0,0,0,0,0.0,0.0,0.0,0.0,0,0.0,0.0,0.0,0.0,False,a,,,,,2526
833,671606,37,365,Mathis Eboué,Eboué,3,0.0,4.5,7,18,Home,2026-05-19T19:15:00Z,2,1,0,0,0,0,0,0,0,0,0,0,0.0,0.0,0.0,0.0,0,0.0,0.0,0.0,0.0,False,a,,,,,2526
834,616286,37,365,Ryan Kavuma-McQueen,Kavuma-McQueen,3,0.0,4.5,7,18,Home,2026-05-19T19:15:00Z,2,1,0,0,0,0,0,0,0,0,0,0,0.0,0.0,0.0,0.0,0,0.0,0.0,0.0,0.0,False,a,,,,,2526
835,568159,37,368,Archie Whitehall,Whitehall,3,0.0,4.5,16,14,Away,2026-05-17T11:30:00Z,2,3,0,0,0,0,0,0,0,0,0,0,0.0,0.0,0.0,0.0,0,0.0,0.0,0.0,0.0,False,a,,,,,2526
836,590040,37,368,Jimmy Sinclair,Sinclair,3,0.0,4.5,16,14,Away,2026-05-17T11:30:00Z,2,3,0,0,0,0,0,0,0,0,0,0,0.0,0.0,0.0,0.0,0,0.0,0.0,0.0,0.0,False,a,,,,,2526
837,643970,37,367,Jayden Lienou,Lienou,2,0.0,4.0,11,6,Home,2026-05-17T14:00:00Z,1,0,0,0,0,0,0,0,0,0,0,0,0.0,0.0,0.0,0.0,0,0.0,0.0,0.0,0.0,False,a,,,,,2526
838,577978,37,367,Rhys Chadwick,Chadwick,3,0.0,4.5,11,6,Home,2026-05-17T14:00:00Z,1,0,0,0,0,0,0,0,0,0,0,0,0.0,0.0,0.0,0.0,0,0.0,0.0,0.0,0.0,False,a,,,,,2526
839,592740,37,367,Alfie Cresswell,Cresswell,3,0.0,4.5,11,6,Home,2026-05-17T14:00:00Z,1,0,0,0,0,0,0,0,0,0,0,0,0.0,0.0,0.0,0.0,0,0.0,0.0,0.0,0.0,False,a,,,,,2526
840,567119,37,365,Shumaira Mheuka,Mheuka,4,0.0,4.5,7,18,Home,2026-05-19T19:15:00Z,2,1,1,0,0,0,0,0,0,0,3,1,0.0,0.0,0.0,0.05,1,0.2,2.0,0.3,0.0,False,a,,,,,2526
