player_id,player_code,gameweek,fixture_id,name,web_name,position_id,selected_by_percent,value,team_id,opponent_id,h_a,kickoff_time,team_score,opponent_score,minutes,goals_scored,assists,clean_sheets,goals_conceded,yellow_cards,red_cards,bonus,bps,total_points,xG,xA,xGI,xGC,DefCon,ict_index,influence,creativity,threat,in_dreamteam,status,news,corners_indirect_freekicks_order,direct_freekicks_order,penalties_order,season
1,154561,36,360,David Raya Martín,Raya,1,36.3,6.1,1,19,Away,2026-05-10T15:30:00Z,1,0,90,0,0,1,0,0,0,2,29,9,0.0,0.0,0.0,1.15,0,2.3,23.2,0.0,0.0,False,a,,,,,2526
2,109745,36,360,Kepa Arrizabalaga Revuelta,Arrizabalaga,1,0.4,4.0,1,19,Away,2026-05-10T15:30:00Z,1,0,0,0,0,0,0,0,0,0,0,0,0.0,0.0,0.0,0.0,0,0.0,0.0,0.0,0.0,False,a,,,,,2526
3,463748,36,360,Karl Hein,Hein,1,0.2,4.0,1,19,Away,2026-05-10T15:30:00Z,1,0,0,0,0,0,0,0,0,0,0,0,0.0,0.0,0.0,0.0,0,0.0,0.0,0.0,0.0,False,u,Has joined Werder Bremen on loan for the rest of the season.,,,,2526
4,551221,36,360,Tommy Setford,Setford,1,0.2,3.9,1,19,Away,2026-05-10T15:30:00Z,1,0,0,0,0,0,0,0,0,0,0,0,0.0,0.0,0.0,0.0,0,0.0,0.0,0.0,0.0,False,a,,,,,2526
5,226597,36,360,Gabriel dos Santos Magalhães,Gabriel,2,46.1,7.3,1,19,Away,2026-05-10T15:30:00Z,1,0,90,0,0,1,0,0,0,3,32,11,0.3,0.01,0.31,1.15,12,4.8,30.6,1.2,16.0,False,a,,,,,2526
6,462424,36,360,William Saliba,Saliba,2,17.1,6.2,1,19,Away,2026-05-10T15:30:00Z,1,0,90,0,0,1,0,1,0,0,26,5,0.0,0.16,0.16,1.15,8,3.3,22.2,3.2,8.0,False,a,,,,,2526
7,466075,36,360,Riccardo Calafiori,Calafiori,2,5.9,5.6,1,19,Away,2026-05-10T15:30:00Z,1,0,45,0,0,0,0,0,0,0,-1,1,0.21,0.02,0.23,0.15,0,1.7,0.4,1.4,15.0,False,d,Knock - 75% chance of playing,,,,2526
8,445122,36,360,Jurriën Timber,J.Timber,2,15.6,6.0,1,19,Away,2026-05-10T15:30:00Z,1,0,0,0,0,0,0,0,0,0,0,0,0.0,0.0,0.0,0.0,0,0.0,0.0,0.0,0.0,False,i,Ankle injury - Unknown return date,,,,2526
9,440854,36,360,Jakub Kiwior,Kiwior,2,0.0,5.4,1,19,Away,2026-05-10T15:30:00Z,1,0,0,0,0,0,0,0,0,0,0,0,0.0,0.0,0.0,0.0,0,0.0,0.0,0.0,0.0,False,u,has joined Porto on loan for the rest of the season.,,,,2526
10,499169,36,360,Myles Lewis-Skelly,Lewis-Skelly,2,1.9,5.0,1,19,Away,2026-05-10T15:30:00Z,1,0,90,0,0,1,0,0,0,0,23,6,0.0,0.02,0.02,1.15,1,1.4,6.4,5.1,2.0,False,a,,,,,2526
11,198869,36,360,Benjamin White,White,2,0.5,5.1,1,19,Away,2026-05-10T15:30:00Z,1,0,27,0,0,0,0,0,0,0,3,1,0.0,0.01,0.01,0.0,0,0.3,0.2,2.8,0.0,False,i,Knee injury - Expected back 01 Jun,,,,2526
12,206325,36,357,Oleksandr Zinchenko,Zinchenko,2,0.2,4.9,16,15,Home,2026-05-10T13:00:00Z,1,1,0,0,0,0,0,0,0,0,0,0,0.0,0.0,0.0,0.0,0,0.0,0.0,0.0,0.0,False,u,has joined Ajax permanently.,,,,2526
13,563324,36,360,Brayden Clarke,Clarke,2,0.4,3.7,1,19,Away,2026-05-10T15:30:00Z,1,0,0,0,0,0,0,0,0,0,0,0,0.0,0.0,0.0,0.0,0,0.0,0.0,0.0,0.0,False,a,,,,,2526
14,588793,36,360,Maldini Kacurri,Kacurri,2,0.1,3.9,1,19,Away,2026-05-10T15:30:00Z,1,0,0,0,0,0,0,0,0,0,0,0,0.0,0.0,0.0,0.0,0,0.0,0.0,0.0,0.0,False,u,has joined Morecambe on loan for the rest of the season.,,,,2526
15,499167,36,360,Josh Nichols,Nichols,2,0.2,3.7,1,19,Away,2026-05-10T15:30:00Z,1,0,0,0,0,0,0,0,0,0,0,0,0.0,0.0,0.0,0.0,0,0.0,0.0,0.0,0.0,False,a,,,,,2526
16,223340,36,360,Bukayo Saka,Saka,3,12.9,10.0,1,19,Away,2026-05-10T15:30:00Z,1,0,79,0,0,1,0,1,0,0,-2,2,0.04,0.25,0.29,0.93,3,5.8,6.4,43.3,8.0,False,a,,2.0,2.0,1.0,2526
17,184029,36,360,Martin Ødegaard,Ødegaard,3,1.7,7.8,1,19,Away,2026-05-10T15:30:00Z,1,0,23,0,1,0,0,0,0,0,12,4,0.0,0.1,0.1,0.76,2,3.5,18.0,14.6,2.0,False,a,,4.0,,3.0,2526
18,248857,36,360,Noni Madueke,Madueke,3,0.8,6.8,1,19,Away,2026-05-10T15:30:00Z,1,0,10,0,0,0,0,0,0,0,4,1,0.0,0.01,0.01,0.23,2,0.3,2.2,0.8,0.0,False,a,,3.0,,,2526
19,444145,36,360,Gabriel Martinelli Silva,Martinelli,3,0.9,6.8,1,19,Away,2026-05-10T15:30:00Z,1,0,0,0,0,0,0,0,0,0,0,0,0.0,0.0,0.0,0.0,0,0.0,0.0,0.0,0.0,False,a,,,,,2526
20,116216,36,360,Leandro Trossard,Trossard,3,2.0,6.5,1,19,Away,2026-05-10T15:30:00Z,1,0,90,1,0,1,0,1,0,1,27,8,0.45,0.04,0.49,1.15,3,11.3,37.6,16.4,59.0,False,a,,,,4.0,2526
21,204480,36,360,Declan Rice,Rice,3,24.3,7.2,1,19,Away,2026-05-10T15:30:00Z,1,0,90,0,0,1,0,0,0,0,18,3,0.0,0.38,0.38,1.15,10,5.5,17.4,35.9,2.0,False,a,,1.0,1.0,,2526
22,195384,36,360,Mikel Merino Zazón,Merino,3,0.7,5.3,1,19,Away,2026-05-10T15:30:00Z,1,0,0,0,0,0,0,0,0,0,0,0,0.0,0.0,0.0,0.0,0,0.0,0.0,0.0,0.0,False,i,Foot injury - Unknown return date,,,,2526
23,438098,36,360,Fábio Ferreira Vieira,Fábio Vieira,3,0.0,5.4,1,19,Away,2026-05-10T15:30:00Z,1,0,0,0,0,0,0,0,0,0,0,0,0.0,0.0,0.0,0.0,0,0.0,0.0,0.0,0.0,False,u,has joined Hamburger on loan for the rest of the season.,,,,2526
24,128295,36,360,Christian Nørgaard,Nørgaard,3,0.1,5.1,1,19,Away,2026-05-10T15:30:00Z,1,0,0,0,0,0,0,0,0,0,0,0,0.0,0.0,0.0,0.0,0,0.0,0.0,0.0,0.0,False,a,,,,,2526
25,499175,36,360,Ethan Nwaneri,Nwaneri,3,0.1,5.0,1,19,Away,2026-05-10T15:30:00Z,1,0,0,0,0,0,0,0,0,0,0,0,0.0,0.0,0.0,0.0,0,0.0,0.0,0.0,0.0,False,u,has joined Marseille on loan for the rest of the season.,,,,2526
26,481655,36,360,Martín Zubimendi Ibáñez,Zubimendi,3,2.8,4.9,1,19,Away,2026-05-10T15:30:00Z,1,0,39,0,0,0,0,0,0,0,7,1,0.0,0.01,0.01,0.39,2,0.4,2.0,1.8,0.0,False,a,,,,,2526
27,200641,36,356,Reiss Nelson,Nelson,3,0.1,4.8,5,13,Away,2026-05-09T16:30:00Z,0,3,0,0,0,0,0,0,0,0,0,0,0.0,0.0,0.0,0.0,0,0.0,0.0,0.0,0.0,False,a,,,,,2526
28,588796,36,360,Ismeal Kabia,Kabia,3,0.1,4.5,1,19,Away,2026-05-10T15:30:00Z,1,0,0,0,0,0,0,0,0,0,0,0,0.0,0.0,0.0,0.0,0,0.0,0.0,0.0,0.0,False,u,has joined Shrewsbury Town on loan for the rest of the season.,,,,2526
29,437742,36,360,Albert Sambi Lokonga,Sambi,3,0.0,4.5,1,19,Away,2026-05-10T15:30:00Z,1,0,0,0,0,0,0,0,0,0,0,0,0.0,0.0,0.0,0.0,0,0.0,0.0,0.0,0.0,False,u,has joined Hamburger permanently.,,,,2526
30,219847,36,360,Kai Havertz,Havertz,4,0.6,7.3,1,19,Away,2026-05-10T15:30:00Z,1,0,23,0,0,0,0,0,0,0,6,1,0.0,0.0,0.0,0.76,2,0.9,3.8,0.7,4.0,False,a,,,,,2526
31,205651,36,360,Gabriel Fernando de Jesus,G.Jesus,4,0.3,6.4,1,19,Away,2026-05-10T15:30:00Z,1,0,0,0,0,0,0,0,0,0,0,0,0.0,0.0,0.0,0.0,0,0.0,0.0,0.0,0.0,False,a,,,,,2526
32,98980,36,352,Emiliano Martínez Romero,Martinez,1,4.6,5.1,2,3,Away,2026-05-10T13:00:00Z,2,2,90,0,1,0,2,0,0,1,27,6,0.0,0.0,0.0,1.79,0,5.2,42.0,10.0,0.0,False,a,,,,,2526
33,72147,36,352,Marco Bizot,M.Bizot,1,0.4,4.2,2,3,Away,2026-05-10T13:00:00Z,2,2,0,0,0,0,0,0,0,0,0,0,0.0,0.0,0.0,0.0,0,0.0,0.0,0.0,0.0,False,a,,,,,2526
34,462492,36,352,Joe Gauci,Gauci,1,0.1,4.0,2,3,Away,2026-05-10T13:00:00Z,2,2,0,0,0,0,0,0,0,0,0,0,0.0,0.0,0.0,0.0,0,0.0,0.0,0.0,0.0,False,u,Has joined Port Vale on loan for the rest of the season.,,,,2526
35,462381,36,352,Filip Marschall,Marschall,1,0.0,4.0,2,3,Away,2026-05-10T13:00:00Z,2,2,0,0,0,0,0,0,0,0,0,0,0.0,0.0,0.0,0.0,0,0.0,0.0,0.0,0.0,False,u,Has joined Stevenage permanently.,,,,2526
36,199796,36,352,Matty Cash,Cash,2,7.7,4.7,2,3,Away,2026-05-10T13:00:00Z,2,2,79,0,0,0,2,0,0,0,1,1,0.0,0.1,0.1,1.63,0,2.2,0.0,20.6,2.0,False,a,,3.0,,,2526
37,101188,36,352,Lucas Digne,Digne,2,1.6,4.5,2,3,Away,2026-05-10T13:00:00Z,2,2,16,0,0,0,0,0,0,0,10,1,0.0,0.12,0.12,0.17,2,2.4,9.6,14.7,0.0,False,a,,2.0,2.0,,2526
38,199798,36,352,Ezri Konsa Ngoyo,Konsa,2,7.2,4.4,2,3,Away,2026-05-10T13:00:00Z,2,2,90,0,0,0,2,0,0,0,12,1,0.0,0.01,0.01,1.79,4,1.9,15.6,1.3,2.0,False,a,,,,,2526
39,441302,36,352,Ian Maatsen,Maatsen,2,0.6,4.2,2,3,Away,2026-05-10T13:00:00Z,2,2,73,0,0,0,2,0,0,0,2,1,0.04,0.01,0.05,1.63,8,3.3,17.2,11.1,5.0,False,a,,,,,2526
40,149484,36,352,Tyrone Mings,Mings,2,0.6,4.3,2,3,Away,2026-05-10T13:00:00Z,2,2,90,0,0,0,2,1,0,0,1,0,0.0,0.02,0.02,1.79,8,2.8,21.0,5.4,2.0,False,a,,,,,2526
41,244954,36,352,Pau Torres,Pau,2,0.3,4.3,2,3,Away,2026-05-10T13:00:00Z,2,2,0,0,0,0,0,0,0,0,0,0,0.0,0.0,0.0,0.0,0,0.0,0.0,0.0,0.0,False,a,,,,,2526
42,606798,36,352,Andrés García,A.García,2,0.2,3.9,2,3,Away,2026-05-10T13:00:00Z,2,2,0,0,0,0,0,0,0,0,0,0,0.0,0.0,0.0,0.0,0,0.0,0.0,0.0,0.0,False,a,,,,,2526
43,106468,36,352,Álex Moreno Lopera,Alex Moreno,2,1.5,4.0,2,3,Away,2026-05-10T13:00:00Z,2,2,0,0,0,0,0,0,0,0,0,0,0.0,0.0,0.0,0.0,0,0.0,0.0,0.0,0.0,False,u,Has joined Girona permanently.,,,,2526
44,515597,36,352,Lamare Bogarde,Bogarde,2,0.5,4.0,2,3,Away,2026-05-10T13:00:00Z,2,2,10,0,0,0,0,0,0,0,5,1,0.0,0.0,0.0,0.17,2,0.6,4.6,0.9,0.0,False,a,,,,,2526
45,514315,36,352,Lino da Cruz Sousa,Sousa,2,0.2,3.8,2,3,Away,2026-05-10T13:00:00Z,2,2,0,0,0,0,0,0,0,0,0,0,0.0,0.0,0.0,0.0,0,0.0,0.0,0.0,0.0,False,u,has joined Rotherham on loan for the rest of the season.,,,,2526
46,587178,36,352,Yasin Özcan,Yasin,2,0.1,4.0,2,3,Away,2026-05-10T13:00:00Z,2,2,0,0,0,0,0,0,0,0,0,0,0.0,0.0,0.0,0.0,0,0.0,0.0,0.0,0.0,False,u,has joined Anderlecht on loan for the rest of the season.,,,,2526
47,244850,36,352,Morgan Rogers,Rogers,3,21.3,7.4,2,3,Away,2026-05-10T13:00:00Z,2,2,90,0,0,0,2,0,0,0,6,2,0.14,0.03,0.17,1.79,5,3.6,4.2,15.8,16.0,False,a,,,1.0,,2526
48,166989,36,352,Youri Tielemans,Tielemans,3,0.7,5.9,2,3,Away,2026-05-10T13:00:00Z,2,2,90,0,0,0,2,0,0,0,19,4,0.07,0.08,0.15,1.79,12,3.9,22.0,7.1,10.0,False,a,,5.0,,,2526
49,215711,36,352,Leon Bailey,Bailey,3,0.1,5.5,2,3,Away,2026-05-10T13:00:00Z,2,2,5,0,0,0,0,0,0,0,5,1,0.0,0.02,0.02,0.15,3,2.7,6.4,21.0,0.0,False,a,,4.0,,,2526
50,195546,36,352,Emiliano Buendía Stati,Buendía,3,0.4,5.3,2,3,Away,2026-05-10T13:00:00Z,2,2,16,0,0,0,0,0,0,0,5,1,0.07,0.01,0.08,0.17,2,3.2,3.8,2.1,26.0,False,a,,,6.0,2.0,2526
51,469247,36,352,Samuel Iling-Junior,Iling Jr,3,0.0,5.5,2,3,Away,2026-05-10T13:00:00Z,2,2,0,0,0,0,0,0,0,0,0,0,0.0,0.0,0.0,0.0,0,0.0,0.0,0.0,0.0,False,u,has joined Pisa on loan for the rest of the season.,,,,2526
52,232653,36,357,Jacob Ramsey,J.Ramsey,3,0.2,5.3,15,16,Away,2026-05-10T13:00:00Z,1,1,29,0,1,0,1,0,0,0,19,4,0.05,0.25,0.3,0.52,4,3.7,20.4,14.5,2.0,False,a,,,,,2526
53,204646,36,352,Donyell Malen,Malen,3,0.4,5.1,2,3,Away,2026-05-10T13:00:00Z,2,2,0,0,0,0,0,0,0,0,0,0,0.0,0.0,0.0,0.0,0,0.0,0.0,0.0,0.0,False,u,has joined Roma on loan for the rest of the season.,,,,2526
54,122806,36,352,John McGinn,McGinn,3,0.7,5.3,2,3,Away,2026-05-10T13:00:00Z,2,2,84,0,1,0,2,0,0,0,21,5,0.19,0.61,0.8,1.64,4,12.7,24.8,48.2,54.0,False,a,,,,,2526
55,88894,36,352,Ross Barkley,Barkley,3,0.1,4.8,2,3,Away,2026-05-10T13:00:00Z,2,2,79,1,0,0,2,0,0,2,28,9,0.75,0.05,0.8,1.63,5,11.1,36.4,16.3,58.0,False,a,,,,,2526
56,491287,36,352,Enzo Barrenechea,Barrenechea,3,0.0,5.0,2,3,Away,2026-05-10T13:00:00Z,2,2,0,0,0,0,0,0,0,0,0,0,0.0,0.0,0.0,0.0,0,0.0,0.0,0.0,0.0,False,u,Season-long loan to Benfica,,,,2526
57,461421,36,352,Lewis Dobbin,Dobbin,3,0.0,5.0,2,3,Away,2026-05-10T13:00:00Z,2,2,0,0,0,0,0,0,0,0,0,0,0.0,0.0,0.0,0.0,0,0.0,0.0,0.0,0.0,False,u,Has joined Preston North End on loan for the rest of the season.,,,,2526
58,226944,36,352,Boubacar Kamara,Kamara,3,0.2,4.9,2,3,Away,2026-05-10T13:00:00Z,2,2,0,0,0,0,0,0,0,0,0,0,0.0,0.0,0.0,0.0,0,0.0,0.0,0.0,0.0,False,i,Knee injury - Expected back 01 Jun,,,,2526
59,449871,36,352,Amadou Onana,Onana,3,0.6,4.8,2,3,Away,2026-05-10T13:00:00Z,2,2,0,0,0,0,0,0,0,0,0,0,0.0,0.0,0.0,0.0,0,0.0,0.0,0.0,0.0,False,i,Calf injury - Unknown return date,,,,2526
60,577731,36,352,Ben Broggio,Broggio,3,0.2,4.4,2,3,Away,2026-05-10T13:00:00Z,2,2,0,0,0,0,0,0,0,0,0,0,0.0,0.0,0.0,0.0,0,0.0,0.0,0.0,0.0,False,u,has joined Falkirk on loan for the rest of the season.,,,,2526
61,151589,36,352,Leander Dendoncker,Dendoncker,3,0.1,4.5,2,3,Away,2026-05-10T13:00:00Z,2,2,0,0,0,0,0,0,0,0,0,0,0.0,0.0,0.0,0.0,0,0.0,0.0,0.0,0.0,False,u,Has joined Real Oviedo permanently.,,,,2526
62,559962,36,352,Jamaldeen Jimoh-Aloba,Jimoh-Aloba,3,0.1,4.5,2,3,Away,2026-05-10T13:00:00Z,2,2,0,0,0,0,0,0,0,0,0,0,0.0,0.0,0.0,0.0,0,0.0,0.0,0.0,0.0,False,u,has joined West Brom on loan for the rest of the season.,,,,2526
63,537403,36,352,Kadan Young,Young,3,0.5,4.3,2,3,Away,2026-05-10T13:00:00Z,2,2,0,0,0,0,0,0,0,0,0,0,0.0,0.0,0.0,0.0,0,0.0,0.0,0.0,0.0,False,u,has joined Reading on loan for the rest of the season.,,,,2526
64,178301,36,352,Ollie Watkins,Watkins,4,13.4,8.7,2,3,Away,2026-05-10T13:00:00Z,2,2,90,1,0,0,2,0,0,3,30,9,0.14,0.01,0.15,1.79,2,6.9,33.2,5.4,30.0,False,a,,,,3.0,2526
65,576756,36,352,Zépiqueno Redmond,Redmond,4,0.3,4.5,2,3,Away,2026-05-10T13:00:00Z,2,2,0,0,0,0,0,0,0,0,0,0,0.0,0.0,0.0,0.0,0,0.0,0.0,0.0,0.0,False,u,has joined Huddersfield Town on loan for the rest of the season.,,,,2526
66,69752,36,354,Norberto Murara Neto,Neto,1,0.1,4.5,4,10,Away,2026-05-09T14:00:00Z,1,0,0,0,0,0,0,0,0,0,0,0,0.0,0.0,0.0,0.0,0,0.0,0.0,0.0,0.0,False,u,Has joined Botafogo permanently.,,,,2526
67,457569,36,354,Đorđe Petrović,Petrović,1,5.0,4.6,4,10,Away,2026-05-09T14:00:00Z,1,0,90,0,0,1,0,0,0,0,26,6,0.0,0.0,0.0,1.33,0,1.5,15.2,0.0,0.0,False,a,,,,,2526
68,444172,36,354,Will Dennis,Dennis,1,0.7,4.0,4,10,Away,2026-05-09T14:00:00Z,1,0,0,0,0,0,0,0,0,0,0,0,0.0,0.0,0.0,0.0,0,0.0,0.0,0.0,0.0,False,u,has joined Leyton Orient on loan for the rest of the season.,,,,2526
69,568791,36,354,Callan McKenna,McKenna,1,0.2,3.9,4,10,Away,2026-05-09T14:00:00Z,1,0,0,0,0,0,0,0,0,0,0,0,0.0,0.0,0.0,0.0,0,0.0,0.0,0.0,0.0,False,a,,,,,2526
70,495145,36,354,Alex Paulsen,Paulsen,1,0.1,4.0,4,10,Away,2026-05-09T14:00:00Z,1,0,0,0,0,0,0,0,0,0,0,0,0.0,0.0,0.0,0.0,0,0.0,0.0,0.0,0.0,False,u,Has joined Lechia Gdansk on loan for the rest of the season.,,,,2526
71,477580,36,354,Illia Zabarnyi,Zabarnyi,2,0.0,5.0,4,10,Away,2026-05-09T14:00:00Z,1,0,0,0,0,0,0,0,0,0,0,0,0.0,0.0,0.0,0.0,0,0.0,0.0,0.0,0.0,False,u,Has joined Paris Saint-Germain permanently.,,,,2526
72,221466,36,354,Marcos Senesi Barón,Senesi,2,20.9,5.2,4,10,Away,2026-05-09T14:00:00Z,1,0,90,0,0,1,0,0,0,0,26,8,0.0,0.04,0.04,1.33,10,3.2,30.6,1.8,0.0,False,a,,,,,2526
73,54469,36,354,Adam Smith,Smith,2,0.2,4.4,4,10,Away,2026-05-09T14:00:00Z,1,0,90,0,1,1,0,0,0,2,32,11,0.0,0.01,0.01,1.33,6,4.0,28.0,11.6,0.0,False,a,,,,,2526
74,494521,36,354,Adrien Truffert,Truffert,2,4.7,4.7,4,10,Away,2026-05-09T14:00:00Z,1,0,90,0,0,1,0,0,0,3,37,9,0.37,0.07,0.44,1.33,4,7.2,26.0,30.6,15.0,False,a,,,,,2526
75,541462,36,354,Matai Akinmboni,Akinmboni,2,0.2,3.8,4,10,Away,2026-05-09T14:00:00Z,1,0,0,0,0,0,0,0,0,0,0,0,0.0,0.0,0.0,0.0,0,0.0,0.0,0.0,0.0,False,a,,,,,2526
76,518906,36,354,Owen Bevan,Bevan,2,0.2,3.8,4,10,Away,2026-05-09T14:00:00Z,1,0,0,0,0,0,0,0,0,0,0,0,0.0,0.0,0.0,0.0,0,0.0,0.0,0.0,0.0,False,a,,,,,2526
77,463981,36,354,James Hill,Hill,2,7.3,4.2,4,10,Away,2026-05-09T14:00:00Z,1,0,90,0,0,1,0,0,0,0,24,6,0.0,0.01,0.01,1.33,9,3.0,19.6,10.1,0.0,False,a,,,,,2526
78,436893,36,354,Julián Araujo Zúñiga,J.Araujo,2,0.5,3.8,4,10,Away,2026-05-09T14:00:00Z,1,0,0,0,0,0,0,0,0,0,0,0,0.0,0.0,0.0,0.0,0,0.0,0.0,0.0,0.0,False,u,has joined Celtic on loan for the rest of the season.,,,,2526
79,223911,36,354,Chris Mepham,Mepham,2,0.1,4.0,4,10,Away,2026-05-09T14:00:00Z,1,0,0,0,0,0,0,0,0,0,0,0,0.0,0.0,0.0,0.0,0,0.0,0.0,0.0,0.0,False,u,has joined West Bromwich Albion permanently.,,,,2526
80,575901,36,354,Julio Soler Barreto,Soler,2,0.2,3.9,4,10,Away,2026-05-09T14:00:00Z,1,0,0,0,0,0,0,0,0,0,0,0,0.0,0.0,0.0,0.0,0,0.0,0.0,0.0,0.0,False,a,,,,,2526
81,222683,36,354,Justin Kluivert,Kluivert,3,0.6,6.9,4,10,Away,2026-05-09T14:00:00Z,1,0,0,0,0,0,0,0,0,0,0,0,0.0,0.0,0.0,0.0,0,0.0,0.0,0.0,0.0,False,a,,,3.0,1.0,2526
82,437730,36,356,Antoine Semenyo,Semenyo,3,47.3,8.1,13,5,Home,2026-05-09T16:30:00Z,3,0,90,0,0,1,0,0,0,0,19,3,0.08,0.17,0.25,0.24,7,5.8,16.4,17.9,24.0,,a,,,4.0,,2526
82,437730,36,307,Antoine Semenyo,Semenyo,3,47.3,8.1,13,8,Home,2026-05-13T19:00:00Z,3,0,90,1,0,1,0,0,0,1,26,9,0.23,0.08,0.31,0.68,2,7.5,36.4,7.2,31.0,,a,,,4.0,,2526
83,533463,36,356,Dango Ouattara,O.Dango,3,1.6,5.7,5,13,Away,2026-05-09T16:30:00Z,0,3,22,0,0,0,2,0,0,0,10,1,0.0,0.19,0.19,1.29,1,2.3,5.4,17.6,0.0,False,a,,3.0,,,2526
84,201658,36,354,Marcus Tavernier,Tavernier,3,4.3,5.4,4,10,Away,2026-05-09T14:00:00Z,1,0,77,0,0,1,0,1,0,0,11,2,0.22,0.06,0.28,0.99,7,7.1,16.0,28.4,27.0,False,a,,2.0,2.0,4.0,2526
85,200785,36,354,Tyler Adams,Adams,3,0.3,4.9,4,10,Away,2026-05-09T14:00:00Z,1,0,47,0,0,0,0,0,0,0,8,1,0.0,0.0,0.0,0.76,9,3.5,20.0,12.7,2.0,False,a,,,,,2526
86,111317,36,354,David Brooks,Brooks,3,0.2,5.0,4,10,Away,2026-05-09T14:00:00Z,1,0,11,0,0,0,0,0,0,0,3,1,0.0,0.0,0.0,0.34,2,0.3,3.2,0.0,0.0,False,a,,5.0,4.0,,2526
87,158499,36,354,Ryan Christie,Christie,3,0.1,4.9,4,10,Away,2026-05-09T14:00:00Z,1,0,41,0,0,0,0,0,1,0,-1,-2,0.0,0.03,0.03,0.57,5,1.5,2.0,13.4,0.0,False,s,Suspended until 29 Aug,6.0,,,2526
88,155408,36,354,Lewis Cook,Cook,3,0.0,4.9,4,10,Away,2026-05-09T14:00:00Z,1,0,0,0,0,0,0,0,0,0,0,0,0.0,0.0,0.0,0.0,0,0.0,0.0,0.0,0.0,False,d,Lack of match fitness - 50% chance of playing,4.0,,,2526
89,168991,36,354,Philip Billing,Philip,3,0.0,4.9,4,10,Away,2026-05-09T14:00:00Z,1,0,0,0,0,0,0,0,0,0,0,0,0.0,0.0,0.0,0.0,0,0.0,0.0,0.0,0.0,False,u,has joined Midtjylland permanently.,,,,2526
90,503139,36,354,Alex Scott,Scott,3,2.1,5.0,4,10,Away,2026-05-09T14:00:00Z,1,0,90,0,0,1,0,1,0,0,9,4,0.0,0.01,0.01,0.99,12,0.8,6.2,1.5,0.0,False,a,,3.0,6.0,,2526
91,224995,36,354,Luis Sinisterra Lucumí,Sinisterra,3,0.0,5.0,4,10,Away,2026-05-09T14:00:00Z,1,0,0,0,0,0,0,0,0,0,0,0,0.0,0.0,0.0,0.0,0,0.0,0.0,0.0,0.0,False,u,has joined Cruzeiro on loan for the rest of the season.,,,,2526
92,441240,36,354,Romain Faivre,Faivre,3,0.1,4.5,4,10,Away,2026-05-09T14:00:00Z,1,0,0,0,0,0,0,0,0,0,0,0,0.0,0.0,0.0,0.0,0,0.0,0.0,0.0,0.0,False,u,has joined Auxerre permanently.,,,,2526
93,424044,36,354,Hamed Traorè,H.Traorè,3,0.3,4.5,4,10,Away,2026-05-09T14:00:00Z,1,0,0,0,0,0,0,0,0,0,0,0,0.0,0.0,0.0,0.0,0,0.0,0.0,0.0,0.0,False,u,has joined Marseille on loan for the rest of the season.,,,,2526
94,550596,36,354,Dominic Sadi,Sadi,3,0.0,4.5,4,10,Away,2026-05-09T14:00:00Z,1,0,0,0,0,0,0,0,0,0,0,0,0.0,0.0,0.0,0.0,0,0.0,0.0,0.0,0.0,False,u,has joined Novi Pazar on loan for the rest of the season.,,,,2526
95,530121,36,354,Zain Silcott-Duberry,Silcott-Duberry,3,0.1,4.4,4,10,Away,2026-05-09T14:00:00Z,1,0,0,0,0,0,0,0,0,0,0,0,0.0,0.0,0.0,0.0,0,0.0,0.0,0.0,0.0,False,u,has joined Olympiakos permanently.,,,,2526
96,606775,36,354,Ben Winterburn,Winterburn,3,0.0,4.5,4,10,Away,2026-05-09T14:00:00Z,1,0,0,0,0,0,0,0,0,0,0,0,0.0,0.0,0.0,0.0,0,0.0,0.0,0.0,0.0,False,u,has joined Barnet on loan for the rest of the season.,,,,2526
97,444102,36,354,Francisco Evanilson de Lima Barbosa,Evanilson,4,2.3,6.7,4,10,Away,2026-05-09T14:00:00Z,1,0,42,0,0,0,0,0,0,0,4,1,0.07,0.01,0.08,0.57,1,1.2,1.2,1.7,9.0,False,a,,,,,2526
98,168636,36,354,Enes Ünal,Enes Ünal,4,0.0,5.4,4,10,Away,2026-05-09T14:00:00Z,1,0,11,0,0,0,0,0,0,0,6,1,0.04,0.01,0.05,0.34,2,0.9,3.0,0.8,5.0,False,a,,,1.0,,2526
99,590760,36,354,Daniel Adu-Adjei,Adu-Adjei,4,0.1,4.4,4,10,Away,2026-05-09T14:00:00Z,1,0,0,0,0,0,0,0,0,0,0,0,0.0,0.0,0.0,0.0,0,0.0,0.0,0.0,0.0,False,u,has joined HNK Rijeka permanently.,,,,2526
100,560262,36,354,Junior Kroupi,Kroupi.Jr,4,6.2,4.6,4,10,Away,2026-05-09T14:00:00Z,1,0,78,0,0,1,0,0,0,0,-1,2,0.05,0.0,0.05,0.99,2,0.0,0.0,1.5,1.0,False,a,,,,2.0,2526
101,200720,36,356,Caoimhín Kelleher,Kelleher,1,12.3,4.8,5,13,Away,2026-05-09T16:30:00Z,0,3,90,0,0,0,3,0,0,0,19,3,0.0,0.0,0.0,2.98,0,5.9,59.4,0.0,0.0,False,a,,,,,2526
102,235448,36,356,Ellery Balcombe,Balcombe,1,0.2,3.9,5,13,Away,2026-05-09T16:30:00Z,0,3,0,0,0,0,0,0,0,0,0,0,0.0,0.0,0.0,0.0,0,0.0,0.0,0.0,0.0,False,a,,,,,2526
103,503300,36,356,Matthew Cox,Cox,1,0.1,3.9,5,13,Away,2026-05-09T16:30:00Z,0,3,0,0,0,0,0,0,0,0,0,0,0.0,0.0,0.0,0.0,0,0.0,0.0,0.0,0.0,False,u,has joined Shrewsbury Town on loan for the rest of the season.,,,,2526
104,535017,36,356,Julian Eyestone,Eyestone,1,0.1,3.9,5,13,Away,2026-05-09T16:30:00Z,0,3,0,0,0,0,0,0,0,0,0,0,0.0,0.0,0.0,0.0,0,0.0,0.0,0.0,0.0,False,a,,,,,2526
105,507433,36,356,Hákon Rafn Valdimarsson,Valdimarsson,1,0.9,3.8,5,13,Away,2026-05-09T16:30:00Z,0,3,0,0,0,0,0,0,0,0,0,0,0.0,0.0,0.0,0.0,0,0.0,0.0,0.0,0.0,False,a,,,,,2526
106,432830,36,356,Nathan Collins,Collins,2,2.6,4.9,5,13,Away,2026-05-09T16:30:00Z,0,3,90,0,0,0,3,0,0,0,2,1,0.0,0.0,0.0,2.98,4,2.0,15.2,0.7,4.0,False,a,,,,,2526
107,249231,36,356,Keane Lewis-Potter,Lewis-Potter,2,1.6,4.8,5,13,Away,2026-05-09T16:30:00Z,0,3,90,0,0,0,3,0,0,0,2,1,0.0,0.01,0.01,2.98,3,1.8,10.4,5.1,2.0,False,a,,,1.0,,2526
108,191866,36,356,Kristoffer Ajer,Ajer,2,0.2,4.4,5,13,Away,2026-05-09T16:30:00Z,0,3,90,0,0,0,3,1,0,0,3,2,0.0,0.01,0.01,2.98,12,2.8,23.2,0.5,4.0,False,a,,,,,2526
109,194010,36,356,Rico Henry,Henry,2,0.1,4.3,5,13,Away,2026-05-09T16:30:00Z,0,3,0,0,0,0,0,0,0,0,0,0,0.0,0.0,0.0,0.0,0,0.0,0.0,0.0,0.0,False,i,Hamstring injury - Unknown return date,,,,2526
110,607464,36,356,Michael Kayode,Kayode,2,1.1,4.6,5,13,Away,2026-05-09T16:30:00Z,0,3,90,0,0,0,3,0,0,0,0,1,0.0,0.02,0.02,2.98,6,2.9,15.2,13.5,0.0,False,a,,,,,2526
111,231065,36,356,Ethan Pinnock,Pinnock,2,0.1,4.2,5,13,Away,2026-05-09T16:30:00Z,0,3,0,0,0,0,0,0,0,0,0,0,0.0,0.0,0.0,0.0,0,0.0,0.0,0.0,0.0,False,a,,,,,2526
112,226956,36,356,Mads Roerslev Rasmussen,Roerslev,2,0.0,4.5,5,13,Away,2026-05-09T16:30:00Z,0,3,0,0,0,0,0,0,0,0,0,0,0.0,0.0,0.0,0.0,0,0.0,0.0,0.0,0.0,False,u,Has joined Southampton permanently.,,,,2526
113,444765,36,356,Sepp van den Berg,Van den Berg,2,1.1,4.4,5,13,Away,2026-05-09T16:30:00Z,0,3,0,0,0,0,0,0,0,0,0,0,0.0,0.0,0.0,0.0,0,0.0,0.0,0.0,0.0,False,a,,,,,2526
114,622536,36,356,Benjamin Arthur,Arthur,2,0.2,3.8,5,13,Away,2026-05-09T16:30:00Z,0,3,0,0,0,0,0,0,0,0,0,0,0.0,0.0,0.0,0.0,0,0.0,0.0,0.0,0.0,False,u,has joined Celtic on loan for the rest of the season.,,,,2526
115,612534,36,356,Benjamin Fredrick,Fredrick,2,0.1,4.0,5,13,Away,2026-05-09T16:30:00Z,0,3,0,0,0,0,0,0,0,0,0,0,0.0,0.0,0.0,0.0,0,0.0,0.0,0.0,0.0,False,u,has joined Dender on loan for the rest of the season.,,,,2526
116,472713,36,356,Aaron Hickey,Hickey,2,0.3,4.0,5,13,Away,2026-05-09T16:30:00Z,0,3,60,0,0,0,1,0,0,0,4,2,0.04,0.0,0.04,1.29,6,1.5,13.4,0.1,1.0,False,a,,,,,2526
117,570241,36,356,Kim Ji-soo,Ji-soo,2,0.1,3.9,5,13,Away,2026-05-09T16:30:00Z,0,3,0,0,0,0,0,0,0,0,0,0,0.0,0.0,0.0,0.0,0,0.0,0.0,0.0,0.0,False,u,has joined Kaiserslautern on loan for the rest of the season.,,,,2526
118,499717,36,356,Jayden Meghoma,Meghoma,2,0.0,4.0,5,13,Away,2026-05-09T16:30:00Z,0,3,0,0,0,0,0,0,0,0,0,0,0.0,0.0,0.0,0.0,0,0.0,0.0,0.0,0.0,False,u,Has joined Rangers on loan for the rest of the season.,,,,2526
119,446008,36,358,Bryan Mbeumo,Mbeumo,3,14.9,8.3,14,17,Away,2026-05-09T14:00:00Z,0,0,15,0,0,0,0,0,0,0,4,1,0.03,0.0,0.03,0.05,0,0.6,1.0,0.3,5.0,False,a,,2.0,2.0,,2526
120,513418,36,356,Kevin Schade,Schade,3,1.4,6.8,5,13,Away,2026-05-09T16:30:00Z,0,3,90,0,0,0,3,0,0,0,-1,2,0.0,0.0,0.0,2.98,4,0.5,4.6,0.8,0.0,False,a,,,,3.0,2526
121,440089,36,356,Mikkel Damsgaard,Damsgaard,3,0.8,5.6,5,13,Away,2026-05-09T16:30:00Z,0,3,68,0,0,0,1,0,0,0,11,4,0.0,0.01,0.01,1.7,18,1.5,13.6,1.8,0.0,False,a,,,3.0,,2526
122,543295,36,356,Antoni Milambo,Milambo,3,0.0,5.2,5,13,Away,2026-05-09T16:30:00Z,0,3,0,0,0,0,0,0,0,0,0,0,0.0,0.0,0.0,0.0,0,0.0,0.0,0.0,0.0,False,i,Knee injury - Expected back 01 Jun,,,,2526
123,244858,36,356,Fábio Freitas Gouveia Carvalho,Carvalho,3,0.1,4.6,5,13,Away,2026-05-09T16:30:00Z,0,3,0,0,0,0,0,0,0,0,0,0,0.0,0.0,0.0,0.0,0,0.0,0.0,0.0,0.0,False,i,Knee injury - Expected back 01 Jun,,,4.0,2526
124,56979,36,356,Jordan Henderson,Henderson,3,0.3,5.0,5,13,Away,2026-05-09T16:30:00Z,0,3,11,0,0,0,1,1,0,0,0,0,0.0,0.01,0.01,0.37,0,0.3,0.0,1.8,2.0,False,a,,,,,2526
125,204580,36,356,Vitaly Janelt,Janelt,3,0.1,4.9,5,13,Away,2026-05-09T16:30:00Z,0,3,29,0,0,0,2,0,0,0,2,1,0.0,0.0,0.0,1.69,4,0.1,0.4,0.6,0.0,False,a,,2.0,,,2526
126,207283,36,356,Mathias Jensen,Jensen,3,0.2,4.9,5,13,Away,2026-05-09T16:30:00Z,0,3,90,0,0,0,3,0,0,0,8,4,0.01,0.02,0.03,2.98,17,2.5,15.2,7.6,2.0,False,a,,1.0,2.0,5.0,2526
127,626464,36,356,Gustavo Nunes Fernandes Gomes,Nunes,3,0.0,4.9,5,13,Away,2026-05-09T16:30:00Z,0,3,0,0,0,0,0,0,0,0,0,0,0.0,0.0,0.0,0.0,0,0.0,0.0,0.0,0.0,False,u,has joined Swansea City on loan for the rest of the season.,,,,2526
128,428580,36,356,Frank Onyeka,Onyeka,3,0.0,4.8,5,13,Away,2026-05-09T16:30:00Z,0,3,0,0,0,0,0,0,0,0,0,0,0.0,0.0,0.0,0.0,0,0.0,0.0,0.0,0.0,False,u,has joined Coventry City on loan for the rest of the season.,,,,2526
129,508395,36,356,Yehor Yarmoliuk,Yarmoliuk,3,0.1,5.0,5,13,Away,2026-05-09T16:30:00Z,0,3,78,0,0,0,2,0,0,0,15,2,0.0,0.02,0.02,2.61,11,2.1,17.2,1.4,2.0,False,a,,,,,2526
130,606689,36,356,Romelle Donovan,Donovan,3,0.1,4.4,5,13,Away,2026-05-09T16:30:00Z,0,3,0,0,0,0,0,0,0,0,0,0,0.0,0.0,0.0,0.0,0,0.0,0.0,0.0,0.0,False,a,,,,,2526
131,628204,36,356,Yunus Emre Konak,Konak,3,0.1,4.3,5,13,Away,2026-05-09T16:30:00Z,0,3,0,0,0,0,0,0,0,0,0,0,0.0,0.0,0.0,0.0,0,0.0,0.0,0.0,0.0,False,u,has joined Oxford United on loan for the rest of the season.,,,,2526
132,220695,36,356,Paris Maghoma,Maghoma,3,0.0,4.5,5,13,Away,2026-05-09T16:30:00Z,0,3,0,0,0,0,0,0,0,0,0,0,0.0,0.0,0.0,0.0,0,0.0,0.0,0.0,0.0,False,u,has joined Norwich City permanently.,,,,2526
133,450539,36,356,Myles Peart-Harris,Peart-Harris,3,0.0,4.4,5,13,Away,2026-05-09T16:30:00Z,0,3,0,0,0,0,0,0,0,0,0,0,0.0,0.0,0.0,0.0,0,0.0,0.0,0.0,0.0,False,u,has joined Oxford United permanently.,,,,2526
134,591357,36,356,Ryan Trevitt,Trevitt,3,0.0,4.5,5,13,Away,2026-05-09T16:30:00Z,0,3,0,0,0,0,0,0,0,0,0,0,0.0,0.0,0.0,0.0,0,0.0,0.0,0.0,0.0,False,u,Has joined Wigan on loan for the rest of the season,,,,2526
135,216646,36,357,Yoane Wissa,Wissa,4,0.6,7.3,15,16,Away,2026-05-10T13:00:00Z,1,1,19,0,0,0,1,0,0,0,-1,1,0.0,0.01,0.01,0.52,0,0.3,0.0,0.5,2.0,False,a,,,,,2526
136,502500,36,356,Igor Thiago Nascimento Rodrigues,Thiago,4,32.4,7.3,5,13,Away,2026-05-09T16:30:00Z,0,3,90,0,0,0,3,0,0,0,8,2,0.19,0.01,0.2,2.98,6,6.5,14.8,12.6,38.0,False,a,,,,2.0,2526
137,533710,36,356,Iwan Morgan,Morgan,4,0.3,4.4,5,13,Away,2026-05-09T16:30:00Z,0,3,0,0,0,0,0,0,0,0,0,0,0.0,0.0,0.0,0.0,0,0.0,0.0,0.0,0.0,False,u,has joined Shrewsbury on loan for the rest of the season.,,,,2526
138,49262,36,351,Jason Steele,Steele,1,0.2,4.2,6,20,Home,2026-05-09T14:00:00Z,3,0,0,0,0,0,0,0,0,0,0,0,0.0,0.0,0.0,0.0,0,0.0,0.0,0.0,0.0,False,a,,,,,2526
139,489639,36,351,Bart Verbruggen,Verbruggen,1,9.5,4.6,6,20,Home,2026-05-09T14:00:00Z,3,0,90,0,0,1,0,0,0,0,23,6,0.0,0.0,0.0,0.49,0,1.3,12.8,0.0,0.0,False,a,,,,,2526
140,209288,36,351,Tom McGill,McGill,1,0.3,3.9,6,20,Home,2026-05-09T14:00:00Z,3,0,0,0,0,0,0,0,0,0,0,0,0.0,0.0,0.0,0.0,0,0.0,0.0,0.0,0.0,False,a,,,,,2526
141,472739,36,351,Carl Rushworth,Rushworth,1,0.0,4.0,6,20,Home,2026-05-09T14:00:00Z,3,0,0,0,0,0,0,0,0,0,0,0,0.0,0.0,0.0,0.0,0,0.0,0.0,0.0,0.0,False,u,Has joined Coventry City on loan for the rest of the season.,,,,2526
142,240514,36,351,Kjell Scherpen,Scherpen,1,0.0,4.0,6,20,Home,2026-05-09T14:00:00Z,3,0,0,0,0,0,0,0,0,0,0,0,0.0,0.0,0.0,0.0,0,0.0,0.0,0.0,0.0,False,u,Has joined Union SG permanently,,,,2526
143,204120,36,351,Olivier Boscagli,Boscagli,2,0.2,4.2,6,20,Home,2026-05-09T14:00:00Z,3,0,0,0,0,0,0,0,0,0,0,0,0.0,0.0,0.0,0.0,0,0.0,0.0,0.0,0.0,False,a,,3.0,,,2526
144,550090,36,351,Diego Coppola,Coppola,2,0.0,4.2,6,20,Home,2026-05-09T14:00:00Z,3,0,0,0,0,0,0,0,0,0,0,0,0.0,0.0,0.0,0.0,0,0.0,0.0,0.0,0.0,False,u,has joined Paris FC on loan for the rest of the season.,,,,2526
145,465730,36,351,Maxim De Cuyper,De Cuyper,2,1.7,4.3,6,20,Home,2026-05-09T14:00:00Z,3,0,87,0,2,1,0,0,0,3,59,15,0.0,1.14,1.14,0.39,2,13.8,51.0,78.6,8.0,True,a,,,1.0,,2526
146,83299,36,351,Lewis Dunk,Dunk,2,0.9,4.5,6,20,Home,2026-05-09T14:00:00Z,3,0,90,1,0,1,0,0,0,2,38,14,0.3,0.01,0.31,0.49,2,8.9,40.6,1.3,47.0,True,a,,,3.0,,2526
147,204214,36,351,Pervis Estupiñán Tenorio,Estupiñan,2,0.0,4.5,6,20,Home,2026-05-09T14:00:00Z,3,0,0,0,0,0,0,0,0,0,0,0,0.0,0.0,0.0,0.0,0,0.0,0.0,0.0,0.0,False,u,Has joined AC Milan permanently,,,,2526
148,231416,36,351,Ferdi Kadıoğlu,F.Kadıoğlu,2,1.4,4.4,6,20,Home,2026-05-09T14:00:00Z,3,0,90,0,0,1,0,0,0,0,21,6,0.0,0.04,0.04,0.49,2,0.9,3.8,5.4,0.0,False,a,,,,,2526
149,223434,36,351,Igor Julio dos Santos de Paulo,Igor,2,0.1,4.5,6,20,Home,2026-05-09T14:00:00Z,3,0,0,0,0,0,0,0,0,0,0,0,0.0,0.0,0.0,0.0,0,0.0,0.0,0.0,0.0,False,a,,,,,2526
150,232792,36,351,Tariq Lamptey,Lamptey,2,0.1,4.4,6,20,Home,2026-05-09T14:00:00Z,3,0,0,0,0,0,0,0,0,0,0,0,0.0,0.0,0.0,0.0,0,0.0,0.0,0.0,0.0,False,u,has joined Fiorentina permanently.,,,,2526
151,469142,36,351,Jan Paul van Hecke,Van Hecke,2,11.0,4.7,6,20,Home,2026-05-09T14:00:00Z,3,0,90,0,0,1,0,0,0,0,31,6,0.0,0.01,0.01,0.49,9,2.8,21.6,2.0,4.0,False,a,,,,,2526
152,111478,36,351,Joël Veltman,Veltman,2,0.1,4.3,6,20,Home,2026-05-09T14:00:00Z,3,0,32,0,0,0,0,0,0,0,3,1,0.0,0.01,0.01,0.18,1,0.6,4.4,1.9,0.0,False,a,,,,,2526
153,110735,36,351,Adam Webster,Webster,2,0.0,4.4,6,20,Home,2026-05-09T14:00:00Z,3,0,0,0,0,0,0,0,0,0,0,0,0.0,0.0,0.0,0.0,0,0.0,0.0,0.0,0.0,False,i,Knee injury - Unknown return date,,,,2526
154,439135,36,351,Eiran Cashin,Cashin,2,0.0,4.0,6,20,Home,2026-05-09T14:00:00Z,3,0,0,0,0,0,0,0,0,0,0,0,0.0,0.0,0.0,0.0,0,0.0,0.0,0.0,0.0,False,u,has joined Blackburn Rovers on loan for the rest of the season.,,,,2526
155,589100,36,351,Jacob Slater,Slater,2,0.1,4.0,6,20,Home,2026-05-09T14:00:00Z,3,0,0,0,0,0,0,0,0,0,0,0,0.0,0.0,0.0,0.0,0,0.0,0.0,0.0,0.0,False,u,has joined Harrogate Town on loan until January.,,,,2526
156,547720,36,351,Charlie Tasker,Tasker,2,0.2,3.8,6,20,Home,2026-05-09T14:00:00Z,3,0,0,0,0,0,0,0,0,0,0,0,0.0,0.0,0.0,0.0,0,0.0,0.0,0.0,0.0,False,a,,,,,2526
157,451340,36,351,Mitoma Kaoru,Mitoma,3,2.1,6.1,6,20,Home,2026-05-09T14:00:00Z,3,0,57,0,0,0,0,1,0,0,1,0,0.28,0.03,0.31,0.32,2,1.6,0.2,2.5,13.0,False,i,Hamstring injury - Expected back 01 Jun,,,,2526
158,463067,36,351,Georginio Rutter,Georginio,3,0.3,5.6,6,20,Home,2026-05-09T14:00:00Z,3,0,14,0,0,0,0,0,0,0,0,1,0.0,0.0,0.0,0.11,0,0.6,1.2,0.8,4.0,False,a,,,,,2526
159,109345,36,351,Solly March,March,3,0.0,5.8,6,20,Home,2026-05-09T14:00:00Z,3,0,2,0,0,0,0,0,0,0,3,1,0.0,0.0,0.0,0.11,0,0.0,0.0,0.0,0.0,False,a,,,,,2526
160,592031,36,351,Yankuba Minteh,Minteh,3,2.5,5.5,6,20,Home,2026-05-09T14:00:00Z,3,0,90,1,0,1,0,0,0,1,37,9,0.22,0.11,0.33,0.49,5,11.5,48.8,33.3,33.0,False,a,,5.0,,,2526
161,474120,36,351,Julio Enciso Espínola,Enciso,3,0.0,5.4,6,20,Home,2026-05-09T14:00:00Z,3,0,0,0,0,0,0,0,0,0,0,0,0.0,0.0,0.0,0.0,0,0.0,0.0,0.0,0.0,False,u,has joined Strasbourg permanently.,,,,2526
162,513433,36,351,Brajan Gruda,Gruda,3,0.0,5.4,6,20,Home,2026-05-09T14:00:00Z,3,0,0,0,0,0,0,0,0,0,0,0,0.0,0.0,0.0,0.0,0,0.0,0.0,0.0,0.0,False,u,has joined Leipzig on loan for the rest of the season.,,,,2526
163,532529,36,351,Jack Hinshelwood,Hinshelwood,3,1.5,5.2,6,20,Home,2026-05-09T14:00:00Z,3,0,87,1,0,1,0,0,0,0,31,8,0.24,0.03,0.27,0.39,1,6.2,34.0,1.8,26.0,False,a,,,,,2526
164,219249,36,351,Matt O'Riley,O'Riley,3,0.3,5.5,6,20,Home,2026-05-09T14:00:00Z,3,0,0,0,0,0,0,0,0,0,0,0,0.0,0.0,0.0,0.0,0,0.0,0.0,0.0,0.0,False,a,,,,3.0,2526
165,516211,36,351,Abdallah Sima,Sima,3,0.0,5.4,6,20,Home,2026-05-09T14:00:00Z,3,0,0,0,0,0,0,0,0,0,0,0,0.0,0.0,0.0,0.0,0,0.0,0.0,0.0,0.0,False,u,has joined Lens permanently.,,,,2526
166,509416,36,351,Yasin Ayari,Ayari,3,0.4,4.8,6,20,Home,2026-05-09T14:00:00Z,3,0,14,0,0,0,0,0,0,0,2,1,0.0,0.0,0.0,0.11,0,0.0,0.0,0.1,0.0,False,a,,,2.0,,2526
167,535301,36,351,Carlos Baleba,Baleba,3,1.5,4.5,6,20,Home,2026-05-09T14:00:00Z,3,0,75,0,0,1,0,0,0,0,19,5,0.09,0.01,0.1,0.39,15,1.1,7.8,1.8,1.0,False,a,,,,,2526
168,536916,36,359,Facundo Buonanotte,Buonanotte,3,0.1,4.6,11,18,Away,2026-05-11T19:00:00Z,1,1,0,0,0,0,0,0,0,0,0,0,0.0,0.0,0.0,0.0,0,0.0,0.0,0.0,0.0,False,a,,,,,2526
169,514254,36,351,Diego Gómez Amarilla,Gomez,3,0.4,4.9,6,20,Home,2026-05-09T14:00:00Z,3,0,0,0,0,0,0,0,0,0,0,0,0.0,0.0,0.0,0.0,0,0.0,0.0,0.0,0.0,False,a,,,5.0,,2526
170,15157,36,351,James Milner,Milner,3,0.1,4.9,6,20,Home,2026-05-09T14:00:00Z,3,0,0,0,0,0,0,0,0,0,0,0,0.0,0.0,0.0,0.0,0,0.0,0.0,0.0,0.0,False,a,,,,1.0,2526
171,441192,36,351,Jeremy Sarmiento Morante,Sarmiento,3,0.0,4.9,6,20,Home,2026-05-09T14:00:00Z,3,0,0,0,0,0,0,0,0,0,0,0,0.0,0.0,0.0,0.0,0,0.0,0.0,0.0,0.0,False,u,has joined Middlesbrough on loan for the rest of the season.,,,,2526
172,549074,36,351,Tom Watson,Watson,3,0.0,4.8,6,20,Home,2026-05-09T14:00:00Z,3,0,0,0,0,0,0,0,0,0,0,0,0.0,0.0,0.0,0.0,0,0.0,0.0,0.0,0.0,False,u,has joined Millwall on loan for the rest of the season.,,,,2526
173,467779,36,351,Mats Wieffer,Wieffer,3,0.3,4.9,6,20,Home,2026-05-09T14:00:00Z,3,0,0,0,0,0,0,0,0,0,0,0,0.0,0.0,0.0,0.0,0,0.0,0.0,0.0,0.0,False,d,Ankle injury - 75% chance of playing,,,,2526
174,611695,36,351,Malick Yalcouyé,Yalcouye,3,0.0,5.0,6,20,Home,2026-05-09T14:00:00Z,3,0,0,0,0,0,0,0,0,0,0,0,0.0,0.0,0.0,0.0,0,0.0,0.0,0.0,0.0,False,u,Has joined Swansea City on loan for the rest of the season.,,,,2526
175,567121,36,351,Joe Knight,Knight,3,0.1,4.4,6,20,Home,2026-05-09T14:00:00Z,3,0,0,0,0,0,0,0,0,0,0,0,0.0,0.0,0.0,0.0,0,0.0,0.0,0.0,0.0,False,u,has joined Stevenage permanently.,,,,2526
176,550141,36,351,Adrian Mazilu,Mazilu,3,0.0,4.5,6,20,Home,2026-05-09T14:00:00Z,3,0,0,0,0,0,0,0,0,0,0,0,0.0,0.0,0.0,0.0,0,0.0,0.0,0.0,0.0,False,u,has joined Dinamo Bucharest permanently.,,,,2526
177,513834,36,351,Andrew Moran,Moran,3,0.0,4.5,6,20,Home,2026-05-09T14:00:00Z,3,0,0,0,0,0,0,0,0,0,0,0,0.0,0.0,0.0,0.0,0,0.0,0.0,0.0,0.0,False,u,Has joined Los Angeles FC on loan for the rest of the season.,,,,2526
178,50175,36,351,Danny Welbeck,Welbeck,4,9.1,6.4,6,20,Home,2026-05-09T14:00:00Z,3,0,75,0,0,1,0,0,0,0,10,2,0.26,0.01,0.27,0.39,3,8.2,7.2,2.8,72.0,False,a,,,4.0,2.0,2526
179,487117,36,351,Evan Ferguson,Ferguson,4,0.0,5.5,6,20,Home,2026-05-09T14:00:00Z,3,0,0,0,0,0,0,0,0,0,0,0,0.0,0.0,0.0,0.0,0,0.0,0.0,0.0,0.0,False,u,Has joined AS Roma on loan for the rest of the season,,,,2526
180,608181,36,351,Stefanos Tzimas,Tzimas,4,0.1,5.2,6,20,Home,2026-05-09T14:00:00Z,3,0,0,0,0,0,0,0,0,0,0,0,0.0,0.0,0.0,0.0,0,0.0,0.0,0.0,0.0,False,i,Knee injury - Expected back 01 Jun,,,,2526
181,647850,36,351,Charalampos Kostoulas,Kostoulas,4,0.3,4.8,6,20,Home,2026-05-09T14:00:00Z,3,0,2,0,0,0,0,0,0,0,2,1,0.0,0.0,0.0,0.11,0,0.1,0.4,0.1,0.0,False,a,,,,,2526
182,432720,36,356,James Trafford,Trafford,1,0.9,4.5,13,5,Home,2026-05-09T16:30:00Z,3,0,0,0,0,0,0,0,0,0,0,0,0.0,0.0,0.0,0.0,0,0.0,0.0,0.0,0.0,,a,,,,,2526
182,432720,36,307,James Trafford,Trafford,1,0.9,4.5,13,8,Home,2026-05-13T19:00:00Z,3,0,0,0,0,0,0,0,0,0,0,0,0.0,0.0,0.0,0.0,0,0.0,0.0,0.0,0.0,,a,,,,,2526
183,518030,36,352,Max Weiß,Weiss,1,0.1,4.2,3,2,Home,2026-05-10T13:00:00Z,2,2,90,0,0,0,2,0,0,0,13,2,0.0,0.0,0.0,1.44,0,3.1,30.8,0.0,0.0,False,a,,,,,2526
184,489571,36,352,Etienne Green,Green,1,0.2,4.0,3,2,Home,2026-05-10T13:00:00Z,2,2,0,0,0,0,0,0,0,0,0,0,0.0,0.0,0.0,0.0,0,0.0,0.0,0.0,0.0,False,u,has joined FC Fredericia permanently.,,,,2526
185,51943,36,352,Václav Hladký,Hladký,1,0.1,3.9,3,2,Home,2026-05-10T13:00:00Z,2,2,0,0,0,0,0,0,0,0,0,0,0.0,0.0,0.0,0.0,0,0.0,0.0,0.0,0.0,False,a,,,,,2526
186,192290,36,352,Connor Roberts,Roberts,2,0.0,4.3,3,2,Home,2026-05-10T13:00:00Z,2,2,0,0,0,0,0,0,0,0,0,0,0.0,0.0,0.0,0.0,0,0.0,0.0,0.0,0.0,False,i,Achilles injury - Unknown return date,,,,2526
187,58621,36,352,Kyle Walker,Walker,2,1.1,4.4,3,2,Home,2026-05-10T13:00:00Z,2,2,90,0,0,0,2,0,0,0,8,1,0.0,0.01,0.01,1.44,7,1.8,13.6,4.0,0.0,False,a,,,,,2526
188,247245,36,352,Hannes Delcroix,Delcroix,2,0.2,3.8,3,2,Home,2026-05-10T13:00:00Z,2,2,0,0,0,0,0,0,0,0,0,0,0.0,0.0,0.0,0.0,0,0.0,0.0,0.0,0.0,False,u,has joined Lugano permanently.,,,,2526
189,461567,36,352,Owen Dodgson,Dodgson,2,0.0,4.0,3,2,Home,2026-05-10T13:00:00Z,2,2,0,0,0,0,0,0,0,0,0,0,0.0,0.0,0.0,0.0,0,0.0,0.0,0.0,0.0,False,u,Has joined Stockport County on loan for the rest of the season.,,,,2526
190,478969,36,352,Hjalmar Ekdal,Ekdal,2,0.7,3.8,3,2,Home,2026-05-10T13:00:00Z,2,2,0,0,0,0,0,0,0,0,0,0,0.0,0.0,0.0,0.0,0,0.0,0.0,0.0,0.0,False,a,,,,,2526
191,477717,36,352,Maxime Estève,Estève,2,6.8,3.9,3,2,Home,2026-05-10T13:00:00Z,2,2,90,0,0,0,2,0,0,0,5,3,0.0,0.01,0.01,1.44,12,2.3,23.2,0.2,0.0,False,a,,,,,2526
192,494960,36,352,Quilindschy Hartman,Hartman,2,0.6,4.0,3,2,Home,2026-05-10T13:00:00Z,2,2,0,0,0,0,0,0,0,0,0,0,0.0,0.0,0.0,0.0,0,0.0,0.0,0.0,0.0,False,a,,,,,2526
193,461188,36,352,Bashir Humphreys,Humphreys,2,0.1,3.9,3,2,Home,2026-05-10T13:00:00Z,2,2,0,0,0,0,0,0,0,0,0,0,0.0,0.0,0.0,0.0,0,0.0,0.0,0.0,0.0,False,a,,,,,2526
194,241231,36,352,Jordan Beyer,Jordan,2,0.1,3.9,3,2,Home,2026-05-10T13:00:00Z,2,2,0,0,0,0,0,0,0,0,0,0,0.0,0.0,0.0,0.0,0,0.0,0.0,0.0,0.0,False,i,Hamstring injury - Unknown return date,,,,2526
195,549329,36,352,Lucas Pires Silva,Lucas Pires,2,0.3,3.8,3,2,Home,2026-05-10T13:00:00Z,2,2,90,0,0,0,2,0,0,0,3,1,0.0,0.06,0.06,1.44,6,3.3,19.4,11.5,2.0,False,a,,,,,2526
196,450072,36,352,Shurandy Sambo,Sambo,2,0.0,4.0,3,2,Home,2026-05-10T13:00:00Z,2,2,0,0,0,0,0,0,0,0,0,0,0.0,0.0,0.0,0.0,0,0.0,0.0,0.0,0.0,False,u,has joined Sparta Rotterdam on loan for the rest of the season.,,,,2526
197,519895,36,352,Oliver Sonne,Sonne,2,0.2,3.8,3,2,Home,2026-05-10T13:00:00Z,2,2,0,0,0,0,0,0,0,0,0,0,0.0,0.0,0.0,0.0,0,0.0,0.0,0.0,0.0,False,u,has joined Sparta Prague on loan for the rest of the season.,,,,2526
198,180804,36,352,Axel Tuanzebe,Tuanzebe,2,0.9,3.9,3,2,Home,2026-05-10T13:00:00Z,2,2,90,0,0,0,2,0,0,0,2,3,0.0,0.0,0.0,1.44,10,1.7,17.0,0.3,0.0,False,a,,,,,2526
199,208912,36,352,Joe Worrall,Worrall,2,0.2,3.8,3,2,Home,2026-05-10T13:00:00Z,2,2,0,0,0,0,0,0,0,0,0,0,0.0,0.0,0.0,0.0,0,0.0,0.0,0.0,0.0,False,a,,,,,2526
200,444180,36,352,Jaidon Anthony,Anthony,3,1.8,5.0,3,2,Home,2026-05-10T13:00:00Z,2,2,87,1,0,0,2,0,0,0,26,7,0.57,0.01,0.58,1.34,6,7.7,39.0,2.3,36.0,False,a,,2.0,,,2526
201,183751,36,352,Manuel Benson Hedilazio,Benson,3,0.0,5.4,3,2,Home,2026-05-10T13:00:00Z,2,2,0,0,0,0,0,0,0,0,0,0,0.0,0.0,0.0,0.0,0,0.0,0.0,0.0,0.0,False,u,has joined Maccabi Haifa permanently.,,,,2526
202,179458,36,352,Jacob Bruun Larsen,Bruun Larsen,3,0.0,5.2,3,2,Home,2026-05-10T13:00:00Z,2,2,3,0,0,0,0,0,0,0,4,1,0.0,0.07,0.07,0.1,0,2.1,4.2,14.3,2.0,False,a,,,2.0,3.0,2526
203,578614,36,352,Enock Agyei,Boateng,3,0.0,4.7,3,2,Home,2026-05-10T13:00:00Z,2,2,0,0,0,0,0,0,0,0,0,0,0.0,0.0,0.0,0.0,0,0.0,0.0,0.0,0.0,False,a,,,,,2526
204,250735,36,352,Darko Churlinov,Churlinov,3,0.0,4.9,3,2,Home,2026-05-10T13:00:00Z,2,2,0,0,0,0,0,0,0,0,0,0,0.0,0.0,0.0,0.0,0,0.0,0.0,0.0,0.0,False,u,has joined Kocaelispor  permanently.,,,,2526
205,172567,36,352,Josh Cullen,Cullen,3,0.8,4.9,3,2,Home,2026-05-10T13:00:00Z,2,2,0,0,0,0,0,0,0,0,0,0,0.0,0.0,0.0,0.0,0,0.0,0.0,0.0,0.0,False,i,Knee injury - Expected back 30 Sep,,,,2526
206,174592,36,352,Marcus Edwards,Edwards,3,0.1,4.7,3,2,Home,2026-05-10T13:00:00Z,2,2,0,0,0,0,0,0,0,0,0,0,0.0,0.0,0.0,0.0,0,0.0,0.0,0.0,0.0,False,a,,,3.0,,2526
207,465527,36,352,Hannibal Mejbri,Hannibal,3,0.1,4.7,3,2,Home,2026-05-10T13:00:00Z,2,2,68,0,1,0,2,0,0,0,26,5,0.02,0.42,0.43,1.17,8,8.4,31.0,43.4,10.0,False,d,Fatigue - 75% chance of playing,,,,2526
208,487702,36,352,Luca Koleosho,Koleosho,3,0.0,5.0,3,2,Home,2026-05-10T13:00:00Z,2,2,0,0,0,0,0,0,0,0,0,0,0.0,0.0,0.0,0.0,0,0.0,0.0,0.0,0.0,False,u,has joined Paris FC on loan for the rest of the season.,,,,2526
209,167887,36,352,Josh Laurent,Laurent,3,0.0,4.8,3,2,Home,2026-05-10T13:00:00Z,2,2,11,0,0,0,0,0,0,0,3,1,0.0,0.0,0.0,0.1,3,0.3,2.4,0.9,0.0,False,a,,,,,2526
210,469272,36,352,Loum Tchaouna,Tchaouna,3,0.0,4.8,3,2,Home,2026-05-10T13:00:00Z,2,2,90,0,0,0,2,0,0,0,22,4,0.04,0.1,0.14,1.44,12,6.3,20.0,29.7,13.0,False,a,,,4.0,,2526
211,447715,36,352,Aaron Ramsey,A.Ramsey,3,1.4,4.4,3,2,Home,2026-05-10T13:00:00Z,2,2,0,0,0,0,0,0,0,0,0,0,0.0,0.0,0.0,0.0,0,0.0,0.0,0.0,0.0,False,u,has joined Leicester City on loan for the rest of the season.,,,,2526
212,576323,36,352,Oluwaseun Adewumi,Adewumi,3,0.0,4.5,3,2,Home,2026-05-10T13:00:00Z,2,2,0,0,0,0,0,0,0,0,0,0,0.0,0.0,0.0,0.0,0,0.0,0.0,0.0,0.0,False,u,Has joined Cercle Brugge on loan for the rest of the season.,,,,2526
213,551206,36,352,Jaydon Banel,Banel,3,0.0,4.5,3,2,Home,2026-05-10T13:00:00Z,2,2,0,0,0,0,0,0,0,0,0,0,0.0,0.0,0.0,0.0,0,0.0,0.0,0.0,0.0,False,u,has joined Derby County on loan for the rest of the season.,,,,2526
214,437748,36,352,Mike Trésor Ndayishimiye,Trésor,3,0.1,4.3,3,2,Home,2026-05-10T13:00:00Z,2,2,0,0,0,0,0,0,0,0,0,0,0.0,0.0,0.0,0.0,0,0.0,0.0,0.0,0.0,False,a,,,,,2526
215,431639,36,352,Zian Flemming,Flemming,4,0.3,5.3,3,2,Home,2026-05-10T13:00:00Z,2,2,79,1,0,0,2,1,0,0,20,5,0.97,0.0,0.97,1.34,5,6.7,30.2,0.3,36.0,False,a,,,5.0,1.0,2526
216,492831,36,352,Zeki Amdouni,Amdouni,4,0.0,4.8,3,2,Home,2026-05-10T13:00:00Z,2,2,11,0,0,0,0,0,0,0,2,1,0.17,0.0,0.17,0.1,1,1.2,1.2,0.0,11.0,False,a,,,,,2526
217,435973,36,352,Lyle Foster,Foster,4,0.7,4.9,3,2,Home,2026-05-10T13:00:00Z,2,2,21,0,0,0,0,0,0,0,1,1,0.0,0.0,0.0,0.26,1,0.6,0.0,0.0,6.0,False,a,,,,,2526
218,44699,36,352,Ashley Barnes,Barnes,4,1.2,4.2,3,2,Home,2026-05-10T13:00:00Z,2,2,0,0,0,0,0,0,0,0,0,0,0.0,0.0,0.0,0.0,0,0.0,0.0,0.0,0.0,False,a,,,,2.0,2526
219,220598,36,352,Michael Obafemi,Obafemi,4,0.1,4.4,3,2,Home,2026-05-10T13:00:00Z,2,2,0,0,0,0,0,0,0,0,0,0,0.0,0.0,0.0,0.0,0,0.0,0.0,0.0,0.0,False,u,has joined Blackpool on loan for the rest of the season.,,,,2526
220,215059,36,355,Robert Lynch Sánchez,Sánchez,1,10.3,4.8,7,12,Away,2026-05-09T11:30:00Z,1,1,0,0,0,0,0,0,0,0,0,0,0.0,0.0,0.0,0.0,0,0.0,0.0,0.0,0.0,False,d,Head injury - 75% chance of playing,,,,2526
221,508479,36,355,Filip Jörgensen,Jörgensen,1,0.2,4.3,7,12,Away,2026-05-09T11:30:00Z,1,1,90,0,0,0,1,0,0,0,11,2,0.0,0.0,0.0,0.56,0,2.0,19.8,0.0,0.0,False,a,,,,,2526
222,549939,36,355,Mike Penders,Penders,1,0.0,4.0,7,12,Away,2026-05-09T11:30:00Z,1,1,0,0,0,0,0,0,0,0,0,0,0.0,0.0,0.0,0.0,0,0.0,0.0,0.0,0.0,False,u,Has joined RC Strasbourg on loan for the rest of the season.,,,,2526
223,471798,36,355,Gabriel Słonina,Slonina,1,0.1,3.9,7,12,Away,2026-05-09T11:30:00Z,1,1,0,0,0,0,0,0,0,0,0,0,0.0,0.0,0.0,0.0,0,0.0,0.0,0.0,0.0,False,a,,,,,2526
224,179268,36,355,Marc Cucurella Saseta,Cucurella,2,14.4,6.1,7,12,Away,2026-05-09T11:30:00Z,1,1,90,0,0,0,1,1,0,0,2,1,0.03,0.03,0.06,0.56,1,5.5,7.0,20.5,27.0,False,a,,,,,2526
225,225796,36,355,Reece James,James,2,5.9,5.6,7,12,Away,2026-05-09T11:30:00Z,1,1,27,0,0,0,0,0,0,0,9,1,0.0,0.01,0.01,0.05,4,0.9,7.6,1.3,0.0,False,a,,1.0,1.0,,2526
226,180736,36,355,Trevoh Chalobah,Chalobah,2,8.9,5.4,7,12,Away,2026-05-09T11:30:00Z,1,1,0,0,0,0,0,0,0,0,0,0,0.0,0.0,0.0,0.0,0,0.0,0.0,0.0,0.0,False,a,,,,,2526
227,460028,36,355,Levi Samuels Colwill,Colwill,2,0.1,4.7,7,12,Away,2026-05-09T11:30:00Z,1,1,90,0,0,0,1,0,0,0,14,4,0.0,0.01,0.01,0.56,11,2.9,27.0,1.7,0.0,False,a,,,,,2526
228,482609,36,355,Malo Gusto,Gusto,2,1.8,4.8,7,12,Away,2026-05-09T11:30:00Z,1,1,90,0,0,0,1,0,0,0,7,2,0.0,0.02,0.02,0.56,4,1.6,5.0,3.4,8.0,False,a,,,,,2526
229,242880,36,355,Benoît Badiashile Mukinayi,B.Badiashile,2,0.0,4.4,7,12,Away,2026-05-09T11:30:00Z,1,1,0,0,0,0,0,0,0,0,0,0,0.0,0.0,0.0,0.0,0,0.0,0.0,0.0,0.0,False,a,,,,,2526
230,444463,36,355,Wesley Fofana,Fofana,2,0.4,4.4,7,12,Away,2026-05-09T11:30:00Z,1,1,90,0,1,0,1,0,0,0,19,5,0.0,0.0,0.0,0.56,3,0.9,7.8,0.8,0.0,False,a,,,,,2526
231,574458,36,355,Mamadou Sarr,M.Sarr,2,0.0,4.5,7,12,Away,2026-05-09T11:30:00Z,1,1,0,0,0,0,0,0,0,0,0,0,0.0,0.0,0.0,0.0,0,0.0,0.0,0.0,0.0,False,a,,,,,2526
232,109646,36,355,Tosin Adarabioyo,Tosin,2,0.3,4.0,7,12,Away,2026-05-09T11:30:00Z,1,1,0,0,0,0,0,0,0,0,0,0,0.0,0.0,0.0,0.0,0,0.0,0.0,0.0,0.0,False,a,,,,,2526
233,577016,36,355,Josh Acheampong,Acheampong,2,1.7,3.7,7,12,Away,2026-05-09T11:30:00Z,1,1,0,0,0,0,0,0,0,0,0,0,0.0,0.0,0.0,0.0,0,0.0,0.0,0.0,0.0,False,a,,,,,2526
234,622758,36,355,Aarón Anselmino,Anselmino,2,0.1,4.0,7,12,Away,2026-05-09T11:30:00Z,1,1,0,0,0,0,0,0,0,0,0,0,0.0,0.0,0.0,0.0,0,0.0,0.0,0.0,0.0,False,u,has joined Strasbourg on loan for the rest of the season.,,,,2526
235,244851,36,355,Cole Palmer,Palmer,3,12.5,10.3,7,12,Away,2026-05-09T11:30:00Z,1,1,90,0,0,0,1,0,0,0,13,2,0.0,0.05,0.05,0.56,4,2.1,9.2,9.4,2.0,False,a,,,3.0,1.0,2526
236,247632,36,355,Pedro Lomba Neto,Neto,3,3.9,7.0,7,12,Away,2026-05-09T11:30:00Z,1,1,0,0,0,0,0,0,0,0,0,0,0.0,0.0,0.0,0.0,0,0.0,0.0,0.0,0.0,False,d,Knock - 75% chance of playing,2.0,4.0,,2526
237,448047,36,355,Enzo Fernández,Enzo,3,10.8,6.4,7,12,Away,2026-05-09T11:30:00Z,1,1,90,1,0,0,1,1,0,2,24,8,0.29,0.04,0.33,0.56,2,6.6,35.0,5.4,26.0,False,a,,3.0,2.0,2.0,2526
238,624773,36,355,Estêvão Almeida de Oliveira Gonçalves,Estêvão,3,1.7,6.4,7,12,Away,2026-05-09T11:30:00Z,1,1,0,0,0,0,0,0,0,0,0,0,0.0,0.0,0.0,0.0,0,0.0,0.0,0.0,0.0,False,i,Hamstring injury - Expected back 01 Jun,4.0,,3.0,2526
239,463936,36,355,Jamie Bynoe-Gittens,Gittens,3,0.1,6.0,7,12,Away,2026-05-09T11:30:00Z,1,1,0,0,0,0,0,0,0,0,0,0,0.0,0.0,0.0,0.0,0,0.0,0.0,0.0,0.0,False,d,Hamstring injury - 25% chance of playing,,,,2526
240,213198,36,355,Christopher Nkunku,Nkunku,3,0.1,5.9,7,12,Away,2026-05-09T11:30:00Z,1,1,0,0,0,0,0,0,0,0,0,0,0.0,0.0,0.0,0.0,0,0.0,0.0,0.0,0.0,False,u,has joined AC Milan permanently.,,,,2526
241,486672,36,355,Moisés Caicedo Corozo,Caicedo,3,7.2,5.7,7,12,Away,2026-05-09T11:30:00Z,1,1,90,0,0,0,1,1,0,0,18,1,0.0,0.21,0.21,0.56,10,5.7,17.4,37.1,2.0,False,a,,,,,2526
242,215413,36,353,Kiernan Dewsbury-Hall,Dewsbury-Hall,3,8.2,5.3,9,8,Away,2026-05-10T13:00:00Z,2,2,90,0,1,0,2,0,0,0,10,5,0.43,0.08,0.51,2.54,3,6.3,10.4,23.1,29.0,False,a,,3.0,,,2526
243,550615,36,353,Tyrique George,George,3,0.1,4.8,9,8,Away,2026-05-10T13:00:00Z,2,2,10,0,0,0,0,0,0,0,8,1,0.0,0.01,0.01,0.53,2,1.6,5.2,10.3,0.0,False,a,,,,,2526
244,514356,36,355,Roméo Lavia,Lavia,3,0.0,4.9,7,12,Away,2026-05-09T11:30:00Z,1,1,0,0,0,0,0,0,0,0,0,0,0.0,0.0,0.0,0.0,0,0.0,0.0,0.0,0.0,False,a,,,,,2526
245,465920,36,355,Mykhailo Mudryk,Mudryk,3,0.0,4.9,7,12,Away,2026-05-09T11:30:00Z,1,1,0,0,0,0,0,0,0,0,0,0,0.0,0.0,0.0,0.0,0,0.0,0.0,0.0,0.0,False,s,Suspended - unknown return date,,,,2526
246,532605,36,355,Andrey Nascimento dos Santos,Andrey Santos,3,0.3,4.4,7,12,Away,2026-05-09T11:30:00Z,1,1,62,0,0,0,1,0,0,0,14,2,0.0,0.01,0.01,0.5,3,1.5,5.6,5.3,4.0,False,a,,,,,2526
247,491007,36,355,Dário Luís Essugo,D.Essugo,3,0.1,4.3,7,12,Away,2026-05-09T11:30:00Z,1,1,0,0,0,0,0,0,0,0,0,0,0.0,0.0,0.0,0.0,0,0.0,0.0,0.0,0.0,False,a,,,,,2526
248,611134,36,355,Kendry Páez Andrade,Paez,3,0.0,4.5,7,12,Away,2026-05-09T11:30:00Z,1,1,0,0,0,0,0,0,0,0,0,0,0.0,0.0,0.0,0.0,0,0.0,0.0,0.0,0.0,False,u,has joined River Plate on loan for the rest of the season.,,,,2526
249,475168,36,355,João Pedro Junqueira de Jesus,João Pedro,4,37.9,7.5,7,12,Away,2026-05-09T11:30:00Z,1,1,90,0,0,0,1,0,0,0,10,2,0.17,0.02,0.19,0.56,2,2.2,1.6,2.0,18.0,False,a,,,,,2526
250,463034,36,355,Liam Delap,Delap,4,0.9,6.2,7,12,Away,2026-05-09T11:30:00Z,1,1,0,0,0,0,0,0,0,0,0,0,0.0,0.0,0.0,0.0,0,0.0,0.0,0.0,0.0,False,a,,,,,2526
251,517052,36,355,Nicolas Jackson,N.Jackson,4,0.1,6.5,7,12,Away,2026-05-09T11:30:00Z,1,1,0,0,0,0,0,0,0,0,0,0,0.0,0.0,0.0,0.0,0,0.0,0.0,0.0,0.0,False,u,has joined Bayern Munich on loan for the rest of the season.,,,,2526
252,499309,36,355,Marc Guiu Paz,Marc Guiu,4,5.1,4.0,7,12,Away,2026-05-09T11:30:00Z,1,1,0,0,0,0,0,0,0,0,0,0,0.0,0.0,0.0,0.0,0,0.0,0.0,0.0,0.0,False,a,,,,,2526
253,172649,36,353,Dean Henderson,Henderson,1,9.3,5.1,8,9,Home,2026-05-10T13:00:00Z,2,2,90,0,0,0,2,0,0,0,11,2,0.0,0.0,0.0,1.59,0,3.5,35.0,0.0,0.0,,a,,,,,2526
253,172649,36,307,Dean Henderson,Henderson,1,9.3,5.1,8,13,Away,2026-05-13T19:00:00Z,0,3,90,0,0,0,3,0,0,0,-3,1,0.0,0.0,0.0,1.56,0,0.7,7.2,0.0,0.0,,a,,,,,2526
254,121709,36,353,Walter Benítez,Benitez,1,0.3,3.9,8,9,Home,2026-05-10T13:00:00Z,2,2,0,0,0,0,0,0,0,0,0,0,0.0,0.0,0.0,0.0,0,0.0,0.0,0.0,0.0,,a,,,,,2526
254,121709,36,307,Walter Benítez,Benitez,1,0.3,3.9,8,13,Away,2026-05-13T19:00:00Z,0,3,0,0,0,0,0,0,0,0,0,0,0.0,0.0,0.0,0.0,0,0.0,0.0,0.0,0.0,,a,,,,,2526
255,169593,36,353,Remi Matthews,Matthews,1,0.1,3.9,8,9,Home,2026-05-10T13:00:00Z,2,2,0,0,0,0,0,0,0,0,0,0,0.0,0.0,0.0,0.0,0,0.0,0.0,0.0,0.0,,a,,,,,2526
255,169593,36,307,Remi Matthews,Matthews,1,0.1,3.9,8,13,Away,2026-05-13T19:00:00Z,0,3,0,0,0,0,0,0,0,0,0,0,0.0,0.0,0.0,0.0,0,0.0,0.0,0.0,0.0,,a,,,,,2526
256,247348,36,353,Daniel Muñoz Mejía,Muñoz,2,9.6,5.9,8,9,Home,2026-05-10T13:00:00Z,2,2,90,0,0,0,2,0,0,1,26,2,0.0,0.49,0.49,1.59,7,7.6,26.6,47.8,2.0,,a,,,,,2526
256,247348,36,307,Daniel Muñoz Mejía,Muñoz,2,9.6,5.9,8,13,Away,2026-05-13T19:00:00Z,0,3,81,0,0,0,2,0,0,0,0,1,0.0,0.01,0.01,0.96,4,0.6,5.2,0.7,0.0,,a,,,,,2526
257,437499,36,353,Maxence Lacroix,Lacroix,2,7.7,5.2,8,9,Home,2026-05-10T13:00:00Z,2,2,90,0,0,0,2,0,0,0,10,1,0.08,0.02,0.1,1.59,8,6.1,26.4,11.8,23.0,,a,,,,,2526
257,437499,36,307,Maxence Lacroix,Lacroix,2,7.7,5.2,8,13,Away,2026-05-13T19:00:00Z,0,3,90,0,0,0,3,0,0,0,10,3,0.0,0.0,0.0,1.56,13,2.7,27.2,0.0,0.0,,a,,,,,2526
258,244723,36,353,Tyrick Mitchell,Mitchell,2,2.4,5.0,8,9,Home,2026-05-10T13:00:00Z,2,2,90,0,1,0,2,0,0,0,18,4,0.13,0.05,0.18,1.59,8,5.2,22.8,17.8,11.0,,a,,,,,2526
258,244723,36,307,Tyrick Mitchell,Mitchell,2,2.4,5.0,8,13,Away,2026-05-13T19:00:00Z,0,3,90,0,0,0,3,1,0,0,2,2,0.08,0.0,0.08,1.56,10,3.8,21.0,0.2,17.0,,a,,,,,2526
259,218364,36,353,Borna Sosa,Sosa,2,0.1,4.8,8,9,Home,2026-05-10T13:00:00Z,2,2,0,0,0,0,0,0,0,0,0,0,0.0,0.0,0.0,0.0,0,0.0,0.0,0.0,0.0,,d,Knock - 50% chance of playing,,,,2526
259,218364,36,307,Borna Sosa,Sosa,2,0.1,4.8,8,13,Away,2026-05-13T19:00:00Z,0,3,0,0,0,0,0,0,0,0,0,0,0.0,0.0,0.0,0.0,0,0.0,0.0,0.0,0.0,,d,Knock - 50% chance of playing,,,,2526
260,209036,36,356,Marc Guéhi,Guéhi,2,32.8,5.1,13,5,Home,2026-05-09T16:30:00Z,3,0,90,0,0,1,0,0,0,1,33,9,0.0,0.01,0.01,0.24,13,3.2,30.8,1.4,0.0,,a,,,,,2526
260,209036,36,307,Marc Guéhi,Guéhi,2,32.8,5.1,13,8,Home,2026-05-13T19:00:00Z,3,0,90,0,0,1,0,0,0,0,24,6,0.15,0.08,0.23,0.68,3,3.0,12.4,10.5,7.0,,a,,,,,2526
261,427623,36,353,Chris Richards,Richards,2,2.6,4.4,8,9,Home,2026-05-10T13:00:00Z,2,2,90,0,0,0,2,0,0,0,10,3,0.43,0.1,0.53,1.59,10,6.6,27.6,7.1,31.0,,a,,,,,2526
261,427623,36,307,Chris Richards,Richards,2,2.6,4.4,8,13,Away,2026-05-13T19:00:00Z,0,3,90,0,0,0,3,0,0,0,0,1,0.23,0.0,0.23,1.56,9,2.2,14.4,0.1,7.0,,a,,,,,2526
262,515621,36,353,Chadi Riad Dnanou,Chadi Riad,2,0.1,4.0,8,9,Home,2026-05-10T13:00:00Z,2,2,0,0,0,0,0,0,0,0,0,0,0.0,0.0,0.0,0.0,0,0.0,0.0,0.0,0.0,,a,,,,,2526
262,515621,36,307,Chadi Riad Dnanou,Chadi Riad,2,0.1,4.0,8,13,Away,2026-05-13T19:00:00Z,0,3,0,0,0,0,0,0,0,0,0,0,0.0,0.0,0.0,0.0,0,0.0,0.0,0.0,0.0,,a,,,,,2526
263,57328,36,353,Nathaniel Clyne,Clyne,2,0.5,3.8,8,9,Home,2026-05-10T13:00:00Z,2,2,0,0,0,0,0,0,0,0,0,0,0.0,0.0,0.0,0.0,0,0.0,0.0,0.0,0.0,,a,,,,,2526
263,57328,36,307,Nathaniel Clyne,Clyne,2,0.5,3.8,8,13,Away,2026-05-13T19:00:00Z,0,3,8,0,0,0,1,0,0,0,0,1,0.0,0.0,0.0,0.6,3,0.8,8.0,0.1,0.0,,a,,,,,2526
264,156074,36,353,Rob Holding,Holding,2,0.0,4.0,8,9,Home,2026-05-10T13:00:00Z,2,2,0,0,0,0,0,0,0,0,0,0,0.0,0.0,0.0,0.0,0,0.0,0.0,0.0,0.0,,u,Has joined Colorado Rapids permanently.,,,,2526
264,156074,36,307,Rob Holding,Holding,2,0.0,4.0,8,13,Away,2026-05-13T19:00:00Z,0,3,0,0,0,0,0,0,0,0,0,0,0.0,0.0,0.0,0.0,0,0.0,0.0,0.0,0.0,,u,Has joined Colorado Rapids permanently.,,,,2526
265,590012,36,353,Caleb Kporha,Kporha,2,0.0,4.0,8,9,Home,2026-05-10T13:00:00Z,2,2,0,0,0,0,0,0,0,0,0,0,0.0,0.0,0.0,0.0,0,0.0,0.0,0.0,0.0,,a,,,,,2526
265,590012,36,307,Caleb Kporha,Kporha,2,0.0,4.0,8,13,Away,2026-05-13T19:00:00Z,0,3,0,0,0,0,0,0,0,0,0,0,0.0,0.0,0.0,0.0,0,0.0,0.0,0.0,0.0,,a,,,,,2526
266,232413,36,360,Eberechi Eze,Eze,3,8.9,7.3,1,19,Away,2026-05-10T15:30:00Z,1,0,66,0,0,1,0,0,0,0,16,3,0.07,0.03,0.1,0.39,3,3.3,6.2,16.8,10.0,False,a,,,,,2526
267,232185,36,353,Ismaïla Sarr,Sarr,3,6.3,6.4,8,9,Home,2026-05-10T13:00:00Z,2,2,90,1,0,0,2,0,0,0,24,7,0.81,0.02,0.83,1.59,5,13.9,42.6,11.8,85.0,,a,,,,3.0,2526
267,232185,36,307,Ismaïla Sarr,Sarr,3,6.3,6.4,8,13,Away,2026-05-13T19:00:00Z,0,3,30,0,0,0,1,0,0,0,5,1,0.12,0.0,0.12,0.6,2,2.2,3.0,0.3,19.0,,a,,,,3.0,2526
268,438464,36,353,Cheick Doucouré,Doucouré,3,0.0,4.9,8,9,Home,2026-05-10T13:00:00Z,2,2,0,0,0,0,0,0,0,0,0,0,0.0,0.0,0.0,0.0,0,0.0,0.0,0.0,0.0,,i,Lack of match fitness - Expected back 01 Jun,,,,2526
268,438464,36,307,Cheick Doucouré,Doucouré,3,0.0,4.9,8,13,Away,2026-05-13T19:00:00Z,0,3,0,0,0,0,0,0,0,0,0,0,0.0,0.0,0.0,0.0,0,0.0,0.0,0.0,0.0,,i,Lack of match fitness - Expected back 01 Jun,,,,2526
269,606921,36,353,Romain Esse,Esse,3,0.1,4.7,8,9,Home,2026-05-10T13:00:00Z,2,2,0,0,0,0,0,0,0,0,0,0,0.0,0.0,0.0,0.0,0,0.0,0.0,0.0,0.0,,u,has joined Coventry City on loan for the rest of the season.,,,,2526
269,606921,36,307,Romain Esse,Esse,3,0.1,4.7,8,13,Away,2026-05-13T19:00:00Z,0,3,0,0,0,0,0,0,0,0,0,0,0.0,0.0,0.0,0.0,0,0.0,0.0,0.0,0.0,,u,has joined Coventry City on loan for the rest of the season.,,,,2526
270,108413,36,353,Will Hughes,Hughes,3,0.1,4.7,8,9,Home,2026-05-10T13:00:00Z,2,2,0,0,0,0,0,0,0,0,0,0,0.0,0.0,0.0,0.0,0,0.0,0.0,0.0,0.0,,a,,3.0,,,2526
270,108413,36,307,Will Hughes,Hughes,3,0.1,4.7,8,13,Away,2026-05-13T19:00:00Z,0,3,59,0,0,0,2,0,0,0,5,1,0.0,0.22,0.22,0.96,8,2.7,12.8,14.3,0.0,,a,,3.0,,,2526
271,209400,36,353,Daichi Kamada,Kamada,3,0.1,5.0,8,9,Home,2026-05-10T13:00:00Z,2,2,90,0,0,0,2,0,0,0,20,2,0.04,0.68,0.72,1.59,6,5.3,12.4,37.6,3.0,,a,,4.0,,,2526
271,209400,36,307,Daichi Kamada,Kamada,3,0.1,5.0,8,13,Away,2026-05-13T19:00:00Z,0,3,15,0,0,0,1,1,0,0,-1,0,0.03,0.0,0.03,0.6,2,0.7,0.0,0.0,7.0,,a,,4.0,,,2526
272,152551,36,353,Jefferson Lerma Solís,Lerma,3,0.1,4.9,8,9,Home,2026-05-10T13:00:00Z,2,2,10,0,0,0,0,0,0,0,5,1,0.03,0.01,0.04,0.33,2,0.6,2.4,1.6,2.0,,a,,,,,2526
272,152551,36,307,Jefferson Lerma Solís,Lerma,3,0.1,4.9,8,13,Away,2026-05-13T19:00:00Z,0,3,90,0,0,0,3,0,0,0,14,2,0.0,0.0,0.0,1.56,11,1.8,15.8,1.8,0.0,,a,,,,,2526
273,496221,36,353,Adam Wharton,Wharton,3,0.8,5.0,8,9,Home,2026-05-10T13:00:00Z,2,2,90,0,0,0,2,0,0,0,12,4,0.06,0.53,0.59,1.59,16,5.7,19.0,33.0,5.0,,a,,2.0,,,2526
273,496221,36,307,Adam Wharton,Wharton,3,0.8,5.0,8,13,Away,2026-05-13T19:00:00Z,0,3,30,0,0,0,1,0,0,0,8,1,0.0,0.02,0.02,0.6,7,2.9,7.6,21.3,0.0,,a,,2.0,,,2526
274,579075,36,353,Asher Agbinone,Agbinone,3,0.1,4.3,8,9,Home,2026-05-10T13:00:00Z,2,2,0,0,0,0,0,0,0,0,0,0,0.0,0.0,0.0,0.0,0,0.0,0.0,0.0,0.0,,a,,,,,2526
274,579075,36,307,Asher Agbinone,Agbinone,3,0.1,4.3,8,13,Away,2026-05-13T19:00:00Z,0,3,0,0,0,0,0,0,0,0,0,0,0.0,0.0,0.0,0.0,0,0.0,0.0,0.0,0.0,,a,,,,,2526
275,466117,36,353,Naouirou Ahamada,Ahamada,3,0.0,4.3,8,9,Home,2026-05-10T13:00:00Z,2,2,0,0,0,0,0,0,0,0,0,0,0.0,0.0,0.0,0.0,0,0.0,0.0,0.0,0.0,,u,has joined AJ Auxerre permanently.,,,,2526
275,466117,36,307,Naouirou Ahamada,Ahamada,3,0.0,4.3,8,13,Away,2026-05-13T19:00:00Z,0,3,0,0,0,0,0,0,0,0,0,0,0.0,0.0,0.0,0.0,0,0.0,0.0,0.0,0.0,,u,has joined AJ Auxerre permanently.,,,,2526
276,489706,36,353,Justin Devenny,Devenny,3,1.1,4.3,8,9,Home,2026-05-10T13:00:00Z,2,2,0,0,0,0,0,0,0,0,0,0,0.0,0.0,0.0,0.0,0,0.0,0.0,0.0,0.0,,a,,,2.0,4.0,2526
276,489706,36,307,Justin Devenny,Devenny,3,1.1,4.3,8,13,Away,2026-05-13T19:00:00Z,0,3,0,0,0,0,0,0,0,0,0,0,0.0,0.0,0.0,0.0,0,0.0,0.0,0.0,0.0,,a,,,2.0,4.0,2526
277,450535,36,353,Malcolm Ebiowei,Ebiowei,3,0.0,4.5,8,9,Home,2026-05-10T13:00:00Z,2,2,0,0,0,0,0,0,0,0,0,0,0.0,0.0,0.0,0.0,0,0.0,0.0,0.0,0.0,,u,Has joined Blackpool permanently.,,,,2526
277,450535,36,307,Malcolm Ebiowei,Ebiowei,3,0.0,4.5,8,13,Away,2026-05-13T19:00:00Z,0,3,0,0,0,0,0,0,0,0,0,0,0.0,0.0,0.0,0.0,0,0.0,0.0,0.0,0.0,,u,Has joined Blackpool permanently.,,,,2526
278,450542,36,353,Jesurun Rak-Sakyi,J.Rak-Sakyi,3,0.0,4.4,8,9,Home,2026-05-10T13:00:00Z,2,2,0,0,0,0,0,0,0,0,0,0,0.0,0.0,0.0,0.0,0,0.0,0.0,0.0,0.0,,u,has joined Stoke City on loan for the rest of the season.,,,,2526
278,450542,36,307,Jesurun Rak-Sakyi,J.Rak-Sakyi,3,0.0,4.4,8,13,Away,2026-05-13T19:00:00Z,0,3,0,0,0,0,0,0,0,0,0,0,0.0,0.0,0.0,0.0,0,0.0,0.0,0.0,0.0,,u,has joined Stoke City on loan for the rest of the season.,,,,2526
279,536694,36,353,Matheus França de Oliveira,M.França,3,0.0,4.5,8,9,Home,2026-05-10T13:00:00Z,2,2,0,0,0,0,0,0,0,0,0,0,0.0,0.0,0.0,0.0,0,0.0,0.0,0.0,0.0,,u,Has joined CR Vasco da Gama on loan for the rest of the season.,,,,2526
279,536694,36,307,Matheus França de Oliveira,M.França,3,0.0,4.5,8,13,Away,2026-05-13T19:00:00Z,0,3,0,0,0,0,0,0,0,0,0,0,0.0,0.0,0.0,0.0,0,0.0,0.0,0.0,0.0,,u,Has joined CR Vasco da Gama on loan for the rest of the season.,,,,2526
280,531989,36,353,David Ozoh,Ozoh,3,0.0,4.5,8,9,Home,2026-05-10T13:00:00Z,2,2,0,0,0,0,0,0,0,0,0,0,0.0,0.0,0.0,0.0,0,0.0,0.0,0.0,0.0,,u,Has joined Derby County on loan for the rest of the season.,,,,2526
280,531989,36,307,David Ozoh,Ozoh,3,0.0,4.5,8,13,Away,2026-05-13T19:00:00Z,0,3,0,0,0,0,0,0,0,0,0,0,0.0,0.0,0.0,0.0,0,0.0,0.0,0.0,0.0,,u,Has joined Derby County on loan for the rest of the season.,,,,2526
281,530318,36,353,Kaden Rodney,Rodney,3,0.1,4.4,8,9,Home,2026-05-10T13:00:00Z,2,2,0,0,0,0,0,0,0,0,0,0,0.0,0.0,0.0,0.0,0,0.0,0.0,0.0,0.0,,a,,,,,2526
281,530318,36,307,Kaden Rodney,Rodney,3,0.1,4.4,8,13,Away,2026-05-13T19:00:00Z,0,3,0,0,0,0,0,0,0,0,0,0,0.0,0.0,0.0,0.0,0,0.0,0.0,0.0,0.0,,a,,,,,2526
282,574398,36,353,Franco Umeh-Chibueze,Umeh,3,0.0,4.5,8,9,Home,2026-05-10T13:00:00Z,2,2,0,0,0,0,0,0,0,0,0,0,0.0,0.0,0.0,0.0,0,0.0,0.0,0.0,0.0,,u,has joined Portsmouth permanently.,,,,2526
282,574398,36,307,Franco Umeh-Chibueze,Umeh,3,0.0,4.5,8,13,Away,2026-05-13T19:00:00Z,0,3,0,0,0,0,0,0,0,0,0,0,0.0,0.0,0.0,0.0,0,0.0,0.0,0.0,0.0,,u,has joined Portsmouth permanently.,,,,2526
283,231747,36,353,Jean-Philippe Mateta,Mateta,4,8.7,7.6,8,9,Home,2026-05-10T13:00:00Z,2,2,25,1,0,0,0,0,0,0,24,5,0.59,0.0,0.59,0.38,0,5.2,31.0,0.3,21.0,,a,,,,2.0,2526
283,231747,36,307,Jean-Philippe Mateta,Mateta,4,8.7,7.6,8,13,Away,2026-05-13T19:00:00Z,0,3,59,0,0,0,2,0,0,0,4,1,0.0,0.03,0.03,0.96,1,1.4,2.6,11.5,0.0,,a,,,,2.0,2526
284,205533,36,353,Eddie Nketiah,Nketiah,4,0.3,5.4,8,9,Home,2026-05-10T13:00:00Z,2,2,0,0,0,0,0,0,0,0,0,0,0.0,0.0,0.0,0.0,0,0.0,0.0,0.0,0.0,,i,Hamstring injury - Expected back 01 Jun,,,,2526
284,205533,36,307,Eddie Nketiah,Nketiah,4,0.3,5.4,8,13,Away,2026-05-13T19:00:00Z,0,3,0,0,0,0,0,0,0,0,0,0,0.0,0.0,0.0,0.0,0,0.0,0.0,0.0,0.0,,i,Hamstring injury - Expected back 01 Jun,,,,2526
285,199670,36,353,Odsonne Édouard,Édouard,4,0.2,5.0,8,9,Home,2026-05-10T13:00:00Z,2,2,0,0,0,0,0,0,0,0,0,0,0.0,0.0,0.0,0.0,0,0.0,0.0,0.0,0.0,,u,has joined RC Lens permanently.,,,,2526
285,199670,36,307,Odsonne Édouard,Édouard,4,0.2,5.0,8,13,Away,2026-05-13T19:00:00Z,0,3,0,0,0,0,0,0,0,0,0,0,0.0,0.0,0.0,0.0,0,0.0,0.0,0.0,0.0,,u,has joined RC Lens permanently.,,,,2526
286,576980,36,353,Zach Marsh,Marsh,4,0.3,4.4,8,9,Home,2026-05-10T13:00:00Z,2,2,0,0,0,0,0,0,0,0,0,0,0.0,0.0,0.0,0.0,0,0.0,0.0,0.0,0.0,,a,,,,,2526
286,576980,36,307,Zach Marsh,Marsh,4,0.3,4.4,8,13,Away,2026-05-13T19:00:00Z,0,3,0,0,0,0,0,0,0,0,0,0,0.0,0.0,0.0,0.0,0,0.0,0.0,0.0,0.0,,a,,,,,2526
287,111234,36,353,Jordan Pickford,Pickford,1,13.1,5.6,9,8,Away,2026-05-10T13:00:00Z,2,2,90,0,0,0,2,0,0,0,18,3,0.0,0.01,0.01,2.56,0,4.8,48.0,0.0,0.0,False,a,,,,,2526
288,229600,36,353,Mark Travers,Travers,1,0.1,4.2,9,8,Away,2026-05-10T13:00:00Z,2,2,0,0,0,0,0,0,0,0,0,0,0.0,0.0,0.0,0.0,0,0.0,0.0,0.0,0.0,False,a,,,,,2526
289,447325,36,353,Harry Tyrer,Tyrer,1,0.1,3.9,9,8,Away,2026-05-10T13:00:00Z,2,2,0,0,0,0,0,0,0,0,0,0,0.0,0.0,0.0,0.0,0,0.0,0.0,0.0,0.0,False,u,has joined Cardiff City permanently.,,,,2526
290,480455,36,353,Jarrad Branthwaite,Branthwaite,2,0.3,5.3,9,8,Away,2026-05-10T13:00:00Z,2,2,0,0,0,0,0,0,0,0,0,0,0.0,0.0,0.0,0.0,0,0.0,0.0,0.0,0.0,False,i,Hamstring injury - Expected back 01 Jun,,,,2526
291,17761,36,353,James Tarkowski,Tarkowski,2,12.7,5.7,9,8,Away,2026-05-10T13:00:00Z,2,2,90,1,1,0,2,0,0,3,33,15,0.19,0.55,0.74,2.56,13,14.8,77.2,13.7,57.0,True,a,,,,,2526
292,224967,36,353,Vitalii Mykolenko,Mykolenko,2,0.7,4.9,9,8,Away,2026-05-10T13:00:00Z,2,2,90,0,0,0,2,1,0,0,-2,0,0.0,0.07,0.07,2.56,4,2.7,9.4,15.9,2.0,False,a,,,,,2526
293,512462,36,353,Jake O'Brien,O'Brien,2,0.7,4.9,9,8,Away,2026-05-10T13:00:00Z,2,2,90,0,0,0,2,0,0,0,-1,1,0.0,0.01,0.01,2.56,2,1.9,6.6,10.8,2.0,False,a,,,,,2526
294,59949,36,353,Séamus Coleman,Coleman,2,0.1,4.2,9,8,Away,2026-05-10T13:00:00Z,2,2,0,0,0,0,0,0,0,0,0,0,0.0,0.0,0.0,0.0,0,0.0,0.0,0.0,0.0,False,a,,,,,2526
295,106611,36,353,Michael Keane,Keane,2,3.2,4.5,9,8,Away,2026-05-10T13:00:00Z,2,2,90,0,0,0,2,0,0,0,4,1,0.2,0.0,0.2,2.56,8,5.1,23.0,0.3,28.0,False,a,,,,,2526
296,243571,36,353,Nathan Patterson,Patterson,2,0.0,4.4,9,8,Away,2026-05-10T13:00:00Z,2,2,0,0,0,0,0,0,0,0,0,0,0.0,0.0,0.0,0.0,0,0.0,0.0,0.0,0.0,False,a,,,,,2526
297,496178,36,353,Roman Dixon,Dixon,2,0.2,3.8,9,8,Away,2026-05-10T13:00:00Z,2,2,0,0,0,0,0,0,0,0,0,0,0.0,0.0,0.0,0.0,0,0.0,0.0,0.0,0.0,False,u,has joined Stockport County on loan for the rest of the season.,,,,2526
298,474907,36,353,Reece Welch,Welch,2,0.1,3.8,9,8,Away,2026-05-10T13:00:00Z,2,2,0,0,0,0,0,0,0,0,0,0,0.0,0.0,0.0,0.0,0,0.0,0.0,0.0,0.0,False,a,,,,,2526
299,440993,36,353,Iliman Ndiaye,Ndiaye,3,4.7,6.2,9,8,Away,2026-05-10T13:00:00Z,2,2,90,0,0,0,2,0,0,0,11,2,0.36,0.07,0.43,2.56,7,6.4,13.8,14.2,36.0,False,a,,,,1.0,2526
300,433154,36,353,Dwight McNeil,McNeil,3,0.1,5.5,9,8,Away,2026-05-10T13:00:00Z,2,2,0,0,0,0,0,0,0,0,0,0,0.0,0.0,0.0,0.0,0,0.0,0.0,0.0,0.0,False,a,,2.0,,,2526
301,502697,36,353,Carlos Alcaraz Durán,Alcaraz,3,0.1,5.2,9,8,Away,2026-05-10T13:00:00Z,2,2,1,0,0,0,0,0,0,0,3,1,0.04,0.0,0.04,0.03,1,0.7,5.0,0.0,2.0,False,a,,,,,2526
302,80801,36,353,Idrissa Gana Gueye,Gana,3,0.1,5.4,9,8,Away,2026-05-10T13:00:00Z,2,2,0,0,0,0,0,0,0,0,0,0,0.0,0.0,0.0,0.0,0,0.0,0.0,0.0,0.0,False,d,Knock - 50% chance of playing,,,,2526
303,232928,36,353,James Garner,Garner,3,3.9,5.2,9,8,Away,2026-05-10T13:00:00Z,2,2,90,0,0,0,2,1,0,0,19,1,0.04,0.31,0.35,2.56,7,7.9,19.6,50.8,9.0,False,a,,1.0,3.0,2.0,2526
304,490094,36,353,Tim Iroegbunam,Iroegbunam,3,0.0,4.8,9,8,Away,2026-05-10T13:00:00Z,2,2,90,0,0,0,2,0,0,0,11,2,0.04,0.02,0.06,2.56,8,1.6,8.8,3.0,4.0,False,a,,,,,2526
305,609873,36,353,Harrison Armstrong,Armstrong,3,0.1,4.5,9,8,Away,2026-05-10T13:00:00Z,2,2,0,0,0,0,0,0,0,0,0,0,0.0,0.0,0.0,0.0,0,0.0,0.0,0.0,0.0,False,a,,,,,2526
306,547801,36,353,Callum Bates,Bates,3,0.1,4.3,9,8,Away,2026-05-10T13:00:00Z,2,2,0,0,0,0,0,0,0,0,0,0,0.0,0.0,0.0,0.0,0,0.0,0.0,0.0,0.0,False,a,,,,,2526
307,504296,36,353,Coby Ebere,Ebere,3,0.0,4.4,9,8,Away,2026-05-10T13:00:00Z,2,2,0,0,0,0,0,0,0,0,0,0,0.0,0.0,0.0,0.0,0,0.0,0.0,0.0,0.0,False,a,,,,,2526
308,496279,36,353,Isaac Heath,Heath,3,0.0,4.5,9,8,Away,2026-05-10T13:00:00Z,2,2,0,0,0,0,0,0,0,0,0,0,0.0,0.0,0.0,0.0,0,0.0,0.0,0.0,0.0,False,u,has joined Accrington on loan for the rest of the season.,,,,2526
309,491557,36,353,Jenson Metcalfe,Metcalfe,3,0.0,4.5,9,8,Away,2026-05-10T13:00:00Z,2,2,0,0,0,0,0,0,0,0,0,0,0.0,0.0,0.0,0.0,0,0.0,0.0,0.0,0.0,False,u,Has joined Bradford City permanently.,,,,2526
310,586309,36,353,Thierno Barry,Barry,4,0.8,5.7,9,8,Away,2026-05-10T13:00:00Z,2,2,20,0,0,0,1,0,0,0,3,1,0.0,0.04,0.04,0.95,2,2.1,4.2,11.1,6.0,False,a,,,,,2526
311,486385,36,353,Norberto Bercique Gomes Betuncal,Beto,4,3.4,5.0,9,8,Away,2026-05-10T13:00:00Z,2,2,69,1,0,0,1,0,0,2,31,8,0.29,0.01,0.3,1.62,4,7.1,40.2,1.4,29.0,False,a,,,,3.0,2526
312,491012,36,353,Youssef Ramalho Chermiti,Y.Chermiti,4,0.1,4.9,9,8,Away,2026-05-10T13:00:00Z,2,2,0,0,0,0,0,0,0,0,0,0,0.0,0.0,0.0,0.0,0,0.0,0.0,0.0,0.0,False,u,has joined Rangers permanently.,,,,2526
313,536241,36,353,Martin Sherif,Sherif,4,0.1,4.4,9,8,Away,2026-05-10T13:00:00Z,2,2,0,0,0,0,0,0,0,0,0,0,0.0,0.0,0.0,0.0,0,0.0,0.0,0.0,0.0,False,u,has joined Port Vale on loan for the rest of the season.,,,,2526
314,80201,36,354,Bernd Leno,Leno,1,2.3,5.0,10,4,Home,2026-05-09T14:00:00Z,0,1,90,0,0,0,1,0,0,0,18,3,0.0,0.01,0.01,0.82,0,2.1,20.8,0.0,0.0,False,a,,,,,2526
315,428971,36,354,Steven Benda,Benda,1,0.0,4.0,10,4,Home,2026-05-09T14:00:00Z,0,1,0,0,0,0,0,0,0,0,0,0,0.0,0.0,0.0,0.0,0,0.0,0.0,0.0,0.0,False,u,has joined Feyenoord on loan for the rest of the season.,,,,2526
316,169528,36,354,Antonee Robinson,Robinson,2,0.8,4.9,10,4,Home,2026-05-09T14:00:00Z,0,1,90,0,0,0,1,1,0,0,14,1,0.02,0.02,0.04,0.82,8,4.3,17.4,12.2,13.0,False,a,,,,,2526
317,174874,36,354,Joachim Andersen,Andersen,2,3.3,4.5,10,4,Home,2026-05-09T14:00:00Z,0,1,51,0,0,0,1,0,1,0,-11,-2,0.05,0.01,0.06,0.11,1,0.1,0.0,0.9,4.0,False,s,Suspended until 29 Aug,,,,2526
318,232892,36,354,Calvin Bassey,Bassey,2,0.8,4.4,10,4,Home,2026-05-09T14:00:00Z,0,1,90,0,0,0,1,0,0,0,16,2,0.0,0.01,0.01,0.82,2,3.8,14.6,21.2,2.0,False,a,,,,,2526
319,166477,36,354,Timothy Castagne,Castagne,2,0.2,4.3,10,4,Home,2026-05-09T14:00:00Z,0,1,82,0,0,0,1,0,0,0,20,2,0.0,0.22,0.22,0.78,6,3.4,14.6,15.8,4.0,False,a,,,,,2526
320,219924,36,354,Issa Diop,Diop,2,0.1,4.3,10,4,Home,2026-05-09T14:00:00Z,0,1,45,0,0,0,1,0,0,0,4,1,0.0,0.0,0.0,0.67,1,1.1,7.8,0.8,2.0,False,a,,,,,2526
321,246301,36,354,Jorge Cuenca Barreno,J.Cuenca,2,0.1,4.3,10,4,Home,2026-05-09T14:00:00Z,0,1,0,0,0,0,0,0,0,0,0,0,0.0,0.0,0.0,0.0,0,0.0,0.0,0.0,0.0,False,a,,,,,2526
322,167074,36,354,Kenny Tete,Tete,2,0.2,4.5,10,4,Home,2026-05-09T14:00:00Z,0,1,0,0,0,0,0,0,0,0,0,0,0.0,0.0,0.0,0.0,0,0.0,0.0,0.0,0.0,False,a,,,,,2526
323,591385,36,354,Samuel Amissah,Amissah,2,0.1,3.8,10,4,Home,2026-05-09T14:00:00Z,0,1,0,0,0,0,0,0,0,0,0,0,0.0,0.0,0.0,0.0,0,0.0,0.0,0.0,0.0,False,a,,,,,2526
324,153133,36,354,Alex Iwobi,Iwobi,3,1.1,6.1,10,4,Home,2026-05-09T14:00:00Z,0,1,0,0,0,0,0,0,0,0,0,0,0.0,0.0,0.0,0.0,0,0.0,0.0,0.0,0.0,False,a,,2.0,,,2526
325,209289,36,354,Emile Smith Rowe,Smith Rowe,3,0.5,5.6,10,4,Home,2026-05-09T14:00:00Z,0,1,45,0,0,0,0,0,0,0,5,1,0.09,0.0,0.09,0.14,5,1.3,2.0,1.5,9.0,False,a,,,,,2526
326,159533,36,360,Adama Traoré Diarra,Adama,3,0.2,5.1,19,1,Home,2026-05-10T15:30:00Z,0,1,0,0,0,0,0,0,0,0,0,0,0.0,0.0,0.0,0.0,0,0.0,0.0,0.0,0.0,False,d,Knock - 50% chance of playing,,,,2526
327,156689,36,354,Andreas Hoelgebaum Pereira,Andreas,3,0.1,5.3,10,4,Home,2026-05-09T14:00:00Z,0,1,0,0,0,0,0,0,0,0,0,0,0.0,0.0,0.0,0.0,0,0.0,0.0,0.0,0.0,False,u,has joined Palmeiras permanently.,,,,2526
328,184349,36,354,Ryan Sessegnon,Sessegnon,3,0.1,5.4,10,4,Home,2026-05-09T14:00:00Z,0,1,0,0,0,0,0,0,0,0,0,0,0.0,0.0,0.0,0.0,0,0.0,0.0,0.0,0.0,False,i,Muscle injury - Unknown return date,,,,2526
329,153682,36,354,Harry Wilson,Wilson,3,19.1,5.9,10,4,Home,2026-05-09T14:00:00Z,0,1,61,0,0,0,1,0,0,0,12,2,0.03,0.17,0.2,0.44,5,4.2,4.8,29.9,7.0,False,a,,1.0,1.0,3.0,2526
330,207189,36,354,Sander Berge,Berge,3,0.1,4.9,10,4,Home,2026-05-09T14:00:00Z,0,1,0,0,0,0,0,0,0,0,0,0,0.0,0.0,0.0,0.0,0,0.0,0.0,0.0,0.0,False,a,,,,,2526
331,76357,36,354,Tom Cairney,Cairney,3,0.0,4.8,10,4,Home,2026-05-09T14:00:00Z,0,1,75,0,0,0,1,0,0,0,19,2,0.03,0.09,0.12,0.44,5,4.6,15.0,26.8,4.0,False,a,,,,,2526
332,212314,36,354,Saša Lukić,Lukić,3,0.1,4.9,10,4,Home,2026-05-09T14:00:00Z,0,1,90,0,0,0,1,1,0,0,12,1,0.04,0.12,0.16,0.82,5,5.2,16.2,18.1,18.0,False,a,,3.0,,,2526
333,573062,36,354,Martial Godo,Godo,3,0.0,4.5,10,4,Home,2026-05-09T14:00:00Z,0,1,0,0,0,0,0,0,0,0,0,0,0.0,0.0,0.0,0.0,0,0.0,0.0,0.0,0.0,False,u,has joined Strasbourg permanently.,,,,2526
334,515024,36,354,Luke Harris,Harris,3,0.0,4.5,10,4,Home,2026-05-09T14:00:00Z,0,1,0,0,0,0,0,0,0,0,0,0,0.0,0.0,0.0,0.0,0,0.0,0.0,0.0,0.0,False,u,Has joined Oxford United on loan for the rest of the season.,,,,2526
335,577725,36,354,Josh King,King,3,1.6,4.4,10,4,Home,2026-05-09T14:00:00Z,0,1,14,0,0,0,0,1,0,0,8,0,0.06,0.03,0.09,0.38,3,1.3,4.8,4.1,4.0,False,a,,,,,2526
336,153366,36,354,Harrison Reed,Reed,3,0.3,4.3,10,4,Home,2026-05-09T14:00:00Z,0,1,0,0,0,0,0,0,0,0,0,0,0.0,0.0,0.0,0.0,0,0.0,0.0,0.0,0.0,False,a,,,,,2526
337,102057,36,354,Raúl Jiménez Rodríguez,Raúl,4,1.9,6.0,10,4,Home,2026-05-09T14:00:00Z,0,1,0,0,0,0,0,0,0,0,0,0,0.0,0.0,0.0,0.0,0,0.0,0.0,0.0,0.0,False,a,,,2.0,1.0,2526
338,244042,36,354,Rodrigo Muniz Carvalho,Muniz,4,0.7,5.3,10,4,Home,2026-05-09T14:00:00Z,0,1,90,0,0,0,1,1,0,0,-5,1,0.71,0.0,0.71,0.82,0,0.8,0.0,0.1,18.0,False,a,,,,,2526
339,437495,36,359,Illan Meslier,Meslier,1,0.3,4.1,11,18,Away,2026-05-11T19:00:00Z,1,1,0,0,0,0,0,0,0,0,0,0,0.0,0.0,0.0,0.0,0,0.0,0.0,0.0,0.0,False,a,,,,,2526
340,97846,36,359,Alex Cairns,Cairns,1,0.1,3.9,11,18,Away,2026-05-11T19:00:00Z,1,1,0,0,0,0,0,0,0,0,0,0,0.0,0.0,0.0,0.0,0,0.0,0.0,0.0,0.0,False,a,,,,,2526
341,59735,36,359,Karl Darlow,Darlow,1,6.7,4.0,11,18,Away,2026-05-11T19:00:00Z,1,1,90,0,0,0,1,0,0,0,7,2,0.0,0.0,0.0,1.27,0,1.2,12.4,0.0,0.0,False,a,,,,,2526
342,226182,36,359,Jayden Bogle,Bogle,2,0.5,4.4,11,18,Away,2026-05-11T19:00:00Z,1,1,0,0,0,0,0,0,0,0,0,0,0.0,0.0,0.0,0.0,0,0.0,0.0,0.0,0.0,False,i,Hamstring injury - Unknown return date,,,,2526
343,222694,36,359,Pascal Struijk,Struijk,2,2.2,4.2,11,18,Away,2026-05-11T19:00:00Z,1,1,55,0,0,0,1,0,0,0,9,1,0.04,0.01,0.05,0.87,5,1.7,10.4,0.2,6.0,False,d,Hip injury - 50% chance of playing,,,,2526
344,434752,36,359,Jaka Bijol,Bijol,2,1.1,3.9,11,18,Away,2026-05-11T19:00:00Z,1,1,90,0,0,0,1,0,0,1,17,5,0.0,0.1,0.1,1.27,16,5.3,39.8,10.7,2.0,False,a,,,,,2526
345,437738,36,359,Sebastiaan Bornauw,Bornauw,2,0.1,3.8,11,18,Away,2026-05-11T19:00:00Z,1,1,34,0,0,0,0,0,0,0,8,1,0.0,0.0,0.0,0.4,5,0.9,9.0,0.4,0.0,False,a,,,,,2526
346,113564,36,359,Sam Byram,Byram,2,0.4,3.7,11,18,Away,2026-05-11T19:00:00Z,1,1,0,0,0,0,0,0,0,0,0,0,0.0,0.0,0.0,0.0,0,0.0,0.0,0.0,0.0,False,a,,,,,2526
347,243526,36,359,Gabriel Gudmundsson,Gudmundsson,2,2.6,3.8,11,18,Away,2026-05-11T19:00:00Z,1,1,0,0,0,0,0,0,0,0,0,0,0.0,0.0,0.0,0.0,0,0.0,0.0,0.0,0.0,False,d,Hamstring injury - 50% chance of playing,,,,2526
348,214225,36,359,Joe Rodon,Rodon,2,2.9,3.9,11,18,Away,2026-05-11T19:00:00Z,1,1,90,0,0,0,1,1,0,0,6,1,0.06,0.06,0.12,1.27,8,5.7,23.8,15.8,17.0,False,a,,,,,2526
349,492368,36,359,Isaac Schmidt,Schmidt,2,0.1,4.0,11,18,Away,2026-05-11T19:00:00Z,1,1,0,0,0,0,0,0,0,0,0,0,0.0,0.0,0.0,0.0,0,0.0,0.0,0.0,0.0,False,u,has joined Werder Bremen on loan for the rest of the season.,,,,2526
350,427637,36,359,Brenden Aaronson,Aaronson,3,1.0,5.4,11,18,Away,2026-05-11T19:00:00Z,1,1,62,0,0,0,1,0,0,0,10,2,0.0,0.15,0.15,1.07,4,3.1,13.2,15.6,2.0,False,a,,,,,2526
351,492859,36,359,Wilfried Gnonto,Gnonto,3,0.1,5.1,11,18,Away,2026-05-11T19:00:00Z,1,1,27,0,0,0,0,0,0,0,7,1,0.0,0.01,0.01,0.2,2,1.5,3.6,11.3,0.0,False,a,,,,,2526
352,221399,36,359,Jack Harrison,Harrison,3,0.0,5.1,11,18,Away,2026-05-11T19:00:00Z,1,1,0,0,0,0,0,0,0,0,0,0,0.0,0.0,0.0,0.0,0,0.0,0.0,0.0,0.0,False,u,has joined ACF Fiorentina on loan for the rest of the season.,,,,2526
353,200617,36,359,Daniel James,James,3,0.1,5.2,11,18,Away,2026-05-11T19:00:00Z,1,1,62,0,0,0,1,0,0,0,7,2,0.03,0.09,0.12,1.07,4,2.5,8.8,14.8,1.0,False,a,,,,,2526
354,199598,36,359,Ethan Ampadu,Ampadu,3,0.6,4.9,11,18,Away,2026-05-11T19:00:00Z,1,1,90,0,1,0,1,0,0,3,28,10,0.0,0.02,0.02,1.27,13,2.3,16.4,4.3,2.0,False,d,Illness - 50% chance of playing,,,,2526
355,248937,36,359,Sam Greenwood,Greenwood,3,0.0,4.9,11,18,Away,2026-05-11T19:00:00Z,1,1,0,0,0,0,0,0,0,0,0,0,0.0,0.0,0.0,0.0,0,0.0,0.0,0.0,0.0,False,u,has joined Pogon Szczecin permanently.,,,,2526
356,486520,36,359,Ilia Gruev,Gruev,3,0.1,4.7,11,18,Away,2026-05-11T19:00:00Z,1,1,0,0,0,0,0,0,0,0,0,0,0.0,0.0,0.0,0.0,0,0.0,0.0,0.0,0.0,False,i,Knee injury - Expected back 01 Jun,4.0,,,2526
357,433952,36,359,Largie Ramazani,Ramazani,3,0.0,4.9,11,18,Away,2026-05-11T19:00:00Z,1,1,0,0,0,0,0,0,0,0,0,0,0.0,0.0,0.0,0.0,0,0.0,0.0,0.0,0.0,False,u,has joined Valencia on loan for the rest of the season.,,,,2526
358,248056,36,359,Tanaka Ao,Tanaka,3,0.2,4.8,11,18,Away,2026-05-11T19:00:00Z,1,1,90,0,0,0,1,0,0,1,17,5,0.03,0.01,0.04,1.17,19,2.0,12.8,5.7,1.0,False,a,,,,,2526
359,536119,36,359,Charlie Crew,Crew,3,0.0,4.5,11,18,Away,2026-05-11T19:00:00Z,1,1,0,0,0,0,0,0,0,0,0,0,0.0,0.0,0.0,0.0,0,0.0,0.0,0.0,0.0,False,u,Has joined Doncaster Rovers on loan for the rest of the season.,,,,2526
360,462635,36,359,Joe Gelhardt,Gelhardt,3,0.0,4.5,11,18,Away,2026-05-11T19:00:00Z,1,1,0,0,0,0,0,0,0,0,0,0,0.0,0.0,0.0,0.0,0,0.0,0.0,0.0,0.0,False,u,Has joined Hull City on loan for the rest of the season.,,,,2526
361,470294,36,359,Darko Gyabi,Gyabi,3,0.0,4.5,11,18,Away,2026-05-11T19:00:00Z,1,1,0,0,0,0,0,0,0,0,0,0,0.0,0.0,0.0,0.0,0,0.0,0.0,0.0,0.0,False,u,has joined Hull City permanently.,,,,2526
362,235826,36,359,Joël Piroe,Piroe,4,0.3,4.9,11,18,Away,2026-05-11T19:00:00Z,1,1,0,0,0,0,0,0,0,0,0,0,0.0,0.0,0.0,0.0,0,0.0,0.0,0.0,0.0,False,a,,,,3.0,2526
363,106617,36,359,Patrick Bamford,Bamford,4,0.3,4.9,11,18,Away,2026-05-11T19:00:00Z,1,1,0,0,0,0,0,0,0,0,0,0,0.0,0.0,0.0,0.0,0,0.0,0.0,0.0,0.0,False,u,has departed the club as a free agent.,,,,2526
364,565297,36,359,Mateo Joseph Fernández-Regatillo,Mateo Joseph,4,0.0,5.0,11,18,Away,2026-05-11T19:00:00Z,1,1,0,0,0,0,0,0,0,0,0,0,0.0,0.0,0.0,0.0,0,0.0,0.0,0.0,0.0,False,u,Has joined RCD Mallorca on loan for the rest of the season.,,,,2526
365,174594,36,359,Lukas Nmecha,Nmecha,4,0.5,5.0,11,18,Away,2026-05-11T19:00:00Z,1,1,27,0,0,0,0,0,0,0,9,1,0.06,0.0,0.06,0.2,7,3.3,14.0,1.6,17.0,False,a,,,,2.0,2526
366,116535,36,355,Alisson Becker,A.Becker,1,5.2,5.4,12,7,Home,2026-05-09T11:30:00Z,1,1,0,0,0,0,0,0,0,0,0,0,0.0,0.0,0.0,0.0,0,0.0,0.0,0.0,0.0,False,d,Lack of match fitness - 75% chance of playing,,,,2526
367,449027,36,355,Giorgi Mamardashvili,Mamardashvili,1,0.6,4.1,12,7,Home,2026-05-09T11:30:00Z,1,1,90,0,0,0,1,0,0,0,13,2,0.0,0.0,0.0,0.5,0,2.2,21.6,0.0,0.0,False,a,,,,,2526
368,586268,36,355,Ármin Pécsi,Pécsi,1,0.9,3.8,12,7,Home,2026-05-09T11:30:00Z,1,1,0,0,0,0,0,0,0,0,0,0,0.0,0.0,0.0,0.0,0,0.0,0.0,0.0,0.0,False,a,,,,,2526
369,155503,36,355,Freddie Woodman,Woodman,1,0.3,3.9,12,7,Home,2026-05-09T11:30:00Z,1,1,0,0,0,0,0,0,0,0,0,0,0.0,0.0,0.0,0.0,0,0.0,0.0,0.0,0.0,False,a,,,,,2526
370,216094,36,355,Jeremie Frimpong,Frimpong,2,5.0,5.7,12,7,Home,2026-05-09T11:30:00Z,1,1,90,0,0,0,1,0,0,0,5,2,0.04,0.03,0.07,0.5,1,4.2,8.2,6.3,27.0,False,a,,,,,2526
371,544877,36,355,Milos Kerkez,Kerkez,2,2.9,5.6,12,7,Home,2026-05-09T11:30:00Z,1,1,90,0,0,0,1,0,0,0,8,2,0.0,0.01,0.01,0.5,1,1.0,4.2,6.1,0.0,False,a,,,,,2526
372,122798,36,355,Andrew Robertson,Robertson,2,1.0,5.7,12,7,Home,2026-05-09T11:30:00Z,1,1,0,0,0,0,0,0,0,0,0,0,0.0,0.0,0.0,0.0,0,0.0,0.0,0.0,0.0,False,a,,,,,2526
373,97032,36,355,Virgil van Dijk,Virgil,2,30.0,6.1,12,7,Home,2026-05-09T11:30:00Z,1,1,90,0,0,0,1,0,0,0,6,2,0.27,0.01,0.28,0.5,5,2.0,11.0,0.8,8.0,False,a,,,,,2526
374,204716,36,355,Ibrahima Konaté,Konaté,2,3.8,5.4,12,7,Home,2026-05-09T11:30:00Z,1,1,76,0,0,0,1,0,0,0,7,2,0.0,0.0,0.0,0.5,3,1.0,9.6,0.6,0.0,False,a,,,,,2526
375,492777,36,355,Conor Bradley,Bradley,2,0.1,4.9,12,7,Home,2026-05-09T11:30:00Z,1,1,0,0,0,0,0,0,0,0,0,0,0.0,0.0,0.0,0.0,0,0.0,0.0,0.0,0.0,False,i,Knee injury - Expected back 01 Jun,,,,2526
376,171287,36,355,Joe Gomez,Gomez,2,0.1,4.9,12,7,Home,2026-05-09T11:30:00Z,1,1,13,0,0,0,0,1,0,0,-2,0,0.0,0.0,0.0,0.0,2,0.2,2.0,0.1,0.0,False,a,,,,,2526
377,214285,36,355,Konstantinos Tsimikas,Tsimikas,2,0.0,4.8,12,7,Home,2026-05-09T11:30:00Z,1,1,0,0,0,0,0,0,0,0,0,0,0.0,0.0,0.0,0.0,0,0.0,0.0,0.0,0.0,False,u,has joined AS Roma on loan for the rest of the season.,,,,2526
378,611926,36,355,Amara Nallo,Nallo,2,0.9,3.7,12,7,Home,2026-05-09T11:30:00Z,1,1,0,0,0,0,0,0,0,0,0,0,0.0,0.0,0.0,0.0,0,0.0,0.0,0.0,0.0,False,a,,,,,2526
379,219937,36,355,Rhys Williams,R.Williams,2,0.5,3.7,12,7,Home,2026-05-09T11:30:00Z,1,1,0,0,0,0,0,0,0,0,0,0,0.0,0.0,0.0,0.0,0,0.0,0.0,0.0,0.0,False,a,,,,,2526
380,489580,36,355,Calvin Ramsay,Ramsay,2,0.3,3.7,12,7,Home,2026-05-09T11:30:00Z,1,1,0,0,0,0,0,0,0,0,0,0,0.0,0.0,0.0,0.0,0,0.0,0.0,0.0,0.0,False,a,,,,,2526
381,118748,36,355,Mohamed Salah,M.Salah,3,13.7,14.0,12,7,Home,2026-05-09T11:30:00Z,1,1,0,0,0,0,0,0,0,0,0,0,0.0,0.0,0.0,0.0,0,0.0,0.0,0.0,0.0,False,a,,2.0,4.0,1.0,2526
382,494595,36,355,Florian Wirtz,Wirtz,3,8.5,8.3,12,7,Home,2026-05-09T11:30:00Z,1,1,0,0,0,0,0,0,0,0,0,0,0.0,0.0,0.0,0.0,0,0.0,0.0,0.0,0.0,False,a,,4.0,5.0,,2526
383,244731,36,355,Luis Díaz Marulanda,Luis Díaz,3,0.0,8.0,12,7,Home,2026-05-09T11:30:00Z,1,1,0,0,0,0,0,0,0,0,0,0,0.0,0.0,0.0,0.0,0,0.0,0.0,0.0,0.0,False,u,Has joined Bayern Munch permanently.,,,,2526
384,243298,36,355,Cody Gakpo,Gakpo,3,5.6,7.3,12,7,Home,2026-05-09T11:30:00Z,1,1,76,0,0,0,1,0,0,0,3,2,0.0,0.0,0.0,0.5,3,1.6,2.2,11.5,2.0,False,a,,3.0,,3.0,2526
385,223541,36,355,Federico Chiesa,Chiesa,3,0.3,6.3,12,7,Home,2026-05-09T11:30:00Z,1,1,13,0,0,0,0,0,0,0,2,1,0.0,0.0,0.0,0.0,1,0.0,0.0,0.0,0.0,False,a,,,,,2526
386,243016,36,355,Alexis Mac Allister,Mac Allister,3,1.8,6.1,12,7,Home,2026-05-09T11:30:00Z,1,1,90,0,0,0,1,1,0,0,2,1,0.04,0.01,0.05,0.5,4,0.5,0.0,4.8,4.0,False,a,,,,4.0,2526
387,424876,36,355,Dominik Szoboszlai,Szoboszlai,3,13.1,7.0,12,7,Home,2026-05-09T11:30:00Z,1,1,90,0,0,0,1,0,0,0,15,2,0.16,0.17,0.33,0.5,3,8.5,8.8,54.3,22.0,False,a,,1.0,2.0,2.0,2526
388,206915,36,355,Curtis Jones,C.Jones,3,0.1,5.4,12,7,Home,2026-05-09T11:30:00Z,1,1,90,0,0,0,1,0,0,0,17,2,0.0,0.03,0.03,0.5,5,2.5,14.2,8.5,2.0,False,a,,,,,2526
389,444884,36,352,Harvey Elliott,Elliott,3,0.2,5.1,2,3,Away,2026-05-10T13:00:00Z,2,2,0,0,0,0,0,0,0,0,0,0,0.0,0.0,0.0,0.0,0,0.0,0.0,0.0,0.0,False,a,,,,,2526
390,441266,36,355,Ryan Gravenberch,Gravenberch,3,3.7,5.4,12,7,Home,2026-05-09T11:30:00Z,1,1,90,1,0,0,1,0,0,3,33,10,0.04,0.1,0.14,0.5,6,8.4,47.0,24.3,13.0,False,a,,,,,2526
391,496208,36,354,Ben Gannon-Doak,Gannon-Doak,3,0.0,4.8,4,10,Away,2026-05-09T14:00:00Z,1,0,0,0,0,0,0,0,0,0,0,0,0.0,0.0,0.0,0.0,0,0.0,0.0,0.0,0.0,False,a,,,,,2526
392,158983,36,355,Endo Wataru,Endo,3,0.1,4.9,12,7,Home,2026-05-09T11:30:00Z,1,1,0,0,0,0,0,0,0,0,0,0,0.0,0.0,0.0,0.0,0,0.0,0.0,0.0,0.0,False,d,Foot injury - 50% chance of playing,,,,2526
393,535928,36,355,Stefan Bajčetić Maquieira,Bajcetic,3,0.2,4.2,12,7,Home,2026-05-09T11:30:00Z,1,1,0,0,0,0,0,0,0,0,0,0,0.0,0.0,0.0,0.0,0,0.0,0.0,0.0,0.0,False,i,Hamstring injury - Unknown return date,,,,2526
394,491501,36,355,James McConnell,McConnell,3,0.0,4.4,12,7,Home,2026-05-09T11:30:00Z,1,1,0,0,0,0,0,0,0,0,0,0,0.0,0.0,0.0,0.0,0,0.0,0.0,0.0,0.0,False,u,has joined Ajax on loan for the rest of the season.,,,,2526
395,440148,36,355,Tyler Morton,Morton,3,0.0,4.5,12,7,Home,2026-05-09T11:30:00Z,1,1,0,0,0,0,0,0,0,0,0,0,0.0,0.0,0.0,0.0,0,0.0,0.0,0.0,0.0,False,u,Has joined Lyon permanently.,,,,2526
396,591386,36,355,Trey Nyoni,Nyoni,3,0.3,4.3,12,7,Home,2026-05-09T11:30:00Z,1,1,0,0,0,0,0,0,0,0,0,0,0.0,0.0,0.0,0.0,0,0.0,0.0,0.0,0.0,False,a,,,,,2526
397,447203,36,355,Darwin Núñez Ribeiro,Darwin,4,0.1,6.5,12,7,Home,2026-05-09T11:30:00Z,1,1,0,0,0,0,0,0,0,0,0,0,0.0,0.0,0.0,0.0,0,0.0,0.0,0.0,0.0,False,u,Has joined Al-Hilal permanently.,,,,2526
398,500058,36,355,Jayden Danns,Danns,4,0.1,4.3,12,7,Home,2026-05-09T11:30:00Z,1,1,0,0,0,0,0,0,0,0,0,0,0.0,0.0,0.0,0.0,0,0.0,0.0,0.0,0.0,False,i,Hamstring injury - Unknown return date,,,,2526
399,121160,36,356,Ederson Santana de Moraes,Ederson M.,1,0.8,5.3,13,5,Home,2026-05-09T16:30:00Z,3,0,0,0,0,0,0,0,0,0,0,0,0.0,0.0,0.0,0.0,0,0.0,0.0,0.0,0.0,,u,has joined Fenerbache permanently.,,,,2526
399,121160,36,307,Ederson Santana de Moraes,Ederson M.,1,0.8,5.3,13,8,Home,2026-05-13T19:00:00Z,3,0,0,0,0,0,0,0,0,0,0,0,0.0,0.0,0.0,0.0,0,0.0,0.0,0.0,0.0,,u,has joined Fenerbache permanently.,,,,2526
400,88248,36,357,Stefan Ortega Moreno,Ortega Moreno,1,0.2,4.7,16,15,Home,2026-05-10T13:00:00Z,1,1,0,0,0,0,0,0,0,0,0,0,0.0,0.0,0.0,0.0,0,0.0,0.0,0.0,0.0,False,a,,,,,2526
401,122074,36,356,Marcus Bettinelli,Bettinelli,1,0.3,3.8,13,5,Home,2026-05-09T16:30:00Z,3,0,0,0,0,0,0,0,0,0,0,0,0.0,0.0,0.0,0.0,0,0.0,0.0,0.0,0.0,,a,,,,,2526
401,122074,36,307,Marcus Bettinelli,Bettinelli,1,0.3,3.8,13,8,Home,2026-05-13T19:00:00Z,3,0,0,0,0,0,0,0,0,0,0,0,0.0,0.0,0.0,0.0,0,0.0,0.0,0.0,0.0,,a,,,,,2526
402,448514,36,356,Rayan Aït-Nouri,Aït-Nouri,2,4.1,5.7,13,5,Home,2026-05-09T16:30:00Z,3,0,0,0,0,0,0,0,0,0,0,0,0.0,0.0,0.0,0.0,0,0.0,0.0,0.0,0.0,,a,,,,,2526
402,448514,36,307,Rayan Aït-Nouri,Aït-Nouri,2,4.1,5.7,13,8,Home,2026-05-13T19:00:00Z,3,0,90,0,0,1,0,0,0,0,19,6,0.05,0.24,0.29,0.68,2,5.5,5.8,31.6,18.0,,a,,,,,2526
403,477424,36,356,Joško Gvardiol,Gvardiol,2,3.2,5.8,13,5,Home,2026-05-09T16:30:00Z,3,0,0,0,0,0,0,0,0,0,0,0,0.0,0.0,0.0,0.0,0,0.0,0.0,0.0,0.0,,a,,,,,2526
403,477424,36,307,Joško Gvardiol,Gvardiol,2,3.2,5.8,13,8,Home,2026-05-13T19:00:00Z,3,0,57,0,0,0,0,0,0,0,9,1,0.06,0.06,0.12,0.41,3,4.0,10.4,4.3,25.0,,a,,,,,2526
404,211975,36,356,Manuel Akanji,Akanji,2,0.3,5.4,13,5,Home,2026-05-09T16:30:00Z,3,0,0,0,0,0,0,0,0,0,0,0,0.0,0.0,0.0,0.0,0,0.0,0.0,0.0,0.0,,u,has joined Inter Milan on loan for the rest of the season.,,,,2526
404,211975,36,307,Manuel Akanji,Akanji,2,0.3,5.4,13,8,Home,2026-05-13T19:00:00Z,3,0,0,0,0,0,0,0,0,0,0,0,0.0,0.0,0.0,0.0,0,0.0,0.0,0.0,0.0,,u,has joined Inter Milan on loan for the rest of the season.,,,,2526
405,126184,36,356,Nathan Aké,Aké,2,0.6,5.2,13,5,Home,2026-05-09T16:30:00Z,3,0,90,0,0,1,0,0,0,0,29,6,0.36,0.01,0.37,0.24,6,7.7,19.6,14.3,43.0,,a,,,,,2526
405,126184,36,307,Nathan Aké,Aké,2,0.6,5.2,13,8,Home,2026-05-13T19:00:00Z,3,0,32,0,0,0,0,0,0,0,3,1,0.0,0.01,0.01,0.27,0,0.4,2.0,1.5,0.0,,a,,,,,2526
406,578153,36,356,Abdukodir Khusanov,Khusanov,2,0.7,5.4,13,5,Home,2026-05-09T16:30:00Z,3,0,0,0,0,0,0,0,0,0,0,0,0.0,0.0,0.0,0.0,0,0.0,0.0,0.0,0.0,,a,,,,,2526
406,578153,36,307,Abdukodir Khusanov,Khusanov,2,0.7,5.4,13,8,Home,2026-05-13T19:00:00Z,3,0,90,0,0,1,0,0,0,0,24,6,0.02,0.04,0.06,0.68,4,1.8,9.8,7.4,1.0,,a,,,,,2526
407,465351,36,356,Matheus Nunes,Matheus N.,2,2.9,5.3,13,5,Home,2026-05-09T16:30:00Z,3,0,90,0,0,1,0,1,0,0,25,5,0.0,0.02,0.02,0.24,7,4.5,20.2,24.3,0.0,,a,,,,4.0,2526
407,465351,36,307,Matheus Nunes,Matheus N.,2,2.9,5.3,13,8,Home,2026-05-13T19:00:00Z,3,0,57,0,0,0,0,0,0,0,9,1,0.0,0.03,0.03,0.41,1,3.0,8.2,19.6,2.0,,a,,,,4.0,2526
408,171314,36,356,Rúben dos Santos Gato Alves Dias,Rúben,2,3.1,5.5,13,5,Home,2026-05-09T16:30:00Z,3,0,0,0,0,0,0,0,0,0,0,0,0.0,0.0,0.0,0.0,0,0.0,0.0,0.0,0.0,,a,,,,,2526
408,171314,36,307,Rúben dos Santos Gato Alves Dias,Rúben,2,3.1,5.5,13,8,Home,2026-05-13T19:00:00Z,3,0,0,0,0,0,0,0,0,0,0,0,0.0,0.0,0.0,0.0,0,0.0,0.0,0.0,0.0,,a,,,,,2526
409,97299,36,356,John Stones,Stones,2,0.6,5.4,13,5,Home,2026-05-09T16:30:00Z,3,0,0,0,0,0,0,0,0,0,0,0,0.0,0.0,0.0,0.0,0,0.0,0.0,0.0,0.0,,a,,,,,2526
409,97299,36,307,John Stones,Stones,2,0.6,5.4,13,8,Home,2026-05-13T19:00:00Z,3,0,8,0,0,0,0,0,0,0,3,1,0.0,0.0,0.0,0.15,1,0.7,5.6,1.3,0.0,,a,,,,,2526
410,477064,36,356,Rico Lewis,Lewis,2,1.2,4.6,13,5,Home,2026-05-09T16:30:00Z,3,0,0,0,0,0,0,0,0,0,0,0,0.0,0.0,0.0,0.0,0,0.0,0.0,0.0,0.0,,a,,,,,2526
410,477064,36,307,Rico Lewis,Lewis,2,1.2,4.6,13,8,Home,2026-05-13T19:00:00Z,3,0,0,0,0,0,0,0,0,0,0,0,0.0,0.0,0.0,0.0,0,0.0,0.0,0.0,0.0,,a,,,,,2526
411,472769,36,356,Nico O'Reilly,O'Reilly,2,19.7,5.3,13,5,Home,2026-05-09T16:30:00Z,3,0,90,0,0,1,0,1,0,0,19,5,0.0,0.02,0.02,0.24,3,3.3,7.4,13.8,12.0,,a,,,,,2526
411,472769,36,307,Nico O'Reilly,O'Reilly,2,19.7,5.3,13,8,Home,2026-05-13T19:00:00Z,3,0,0,0,0,0,0,0,0,0,0,0,0.0,0.0,0.0,0.0,0,0.0,0.0,0.0,0.0,,a,,,,,2526
412,616222,36,356,Vitor de Oliveira Nunes dos Reis,Vitor Reis,2,0.0,5.0,13,5,Home,2026-05-09T16:30:00Z,3,0,0,0,0,0,0,0,0,0,0,0,0.0,0.0,0.0,0.0,0,0.0,0.0,0.0,0.0,,u,Has joined Girona on loan for the rest of the season.,,,,2526
412,616222,36,307,Vitor de Oliveira Nunes dos Reis,Vitor Reis,2,0.0,5.0,13,8,Home,2026-05-13T19:00:00Z,3,0,0,0,0,0,0,0,0,0,0,0,0.0,0.0,0.0,0.0,0,0.0,0.0,0.0,0.0,,u,Has joined Girona on loan for the rest of the season.,,,,2526
413,438234,36,356,Omar Marmoush,Marmoush,3,2.5,8.3,13,5,Home,2026-05-09T16:30:00Z,3,0,30,1,0,0,0,1,0,0,27,5,0.1,0.07,0.17,0.12,1,6.7,37.2,10.5,19.0,,a,,4.0,1.0,2.0,2526
413,438234,36,307,Omar Marmoush,Marmoush,3,2.5,8.3,13,8,Home,2026-05-13T19:00:00Z,3,0,78,1,0,1,0,0,0,1,26,9,0.34,0.02,0.36,0.53,5,6.3,33.4,2.8,27.0,,a,,4.0,1.0,2.0,2526
414,209244,36,356,Phil Foden,Foden,3,7.6,8.0,13,5,Home,2026-05-09T16:30:00Z,3,0,30,0,0,0,0,0,0,0,4,1,0.67,0.01,0.68,0.12,3,6.7,9.6,1.2,56.0,,a,,5.0,,,2526
414,209244,36,307,Phil Foden,Foden,3,7.6,8.0,13,8,Home,2026-05-13T19:00:00Z,3,0,81,0,2,1,0,0,0,3,44,12,0.01,0.59,0.6,0.53,10,12.6,47.6,72.2,6.0,,a,,5.0,,,2526
415,510281,36,356,Sávio Moreira de Oliveira,Savinho,3,0.4,6.9,13,5,Home,2026-05-09T16:30:00Z,3,0,1,0,0,0,0,0,0,0,3,1,0.0,0.0,0.0,0.12,0,0.0,0.0,0.3,0.0,,a,,,,,2526
415,510281,36,307,Sávio Moreira de Oliveira,Savinho,3,0.4,6.9,13,8,Home,2026-05-13T19:00:00Z,3,0,90,1,0,1,0,0,0,1,26,9,0.48,0.1,0.58,0.68,4,8.4,42.0,13.0,29.0,,a,,,,,2526
416,165809,36,356,Bernardo Mota Veiga de Carvalho e Silva,Bernardo,3,0.7,6.2,13,5,Home,2026-05-09T16:30:00Z,3,0,90,0,0,1,0,1,0,0,15,4,0.09,0.08,0.17,0.24,15,4.4,17.2,22.8,4.0,,a,,1.0,,,2526
416,165809,36,307,Bernardo Mota Veiga de Carvalho e Silva,Bernardo,3,0.7,6.2,13,8,Home,2026-05-13T19:00:00Z,3,0,78,0,0,1,0,0,0,0,12,3,0.09,0.04,0.13,0.53,9,2.0,4.8,9.1,6.0,,a,,1.0,,,2526
417,466052,36,356,Rayan Cherki,Cherki,3,19.6,6.6,13,5,Home,2026-05-09T16:30:00Z,3,0,59,0,0,0,0,0,0,0,3,1,0.22,0.04,0.25,0.12,3,6.1,6.8,31.8,22.0,,a,,3.0,2.0,,2526
417,466052,36,307,Rayan Cherki,Cherki,3,19.6,6.6,13,8,Home,2026-05-13T19:00:00Z,3,0,11,0,1,0,0,0,0,0,19,4,0.0,0.4,0.4,0.15,1,5.0,21.0,29.2,0.0,,a,,3.0,2.0,,2526
418,248875,36,356,Jérémy Doku,Doku,3,6.4,6.5,13,5,Home,2026-05-09T16:30:00Z,3,0,89,1,0,1,0,0,0,3,55,11,0.16,0.46,0.62,0.12,6,22.0,65.4,83.5,71.0,,a,,,,3.0,2526
418,248875,36,307,Jérémy Doku,Doku,3,6.4,6.5,13,8,Home,2026-05-13T19:00:00Z,3,0,32,0,0,0,0,0,0,0,1,1,0.12,0.03,0.15,0.27,0,2.3,2.6,13.1,7.0,,a,,,,3.0,2526
419,114283,36,353,Jack Grealish,Grealish,3,5.6,6.3,9,8,Away,2026-05-10T13:00:00Z,2,2,0,0,0,0,0,0,0,0,0,0,0.0,0.0,0.0,0.0,0,0.0,0.0,0.0,0.0,False,i,Foot injury - Expected back 01 Jun,,,,2526
420,59859,36,356,İlkay Gündoğan,Gündoğan,3,0.1,6.3,13,5,Home,2026-05-09T16:30:00Z,3,0,0,0,0,0,0,0,0,0,0,0,0.0,0.0,0.0,0.0,0,0.0,0.0,0.0,0.0,,u,has joined Galatasaray permanently.,,,,2526
420,59859,36,307,İlkay Gündoğan,Gündoğan,3,0.1,6.3,13,8,Home,2026-05-13T19:00:00Z,3,0,0,0,0,0,0,0,0,0,0,0,0.0,0.0,0.0,0.0,0,0.0,0.0,0.0,0.0,,u,has joined Galatasaray permanently.,,,,2526
421,220566,36,356,Rodrigo 'Rodri' Hernandez Cascante,Rodrigo,3,0.5,6.3,13,5,Home,2026-05-09T16:30:00Z,3,0,0,0,0,0,0,0,0,0,0,0,0.0,0.0,0.0,0.0,0,0.0,0.0,0.0,0.0,,d,Groin Injury - 75% chance of playing,,,,2526
421,220566,36,307,Rodrigo 'Rodri' Hernandez Cascante,Rodrigo,3,0.5,6.3,13,8,Home,2026-05-13T19:00:00Z,3,0,0,0,0,0,0,0,0,0,0,0,0.0,0.0,0.0,0.0,0,0.0,0.0,0.0,0.0,,d,Groin Injury - 75% chance of playing,,,,2526
422,91651,36,356,Mateo Kovačić,Kovačić,3,0.0,5.8,13,5,Home,2026-05-09T16:30:00Z,3,0,0,0,0,0,0,0,0,0,0,0,0.0,0.0,0.0,0.0,0,0.0,0.0,0.0,0.0,,a,,,,,2526
422,91651,36,307,Mateo Kovačić,Kovačić,3,0.0,5.8,13,8,Home,2026-05-13T19:00:00Z,3,0,11,0,0,0,0,0,0,0,5,1,0.0,0.02,0.02,0.15,2,0.7,5.0,1.8,0.0,,a,,,,,2526
423,465694,36,356,Nico González Iglesias,N.Gonzalez,3,0.1,5.9,13,5,Home,2026-05-09T16:30:00Z,3,0,0,0,0,0,0,0,0,0,0,0,0.0,0.0,0.0,0.0,0,0.0,0.0,0.0,0.0,,a,,,,,2526
423,465694,36,307,Nico González Iglesias,N.Gonzalez,3,0.1,5.9,13,8,Home,2026-05-13T19:00:00Z,3,0,0,0,0,0,0,0,0,0,0,0,0.0,0.0,0.0,0.0,0,0.0,0.0,0.0,0.0,,a,,,,,2526
424,477555,36,354,Oscar Bobb,Bobb,3,0.2,5.1,10,4,Home,2026-05-09T14:00:00Z,0,1,28,0,0,0,0,0,0,0,2,1,0.26,0.04,0.3,0.38,1,2.7,0.6,15.1,11.0,False,a,,,,,2526
425,575204,36,356,Claudio Echeverri,Echeverri,3,0.0,5.4,13,5,Home,2026-05-09T16:30:00Z,3,0,0,0,0,0,0,0,0,0,0,0,0.0,0.0,0.0,0.0,0,0.0,0.0,0.0,0.0,,u,has joined Girona on loan for the rest of the season.,,,,2526
425,575204,36,307,Claudio Echeverri,Echeverri,3,0.0,5.4,13,8,Home,2026-05-13T19:00:00Z,3,0,0,0,0,0,0,0,0,0,0,0,0.0,0.0,0.0,0.0,0,0.0,0.0,0.0,0.0,,u,has joined Girona on loan for the rest of the season.,,,,2526
426,432714,36,357,James McAtee,McAtee,3,0.1,5.0,16,15,Home,2026-05-10T13:00:00Z,1,1,7,0,1,0,0,0,0,0,15,4,0.05,0.02,0.07,0.02,1,3.1,15.0,10.3,6.0,False,a,,,,5.0,2526
427,433036,36,356,Tijjani Reijnders,Reijnders,3,8.9,5.0,13,5,Home,2026-05-09T16:30:00Z,3,0,59,0,0,0,0,0,0,0,3,1,0.11,0.03,0.14,0.12,5,1.0,0.6,2.4,7.0,,a,,4.0,3.0,,2526
427,433036,36,307,Tijjani Reijnders,Reijnders,3,8.9,5.0,13,8,Home,2026-05-13T19:00:00Z,3,0,0,0,0,0,0,0,0,0,0,0,0.0,0.0,0.0,0.0,0,0.0,0.0,0.0,0.0,,a,,4.0,3.0,,2526
428,566164,36,356,Sverre Nypan,Nypan,3,0.0,5.0,13,5,Home,2026-05-09T16:30:00Z,3,0,0,0,0,0,0,0,0,0,0,0,0.0,0.0,0.0,0.0,0,0.0,0.0,0.0,0.0,,a,,,,,2526
428,566164,36,307,Sverre Nypan,Nypan,3,0.0,5.0,13,8,Home,2026-05-13T19:00:00Z,3,0,0,0,0,0,0,0,0,0,0,0,0.0,0.0,0.0,0.0,0,0.0,0.0,0.0,0.0,,a,,,,,2526
429,155405,36,356,Kalvin Phillips,Phillips,3,0.1,4.7,13,5,Home,2026-05-09T16:30:00Z,3,0,0,0,0,0,0,0,0,0,0,0,0.0,0.0,0.0,0.0,0,0.0,0.0,0.0,0.0,,u,has joined Sheffield United on loan for the rest of the season.,,,,2526
429,155405,36,307,Kalvin Phillips,Phillips,3,0.1,4.7,13,8,Home,2026-05-13T19:00:00Z,3,0,0,0,0,0,0,0,0,0,0,0,0.0,0.0,0.0,0.0,0,0.0,0.0,0.0,0.0,,u,has joined Sheffield United on loan for the rest of the season.,,,,2526
430,223094,36,356,Erling Haaland,Haaland,4,64.4,14.7,13,5,Home,2026-05-09T16:30:00Z,3,0,90,1,1,1,0,0,0,2,39,11,1.22,0.09,1.31,0.24,1,18.7,59.2,21.5,106.0,,a,,,,1.0,2526
430,223094,36,307,Erling Haaland,Haaland,4,64.4,14.7,13,8,Home,2026-05-13T19:00:00Z,3,0,0,0,0,0,0,0,0,0,0,0,0.0,0.0,0.0,0.0,0,0.0,0.0,0.0,0.0,,a,,,,1.0,2526
431,451302,36,358,Altay Bayındır,Bayindir,1,0.3,4.7,14,17,Away,2026-05-09T14:00:00Z,0,0,0,0,0,0,0,0,0,0,0,0,0.0,0.0,0.0,0.0,0,0.0,0.0,0.0,0.0,False,a,,,,,2526
432,202641,36,358,André Onana,Onana,1,0.1,4.9,14,17,Away,2026-05-09T14:00:00Z,0,0,0,0,0,0,0,0,0,0,0,0,0.0,0.0,0.0,0.0,0,0.0,0.0,0.0,0.0,False,u,has joined Trabzonspor on loan for the rest of the season.,,,,2526
433,588555,36,358,Elyh Harrison,Harrison,1,0.0,4.0,14,17,Away,2026-05-09T14:00:00Z,0,0,0,0,0,0,0,0,0,0,0,0,0.0,0.0,0.0,0.0,0,0.0,0.0,0.0,0.0,False,u,On loan to Shrewsbury Town,,,,2526
434,21205,36,358,Tom Heaton,Heaton,1,0.5,3.8,14,17,Away,2026-05-09T14:00:00Z,0,0,0,0,0,0,0,0,0,0,0,0,0.0,0.0,0.0,0.0,0,0.0,0.0,0.0,0.0,False,a,,,,,2526
435,461537,36,358,Dermot Mee,Mee,1,0.1,3.9,14,17,Away,2026-05-09T14:00:00Z,0,0,0,0,0,0,0,0,0,0,0,0,0.0,0.0,0.0,0.0,0,0.0,0.0,0.0,0.0,False,a,,,,,2526
436,209365,36,358,Matthijs de Ligt,De Ligt,2,1.8,4.9,14,17,Away,2026-05-09T14:00:00Z,0,0,0,0,0,0,0,0,0,0,0,0,0.0,0.0,0.0,0.0,0,0.0,0.0,0.0,0.0,False,i,Back injury - Unknown return date,,,,2526
437,221820,36,358,Lisandro Martínez,Martinez,2,0.4,4.8,14,17,Away,2026-05-09T14:00:00Z,0,0,90,0,0,1,0,0,0,0,29,6,0.0,0.02,0.02,1.25,6,2.1,18.6,1.9,0.0,False,a,,,,,2526
438,230001,36,358,Noussair Mazraoui,Mazraoui,2,0.3,4.9,14,17,Away,2026-05-09T14:00:00Z,0,0,90,0,0,1,0,0,0,3,37,11,0.0,0.02,0.02,1.25,10,6.5,27.8,35.3,2.0,False,a,,,,,2526
439,661712,36,358,Diego León Blanco,D.Leon,2,0.1,4.1,14,17,Away,2026-05-09T14:00:00Z,0,0,0,0,0,0,0,0,0,0,0,0,0.0,0.0,0.0,0.0,0,0.0,0.0,0.0,0.0,False,a,,,,,2526
440,216051,36,358,Diogo Dalot Teixeira,Dalot,2,3.9,4.5,14,17,Away,2026-05-09T14:00:00Z,0,0,0,0,0,0,0,0,0,0,0,0,0.0,0.0,0.0,0.0,0,0.0,0.0,0.0,0.0,False,a,,,,,2526
441,596777,36,358,Patrick Dorgu,Dorgu,2,2.4,4.1,14,17,Away,2026-05-09T14:00:00Z,0,0,25,0,0,0,0,0,0,0,3,1,0.0,0.06,0.06,0.1,0,1.4,0.6,11.3,2.0,False,a,,,,,2526
442,95658,36,358,Harry Maguire,Maguire,2,1.6,4.4,14,17,Away,2026-05-09T14:00:00Z,0,0,90,0,0,1,0,0,0,2,33,10,0.0,0.01,0.01,1.25,11,2.2,21.0,1.1,0.0,False,a,,,,,2526
443,106760,36,358,Luke Shaw,Shaw,2,1.0,4.5,14,17,Away,2026-05-09T14:00:00Z,0,0,90,0,0,1,0,0,0,0,27,6,0.0,0.11,0.11,1.25,4,2.0,10.8,6.7,2.0,False,a,,,,,2526
444,550864,36,358,Leny Yoro,Yoro,2,1.2,4.1,14,17,Away,2026-05-09T14:00:00Z,0,0,0,0,0,0,0,0,0,0,0,0,0.0,0.0,0.0,0.0,0,0.0,0.0,0.0,0.0,False,a,,,,,2526
445,577974,36,358,Harry Amass,Amass,2,0.1,4.0,14,17,Away,2026-05-09T14:00:00Z,0,0,0,0,0,0,0,0,0,0,0,0,0.0,0.0,0.0,0.0,0,0.0,0.0,0.0,0.0,False,u,has joined Norwich City on loan for the rest of the season.,,,,2526
446,547676,36,358,Tyler Fredricson,Fredricson,2,0.2,3.7,14,17,Away,2026-05-09T14:00:00Z,0,0,0,0,0,0,0,0,0,0,0,0,0.0,0.0,0.0,0.0,0,0.0,0.0,0.0,0.0,False,a,,,,,2526
447,606745,36,358,Ayden Heaven,Heaven,2,2.6,3.7,14,17,Away,2026-05-09T14:00:00Z,0,0,0,0,0,0,0,0,0,0,0,0,0.0,0.0,0.0,0.0,0,0.0,0.0,0.0,0.0,False,a,,,,,2526
448,222690,36,358,Tyrell Malacia,Malacia,2,0.5,3.7,14,17,Away,2026-05-09T14:00:00Z,0,0,0,0,0,0,0,0,0,0,0,0,0.0,0.0,0.0,0.0,0,0.0,0.0,0.0,0.0,False,a,,,,,2526
449,141746,36,358,Bruno Borges Fernandes,B.Fernandes,3,47.7,10.4,14,17,Away,2026-05-09T14:00:00Z,0,0,90,0,0,1,0,0,0,0,12,3,0.04,0.13,0.17,1.25,8,7.7,11.4,56.5,9.0,False,a,,1.0,1.0,1.0,2526
450,430871,36,358,Matheus Santos Carneiro da Cunha,Cunha,3,8.3,8.1,14,17,Away,2026-05-09T14:00:00Z,0,0,90,0,0,1,0,1,0,0,14,2,0.33,0.12,0.45,1.25,7,6.6,8.4,17.5,40.0,False,a,,,,,2526
451,176297,36,358,Marcus Rashford,Rashford,3,0.0,7.0,14,17,Away,2026-05-09T14:00:00Z,0,0,0,0,0,0,0,0,0,0,0,0,0.0,0.0,0.0,0.0,0,0.0,0.0,0.0,0.0,False,u,Has joined Barcelona on loan for the rest of the season,,,,2526
452,493250,36,358,Amad Diallo,Amad,3,1.3,6.2,14,17,Away,2026-05-09T14:00:00Z,0,0,74,0,0,1,0,0,0,0,6,3,0.06,0.04,0.1,1.2,2,1.9,4.0,9.8,5.0,False,a,,3.0,,,2526
453,493105,36,355,Alejandro Garnacho Ferreyra,Garnacho,3,0.4,6.4,7,12,Away,2026-05-09T11:30:00Z,1,1,0,0,0,0,0,0,0,0,0,0,0.0,0.0,0.0,0.0,0,0.0,0.0,0.0,0.0,False,d,Knock - 75% chance of playing,,,,2526
454,467169,36,358,Antony dos Santos,Antony,3,0.1,5.9,14,17,Away,2026-05-09T14:00:00Z,0,0,0,0,0,0,0,0,0,0,0,0,0.0,0.0,0.0,0.0,0,0.0,0.0,0.0,0.0,False,u,has joined Real Betis permanently.,,,,2526
455,184341,36,358,Mason Mount,Mount,3,0.3,5.9,14,17,Away,2026-05-09T14:00:00Z,0,0,90,0,0,1,0,1,0,0,7,4,0.0,0.05,0.05,1.25,14,2.5,17.2,7.3,0.0,False,a,,,,,2526
456,209243,36,352,Jadon Sancho,Sancho,3,0.2,5.8,2,3,Away,2026-05-10T13:00:00Z,2,2,0,0,0,0,0,0,0,0,0,0,0.0,0.0,0.0,0.0,0,0.0,0.0,0.0,0.0,False,a,,6.0,,,2526
457,61256,36,358,Carlos Henrique Casimiro,Casemiro,3,5.4,5.9,14,17,Away,2026-05-09T14:00:00Z,0,0,0,0,0,0,0,0,0,0,0,0,0.0,0.0,0.0,0.0,0,0.0,0.0,0.0,0.0,False,a,,,,,2526
458,516895,36,358,Kobbie Mainoo,Mainoo,3,1.3,4.7,14,17,Away,2026-05-09T14:00:00Z,0,0,90,0,0,1,0,0,0,0,15,5,0.08,0.02,0.1,1.25,12,2.6,18.0,4.3,4.0,False,a,,,,,2526
459,232112,36,358,Manuel Ugarte Ribeiro,Ugarte,3,0.1,4.7,14,17,Away,2026-05-09T14:00:00Z,0,0,0,0,0,0,0,0,0,0,0,0,0.0,0.0,0.0,0.0,0,0.0,0.0,0.0,0.0,False,d,Back injury - 75% chance of playing,,,,2526
460,490881,36,358,Toby Collyer,Collyer,3,0.0,4.5,14,17,Away,2026-05-09T14:00:00Z,0,0,0,0,0,0,0,0,0,0,0,0,0.0,0.0,0.0,0.0,0,0.0,0.0,0.0,0.0,False,u,has joined Hull City on loan for the rest of the season.,,,,2526
461,556639,36,358,Jayce Fitzgerald,Fitzgerald,3,0.0,4.3,14,17,Away,2026-05-09T14:00:00Z,0,0,0,0,0,0,0,0,0,0,0,0,0.0,0.0,0.0,0.0,0,0.0,0.0,0.0,0.0,False,a,,,,,2526
462,547037,36,358,Jack Fletcher,J.Fletcher,3,0.1,4.3,14,17,Away,2026-05-09T14:00:00Z,0,0,0,0,0,0,0,0,0,0,0,0,0.0,0.0,0.0,0.0,0,0.0,0.0,0.0,0.0,False,a,,,,,2526
463,618873,36,358,Sékou Koné,Kone,3,0.1,4.3,14,17,Away,2026-05-09T14:00:00Z,0,0,0,0,0,0,0,0,0,0,0,0,0.0,0.0,0.0,0.0,0,0.0,0.0,0.0,0.0,False,u,has joined Lausanne-Sport on loan for the rest of the season.,,,,2526
464,559684,36,358,Jack Moorhouse,Moorhouse,3,0.0,4.5,14,17,Away,2026-05-09T14:00:00Z,0,0,0,0,0,0,0,0,0,0,0,0,0.0,0.0,0.0,0.0,0,0.0,0.0,0.0,0.0,False,u,has joined Leyton Orient on loan for the rest of the season.,,,,2526
465,497894,36,358,Rasmus Højlund,Højlund,4,0.3,6.3,14,17,Away,2026-05-09T14:00:00Z,0,0,0,0,0,0,0,0,0,0,0,0,0.0,0.0,0.0,0.0,0,0.0,0.0,0.0,0.0,False,u,has joined Napoli on loan for the rest of the season.,,,,2526
466,458249,36,358,Joshua Zirkzee,Zirkzee,4,0.4,5.8,14,17,Away,2026-05-09T14:00:00Z,0,0,64,0,0,1,0,1,0,0,2,1,0.08,0.01,0.09,1.15,2,1.1,0.0,3.2,8.0,False,a,,,,,2526
467,596047,36,358,Chido Obi,Obi,4,1.4,4.2,14,17,Away,2026-05-09T14:00:00Z,0,0,0,0,0,0,0,0,0,0,0,0,0.0,0.0,0.0,0.0,0,0.0,0.0,0.0,0.0,False,a,,,,,2526
468,575034,36,358,Ethan Wheatley,Wheatley,4,0.1,4.5,14,17,Away,2026-05-09T14:00:00Z,0,0,0,0,0,0,0,0,0,0,0,0,0.0,0.0,0.0,0.0,0,0.0,0.0,0.0,0.0,False,u,has joined Bradford City on loan for the rest of the season.,,,,2526
469,98747,36,357,Nick Pope,Pope,1,4.3,5.0,15,16,Away,2026-05-10T13:00:00Z,1,1,90,0,0,0,1,0,0,0,17,3,0.0,0.0,0.0,1.1,0,4.0,39.8,0.0,0.0,False,a,,,,,2526
470,67089,36,352,Martin Dúbravka,Dúbravka,1,26.1,4.0,3,2,Home,2026-05-10T13:00:00Z,2,2,0,0,0,0,0,0,0,0,0,0,0.0,0.0,0.0,0.0,0,0.0,0.0,0.0,0.0,False,a,,,,,2526
471,81441,36,357,Mark Gillespie,Gillespie,1,0.1,3.9,15,16,Away,2026-05-10T13:00:00Z,1,1,0,0,0,0,0,0,0,0,0,0,0.0,0.0,0.0,0.0,0,0.0,0.0,0.0,0.0,False,a,,,,,2526
472,111452,36,357,Odysseas Vlachodimos,Odysseas,1,0.0,4.0,15,16,Away,2026-05-10T13:00:00Z,1,1,0,0,0,0,0,0,0,0,0,0,0.0,0.0,0.0,0.0,0,0.0,0.0,0.0,0.0,False,u,Has joined Sevilla on loan for the rest of the season.,,,,2526
473,487838,36,357,Lewis Hall,Hall,2,3.3,5.3,15,16,Away,2026-05-10T13:00:00Z,1,1,90,0,0,0,1,0,0,0,16,2,0.0,0.08,0.08,1.1,9,5.1,30.4,20.6,0.0,False,a,,2.0,1.0,,2526
474,119471,36,357,Fabian Schär,Schär,2,1.1,5.2,15,16,Away,2026-05-10T13:00:00Z,1,1,0,0,0,0,0,0,0,0,0,0,0.0,0.0,0.0,0.0,0,0.0,0.0,0.0,0.0,False,i,Ankle injury - Expected back 01 Jun,,4.0,,2526
475,220237,36,357,Sven Botman,Botman,2,0.4,4.9,15,16,Away,2026-05-10T13:00:00Z,1,1,90,0,0,0,1,0,0,0,21,4,0.0,0.0,0.0,1.1,20,4.5,41.8,0.7,2.0,False,a,,,,,2526
476,78916,36,357,Dan Burn,Burn,2,3.5,5.0,15,16,Away,2026-05-10T13:00:00Z,1,1,90,0,0,0,1,0,0,0,11,2,0.0,0.03,0.03,1.1,5,1.4,9.4,2.7,2.0,False,a,,,,,2526
477,441191,36,357,Tino Livramento,Livramento,2,1.8,4.9,15,16,Away,2026-05-10T13:00:00Z,1,1,0,0,0,0,0,0,0,0,0,0,0.0,0.0,0.0,0.0,0,0.0,0.0,0.0,0.0,False,i,Thigh injury - Expected back 01 Jun,,,,2526
478,77794,36,357,Kieran Trippier,Trippier,2,1.4,4.9,15,16,Away,2026-05-10T13:00:00Z,1,1,1,0,0,0,0,0,0,0,5,1,0.0,0.0,0.0,0.0,1,0.3,2.0,1.0,0.0,False,a,,4.0,2.0,,2526
479,111773,36,357,Emil Krafth,Krafth,2,0.0,4.3,15,16,Away,2026-05-10T13:00:00Z,1,1,0,0,0,0,0,0,0,0,0,0,0.0,0.0,0.0,0.0,0,0.0,0.0,0.0,0.0,False,i,Knee injury - Unknown return date,,,,2526
480,101148,36,357,Jamaal Lascelles,Lascelles,2,0.0,4.3,15,16,Away,2026-05-10T13:00:00Z,1,1,0,0,0,0,0,0,0,0,0,0,0.0,0.0,0.0,0.0,0,0.0,0.0,0.0,0.0,False,u,has joined Leicester City permanently.,,,,2526
481,545477,36,357,Alex Murphy,A.Murphy,2,0.7,3.8,15,16,Away,2026-05-10T13:00:00Z,1,1,0,0,0,0,0,0,0,0,0,0,0.0,0.0,0.0,0.0,0,0.0,0.0,0.0,0.0,False,a,,,,,2526
482,441024,36,357,Harrison Ashby,Ashby,2,0.1,3.9,15,16,Away,2026-05-10T13:00:00Z,1,1,0,0,0,0,0,0,0,0,0,0,0.0,0.0,0.0,0.0,0,0.0,0.0,0.0,0.0,False,u,has joined Bradford City on loan for the rest of the season.,,,,2526
483,578512,36,357,Miodrag Pivaš,Pivas,2,0.4,3.8,15,16,Away,2026-05-10T13:00:00Z,1,1,0,0,0,0,0,0,0,0,0,0,0.0,0.0,0.0,0.0,0,0.0,0.0,0.0,0.0,False,a,,,,,2526
484,169359,36,357,Matt Targett,Targett,2,0.1,4.0,15,16,Away,2026-05-10T13:00:00Z,1,1,0,0,0,0,0,0,0,0,0,0,0.0,0.0,0.0,0.0,0,0.0,0.0,0.0,0.0,False,u,has joined Middlesbrough on loan for the rest of the season.,,,,2526
485,232826,36,357,Anthony Gordon,Gordon,3,3.3,7.3,15,16,Away,2026-05-10T13:00:00Z,1,1,0,0,0,0,0,0,0,0,0,0,0.0,0.0,0.0,0.0,0,0.0,0.0,0.0,0.0,False,a,,,,1.0,2526
486,449434,36,357,Anthony Elanga,Elanga,3,2.6,6.5,15,16,Away,2026-05-10T13:00:00Z,1,1,0,0,0,0,0,0,0,0,0,0,0.0,0.0,0.0,0.0,0,0.0,0.0,0.0,0.0,False,a,,5.0,,,2526
487,201666,36,357,Harvey Barnes,Barnes,3,1.2,6.1,15,16,Away,2026-05-10T13:00:00Z,1,1,29,1,0,0,1,0,0,1,25,7,0.29,0.11,0.4,0.52,1,7.0,37.6,15.3,17.0,False,a,,,,,2526
488,208706,36,357,Bruno Guimarães Rodriguez Moura,Bruno G.,3,6.1,6.9,15,16,Away,2026-05-10T13:00:00Z,1,1,90,0,0,0,1,0,0,2,26,6,0.4,0.42,0.82,1.1,14,13.3,32.2,44.8,56.0,False,a,,3.0,5.0,2.0,2526
489,114243,36,357,Jacob Murphy,J.Murphy,3,0.6,5.9,15,16,Away,2026-05-10T13:00:00Z,1,1,60,0,0,1,0,0,0,0,2,3,0.0,0.02,0.02,0.58,1,1.5,4.8,2.5,8.0,False,a,,,,,2526
490,180974,36,357,Joelinton Cássio Apolinário de Lira,Joelinton,3,0.3,5.9,15,16,Away,2026-05-10T13:00:00Z,1,1,90,0,0,0,1,0,0,0,16,2,0.1,0.19,0.29,1.1,11,5.8,14.0,30.4,14.0,False,d,Thigh injury - 75% chance of playing,,,,2526
491,432422,36,357,Sandro Tonali,Tonali,3,1.1,5.3,15,16,Away,2026-05-10T13:00:00Z,1,1,90,0,0,0,1,0,0,0,14,2,0.06,0.1,0.16,1.1,10,4.0,10.8,21.0,8.0,False,a,,1.0,3.0,,2526
492,640108,36,357,Antoñito Cordero Campillo,Antoñito C.,3,0.0,4.9,15,16,Away,2026-05-10T13:00:00Z,1,1,0,0,0,0,0,0,0,0,0,0,0.0,0.0,0.0,0.0,0,0.0,0.0,0.0,0.0,False,u,has joined Cadiz on loan for the rest of the season.,,,,2526
493,180135,36,359,Sean Longstaff,Longstaff,3,0.2,4.8,11,18,Away,2026-05-11T19:00:00Z,1,1,1,0,0,0,0,0,0,0,2,1,0.25,0.02,0.27,0.1,2,3.6,3.2,8.3,24.0,False,a,,2.0,2.0,,2526
494,200089,36,357,Joe Willock,Willock,3,0.1,5.0,15,16,Away,2026-05-10T13:00:00Z,1,1,0,0,0,0,0,0,0,0,0,0,0.0,0.0,0.0,0.0,0,0.0,0.0,0.0,0.0,False,a,,,,,2526
495,153127,36,357,Isaac Hayden,Hayden,3,0.0,4.5,15,16,Away,2026-05-10T13:00:00Z,1,1,0,0,0,0,0,0,0,0,0,0,0.0,0.0,0.0,0.0,0,0.0,0.0,0.0,0.0,False,u,Has departed the club as a free agent.,,,,2526
496,564510,36,357,Garang Kuol,Kuol,3,0.0,4.4,15,16,Away,2026-05-10T13:00:00Z,1,1,0,0,0,0,0,0,0,0,0,0,0.0,0.0,0.0,0.0,0,0.0,0.0,0.0,0.0,False,u,has joined Sparta Prague permanently.,,,,2526
497,547719,36,357,Lewis Miley,L.Miley,3,1.7,4.4,15,16,Away,2026-05-10T13:00:00Z,1,1,0,0,0,0,0,0,0,0,0,0,0.0,0.0,0.0,0.0,0,0.0,0.0,0.0,0.0,False,i,Leg injury - Expected back 01 Jul,,,,2526
498,461484,36,357,Joe White,White,3,0.0,4.5,15,16,Away,2026-05-10T13:00:00Z,1,1,0,0,0,0,0,0,0,0,0,0,0.0,0.0,0.0,0.0,0,0.0,0.0,0.0,0.0,False,u,has joined Bradford City on loan for the rest of the season.,,,,2526
499,219168,36,355,Alexander Isak,Isak,4,3.9,10.3,12,7,Home,2026-05-09T11:30:00Z,1,1,23,0,0,0,0,0,0,0,4,1,0.0,0.01,0.01,0.09,2,1.1,2.2,0.3,8.0,False,a,,,,,2526
500,538207,36,357,William Osula,Osula,4,1.1,5.4,15,16,Away,2026-05-10T13:00:00Z,1,1,70,0,0,1,0,0,0,0,5,2,0.57,0.01,0.58,0.58,2,4.7,2.4,11.1,33.0,False,a,,,,,2526
501,599303,36,357,Sean Neave,Neave,4,0.3,4.3,15,16,Away,2026-05-10T13:00:00Z,1,1,0,0,0,0,0,0,0,0,0,0,0.0,0.0,0.0,0.0,0,0.0,0.0,0.0,0.0,False,a,,,,,2526
502,85633,36,357,Matz Sels,Sels,1,5.0,4.6,16,15,Home,2026-05-10T13:00:00Z,1,1,90,0,0,0,1,0,0,0,19,3,0.0,0.0,0.0,1.48,0,3.9,38.6,0.0,0.0,False,a,,,,,2526
503,475123,36,357,Carlos Miguel dos Santos Pereira,C.Miguel,1,0.1,4.0,16,15,Home,2026-05-10T13:00:00Z,1,1,0,0,0,0,0,0,0,0,0,0,0.0,0.0,0.0,0.0,0,0.0,0.0,0.0,0.0,False,u,Has joined Palmeiras permanently.,,,,2526
504,224068,36,357,Matt Turner,Turner,1,0.1,4.0,16,15,Home,2026-05-10T13:00:00Z,1,1,0,0,0,0,0,0,0,0,0,0,0.0,0.0,0.0,0.0,0,0.0,0.0,0.0,0.0,False,u,Has joined Lyon permanently.,,,,2526
505,227444,36,357,Nikola Milenković,Milenković,2,3.3,5.1,16,15,Home,2026-05-10T13:00:00Z,1,1,90,0,0,0,1,0,0,0,8,2,0.0,0.0,0.0,1.48,9,2.7,23.8,3.6,0.0,False,a,,,,,2526
506,575476,36,357,Murillo Costa dos Santos,Murillo,2,1.8,5.2,16,15,Home,2026-05-10T13:00:00Z,1,1,0,0,0,0,0,0,0,0,0,0,0.0,0.0,0.0,0.0,0,0.0,0.0,0.0,0.0,False,i,Muscle injury - Unknown return date,,2.0,,2526
507,159506,36,357,Ola Aina,Aina,2,2.2,4.7,16,15,Home,2026-05-10T13:00:00Z,1,1,0,0,0,0,0,0,0,0,0,0,0.0,0.0,0.0,0.0,0,0.0,0.0,0.0,0.0,False,i,Knock - Unknown return date,,,,2526
508,215136,36,357,Neco Williams,N.Williams,2,4.2,4.8,16,15,Home,2026-05-10T13:00:00Z,1,1,90,0,0,0,1,0,0,0,14,2,0.04,0.02,0.06,1.48,9,3.8,20.0,15.8,2.0,False,a,,3.0,,,2526
509,451432,36,357,David Mota Veiga Teixeira do Carmo,David Carmo,2,0.0,4.5,16,15,Home,2026-05-10T13:00:00Z,1,1,0,0,0,0,0,0,0,0,0,0,0.0,0.0,0.0,0.0,0,0.0,0.0,0.0,0.0,False,u,has joined Real Oviedo on loan for the rest of the season.,,,,2526
510,575458,36,357,Jair Paula da Cunha Filho,Jair Cunha,2,0.1,4.2,16,15,Home,2026-05-10T13:00:00Z,1,1,90,0,0,0,1,0,0,0,8,2,0.13,0.01,0.14,1.48,9,3.7,17.8,1.8,17.0,False,a,,,,,2526
511,485047,36,357,Felipe Rodrigues da Silva,Morato,2,0.1,4.3,16,15,Home,2026-05-10T13:00:00Z,1,1,90,0,0,0,1,0,0,0,10,2,0.0,0.07,0.07,1.48,9,3.7,25.0,12.4,0.0,False,a,,,,,2526
512,204822,36,357,Omar Richards,O.Richards,2,0.0,4.5,16,15,Home,2026-05-10T13:00:00Z,1,1,0,0,0,0,0,0,0,0,0,0,0.0,0.0,0.0,0.0,0,0.0,0.0,0.0,0.0,False,u,has joined Rio Ave on loan for the rest of the season.,,,,2526
513,549067,36,357,Zach Abbott,Abbott,2,0.2,3.8,16,15,Home,2026-05-10T13:00:00Z,1,1,0,0,0,0,0,0,0,0,0,0,0.0,0.0,0.0,0.0,0,0.0,0.0,0.0,0.0,False,d,Head injury - 75% chance of playing,,,,2526
514,90585,36,357,Willy Boly,Boly,2,0.3,3.8,16,15,Home,2026-05-10T13:00:00Z,1,1,0,0,0,0,0,0,0,0,0,0,0.0,0.0,0.0,0.0,0,0.0,0.0,0.0,0.0,False,i,Knee injury - Unknown return date,,,,2526
515,222531,36,357,Morgan Gibbs-White,Gibbs-White,3,7.0,7.5,16,15,Home,2026-05-10T13:00:00Z,1,1,0,0,0,0,0,0,0,0,0,0,0.0,0.0,0.0,0.0,0,0.0,0.0,0.0,0.0,False,d,Facial Injury - 75% chance of playing,,1.0,2.0,2526
516,209046,36,357,Callum Hudson-Odoi,Hudson-Odoi,3,0.6,5.7,16,15,Home,2026-05-10T13:00:00Z,1,1,0,0,0,0,0,0,0,0,0,0,0.0,0.0,0.0,0.0,0,0.0,0.0,0.0,0.0,False,i,Muscle injury - Expected back 01 Jun,,,,2526
517,215379,36,357,Elliot Anderson,Anderson,3,7.4,5.6,16,15,Home,2026-05-10T13:00:00Z,1,1,90,1,0,0,1,0,0,3,30,12,0.13,0.03,0.16,1.48,12,7.6,36.6,4.8,35.0,True,a,,1.0,3.0,4.0,2526
518,510500,36,357,João Pedro Ferreira da Silva,Jota,3,0.0,5.4,16,15,Home,2026-05-10T13:00:00Z,1,1,0,0,0,0,0,0,0,0,0,0,0.0,0.0,0.0,0.0,0,0.0,0.0,0.0,0.0,False,u,has joined Besiktas on loan for the rest of the season.,,,,2526
519,250199,36,357,Nicolás Domínguez,Dominguez,3,0.0,5.0,16,15,Home,2026-05-10T13:00:00Z,1,1,45,0,0,0,0,0,0,0,4,1,0.0,0.0,0.0,0.57,5,0.6,5.2,0.7,0.0,False,a,,,,,2526
520,243345,36,357,Lewis O'Brien,O'Brien,3,0.0,5.0,16,15,Home,2026-05-10T13:00:00Z,1,1,0,0,0,0,0,0,0,0,0,0,0.0,0.0,0.0,0.0,0,0.0,0.0,0.0,0.0,False,u,Has joined Wrexham permanently.,,,,2526
521,210462,36,357,Ibrahim Sangaré,Sangaré,3,0.1,4.9,16,15,Home,2026-05-10T13:00:00Z,1,1,0,0,0,0,0,0,0,0,0,0,0.0,0.0,0.0,0.0,0,0.0,0.0,0.0,0.0,False,d,Knock - 75% chance of playing,,,,2526
522,204968,36,357,Ryan Yates,Yates,3,0.1,4.7,16,15,Home,2026-05-10T13:00:00Z,1,1,45,0,0,0,1,1,0,0,0,0,0.12,0.14,0.26,0.91,2,2.3,0.8,11.7,10.0,False,a,,,,,2526
523,569014,36,357,Eric da Silva Moreira,Da Silva Moreira,3,0.1,4.5,16,15,Home,2026-05-10T13:00:00Z,1,1,0,0,0,0,0,0,0,0,0,0,0.0,0.0,0.0,0.0,0,0.0,0.0,0.0,0.0,False,a,,,,,2526
524,495161,36,357,Marko Stamenić,Stamenic,3,0.0,4.5,16,15,Home,2026-05-10T13:00:00Z,1,1,0,0,0,0,0,0,0,0,0,0,0.0,0.0,0.0,0.0,0,0.0,0.0,0.0,0.0,False,u,Has joined Swansea City permanently.,,,,2526
525,60689,36,357,Chris Wood,Wood,4,4.6,7.1,16,15,Home,2026-05-10T13:00:00Z,1,1,17,0,0,0,1,0,0,0,2,1,0.0,0.07,0.07,0.31,0,0.6,0.0,2.6,4.0,False,a,,,,1.0,2526
526,482973,36,357,Igor Jesus Maciel da Cruz,Igor Jesus,4,2.4,5.9,16,15,Home,2026-05-10T13:00:00Z,1,1,82,0,0,0,1,1,0,0,8,1,0.29,0.0,0.29,1.46,6,9.2,15.8,20.7,55.0,False,a,,,,3.0,2526
527,210156,36,357,Taiwo Awoniyi,Awoniyi,4,0.4,5.2,16,15,Home,2026-05-10T13:00:00Z,1,1,72,0,0,1,0,0,0,0,10,2,0.15,0.02,0.17,1.16,3,3.1,2.0,12.2,17.0,False,a,,,,,2526
528,232571,36,358,Anthony Patterson,Patterson,1,0.1,4.2,17,14,Home,2026-05-09T14:00:00Z,0,0,0,0,0,0,0,0,0,0,0,0,0.0,0.0,0.0,0.0,0,0.0,0.0,0.0,0.0,False,u,has joined Millwall on loan for the rest of the season.,,,,2526
529,74854,36,358,Simon Moore,Moore,1,0.3,3.9,17,14,Home,2026-05-09T14:00:00Z,0,0,0,0,0,0,0,0,0,0,0,0,0.0,0.0,0.0,0.0,0,0.0,0.0,0.0,0.0,False,a,,,,,2526
530,490000,36,358,Blondy Nna Noukeu,Nna Noukeu,1,0.1,3.9,17,14,Home,2026-05-09T14:00:00Z,0,0,0,0,0,0,0,0,0,0,0,0,0.0,0.0,0.0,0.0,0,0.0,0.0,0.0,0.0,False,u,has joined US Boulogne CO permanently.,,,,2526
531,223827,36,358,Daniel Ballard,Ballard,2,2.6,4.7,17,14,Home,2026-05-09T14:00:00Z,0,0,0,0,0,0,0,0,0,0,0,0,0.0,0.0,0.0,0.0,0,0.0,0.0,0.0,0.0,False,s,Suspended until 25 May,,,,2526
532,487676,36,358,Trai Hume,Hume,2,0.3,4.5,17,14,Home,2026-05-09T14:00:00Z,0,0,89,0,0,1,0,0,0,0,25,6,0.02,0.1,0.12,0.35,1,4.0,7.4,29.0,4.0,False,a,,2.0,,,2526
533,220684,36,358,Aji Alese,Alese,2,0.0,4.0,17,14,Home,2026-05-09T14:00:00Z,0,0,0,0,0,0,0,0,0,0,0,0,0.0,0.0,0.0,0.0,0,0.0,0.0,0.0,0.0,False,u,has joined Portsmouth on loan for the rest of the season.,,,,2526
534,232820,36,358,Joe Anderson,Anderson,2,0.3,3.8,17,14,Home,2026-05-09T14:00:00Z,0,0,0,0,0,0,0,0,0,0,0,0,0.0,0.0,0.0,0.0,0,0.0,0.0,0.0,0.0,False,u,has joined Barrow FC permanently.,,,,2526
535,461195,36,358,Dennis Cirkin,Cirkin,2,0.0,4.0,17,14,Home,2026-05-09T14:00:00Z,0,0,0,0,0,0,0,0,0,0,0,0,0.0,0.0,0.0,0.0,0,0.0,0.0,0.0,0.0,False,a,,,,,2526
536,477547,36,358,Leo Fuhr Hjelde,Hjelde,2,0.0,4.0,17,14,Home,2026-05-09T14:00:00Z,0,0,0,0,0,0,0,0,0,0,0,0,0.0,0.0,0.0,0.0,0,0.0,0.0,0.0,0.0,False,u,has joined Sheffield United on loan for the rest of the season.,,,,2526
537,492066,36,358,Niall Huggins,Huggins,2,0.1,4.0,17,14,Home,2026-05-09T14:00:00Z,0,0,0,0,0,0,0,0,0,0,0,0,0.0,0.0,0.0,0.0,0,0.0,0.0,0.0,0.0,False,u,has joined Wycombe Wanderers on loan for the rest of the season.,,,,2526
538,514613,36,358,Zak Johnson,Johnson,2,0.2,3.8,17,14,Home,2026-05-09T14:00:00Z,0,0,0,0,0,0,0,0,0,0,0,0,0.0,0.0,0.0,0.0,0,0.0,0.0,0.0,0.0,False,u,has joined York City on loan for the rest of the season.,,,,2526
539,167512,36,358,Luke O'Nien,O'Nien,2,0.1,4.0,17,14,Home,2026-05-09T14:00:00Z,0,0,0,0,0,0,0,0,0,0,0,0,0.0,0.0,0.0,0.0,0,0.0,0.0,0.0,0.0,False,a,,,,,2526
540,465702,36,358,Timothée Pembélé,Pembele,2,0.3,3.9,17,14,Home,2026-05-09T14:00:00Z,0,0,0,0,0,0,0,0,0,0,0,0,0.0,0.0,0.0,0.0,0,0.0,0.0,0.0,0.0,False,u,has joined Le Havre AC on loan for the rest of the season.,,,,2526
541,434399,36,358,Reinildo Mandava,Reinildo,2,2.9,3.8,17,14,Home,2026-05-09T14:00:00Z,0,0,90,0,0,1,0,0,0,0,32,8,0.0,0.01,0.01,0.62,10,2.4,22.0,1.7,0.0,False,a,,,,,2526
542,519634,36,358,Jenson Seelt,Seelt,2,0.1,4.0,17,14,Home,2026-05-09T14:00:00Z,0,0,0,0,0,0,0,0,0,0,0,0,0.0,0.0,0.0,0.0,0,0.0,0.0,0.0,0.0,False,u,has joined Wolfsburg on loan for the rest of the season.,,,,2526
543,535818,36,358,Simon Adingra,Adingra,3,0.3,4.9,17,14,Home,2026-05-09T14:00:00Z,0,0,0,0,0,0,0,0,0,0,0,0,0.0,0.0,0.0,0.0,0,0.0,0.0,0.0,0.0,False,u,has joined AS Monaco on loan for the rest of the season.,,,,2526
544,547027,36,358,Habib Diarra,Diarra,3,0.1,5.3,17,14,Home,2026-05-09T14:00:00Z,0,0,0,0,0,0,0,0,0,0,0,0,0.0,0.0,0.0,0.0,0,0.0,0.0,0.0,0.0,False,a,,,,1.0,2526
545,124165,36,358,Patrick Roberts,Roberts,3,0.0,5.4,17,14,Home,2026-05-09T14:00:00Z,0,0,0,0,0,0,0,0,0,0,0,0,0.0,0.0,0.0,0.0,0,0.0,0.0,0.0,0.0,False,u,has joined Birmingham City permanently.,,,,2526
546,626844,36,358,Milan Aleksić,Aleksić,3,0.0,4.9,17,14,Home,2026-05-09T14:00:00Z,0,0,0,0,0,0,0,0,0,0,0,0,0.0,0.0,0.0,0.0,0,0.0,0.0,0.0,0.0,False,a,,,,,2526
547,484420,36,358,Enzo Le Fée,E.Le Fée,3,1.4,4.8,17,14,Home,2026-05-09T14:00:00Z,0,0,90,0,0,1,0,0,0,0,19,3,0.26,0.35,0.61,0.62,8,8.1,16.4,51.9,13.0,False,a,,3.0,2.0,2.0,2526
548,461199,36,358,Romaine Mundle,Mundle,3,0.0,4.9,17,14,Home,2026-05-09T14:00:00Z,0,0,0,0,0,0,0,0,0,0,0,0,0.0,0.0,0.0,0.0,0,0.0,0.0,0.0,0.0,False,i,Hamstring injury - Expected back 01 Jun,,,,2526
549,223336,36,358,Dan Neil,Neil,3,0.0,4.8,17,14,Home,2026-05-09T14:00:00Z,0,0,0,0,0,0,0,0,0,0,0,0,0.0,0.0,0.0,0.0,0,0.0,0.0,0.0,0.0,False,u,has joined Ipswich Town on loan for the rest of the season.,,,,2526
550,215460,36,358,Ian Poveda-Ocampo,Poveda,3,0.0,4.7,17,14,Home,2026-05-09T14:00:00Z,0,0,0,0,0,0,0,0,0,0,0,0,0.0,0.0,0.0,0.0,0,0.0,0.0,0.0,0.0,False,a,,,,,2526
551,554197,36,358,Chris Rigg,Rigg,3,0.1,4.7,17,14,Home,2026-05-09T14:00:00Z,0,0,0,0,0,0,0,0,0,0,0,0,0.0,0.0,0.0,0.0,0,0.0,0.0,0.0,0.0,False,a,,,,,2526
552,577669,36,358,Noah Sadiki,Sadiki,3,0.1,4.9,17,14,Home,2026-05-09T14:00:00Z,0,0,90,0,0,1,0,0,0,0,15,5,0.43,0.02,0.45,0.62,12,4.9,12.4,6.2,30.0,False,a,,,,,2526
553,549912,36,358,Chemsdine Talbi,Talbi,3,0.2,4.9,17,14,Home,2026-05-09T14:00:00Z,0,0,78,0,0,1,0,0,0,0,0,3,0.05,0.04,0.09,0.35,5,1.2,1.6,3.4,7.0,False,a,,,,,2526
554,477851,36,358,Abdoullah Ba,Ba,3,0.3,4.3,17,14,Home,2026-05-09T14:00:00Z,0,0,0,0,0,0,0,0,0,0,0,0,0.0,0.0,0.0,0.0,0,0.0,0.0,0.0,0.0,False,a,,,,,2526
555,171422,36,358,Alan Browne,Browne,3,0.0,4.5,17,14,Home,2026-05-09T14:00:00Z,0,0,0,0,0,0,0,0,0,0,0,0,0.0,0.0,0.0,0.0,0,0.0,0.0,0.0,0.0,False,u,has joined Middlesbrough on loan for the rest of the season.,,,,2526
556,458297,36,358,Pierre Ekwah Elimby,Ekwah,3,0.0,4.5,17,14,Home,2026-05-09T14:00:00Z,0,0,0,0,0,0,0,0,0,0,0,0,0.0,0.0,0.0,0.0,0,0.0,0.0,0.0,0.0,False,u,Has joined AS Saint-Etienne permanently.,,,,2526
557,547410,36,358,Harrison Jones,H.Jones,3,0.1,4.3,17,14,Home,2026-05-09T14:00:00Z,0,0,0,0,0,0,0,0,0,0,0,0,0.0,0.0,0.0,0.0,0,0.0,0.0,0.0,0.0,False,a,,,,,2526
558,493837,36,358,Jay Matete,Matete,3,0.2,4.3,17,14,Home,2026-05-09T14:00:00Z,0,0,0,0,0,0,0,0,0,0,0,0,0.0,0.0,0.0,0.0,0,0.0,0.0,0.0,0.0,False,u,has joined MK Dons permanently.,,,,2526
559,500696,36,358,Nectarios Triantis,Triantis,3,0.0,4.4,17,14,Home,2026-05-09T14:00:00Z,0,0,0,0,0,0,0,0,0,0,0,0,0.0,0.0,0.0,0.0,0,0.0,0.0,0.0,0.0,False,u,has joined Minnesota United permanently.,,,,2526
560,437505,36,358,Wilson Isidor,Isidor,4,1.3,5.0,17,14,Home,2026-05-09T14:00:00Z,0,0,0,0,0,0,0,0,0,0,0,0,0.0,0.0,0.0,0.0,0,0.0,0.0,0.0,0.0,False,a,,,,,2526
561,564406,36,358,Eliezer Mayenda Dossou,Mayenda,4,0.5,5.1,17,14,Home,2026-05-09T14:00:00Z,0,0,1,0,0,0,0,0,0,0,3,1,0.0,0.0,0.0,0.27,0,0.0,0.0,0.0,0.0,False,a,,,,,2526
562,611975,36,358,Ahmed Abdullahi,Abdullahi,4,0.4,4.2,17,14,Home,2026-05-09T14:00:00Z,0,0,0,0,0,0,0,0,0,0,0,0,0.0,0.0,0.0,0.0,0,0.0,0.0,0.0,0.0,False,a,,,,,2526
563,551153,36,358,Luís Hemir Silva Semedo,Luís Hemir,4,0.1,4.4,17,14,Home,2026-05-09T14:00:00Z,0,0,0,0,0,0,0,0,0,0,0,0,0.0,0.0,0.0,0.0,0,0.0,0.0,0.0,0.0,False,u,has joined Moreirense on loan for the rest of the season.,,,,2526
564,440955,36,358,Nazarii Rusyn,Rusyn,4,0.1,4.4,17,14,Home,2026-05-09T14:00:00Z,0,0,0,0,0,0,0,0,0,0,0,0,0.0,0.0,0.0,0.0,0,0.0,0.0,0.0,0.0,False,u,has joined Arka on loan for the rest of the season.,,,,2526
565,184254,36,359,Guglielmo Vicario,Vicario,1,4.7,4.7,18,11,Home,2026-05-11T19:00:00Z,1,1,0,0,0,0,0,0,0,0,0,0,0.0,0.0,0.0,0.0,0,0.0,0.0,0.0,0.0,False,d,Hernia - 25% chance of playing,,,,2526
566,214572,36,359,Brandon Austin,Austin,1,0.3,3.9,18,11,Home,2026-05-11T19:00:00Z,1,1,0,0,0,0,0,0,0,0,0,0,0.0,0.0,0.0,0.0,0,0.0,0.0,0.0,0.0,False,a,,,,,2526
567,485055,36,359,Antonín Kinský,Kinsky,1,1.8,3.9,18,11,Home,2026-05-11T19:00:00Z,1,1,90,0,0,0,1,0,0,0,12,3,0.0,0.0,0.0,1.34,0,2.9,28.8,0.0,0.0,False,a,,,,,2526
568,441164,36,359,Pedro Porro Sauceda,Pedro Porro,2,10.7,5.2,18,11,Home,2026-05-11T19:00:00Z,1,1,90,0,0,0,1,1,0,0,13,1,0.08,0.39,0.47,1.34,9,8.9,31.6,52.7,5.0,False,a,,3.0,2.0,,2526
569,221632,36,359,Cristian Romero,Romero,2,2.9,5.0,18,11,Home,2026-05-11T19:00:00Z,1,1,0,0,0,0,0,0,0,0,0,0,0.0,0.0,0.0,0.0,0,0.0,0.0,0.0,0.0,False,i,Knee injury - Expected back 01 Jun,,,,2526
570,135720,36,359,Kevin Danso,Danso,2,0.2,4.2,18,11,Home,2026-05-11T19:00:00Z,1,1,90,0,0,0,1,1,0,0,7,3,0.04,0.02,0.06,1.34,10,3.8,21.4,12.1,4.0,False,a,,,,,2526
571,115556,36,359,Ben Davies,Davies,2,0.1,4.3,18,11,Home,2026-05-11T19:00:00Z,1,1,0,0,0,0,0,0,0,0,0,0,0.0,0.0,0.0,0.0,0,0.0,0.0,0.0,0.0,False,i,Ankle injury - Unknown return date,,,,2526
572,493125,36,359,Radu Drăgușin,Dragusin,2,0.0,4.5,18,11,Home,2026-05-11T19:00:00Z,1,1,0,0,0,0,0,0,0,0,0,0,0.0,0.0,0.0,0.0,0,0.0,0.0,0.0,0.0,False,a,,,,,2526
573,232859,36,359,Djed Spence,Spence,2,0.9,4.1,18,11,Home,2026-05-11T19:00:00Z,1,1,5,0,0,0,0,0,0,0,3,1,0.0,0.0,0.0,0.25,0,0.3,0.4,0.4,2.0,False,a,,,,,2526
574,487053,36,359,Destiny Udogie,Udogie,2,0.3,4.3,18,11,Home,2026-05-11T19:00:00Z,1,1,84,0,0,0,1,0,0,0,10,2,0.0,0.01,0.01,1.1,7,1.5,10.2,3.1,2.0,False,a,,,,,2526
575,491279,36,359,Micky van de Ven,Van de Ven,2,17.5,4.4,18,11,Home,2026-05-11T19:00:00Z,1,1,90,0,0,0,1,0,0,0,12,2,0.0,0.0,0.0,1.34,4,1.0,7.8,0.3,2.0,False,a,,,,,2526
576,548308,36,359,Ashley Phillips,Phillips,2,0.0,4.0,18,11,Home,2026-05-11T19:00:00Z,1,1,0,0,0,0,0,0,0,0,0,0,0.0,0.0,0.0,0.0,0,0.0,0.0,0.0,0.0,False,u,Has joined Stoke City on loan for the rest of the season.,,,,2526
577,553299,36,359,Takai Kōta,Takai,2,0.0,4.0,18,11,Home,2026-05-11T19:00:00Z,1,1,0,0,0,0,0,0,0,0,0,0,0.0,0.0,0.0,0.0,0,0.0,0.0,0.0,0.0,False,u,has joined Borussia Mönchengladbach on loan for the rest of the season.,,,,2526
578,610799,36,359,Luka Vušković,Vuskovic,2,0.3,3.9,18,11,Home,2026-05-11T19:00:00Z,1,1,0,0,0,0,0,0,0,0,0,0,0.0,0.0,0.0,0.0,0,0.0,0.0,0.0,0.0,False,u,has joined Hamburger SV on loan for the rest of the season.,,,,2526
579,85971,36,359,Son Heung-min,Son,3,0.1,8.5,18,11,Home,2026-05-11T19:00:00Z,1,1,0,0,0,0,0,0,0,0,0,0,0.0,0.0,0.0,0.0,0,0.0,0.0,0.0,0.0,False,u,has joined Los Angeles FC permanently.,,,,2526
580,242898,36,353,Brennan Johnson,Johnson,3,2.4,6.5,8,9,Home,2026-05-10T13:00:00Z,2,2,79,0,0,0,2,0,0,0,8,2,0.0,0.15,0.15,1.26,4,3.7,8.8,26.3,2.0,,a,,1.0,3.0,,2526
580,242898,36,307,Brennan Johnson,Johnson,3,2.4,6.5,8,13,Away,2026-05-13T19:00:00Z,0,3,74,0,0,0,2,0,0,0,9,2,0.0,0.04,0.04,0.96,5,2.2,7.2,14.5,0.0,,a,,1.0,3.0,,2526
581,172780,36,359,James Maddison,Maddison,3,0.2,6.8,18,11,Home,2026-05-11T19:00:00Z,1,1,5,0,0,0,0,0,0,0,2,1,0.0,0.04,0.04,0.25,1,1.1,1.4,5.3,4.0,False,a,,,,,2526
582,460842,36,359,Mohammed Kudus,Kudus,3,9.2,6.4,18,11,Home,2026-05-11T19:00:00Z,1,1,0,0,0,0,0,0,0,0,0,0,0.0,0.0,0.0,0.0,0,0.0,0.0,0.0,0.0,False,i,Thigh injury - Expected back 01 Jun,,4.0,3.0,2526
583,445044,36,359,Dejan Kulusevski,Kulusevski,3,0.0,6.4,18,11,Home,2026-05-11T19:00:00Z,1,1,0,0,0,0,0,0,0,0,0,0,0.0,0.0,0.0,0.0,0,0.0,0.0,0.0,0.0,False,i,Knee injury - Unknown return date,,,,2526
584,511499,36,359,Mathys Tel,Tel,3,0.2,6.2,18,11,Home,2026-05-11T19:00:00Z,1,1,84,1,0,0,1,0,0,2,26,9,0.1,0.12,0.22,1.1,4,7.2,33.4,24.3,14.0,False,a,,1.0,,,2526
585,202993,36,359,Rodrigo Bentancur,Bentancur,3,0.2,5.2,18,11,Home,2026-05-11T19:00:00Z,1,1,80,0,0,0,1,0,0,1,17,5,0.21,0.01,0.22,1.07,14,4.3,17.0,12.7,13.0,False,a,,,,,2526
586,570526,36,359,Lucas Bergvall,Bergvall,3,0.2,5.2,18,11,Home,2026-05-11T19:00:00Z,1,1,9,0,0,0,0,0,0,0,3,1,0.05,0.0,0.05,0.27,0,0.6,0.0,0.7,6.0,False,a,,,,,2526
587,227127,36,359,Yves Bissouma,Bissouma,3,0.0,5.2,18,11,Home,2026-05-11T19:00:00Z,1,1,0,0,0,0,0,0,0,0,0,0,0.0,0.0,0.0,0.0,0,0.0,0.0,0.0,0.0,False,a,,,,,2526
588,550839,36,359,Wilson Odobert,Odobert,3,0.0,5.3,18,11,Home,2026-05-11T19:00:00Z,1,1,0,0,0,0,0,0,0,0,0,0,0.0,0.0,0.0,0.0,0,0.0,0.0,0.0,0.0,False,i,Knee injury - Unknown return date,,,,2526
589,235674,36,359,Manor Solomon,Solomon,3,0.0,5.4,18,11,Home,2026-05-11T19:00:00Z,1,1,0,0,0,0,0,0,0,0,0,0,0.0,0.0,0.0,0.0,0,0.0,0.0,0.0,0.0,False,u,has joined Fiorentina on loan for the rest of the season.,,,,2526
590,436234,36,359,Bryan Gil Salvatierra,Bryan,3,0.0,4.9,18,11,Home,2026-05-11T19:00:00Z,1,1,0,0,0,0,0,0,0,0,0,0,0.0,0.0,0.0,0.0,0,0.0,0.0,0.0,0.0,False,u,has joined Girona permanently.,,,,2526
591,547701,36,359,Archie Gray,Gray,3,0.1,4.8,18,11,Home,2026-05-11T19:00:00Z,1,1,0,0,0,0,0,0,0,0,0,0,0.0,0.0,0.0,0.0,0,0.0,0.0,0.0,0.0,False,a,,,,,2526
592,499721,36,359,Mikey Moore,Moore,3,0.0,5.0,18,11,Home,2026-05-11T19:00:00Z,1,1,0,0,0,0,0,0,0,0,0,0,0.0,0.0,0.0,0.0,0,0.0,0.0,0.0,0.0,False,u,Has joined Rangers on loan for the rest of the season.,,,,2526
593,482442,36,359,Pape Matar Sarr,P.M.Sarr,3,1.0,4.5,18,11,Home,2026-05-11T19:00:00Z,1,1,0,0,0,0,0,0,0,0,0,0,0.0,0.0,0.0,0.0,0,0.0,0.0,0.0,0.0,False,a,,,,,2526
594,623095,36,359,Yang Min-hyeok,Min-hyeok,3,0.0,4.5,18,11,Home,2026-05-11T19:00:00Z,1,1,0,0,0,0,0,0,0,0,0,0,0.0,0.0,0.0,0.0,0,0.0,0.0,0.0,0.0,False,u,has joined Coventry City on loan for the rest of the season.,,,,2526
595,499726,36,359,Callum Olusesi,Olusesi,3,0.2,4.3,18,11,Home,2026-05-11T19:00:00Z,1,1,0,0,0,0,0,0,0,0,0,0,0.0,0.0,0.0,0.0,0,0.0,0.0,0.0,0.0,False,a,,,,,2526
596,154566,36,359,Dominic Solanke-Mitchell,Solanke,4,1.1,7.1,18,11,Home,2026-05-11T19:00:00Z,1,1,0,0,0,0,0,0,0,0,0,0,0.0,0.0,0.0,0.0,0,0.0,0.0,0.0,0.0,False,d,Muscle injury - 50% chance of playing,,,2.0,2526
597,212319,36,359,Richarlison de Andrade,Richarlison,4,6.2,6.4,18,11,Home,2026-05-11T19:00:00Z,1,1,90,0,0,0,1,0,0,0,1,2,0.53,0.06,0.59,1.34,4,5.7,5.8,13.3,38.0,False,a,,,,5.0,2526
598,552427,36,359,Will Lankshear,Lankshear,4,0.0,4.5,18,11,Home,2026-05-11T19:00:00Z,1,1,0,0,0,0,0,0,0,0,0,0,0.0,0.0,0.0,0.0,0,0.0,0.0,0.0,0.0,False,u,has joined Oxford United on loan for the rest of the season.,,,,2526
599,490145,36,359,Dane Scarlett,Scarlett,4,0.5,4.3,18,11,Home,2026-05-11T19:00:00Z,1,1,0,0,0,0,0,0,0,0,0,0,0.0,0.0,0.0,0.0,0,0.0,0.0,0.0,0.0,False,u,has joined Hibernian on loan for the rest of the season.,,,,2526
600,84182,36,360,Alphonse Areola,Areola,1,1.9,4.2,19,1,Home,2026-05-10T15:30:00Z,0,1,0,0,0,0,0,0,0,0,0,0,0.0,0.0,0.0,0.0,0,0.0,0.0,0.0,0.0,False,a,,,,,2526
601,82143,36,360,Wes Foderingham,Foderingham,1,0.2,4.0,19,1,Home,2026-05-10T15:30:00Z,0,1,0,0,0,0,0,0,0,0,0,0,0.0,0.0,0.0,0.0,0,0.0,0.0,0.0,0.0,False,u,has joined Aris Limassol permanently.,,,,2526
602,483364,36,360,Krisztián Hegyi,Hegyi,1,0.2,3.9,19,1,Home,2026-05-10T15:30:00Z,0,1,0,0,0,0,0,0,0,0,0,0,0.0,0.0,0.0,0.0,0,0.0,0.0,0.0,0.0,False,u,has joined MTK Budapest on loan for the rest of the season.,,,,2526
603,613804,36,360,El Hadji Malick Diouf,Diouf,2,2.4,4.1,19,1,Home,2026-05-10T15:30:00Z,0,1,90,0,0,0,1,0,0,0,8,2,0.0,0.01,0.01,1.18,5,2.9,13.8,15.6,0.0,False,a,,,,,2526
604,109533,36,360,Emerson Palmieri dos Santos,Emerson,2,0.0,4.4,19,1,Home,2026-05-10T15:30:00Z,0,1,0,0,0,0,0,0,0,0,0,0,0.0,0.0,0.0,0.0,0,0.0,0.0,0.0,0.0,False,u,has joined Marseille permanently.,,,,2526
605,214048,36,360,Maximilian Kilman,Kilman,2,0.1,4.1,19,1,Home,2026-05-10T15:30:00Z,0,1,0,0,0,0,0,0,0,0,0,0,0.0,0.0,0.0,0.0,0,0.0,0.0,0.0,0.0,False,a,,,,,2526
606,233963,36,360,Konstantinos Mavropanos,Mavropanos,2,1.9,4.5,19,1,Home,2026-05-10T15:30:00Z,0,1,90,0,0,0,1,0,0,0,26,4,0.02,0.04,0.06,1.18,13,4.9,30.4,10.6,8.0,False,a,,,,,2526
607,210494,36,360,Nayef Aguerd,N.Aguerd,2,0.0,4.4,19,1,Home,2026-05-10T15:30:00Z,0,1,0,0,0,0,0,0,0,0,0,0,0.0,0.0,0.0,0.0,0,0.0,0.0,0.0,0.0,False,u,has joined Marseille permanently.,,,,2526
608,536109,36,360,Ollie Scarles,Scarles,2,0.0,4.3,19,1,Home,2026-05-10T15:30:00Z,0,1,0,0,0,0,0,0,0,0,0,0,0.0,0.0,0.0,0.0,0,0.0,0.0,0.0,0.0,False,a,,5.0,,,2526
609,462116,36,360,Jean-Clair Todibo,Todibo,2,0.1,4.3,19,1,Home,2026-05-10T15:30:00Z,0,1,90,0,0,0,1,1,0,0,0,1,0.0,0.01,0.01,1.18,4,1.2,9.0,0.8,2.0,False,a,,,,,2526
610,214590,36,360,Aaron Wan-Bissaka,Wan-Bissaka,2,4.3,4.1,19,1,Home,2026-05-10T15:30:00Z,0,1,90,0,0,0,1,0,0,0,9,2,0.0,0.05,0.05,1.18,5,2.3,9.6,13.4,0.0,False,a,,,,,2526
611,518438,36,360,Kaelan Casey,Casey,2,0.1,4.0,19,1,Home,2026-05-10T15:30:00Z,0,1,0,0,0,0,0,0,0,0,0,0,0.0,0.0,0.0,0.0,0,0.0,0.0,0.0,0.0,False,u,has joined Leyton Orient on loan for the rest of the season.,,,,2526
612,224024,36,360,Lucas Tolentino Coelho de Lima,L.Paquetá,3,1.0,5.9,19,1,Home,2026-05-10T15:30:00Z,0,1,0,0,0,0,0,0,0,0,0,0,0.0,0.0,0.0,0.0,0,0.0,0.0,0.0,0.0,False,u,has joined Flamengo permanently.,,,,2526
613,215439,36,360,Tomáš Souček,Souček,3,0.4,5.7,19,1,Home,2026-05-10T15:30:00Z,0,1,90,0,0,0,1,0,0,0,9,2,0.0,0.01,0.01,1.18,5,0.8,4.2,1.4,2.0,False,a,,,,,2526
614,101178,36,352,James Ward-Prowse,Ward-Prowse,3,0.2,5.6,3,2,Home,2026-05-10T13:00:00Z,2,2,3,0,0,0,0,0,0,0,3,1,0.0,0.0,0.0,0.1,0,0.1,0.4,0.3,0.0,False,a,,1.0,1.0,,2526
615,450070,36,360,Crysencio Summerville,Summerville,3,1.3,5.4,19,1,Home,2026-05-10T15:30:00Z,0,1,90,0,0,0,1,1,0,0,6,1,0.07,0.0,0.07,1.18,6,1.6,7.6,0.7,8.0,False,a,,2.0,,,2526
616,213999,36,360,Edson Álvarez Velázquez,Álvarez,3,0.0,4.9,19,1,Home,2026-05-10T15:30:00Z,0,1,0,0,0,0,0,0,0,0,0,0,0.0,0.0,0.0,0.0,0,0.0,0.0,0.0,0.0,False,u,Has joined Fenerbahçe on loan for the rest of the season.,,,,2526
617,149519,36,360,Maxwel Cornet,Cornet,3,0.0,4.9,19,1,Home,2026-05-10T15:30:00Z,0,1,0,0,0,0,0,0,0,0,0,0,0.0,0.0,0.0,0.0,0,0.0,0.0,0.0,0.0,False,u,has joined Genoa on loan for the rest of the season.,,,,2526
618,197024,36,360,Guido Rodríguez,G.Rodriguez,3,0.0,4.8,19,1,Home,2026-05-10T15:30:00Z,0,1,0,0,0,0,0,0,0,0,0,0,0.0,0.0,0.0,0.0,0,0.0,0.0,0.0,0.0,False,u,has joined Valencia on loan for the rest of the season.,,,,2526
619,577114,36,360,Luis Guilherme Lira dos Santos,L.Guilherme,3,0.0,4.9,19,1,Home,2026-05-10T15:30:00Z,0,1,0,0,0,0,0,0,0,0,0,0,0.0,0.0,0.0,0.0,0,0.0,0.0,0.0,0.0,False,u,has joined Sporting CP permanently.,,,,2526
620,490885,36,360,George Earthy,Earthy,3,0.0,4.5,19,1,Home,2026-05-10T15:30:00Z,0,1,0,0,0,0,0,0,0,0,0,0,0.0,0.0,0.0,0.0,0,0.0,0.0,0.0,0.0,False,u,has joined Bristol City on loan for the rest of the season.,,,,2526
621,229384,36,360,Andy Irving,Irving,3,0.2,4.3,19,1,Home,2026-05-10T15:30:00Z,0,1,0,0,0,0,0,0,0,0,0,0,0.0,0.0,0.0,0.0,0,0.0,0.0,0.0,0.0,False,u,has joined Sparta Prague permanently.,,,,2526
622,518442,36,360,Lewis Orford,Orford,3,0.1,4.4,19,1,Home,2026-05-10T15:30:00Z,0,1,0,0,0,0,0,0,0,0,0,0,0.0,0.0,0.0,0.0,0,0.0,0.0,0.0,0.0,False,u,has joined Stevenage on loan for the rest of the season.,,,,2526
623,490142,36,360,Freddie Potts,Potts,3,0.5,4.3,19,1,Home,2026-05-10T15:30:00Z,0,1,0,0,0,0,0,0,0,0,0,0,0.0,0.0,0.0,0.0,0,0.0,0.0,0.0,0.0,False,a,,,,,2526
624,178186,36,360,Jarrod Bowen,Bowen,4,12.5,7.7,19,1,Home,2026-05-10T15:30:00Z,0,1,90,0,0,0,1,0,0,0,11,2,0.13,0.07,0.2,1.18,3,4.3,13.8,18.3,11.0,False,a,,1.0,1.0,2.0,2526
625,91889,36,360,Niclas Füllkrug,Füllkrug,4,0.6,5.6,19,1,Home,2026-05-10T15:30:00Z,0,1,0,0,0,0,0,0,0,0,0,0,0.0,0.0,0.0,0.0,0,0.0,0.0,0.0,0.0,False,u,has joined AC Milan on loan for the rest of the season.,,,,2526
626,565431,36,360,Callum Marshall,Marshall,4,0.5,4.3,19,1,Home,2026-05-10T15:30:00Z,0,1,0,0,0,0,0,0,0,0,0,0,0.0,0.0,0.0,0.0,0,0.0,0.0,0.0,0.0,False,u,has joined VfL Bochum 1848 on loan for the rest of the season.,,,,2526
627,101982,36,351,Sam Johnstone,Johnstone,1,0.1,4.4,20,6,Away,2026-05-09T14:00:00Z,0,3,0,0,0,0,0,0,0,0,0,0,0.0,0.0,0.0,0.0,0,0.0,0.0,0.0,0.0,False,i,Shoulder injury - Expected back 25 May,,,,2526
628,149065,36,351,José Malheiro de Sá,José Sá,1,1.1,4.2,20,6,Away,2026-05-09T14:00:00Z,0,3,0,0,0,0,0,0,0,0,0,0,0.0,0.0,0.0,0.0,0,0.0,0.0,0.0,0.0,False,a,,,,,2526
629,79602,36,351,Daniel Bentley,Bentley,1,0.5,3.9,20,6,Away,2026-05-09T14:00:00Z,0,3,90,0,0,0,3,0,0,0,9,2,0.0,0.0,0.0,1.62,0,2.4,24.4,0.0,0.0,False,a,,,,,2526
630,138001,36,353,Tom King,King,1,1.2,3.9,9,8,Away,2026-05-10T13:00:00Z,2,2,0,0,0,0,0,0,0,0,0,0,0.0,0.0,0.0,0.0,0,0.0,0.0,0.0,0.0,False,a,,,,,2526
631,516939,36,351,Emmanuel Agbadou,Agbadou,2,0.1,4.2,20,6,Away,2026-05-09T14:00:00Z,0,3,0,0,0,0,0,0,0,0,0,0,0.0,0.0,0.0,0.0,0,0.0,0.0,0.0,0.0,False,u,has joined Besiktas permanently.,,,,2526
632,87835,36,351,Matt Doherty,Doherty,2,0.1,4.4,20,6,Away,2026-05-09T14:00:00Z,0,3,0,0,0,0,0,0,0,0,0,0,0.0,0.0,0.0,0.0,0,0.0,0.0,0.0,0.0,False,a,,,,,2526
633,490721,36,351,Hugo Bueno López,H.Bueno,2,0.2,4.3,20,6,Away,2026-05-09T14:00:00Z,0,3,45,0,0,0,2,0,0,0,-5,0,0.0,0.0,0.0,0.82,3,0.5,4.6,0.2,0.0,False,a,,1.0,,,2526
634,501837,36,351,Yerson Mosquera Valdelamar,Mosquera,2,0.1,4.3,20,6,Away,2026-05-09T14:00:00Z,0,3,90,0,0,0,3,0,0,0,-2,3,0.19,0.02,0.21,1.62,17,3.6,26.4,0.3,9.0,False,a,,,,,2526
635,483081,36,351,Rodrigo Martins Gomes,R.Gomes,2,0.1,4.4,20,6,Away,2026-05-09T14:00:00Z,0,3,23,0,0,0,1,0,0,0,1,1,0.0,0.0,0.0,0.47,1,0.4,2.2,0.0,2.0,False,a,,,,,2526
636,231480,36,351,Santiago Ignacio Bueno,S.Bueno,2,0.1,4.4,20,6,Away,2026-05-09T14:00:00Z,0,3,90,0,0,0,3,0,0,0,-5,1,0.0,0.01,0.01,1.62,6,0.8,8.2,0.0,0.0,False,a,,,,,2526
637,510362,36,351,Toti Gomes,Toti,2,0.1,4.2,20,6,Away,2026-05-09T14:00:00Z,0,3,90,0,0,0,3,0,0,0,3,3,0.0,0.0,0.0,1.62,11,2.6,23.4,0.2,2.0,False,a,,,,,2526
638,441271,36,351,Ki-Jana Hoever,Hoever,2,0.9,3.8,20,6,Away,2026-05-09T14:00:00Z,0,3,0,0,0,0,0,0,0,0,0,0,0.0,0.0,0.0,0.0,0,0.0,0.0,0.0,0.0,False,u,has joined Sheffield United on loan for the rest of the season.,,,,2526
639,560248,36,351,Bastien Meupiyou Menadjou,Meupiyou,2,0.0,4.0,20,6,Away,2026-05-09T14:00:00Z,0,3,0,0,0,0,0,0,0,0,0,0,0.0,0.0,0.0,0.0,0,0.0,0.0,0.0,0.0,False,u,On loan to FC Alverca,,,,2526
640,641221,36,351,Pedro Cardoso de Lima,Pedro Lima,2,0.4,4.0,20,6,Away,2026-05-09T14:00:00Z,0,3,66,0,0,0,2,0,0,0,-1,1,0.0,0.0,0.0,1.15,4,0.5,3.0,0.0,2.0,False,a,,,,,2526
641,517179,36,351,Alfie Pond,Pond,2,0.9,3.9,20,6,Away,2026-05-09T14:00:00Z,0,3,0,0,0,0,0,0,0,0,0,0,0.0,0.0,0.0,0.0,0,0.0,0.0,0.0,0.0,False,u,has joined Crewe Alexandra on loan for the rest of the season.,,,,2526
642,184754,36,351,Hwang Hee-chan,Hee Chan,3,0.1,5.6,20,6,Away,2026-05-09T14:00:00Z,0,3,88,0,0,0,3,1,0,0,-1,1,0.13,0.0,0.13,1.62,4,0.1,0.0,0.3,6.0,False,a,,,2.0,3.0,2526
643,509291,36,351,André Trindade da Costa Neto,André,3,0.1,5.2,20,6,Away,2026-05-09T14:00:00Z,0,3,90,0,0,0,3,1,0,0,8,1,0.0,0.08,0.08,1.62,10,2.6,10.0,15.5,0.0,False,a,,,,,2526
644,231057,36,351,Jean-Ricner Bellegarde,Bellegarde,3,0.0,5.1,20,6,Away,2026-05-09T14:00:00Z,0,3,23,0,0,0,1,0,0,0,11,1,0.0,0.06,0.06,0.47,1,3.4,8.8,25.3,0.0,False,a,,,4.0,,2526
645,643135,36,351,Fer López González,Fer López,3,0.0,5.1,20,6,Away,2026-05-09T14:00:00Z,0,3,0,0,0,0,0,0,0,0,0,0,0.0,0.0,0.0,0.0,0,0.0,0.0,0.0,0.0,False,u,has joined Celta Vigo on loan for the rest of the season.,,,,2526
646,448089,36,351,João Victor Gomes da Silva,J.Gomes,3,0.3,5.3,20,6,Away,2026-05-09T14:00:00Z,0,3,88,0,0,0,3,0,0,0,16,4,0.0,0.0,0.0,1.62,15,1.8,17.0,1.4,0.0,False,a,,,3.0,,2526
647,181284,36,351,Gonçalo Manuel Ganchinho Guedes,Guedes,3,0.0,5.5,20,6,Away,2026-05-09T14:00:00Z,0,3,0,0,0,0,0,0,0,0,0,0,0.0,0.0,0.0,0.0,0,0.0,0.0,0.0,0.0,False,u,Has joined Real Sociedad permanently.,,,,2526
648,433312,36,351,Marshall Munetsi,Munetsi,3,0.0,5.3,20,6,Away,2026-05-09T14:00:00Z,0,3,0,0,0,0,0,0,0,0,0,0,0.0,0.0,0.0,0.0,0,0.0,0.0,0.0,0.0,False,u,has joined Paris FC on loan for the rest of the season.,,,,2526
649,476502,36,351,Boubacar Traoré,B.Traore,3,0.0,5.0,20,6,Away,2026-05-09T14:00:00Z,0,3,0,0,0,0,0,0,0,0,0,0,0.0,0.0,0.0,0.0,0,0.0,0.0,0.0,0.0,False,u,Has joined FC Metz on loan for the rest of the season.,,,,2526
650,497606,36,351,Tawanda Chirewa,Chirewa,3,0.2,4.3,20,6,Away,2026-05-09T14:00:00Z,0,3,0,0,0,0,0,0,0,0,0,0,0.0,0.0,0.0,0.0,0,0.0,0.0,0.0,0.0,False,u,has joined Barnsley on loan for the rest of the season.,,,,2526
651,596054,36,351,Tom Edozie,Edozie,3,0.4,4.3,20,6,Away,2026-05-09T14:00:00Z,0,3,0,0,0,0,0,0,0,0,0,0,0.0,0.0,0.0,0.0,0,0.0,0.0,0.0,0.0,False,a,,,,,2526
652,593001,36,351,Enso González Medina,Gonzalez,3,1.2,4.3,20,6,Away,2026-05-09T14:00:00Z,0,3,0,0,0,0,0,0,0,0,0,0,0.0,0.0,0.0,0.0,0,0.0,0.0,0.0,0.0,False,a,,,,,2526
653,240299,36,351,Joe Hodge,Hodge,3,0.0,4.5,20,6,Away,2026-05-09T14:00:00Z,0,3,0,0,0,0,0,0,0,0,0,0,0.0,0.0,0.0,0.0,0,0.0,0.0,0.0,0.0,False,u,Signed by CD Tondela,,,,2526
654,247412,36,353,Jørgen Strand Larsen,Strand Larsen,4,1.5,5.9,8,9,Home,2026-05-10T13:00:00Z,2,2,64,0,0,0,2,0,0,0,4,2,0.09,0.11,0.2,1.21,1,1.3,0.0,5.3,8.0,,a,,,,,2526
654,247412,36,307,Jørgen Strand Larsen,Strand Larsen,4,1.5,5.9,8,13,Away,2026-05-13T19:00:00Z,0,3,30,0,0,0,1,0,0,0,2,1,0.12,0.01,0.13,0.6,0,0.5,0.0,0.4,6.0,,a,,,,,2526
655,449988,36,351,Fábio Soares Silva,Fábio Silva,4,0.2,4.9,20,6,Away,2026-05-09T14:00:00Z,0,3,0,0,0,0,0,0,0,0,0,0,0.0,0.0,0.0,0.0,0,0.0,0.0,0.0,0.0,False,u,has joined Borussia Dortmund permanently.,,,,2526
656,429414,36,351,Saša Kalajdžić,Kalajdžić,4,0.0,4.9,20,6,Away,2026-05-09T14:00:00Z,0,3,0,0,0,0,0,0,0,0,0,0,0.0,0.0,0.0,0.0,0,0.0,0.0,0.0,0.0,False,u,has joined LASK on loan for the rest of the season.,,,,2526
657,589507,36,351,Leon Chiwome,Chiwome,4,0.0,4.4,20,6,Away,2026-05-09T14:00:00Z,0,3,0,0,0,0,0,0,0,0,0,0,0.0,0.0,0.0,0.0,0,0.0,0.0,0.0,0.0,False,a,,,,,2526
658,531363,36,351,Nathan Fraser,Fraser,4,1.8,4.2,20,6,Away,2026-05-09T14:00:00Z,0,3,0,0,0,0,0,0,0,0,0,0,0.0,0.0,0.0,0.0,0,0.0,0.0,0.0,0.0,False,a,,,,,2526
659,158534,36,360,Kyle Walker-Peters,Walker-Peters,2,0.3,4.2,19,1,Home,2026-05-10T15:30:00Z,0,1,0,0,0,0,0,0,0,0,0,0,0.0,0.0,0.0,0.0,0,0.0,0.0,0.0,0.0,False,a,,,,,2526
660,466525,36,359,Anton Stach,Stach,3,2.1,4.8,11,18,Away,2026-05-11T19:00:00Z,1,1,90,0,0,0,1,0,0,0,9,2,0.04,0.04,0.08,1.27,8,3.0,10.2,17.0,3.0,False,a,,1.0,1.0,,2526
661,510663,36,355,Hugo Ekitiké,Ekitiké,4,15.9,9.0,12,7,Home,2026-05-09T11:30:00Z,1,1,0,0,0,0,0,0,0,0,0,0,0.0,0.0,0.0,0.0,0,0.0,0.0,0.0,0.0,False,i,Achilles injury - Expected back 01 Jul,,,,2526
662,500040,36,360,Cristhian Mosquera,Mosquera,2,0.2,5.3,1,19,Away,2026-05-10T15:30:00Z,1,0,45,0,0,0,0,1,0,0,1,0,0.0,0.03,0.03,1.01,2,2.0,4.4,13.1,2.0,False,a,,,,,2526
663,230376,36,351,Jhon Arias,J.Arias,3,0.1,4.9,20,6,Away,2026-05-09T14:00:00Z,0,3,0,0,0,0,0,0,0,0,0,0,0.0,0.0,0.0,0.0,0,0.0,0.0,0.0,0.0,False,u,has joined Palmeiras permanently.,,,,2526
664,86873,36,354,Benjamin Lecomte,Lecomte,1,0.7,3.9,10,4,Home,2026-05-09T14:00:00Z,0,1,0,0,0,0,0,0,0,0,0,0,0.0,0.0,0.0,0.0,0,0.0,0.0,0.0,0.0,False,a,,,,,2526
665,201595,36,359,Lucas Estella Perri,Perri,1,0.3,4.4,11,18,Away,2026-05-11T19:00:00Z,1,1,0,0,0,0,0,0,0,0,0,0,0.0,0.0,0.0,0.0,0,0.0,0.0,0.0,0.0,False,a,,,,,2526
666,224117,36,360,Viktor Gyökeres,Gyökeres,4,18.1,9.0,1,19,Away,2026-05-10T15:30:00Z,1,0,90,0,0,1,0,0,0,0,5,2,0.12,0.03,0.15,1.15,4,2.2,0.0,14.4,9.0,False,a,,,,2.0,2526
667,499300,36,353,Adam Aznou,Aznou,2,0.1,4.2,9,8,Away,2026-05-10T13:00:00Z,2,2,0,0,0,0,0,0,0,0,0,0,0.0,0.0,0.0,0.0,0,0.0,0.0,0.0,0.0,False,a,,,,,2526
668,84450,36,358,Granit Xhaka,Xhaka,3,3.2,5.1,17,14,Home,2026-05-09T14:00:00Z,0,0,90,0,0,1,0,0,0,0,25,5,0.03,0.27,0.3,0.62,17,4.5,22.8,21.4,1.0,False,a,,1.0,1.0,,2526
669,456512,36,357,Dan Ndoye,Ndoye,3,0.7,5.5,16,15,Home,2026-05-10T13:00:00Z,1,1,0,0,0,0,0,0,0,0,0,0,0.0,0.0,0.0,0.0,0,0.0,0.0,0.0,0.0,False,d,Knock - 75% chance of playing,4.0,,,2526
670,498016,36,358,Robin Roefs,Roefs,1,8.1,4.8,17,14,Home,2026-05-09T14:00:00Z,0,0,90,0,0,1,0,0,0,0,27,6,0.0,0.0,0.0,0.62,0,1.2,12.0,0.0,0.0,False,a,,,,,2526
671,75115,36,360,Callum Wilson,Wilson,4,0.5,5.8,19,1,Home,2026-05-10T15:30:00Z,0,1,5,0,0,0,0,0,0,0,4,1,0.21,0.0,0.21,0.0,1,0.5,0.0,0.0,5.0,False,a,,,,,2526
672,551210,36,355,Jorrel Hato,Hato,2,0.2,4.6,7,12,Away,2026-05-09T11:30:00Z,1,1,90,0,0,0,1,1,0,0,12,3,0.0,0.01,0.01,0.56,10,2.4,21.8,2.0,0.0,False,a,,,,,2526
673,154296,36,359,João Maria Lobo Alves Palhares Costa Palhinha Gonçalves,J.Palhinha,3,0.8,5.5,18,11,Home,2026-05-11T19:00:00Z,1,1,90,0,0,0,1,1,0,0,11,3,0.18,0.01,0.19,1.34,12,2.9,9.0,2.3,18.0,False,a,,,,,2526
674,225321,36,357,Aaron Ramsdale,Ramsdale,1,0.8,4.8,15,16,Away,2026-05-10T13:00:00Z,1,1,0,0,0,0,0,0,0,0,0,0,0.0,0.0,0.0,0.0,0,0.0,0.0,0.0,0.0,False,a,,,,,2526
675,107265,36,357,Angus Gunn,Gunn,1,1.1,4.0,16,15,Home,2026-05-10T13:00:00Z,1,1,0,0,0,0,0,0,0,0,0,0,0.0,0.0,0.0,0.0,0,0.0,0.0,0.0,0.0,False,a,,,,,2526
676,503714,36,352,Lesley Ugochukwu,Ugochukwu,3,0.1,5.0,3,2,Home,2026-05-10T13:00:00Z,2,2,78,0,1,0,2,0,0,0,24,5,0.03,0.05,0.08,1.34,9,4.0,19.6,11.8,9.0,False,a,,,,,2526
677,485337,36,353,Evann Guessand,Guessand,3,0.0,6.2,8,9,Home,2026-05-10T13:00:00Z,2,2,0,0,0,0,0,0,0,0,0,0,0.0,0.0,0.0,0.0,0,0.0,0.0,0.0,0.0,,d,Knee injury - 75% chance of playing,,,,2526
677,485337,36,307,Evann Guessand,Guessand,3,0.0,6.2,8,13,Away,2026-05-13T19:00:00Z,0,3,0,0,0,0,0,0,0,0,0,0,0.0,0.0,0.0,0.0,0,0.0,0.0,0.0,0.0,,d,Knee injury - 75% chance of playing,,,,2526
678,105717,36,358,Arthur Masuaku,Masuaku,2,0.5,3.9,17,14,Home,2026-05-09T14:00:00Z,0,0,0,0,0,0,0,0,0,0,0,0,0.0,0.0,0.0,0.0,0,0.0,0.0,0.0,0.0,False,u,has joined RC Lens on loan for the rest of the season.,,,,2526
679,467189,36,360,Mads Hermansen,Hermansen,1,0.8,4.2,19,1,Home,2026-05-10T15:30:00Z,0,1,90,0,0,0,1,0,0,0,7,2,0.0,0.0,0.0,1.18,0,1.1,10.6,0.0,0.0,False,a,,,,,2526
680,440323,36,352,Armando Broja,Broja,4,0.1,5.2,3,2,Home,2026-05-10T13:00:00Z,2,2,0,0,0,0,0,0,0,0,0,0,0.0,0.0,0.0,0.0,0,0.0,0.0,0.0,0.0,False,a,,,,,2526
681,485711,36,358,Benjamin Sesko,Šeško,4,5.2,7.3,14,17,Away,2026-05-09T14:00:00Z,0,0,0,0,0,0,0,0,0,0,0,0,0.0,0.0,0.0,0.0,0,0.0,0.0,0.0,0.0,False,d,Shin injury - 50% chance of playing,,,,2526
682,497949,36,351,David Møller Wolfe,Møller Wolfe,2,0.1,4.2,20,6,Away,2026-05-09T14:00:00Z,0,3,45,0,0,0,1,0,0,0,0,1,0.0,0.01,0.01,0.8,1,1.7,6.2,10.5,0.0,False,a,,,,,2526
683,201895,36,358,Omar Alderete,Alderete,2,5.6,4.1,17,14,Home,2026-05-09T14:00:00Z,0,0,90,0,0,1,0,0,0,0,25,8,0.02,0.02,0.04,0.62,10,2.4,17.0,0.7,6.0,False,a,,,,,2526
684,465642,36,357,Malick Thiaw,Thiaw,2,4.8,4.9,15,16,Away,2026-05-10T13:00:00Z,1,1,90,0,0,0,1,0,0,0,10,2,0.0,0.01,0.01,1.1,5,2.6,18.8,0.9,6.0,False,a,,,,,2526
685,242882,36,354,Bafodé Diakité,Diakité,2,0.3,4.1,4,10,Away,2026-05-09T14:00:00Z,1,0,0,0,0,0,0,0,0,0,0,0,0.0,0.0,0.0,0.0,0,0.0,0.0,0.0,0.0,False,a,,,,,2526
686,611922,36,355,Rio Ngumoha,Ngumoha,3,1.3,4.3,12,7,Home,2026-05-09T11:30:00Z,1,1,66,0,1,0,1,0,0,1,21,6,0.0,0.06,0.06,0.4,7,4.2,22.4,11.4,8.0,False,a,,,,,2526
687,606774,36,354,Remy Rees-Dottin,Rees-Dottin,3,0.2,4.3,4,10,Away,2026-05-09T14:00:00Z,1,0,0,0,0,0,0,0,0,0,0,0,0.0,0.0,0.0,0.0,0,0.0,0.0,0.0,0.0,False,a,,,,,2526
688,481283,36,352,James Wright,Wright,1,0.6,3.9,2,3,Away,2026-05-10T13:00:00Z,2,2,0,0,0,0,0,0,0,0,0,0,0.0,0.0,0.0,0.0,0,0.0,0.0,0.0,0.0,False,a,,,,,2526
689,623110,36,357,Seung-Soo Park,Seung soo,3,0.5,4.3,15,16,Away,2026-05-10T13:00:00Z,1,1,0,0,0,0,0,0,0,0,0,0,0.0,0.0,0.0,0.0,0,0.0,0.0,0.0,0.0,False,a,,,,,2526
690,590014,36,353,Rio Cardines,Cardines,3,0.3,4.4,8,9,Home,2026-05-10T13:00:00Z,2,2,0,0,0,0,0,0,0,0,0,0,0.0,0.0,0.0,0.0,0,0.0,0.0,0.0,0.0,,a,,,,,2526
690,590014,36,307,Rio Cardines,Cardines,3,0.3,4.4,8,13,Away,2026-05-13T19:00:00Z,0,3,0,0,0,0,0,0,0,0,0,0,0.0,0.0,0.0,0.0,0,0.0,0.0,0.0,0.0,,a,,,,,2526
691,177815,36,359,Dominic Calvert-Lewin,Calvert-Lewin,4,13.2,5.8,11,18,Away,2026-05-11T19:00:00Z,1,1,90,1,0,0,1,0,0,1,17,7,0.82,0.01,0.83,1.27,4,6.8,33.0,15.2,20.0,False,a,,,,1.0,2526
692,647681,36,355,Giovanni Leoni,Leoni,2,0.0,4.9,12,7,Home,2026-05-09T11:30:00Z,1,1,0,0,0,0,0,0,0,0,0,0,0.0,0.0,0.0,0.0,0,0.0,0.0,0.0,0.0,False,i,Knee injury - Expected back 01 Sep,,,,2526
693,503301,36,357,Omari Hutchinson,Hutchinson,3,0.1,5.4,16,15,Home,2026-05-10T13:00:00Z,1,1,26,0,0,0,1,0,0,0,4,1,0.09,0.28,0.37,0.52,2,4.4,7.2,25.6,11.0,False,a,,2.0,,,2526
694,200834,36,358,Nordi Mukiele,Mukiele,2,8.6,4.6,17,14,Home,2026-05-09T14:00:00Z,0,0,90,0,0,1,0,0,0,0,26,6,0.02,0.02,0.04,0.62,5,2.0,14.4,1.8,4.0,False,a,,,,,2526
695,523705,36,351,Jackson Tchatchoua,Tchatchoua,2,0.0,4.4,20,6,Away,2026-05-09T14:00:00Z,0,3,0,0,0,0,0,0,0,0,0,0,0.0,0.0,0.0,0.0,0,0.0,0.0,0.0,0.0,False,a,,,,,2526
696,465680,36,357,Arnaud Kalimuendo,Kalimuendo,4,0.1,6.0,16,15,Home,2026-05-10T13:00:00Z,1,1,0,0,0,0,0,0,0,0,0,0,0.0,0.0,0.0,0.0,0,0.0,0.0,0.0,0.0,False,u,has joined Eintracht Frankfurt on loan for the rest of the season.,,,,2526
697,489888,36,354,Amine Adli,Adli,3,0.2,5.4,4,10,Away,2026-05-09T14:00:00Z,1,0,12,0,0,0,0,0,0,0,-4,1,0.0,0.0,0.0,0.34,1,0.0,0.0,0.0,2.0,False,a,,,,,2526
698,435997,36,359,Noah Okafor,Okafor,3,1.4,5.5,11,18,Away,2026-05-11T19:00:00Z,1,1,0,0,0,0,0,0,0,0,0,0,0.0,0.0,0.0,0.0,0,0.0,0.0,0.0,0.0,False,d,Calf injury - 50% chance of playing,,,,2526
699,230046,36,352,Douglas Luiz Soares de Paulo,Douglas Luiz,3,0.1,4.9,2,3,Away,2026-05-10T13:00:00Z,2,2,10,0,0,0,0,0,0,0,8,1,0.03,0.0,0.03,0.17,3,1.5,7.4,0.4,7.0,False,a,,1.0,,,2526
700,616077,36,360,Max Dowman,Dowman,3,0.8,4.2,1,19,Away,2026-05-10T15:30:00Z,1,0,0,0,0,0,0,0,0,0,0,0,0.0,0.0,0.0,0.0,0,0.0,0.0,0.0,0.0,False,a,,,,,2526
701,569577,36,352,Triston Rowe,Rowe,2,0.1,4.0,2,3,Away,2026-05-10T13:00:00Z,2,2,0,0,0,0,0,0,0,0,0,0,0.0,0.0,0.0,0.0,0,0.0,0.0,0.0,0.0,False,u,has joined Annecy on loan for the rest of the season.,,,,2526
702,645618,36,352,Bradley Burrowes,Burrowes,3,0.1,4.3,2,3,Away,2026-05-10T13:00:00Z,2,2,0,0,0,0,0,0,0,0,0,0,0.0,0.0,0.0,0.0,0,0.0,0.0,0.0,0.0,False,a,,,,,2526
703,564505,36,352,Sam Proctor,Proctor,1,0.6,3.9,2,3,Away,2026-05-10T13:00:00Z,2,2,0,0,0,0,0,0,0,0,0,0,0.0,0.0,0.0,0.0,0,0.0,0.0,0.0,0.0,False,a,,,,,2526
704,461446,36,353,Tyler Onyango,Onyango,3,0.0,4.5,9,8,Away,2026-05-10T13:00:00Z,2,2,0,0,0,0,0,0,0,0,0,0,0.0,0.0,0.0,0.0,0,0.0,0.0,0.0,0.0,False,u,has joined Stockport County on loan for the rest of the season.,,,,2526
705,491745,36,353,Elijah Campbell,Campbell,2,0.1,3.9,9,8,Away,2026-05-10T13:00:00Z,2,2,0,0,0,0,0,0,0,0,0,0,0.0,0.0,0.0,0.0,0,0.0,0.0,0.0,0.0,False,u,has joined Port Vale on loan for the rest of the season.,,,,2526
706,220627,36,359,James Justin,Justin,2,2.2,4.0,11,18,Away,2026-05-11T19:00:00Z,1,1,90,0,0,0,1,0,0,0,15,4,0.02,0.04,0.06,1.27,12,4.5,28.8,11.7,4.0,False,a,,3.0,,,2526
707,496661,36,353,Tyler Dibling,Dibling,3,0.0,5.3,9,8,Away,2026-05-10T13:00:00Z,2,2,0,0,0,0,0,0,0,0,0,0,0.0,0.0,0.0,0.0,0,0.0,0.0,0.0,0.0,False,a,,,,,2526
708,551226,36,360,Mateus Gonçalo Espanha Fernandes,M.Fernandes,3,0.4,5.5,19,1,Home,2026-05-10T15:30:00Z,0,1,90,0,0,0,1,0,0,0,13,2,0.56,0.13,0.69,1.18,9,7.7,18.6,23.8,35.0,False,a,,4.0,,,2526
709,431248,36,351,Ladislav Krejcí,Krejčí,2,0.1,4.5,20,6,Away,2026-05-09T14:00:00Z,0,3,0,0,0,0,0,0,0,0,0,0,0.0,0.0,0.0,0.0,0,0.0,0.0,0.0,0.0,False,a,,,,,2526
710,534836,36,352,Travis Patterson,Patterson,2,0.2,3.9,2,3,Away,2026-05-10T13:00:00Z,2,2,0,0,0,0,0,0,0,0,0,0,0.0,0.0,0.0,0.0,0,0.0,0.0,0.0,0.0,False,a,,,,,2526
711,646243,36,360,Andre Harriman-Annous,Harriman-Annous,3,0.0,4.4,1,19,Away,2026-05-10T15:30:00Z,1,0,0,0,0,0,0,0,0,0,0,0,0.0,0.0,0.0,0.0,0,0.0,0.0,0.0,0.0,False,a,,,,,2526
712,488024,36,353,Yéremy Pino Santos,Yeremy,3,0.2,5.8,8,9,Home,2026-05-10T13:00:00Z,2,2,0,0,0,0,0,0,0,0,0,0,0.0,0.0,0.0,0.0,0,0.0,0.0,0.0,0.0,,a,,,1.0,,2526
712,488024,36,307,Yéremy Pino Santos,Yeremy,3,0.2,5.8,8,13,Away,2026-05-13T19:00:00Z,0,3,59,0,0,0,2,0,0,0,1,1,0.1,0.0,0.1,0.96,4,1.1,3.4,2.2,5.0,,a,,,1.0,,2526
713,551483,36,354,Álex Jiménez Sánchez,A.Jimenez,2,0.2,4.5,4,10,Away,2026-05-09T14:00:00Z,1,0,0,0,0,0,0,0,0,0,0,0,0.0,0.0,0.0,0.0,0,0.0,0.0,0.0,0.0,False,n,Made unavailable for selection on 8/5. - Unknown return date,,,,2526
714,470313,36,357,Nick Woltemade,Woltemade,4,6.4,6.7,15,16,Away,2026-05-10T13:00:00Z,1,1,60,0,0,1,0,0,0,0,12,2,0.0,0.08,0.08,0.58,4,3.1,5.2,21.8,4.0,False,a,,,,3.0,2526
715,221389,36,357,John Victor Maciel Furtado,John,1,0.3,4.0,16,15,Home,2026-05-10T13:00:00Z,1,1,0,0,0,0,0,0,0,0,0,0,0.0,0.0,0.0,0.0,0,0.0,0.0,0.0,0.0,False,i,Knee injury - Expected back 01 Jun,,,,2526
716,500151,36,357,Nicolò Savona,Savona,2,0.0,4.5,16,15,Home,2026-05-10T13:00:00Z,1,1,0,0,0,0,0,0,0,0,0,0,0.0,0.0,0.0,0.0,0,0.0,0.0,0.0,0.0,False,i,Knee injury - Unknown return date,,,,2526
717,493362,36,359,Xavi Simons,Xavi,3,1.1,6.4,18,11,Home,2026-05-11T19:00:00Z,1,1,0,0,0,0,0,0,0,0,0,0,0.0,0.0,0.0,0.0,0,0.0,0.0,0.0,0.0,False,i,Knee injury - Expected back 01 Jan,2.0,3.0,4.0,2526
718,564940,36,360,Soungoutou Magassa,S.Magassa,3,0.0,5.0,19,1,Home,2026-05-10T15:30:00Z,0,1,0,0,0,0,0,0,0,0,0,0,0.0,0.0,0.0,0.0,0,0.0,0.0,0.0,0.0,False,a,,,,,2526
719,184667,36,352,Victor Lindelöf,Lindelöf,2,0.1,4.5,2,3,Away,2026-05-10T13:00:00Z,2,2,73,0,0,0,2,0,0,0,2,1,0.0,0.01,0.01,1.63,1,0.5,2.8,2.3,0.0,False,a,,,,,2526
720,488213,36,351,Tolu Arokodare,Tolu,4,0.1,5.1,20,6,Away,2026-05-09T14:00:00Z,0,3,1,0,0,0,0,0,0,0,-2,1,0.07,0.01,0.08,0.0,0,0.3,0.0,1.6,4.0,False,a,,,,5.0,2526
721,620487,36,354,Veljko Milosavljevic,Milosavljević,2,0.0,4.4,4,10,Away,2026-05-09T14:00:00Z,1,0,0,0,0,0,0,0,0,0,0,0,0.0,0.0,0.0,0.0,0,0.0,0.0,0.0,0.0,False,a,,,,,2526
722,216055,36,352,Florentino Ibrain Morris Luís,Florentino,3,0.0,5.0,3,2,Home,2026-05-10T13:00:00Z,2,2,86,0,0,0,2,0,0,0,14,4,0.01,0.04,0.05,1.34,12,4.1,15.8,21.8,3.0,False,a,,,,,2526
723,651426,36,353,Jaydee Canvot,Canvot,2,0.5,4.5,8,9,Home,2026-05-10T13:00:00Z,2,2,90,0,0,0,2,0,0,0,7,1,0.31,0.04,0.35,1.59,7,5.3,16.6,15.9,20.0,,a,,,,,2526
723,651426,36,307,Jaydee Canvot,Canvot,2,0.5,4.5,8,13,Away,2026-05-13T19:00:00Z,0,3,90,0,0,0,3,0,0,0,4,3,0.0,0.0,0.0,1.56,10,1.6,16.2,0.1,0.0,,a,,,,,2526
724,247955,36,358,Lutsharel Geertruida,Geertruida,2,0.1,4.5,17,14,Home,2026-05-09T14:00:00Z,0,0,90,0,0,1,0,0,0,0,26,6,0.24,0.06,0.3,0.62,4,6.5,16.4,14.7,34.0,False,a,,,,,2526
725,448104,36,360,Piero Hincapié,Hincapie,2,0.9,5.1,1,19,Away,2026-05-10T15:30:00Z,1,0,0,0,0,0,0,0,0,0,0,0,0.0,0.0,0.0,0.0,0,0.0,0.0,0.0,0.0,False,a,,,,,2526
726,247693,36,359,Randal Kolo Muani,Kolo Muani,4,0.4,6.9,18,11,Home,2026-05-11T19:00:00Z,1,1,90,0,0,0,1,0,0,0,2,2,0.0,0.22,0.22,1.34,4,2.6,4.8,13.4,8.0,False,a,,,,,2526
727,218328,36,354,Samuel Chukwueze,Chukwueze,3,0.1,5.3,10,4,Home,2026-05-09T14:00:00Z,0,1,61,0,0,0,1,0,0,0,5,2,0.0,0.02,0.02,0.44,1,0.4,0.0,5.3,2.0,False,a,,,,,2526
728,513466,36,353,Merlin Röhl,Röhl,3,0.0,5.0,9,8,Away,2026-05-10T13:00:00Z,2,2,79,0,0,0,2,0,0,0,2,2,0.0,0.08,0.08,2.04,5,2.5,2.8,14.0,8.0,False,a,,,,,2526
729,560441,36,357,Luis Eduardo Soares da Silva,Cuiabano,2,0.0,4.5,16,15,Home,2026-05-10T13:00:00Z,1,1,0,0,0,0,0,0,0,0,0,0,0.0,0.0,0.0,0.0,0,0.0,0.0,0.0,0.0,False,u,has joined Vasco de Gama on loan for the rest of the season.,,,,2526
730,441264,36,358,Brian Brobbey,Brobbey,4,0.9,5.3,17,14,Home,2026-05-09T14:00:00Z,0,0,90,0,0,1,0,0,0,0,5,2,0.18,0.11,0.29,0.62,4,9.7,11.6,34.9,50.0,False,a,,,,,2526
731,560552,36,354,Kevin Santos Lopes de Macedo,Kevin,3,0.1,5.7,10,4,Home,2026-05-09T14:00:00Z,0,1,28,0,0,0,0,0,0,0,11,1,0.03,0.0,0.03,0.38,3,3.4,11.4,1.3,21.0,False,a,,,,,2526
732,660392,36,353,Christantus Uche,Uche,4,0.1,5.5,8,9,Home,2026-05-10T13:00:00Z,2,2,0,0,0,0,0,0,0,0,0,0,0.0,0.0,0.0,0.0,0,0.0,0.0,0.0,0.0,,a,,,,,2526
732,660392,36,307,Christantus Uche,Uche,4,0.1,5.5,8,13,Away,2026-05-13T19:00:00Z,0,3,0,0,0,0,0,0,0,0,0,0,0.0,0.0,0.0,0.0,0,0.0,0.0,0.0,0.0,,a,,,,,2526
733,465247,36,358,Senne Lammens,Lammens,1,3.4,5.1,14,17,Away,2026-05-09T14:00:00Z,0,0,90,0,0,1,0,0,0,2,33,9,0.0,0.0,0.0,1.25,0,3.5,35.4,0.0,0.0,False,a,,,,,2526
734,476887,36,357,Dilane Bakwa,Bakwa,3,0.0,5.9,16,15,Home,2026-05-10T13:00:00Z,1,1,63,0,0,1,0,0,0,0,9,3,0.04,0.01,0.05,0.96,2,3.0,5.0,16.4,9.0,False,a,,,,,2526
735,110504,36,358,Bertrand Traoré,Traoré,3,0.0,5.5,17,14,Home,2026-05-09T14:00:00Z,0,0,0,0,0,0,0,0,0,0,0,0,0.0,0.0,0.0,0.0,0,0.0,0.0,0.0,0.0,False,a,,,,,2526
736,204936,36,356,Gianluigi Donnarumma,Donnarumma,1,9.3,5.6,13,5,Home,2026-05-09T16:30:00Z,3,0,90,0,0,1,0,0,0,0,25,6,0.0,0.0,0.0,0.24,0,2.0,19.8,0.0,0.0,,a,,,,,2526
736,204936,36,307,Gianluigi Donnarumma,Donnarumma,1,9.3,5.6,13,8,Home,2026-05-13T19:00:00Z,3,0,90,0,0,1,0,0,0,2,27,8,0.0,0.0,0.0,0.68,0,1.9,19.0,0.0,0.0,,a,,,,,2526
737,631786,36,354,Jonah Kusi-Asare,Kusi-Asare,4,0.1,4.5,10,4,Home,2026-05-09T14:00:00Z,0,1,7,0,0,0,0,0,0,0,6,1,0.0,0.0,0.0,0.04,1,0.2,2.0,0.3,0.0,False,a,,,,,2526
738,37096,36,360,Lukasz Fabianski,Fabianski,1,0.0,4.5,19,1,Home,2026-05-10T15:30:00Z,0,1,0,0,0,0,0,0,0,0,0,0,0.0,0.0,0.0,0.0,0,0.0,0.0,0.0,0.0,False,a,,,,,2526
739,590039,36,356,Divine Mukasa,Mukasa,3,0.0,4.4,13,5,Home,2026-05-09T16:30:00Z,3,0,0,0,0,0,0,0,0,0,0,0,0.0,0.0,0.0,0.0,0,0.0,0.0,0.0,0.0,,u,has joined Leicester City on loan for the rest of the season.,,,,2526
739,590039,36,307,Divine Mukasa,Mukasa,3,0.0,4.4,13,8,Home,2026-05-13T19:00:00Z,3,0,0,0,0,0,0,0,0,0,0,0,0.0,0.0,0.0,0.0,0,0.0,0.0,0.0,0.0,,u,has joined Leicester City on loan for the rest of the season.,,,,2526
740,566213,36,356,Stephen Mfuni,Mfuni,2,0.0,3.9,13,5,Home,2026-05-09T16:30:00Z,3,0,0,0,0,0,0,0,0,0,0,0,0.0,0.0,0.0,0.0,0,0.0,0.0,0.0,0.0,,u,has joined Watford on loan for the rest of the season.,,,,2526
740,566213,36,307,Stephen Mfuni,Mfuni,2,0.0,3.9,13,8,Home,2026-05-13T19:00:00Z,3,0,0,0,0,0,0,0,0,0,0,0,0.0,0.0,0.0,0.0,0,0.0,0.0,0.0,0.0,,u,has joined Watford on loan for the rest of the season.,,,,2526
741,600882,36,359,Harry Gray,Gray,4,0.1,4.5,11,18,Away,2026-05-11T19:00:00Z,1,1,0,0,0,0,0,0,0,0,0,0,0.0,0.0,0.0,0.0,0,0.0,0.0,0.0,0.0,False,u,has joined Rotherham United on loan for the rest of the season.,,,,2526
742,616288,36,356,Ryan McAidoo,McAidoo,3,0.0,4.5,13,5,Home,2026-05-09T16:30:00Z,3,0,0,0,0,0,0,0,0,0,0,0,0.0,0.0,0.0,0.0,0,0.0,0.0,0.0,0.0,,a,,,,,2526
742,616288,36,307,Ryan McAidoo,McAidoo,3,0.0,4.5,13,8,Home,2026-05-13T19:00:00Z,3,0,0,0,0,0,0,0,0,0,0,0,0.0,0.0,0.0,0.0,0,0.0,0.0,0.0,0.0,,a,,,,,2526
743,611912,36,355,Landon Emenalo,Emenalo,3,0.0,4.5,7,12,Away,2026-05-09T11:30:00Z,1,1,0,0,0,0,0,0,0,0,0,0,0.0,0.0,0.0,0.0,0,0.0,0.0,0.0,0.0,False,a,,,,,2526
744,556637,36,351,Nehemiah Oriola,Oriola,3,0.0,4.5,6,20,Home,2026-05-09T14:00:00Z,3,0,0,0,0,0,0,0,0,0,0,0,0.0,0.0,0.0,0.0,0,0.0,0.0,0.0,0.0,False,a,,,,,2526
745,640419,36,359,Jun'ai Byfield,Byfield,2,0.0,4.0,18,11,Home,2026-05-11T19:00:00Z,1,1,0,0,0,0,0,0,0,0,0,0,0.0,0.0,0.0,0.0,0,0.0,0.0,0.0,0.0,False,a,,,,,2526
746,596042,36,355,Kieran Morrison,Morrison,3,0.0,4.5,12,7,Home,2026-05-09T11:30:00Z,1,1,0,0,0,0,0,0,0,0,0,0,0.0,0.0,0.0,0.0,0,0.0,0.0,0.0,0.0,False,a,,,,,2526
747,602903,36,360,Ezra Mayers,Mayers,2,0.0,4.0,19,1,Home,2026-05-10T15:30:00Z,0,1,0,0,0,0,0,0,0,0,0,0,0.0,0.0,0.0,0.0,0,0.0,0.0,0.0,0.0,False,a,,,,,2526
748,183656,36,356,Josh Dasilva,Dasilva,3,0.0,4.9,5,13,Away,2026-05-09T16:30:00Z,0,3,0,0,0,0,0,0,0,0,0,0,0.0,0.0,0.0,0.0,0,0.0,0.0,0.0,0.0,False,a,,,,,2526
749,647671,36,351,Mateus Mané,Mané,4,1.2,4.2,20,6,Away,2026-05-09T14:00:00Z,0,3,66,0,0,0,2,0,0,0,12,2,0.07,0.35,0.42,1.15,2,4.3,9.2,14.3,19.0,False,a,,2.0,1.0,,2526
750,499716,36,359,James Rowswell,Rowswell,2,0.0,4.0,18,11,Home,2026-05-11T19:00:00Z,1,1,0,0,0,0,0,0,0,0,0,0,0.0,0.0,0.0,0.0,0,0.0,0.0,0.0,0.0,False,a,,,,,2526
751,590035,36,359,Yusuf Akhamrich,Akhamrich,3,0.0,4.5,18,11,Home,2026-05-11T19:00:00Z,1,1,0,0,0,0,0,0,0,0,0,0,0.0,0.0,0.0,0.0,0,0.0,0.0,0.0,0.0,False,u,has joined Bristol Rovers on loan for the rest of the season.,,,,2526
752,643473,36,360,Airidas Golambeckis,Golambeckis,2,0.0,4.0,19,1,Home,2026-05-10T15:30:00Z,0,1,0,0,0,0,0,0,0,0,0,0,0.0,0.0,0.0,0.0,0,0.0,0.0,0.0,0.0,False,a,,,,,2526
753,19236,36,357,John Ruddy,Ruddy,1,0.0,4.0,15,16,Away,2026-05-10T13:00:00Z,1,1,0,0,0,0,0,0,0,0,0,0,0.0,0.0,0.0,0.0,0,0.0,0.0,0.0,0.0,False,a,,,,,2526
754,577285,36,352,George Hemmings,George Hemmings,3,0.0,4.5,2,3,Away,2026-05-10T13:00:00Z,2,2,0,0,0,0,0,0,0,0,0,0,0.0,0.0,0.0,0.0,0,0.0,0.0,0.0,0.0,False,a,,,,,2526
755,576628,36,358,Shea Lacey,Lacey,3,0.0,4.5,14,17,Away,2026-05-09T14:00:00Z,0,0,0,0,0,0,0,0,0,0,0,0,0.0,0.0,0.0,0.0,0,0.0,0.0,0.0,0.0,False,a,,,,,2526
756,678552,36,354,Malcom DaCosta,DaCosta,3,0.0,4.5,4,10,Away,2026-05-09T14:00:00Z,1,0,0,0,0,0,0,0,0,0,0,0,0.0,0.0,0.0,0.0,0,0.0,0.0,0.0,0.0,False,a,,,,,2526
757,516875,36,352,Ronnie Hollingshead,Hollingshead,1,0.0,4.0,2,3,Away,2026-05-10T13:00:00Z,2,2,0,0,0,0,0,0,0,0,0,0,0.0,0.0,0.0,0.0,0,0.0,0.0,0.0,0.0,False,a,,,,,2526
758,630699,36,360,Mohamadou Kanté,Mohamadou Kanté,3,0.0,4.5,19,1,Home,2026-05-10T15:30:00Z,0,1,0,0,0,0,0,0,0,0,0,0,0.0,0.0,0.0,0.0,0,0.0,0.0,0.0,0.0,False,a,,,,,2526
759,616065,36,360,Marli Salmon,Salmon,2,0.0,4.0,1,19,Away,2026-05-10T15:30:00Z,1,0,0,0,0,0,0,0,0,0,0,0,0.0,0.0,0.0,0.0,0,0.0,0.0,0.0,0.0,False,a,,,,,2526
760,519440,36,355,Wellity Lucky,Lucky,2,0.0,4.0,12,7,Home,2026-05-09T11:30:00Z,1,1,0,0,0,0,0,0,0,0,0,0,0.0,0.0,0.0,0.0,0,0.0,0.0,0.0,0.0,False,a,,,,,2526
761,604988,36,351,Freddie Simmonds,Simmonds,2,0.0,4.0,6,20,Home,2026-05-09T14:00:00Z,3,0,0,0,0,0,0,0,0,0,0,0,0.0,0.0,0.0,0.0,0,0.0,0.0,0.0,0.0,False,a,,,,,2526
762,672492,36,353,Joél Drakes-Thomas,Drakes-Thomas,3,0.0,4.5,8,9,Home,2026-05-10T13:00:00Z,2,2,0,0,0,0,0,0,0,0,0,0,0.0,0.0,0.0,0.0,0,0.0,0.0,0.0,0.0,,a,,,,,2526
762,672492,36,307,Joél Drakes-Thomas,Drakes-Thomas,3,0.0,4.5,8,13,Away,2026-05-13T19:00:00Z,0,3,0,0,0,0,0,0,0,0,0,0,0.0,0.0,0.0,0.0,0,0.0,0.0,0.0,0.0,,a,,,,,2526
763,516234,36,356,Charlie Gray,Gray,3,0.0,4.5,13,5,Home,2026-05-09T16:30:00Z,3,0,0,0,0,0,0,0,0,0,0,0,0.0,0.0,0.0,0.0,0,0.0,0.0,0.0,0.0,,a,,,,,2526
763,516234,36,307,Charlie Gray,Gray,3,0.0,4.5,13,8,Home,2026-05-13T19:00:00Z,3,0,0,0,0,0,0,0,0,0,0,0,0.0,0.0,0.0,0.0,0,0.0,0.0,0.0,0.0,,a,,,,,2526
764,580921,36,356,Reigan Heskey,Heskey,3,0.0,4.5,13,5,Home,2026-05-09T16:30:00Z,3,0,0,0,0,0,0,0,0,0,0,0,0.0,0.0,0.0,0.0,0,0.0,0.0,0.0,0.0,,a,,,,,2526
764,580921,36,307,Reigan Heskey,Heskey,3,0.0,4.5,13,8,Home,2026-05-13T19:00:00Z,3,0,0,0,0,0,0,0,0,0,0,0,0.0,0.0,0.0,0.0,0,0.0,0.0,0.0,0.0,,a,,,,,2526
765,553746,36,357,Leo Shahar,Shahar,2,0.0,4.0,15,16,Away,2026-05-10T13:00:00Z,1,1,0,0,0,0,0,0,0,0,0,0,0.0,0.0,0.0,0.0,0,0.0,0.0,0.0,0.0,False,a,,,,,2526
766,601956,36,351,Saheed Olagunju,Olagunju,2,0.0,4.0,20,6,Away,2026-05-09T14:00:00Z,0,3,0,0,0,0,0,0,0,0,0,0,0.0,0.0,0.0,0.0,0,0.0,0.0,0.0,0.0,False,a,,,,,2526
767,605319,36,351,Luke Rawlings,Rawlings,3,0.0,4.5,20,6,Away,2026-05-09T14:00:00Z,0,3,0,0,0,0,0,0,0,0,0,0,0.0,0.0,0.0,0.0,0,0.0,0.0,0.0,0.0,False,a,,,,,2526
768,664015,36,352,Leon Routh,Leon Routh,2,0.0,4.0,2,3,Away,2026-05-10T13:00:00Z,2,2,0,0,0,0,0,0,0,0,0,0,0.0,0.0,0.0,0.0,0,0.0,0.0,0.0,0.0,False,a,,,,,2526
769,576620,36,358,Bendito Mantato,Bendito Mantato,3,0.0,4.5,14,17,Away,2026-05-09T14:00:00Z,0,0,0,0,0,0,0,0,0,0,0,0,0.0,0.0,0.0,0.0,0,0.0,0.0,0.0,0.0,False,a,,,,,2526
770,619536,36,354,Seth Ridgeon,Ridgeon,3,0.0,4.5,10,4,Home,2026-05-09T14:00:00Z,0,1,0,0,0,0,0,0,0,0,0,0,0.0,0.0,0.0,0.0,0,0.0,0.0,0.0,0.0,False,a,,,,,2526
771,519913,36,358,Tyler Fletcher,Fletcher,3,0.0,4.4,14,17,Away,2026-05-09T14:00:00Z,0,0,0,0,0,0,0,0,0,0,0,0,0.0,0.0,0.0,0.0,0,0.0,0.0,0.0,0.0,False,a,,,,,2526
772,666607,36,357,Sam Alabi,Alabi,3,0.0,4.5,15,16,Away,2026-05-10T13:00:00Z,1,1,0,0,0,0,0,0,0,0,0,0,0.0,0.0,0.0,0.0,0,0.0,0.0,0.0,0.0,False,a,,,,,2526
773,643426,36,353,Dean Benamar,Benamar,2,0.0,4.0,8,9,Home,2026-05-10T13:00:00Z,2,2,0,0,0,0,0,0,0,0,0,0,0.0,0.0,0.0,0.0,0,0.0,0.0,0.0,0.0,,a,,,,,2526
773,643426,36,307,Dean Benamar,Benamar,2,0.0,4.0,8,13,Away,2026-05-13T19:00:00Z,0,3,0,0,0,0,0,0,0,0,0,0,0.0,0.0,0.0,0.0,0,0.0,0.0,0.0,0.0,,a,,,,,2526
774,232356,36,358,Jenson Jones,Jenson Jones,2,0.0,4.0,17,14,Home,2026-05-09T14:00:00Z,0,0,0,0,0,0,0,0,0,0,0,0,0.0,0.0,0.0,0.0,0,0.0,0.0,0.0,0.0,False,a,,,,,2526
775,604211,36,358,Tymur Tutierov,Tutierov,3,0.0,4.5,17,14,Home,2026-05-09T14:00:00Z,0,0,0,0,0,0,0,0,0,0,0,0,0.0,0.0,0.0,0.0,0,0.0,0.0,0.0,0.0,False,u,has joined Exeter City on loan for the rest of the season.,,,,2526
776,647960,36,352,Oliver Pimlott,Pimlott,3,0.0,4.5,3,2,Home,2026-05-10T13:00:00Z,2,2,0,0,0,0,0,0,0,0,0,0,0.0,0.0,0.0,0.0,0,0.0,0.0,0.0,0.0,False,a,,,,,2526
777,514362,36,351,Temple Ojinnaka,Ojinnaka,3,0.0,4.5,20,6,Away,2026-05-09T14:00:00Z,0,3,0,0,0,0,0,0,0,0,0,0,0.0,0.0,0.0,0.0,0,0.0,0.0,0.0,0.0,False,u,has joined Shrewsbury Town on loan for the rest of the season.,,,,2526
778,589121,36,351,Ethan Sutherland,Sutherland,3,0.0,4.5,20,6,Away,2026-05-09T14:00:00Z,0,3,0,0,0,0,0,0,0,0,0,0,0.0,0.0,0.0,0.0,0,0.0,0.0,0.0,0.0,False,a,,,,,2526
779,629068,36,353,Braiden Graham,Graham,4,0.0,4.5,9,8,Away,2026-05-10T13:00:00Z,2,2,0,0,0,0,0,0,0,0,0,0,0.0,0.0,0.0,0.0,0,0.0,0.0,0.0,0.0,False,a,,,,,2526
780,631106,36,353,Ben Casey,Casey,4,0.0,4.5,8,9,Home,2026-05-10T13:00:00Z,2,2,0,0,0,0,0,0,0,0,0,0,0.0,0.0,0.0,0.0,0,0.0,0.0,0.0,0.0,,a,,,,,2526
780,631106,36,307,Ben Casey,Casey,4,0.0,4.5,8,13,Away,2026-05-13T19:00:00Z,0,3,0,0,0,0,0,0,0,0,0,0,0.0,0.0,0.0,0.0,0,0.0,0.0,0.0,0.0,,a,,,,,2526
781,618027,36,352,TJ Carroll,Carroll,2,0.0,4.0,2,3,Away,2026-05-10T13:00:00Z,2,2,0,0,0,0,0,0,0,0,0,0,0.0,0.0,0.0,0.0,0,0.0,0.0,0.0,0.0,False,a,,,,,2526
782,40383,36,354,Fraser Forster,Forster,1,0.0,4.0,4,10,Away,2026-05-09T14:00:00Z,1,0,0,0,0,0,0,0,0,0,0,0,0.0,0.0,0.0,0.0,0,0.0,0.0,0.0,0.0,False,a,,,,,2526
783,60307,36,351,Pascal Groß,Groß,3,3.2,5.6,6,20,Home,2026-05-09T14:00:00Z,3,0,90,0,1,1,0,0,0,0,24,6,0.23,0.17,0.4,0.49,6,8.2,20.0,25.4,37.0,False,a,,1.0,,,2526
784,704232,36,352,George Brierley,Brierley,3,0.0,4.5,3,2,Home,2026-05-10T13:00:00Z,2,2,0,0,0,0,0,0,0,0,0,0,0.0,0.0,0.0,0.0,0,0.0,0.0,0.0,0.0,False,a,,,,,2526
785,530335,36,360,Pablo Felipe Pereira de Jesus,Pablo,4,0.0,5.4,19,1,Home,2026-05-10T15:30:00Z,0,1,23,0,0,0,1,0,0,0,6,1,0.0,0.54,0.54,0.37,1,2.1,3.2,13.3,4.0,False,a,,,,,2526
786,505079,36,354,Alfie McNally,McNally,1,0.0,4.0,10,4,Home,2026-05-09T14:00:00Z,0,1,0,0,0,0,0,0,0,0,0,0,0.0,0.0,0.0,0.0,0,0.0,0.0,0.0,0.0,False,a,,,,,2526
787,565863,36,359,Sam Chambers,Chambers,3,0.0,4.4,11,18,Away,2026-05-11T19:00:00Z,1,1,0,0,0,0,0,0,0,0,0,0,0.0,0.0,0.0,0.0,0,0.0,0.0,0.0,0.0,False,a,,,,,2526
788,576637,36,358,Godwill Kukonki,Kukonki,2,0.0,4.0,14,17,Away,2026-05-09T14:00:00Z,0,0,0,0,0,0,0,0,0,0,0,0,0.0,0.0,0.0,0.0,0,0.0,0.0,0.0,0.0,False,a,,,,,2526
789,518335,36,355,Max Merrick,Merrick,1,0.0,4.0,7,12,Away,2026-05-09T11:30:00Z,1,1,0,0,0,0,0,0,0,0,0,0,0.0,0.0,0.0,0.0,0,0.0,0.0,0.0,0.0,False,a,,,,,2526
790,611917,36,359,Lucá Williams-Barnett,Williams-Barnett,3,0.0,4.5,18,11,Home,2026-05-11T19:00:00Z,1,1,0,0,0,0,0,0,0,0,0,0,0.0,0.0,0.0,0.0,0,0.0,0.0,0.0,0.0,False,a,,,,,2526
791,247670,36,360,Valentín Castellanos,Taty,4,0.2,5.5,19,1,Home,2026-05-10T15:30:00Z,0,1,66,0,0,1,0,1,0,0,4,1,0.17,0.0,0.17,0.81,4,2.9,5.2,1.3,22.0,False,a,,,,,2526
792,653481,36,352,Alysson Edward Franco da Rocha dos Santos,Alysson,3,0.0,5.0,2,3,Away,2026-05-10T13:00:00Z,2,2,0,0,0,0,0,0,0,0,0,0,0.0,0.0,0.0,0.0,0,0.0,0.0,0.0,0.0,False,i,Muscle injury - Unknown return date,,,,2526
793,591384,36,353,George King,King,2,0.0,4.0,8,9,Home,2026-05-10T13:00:00Z,2,2,0,0,0,0,0,0,0,0,0,0,0.0,0.0,0.0,0.0,0,0.0,0.0,0.0,0.0,,a,,,,,2526
793,591384,36,307,George King,King,2,0.0,4.0,8,13,Away,2026-05-13T19:00:00Z,0,3,0,0,0,0,0,0,0,0,0,0,0.0,0.0,0.0,0.0,0,0.0,0.0,0.0,0.0,,a,,,,,2526
794,494307,36,356,Max Alleyne,Alleyne,2,0.0,3.9,13,5,Home,2026-05-09T16:30:00Z,3,0,0,0,0,0,0,0,0,0,0,0,0.0,0.0,0.0,0.0,0,0.0,0.0,0.0,0.0,,a,,,,,2526
794,494307,36,307,Max Alleyne,Alleyne,2,0.0,3.9,13,8,Home,2026-05-13T19:00:00Z,3,0,0,0,0,0,0,0,0,0,0,0,0.0,0.0,0.0,0.0,0,0.0,0.0,0.0,0.0,,a,,,,,2526
795,597320,36,351,Harry Howell,Howell,3,0.0,4.5,6,20,Home,2026-05-09T14:00:00Z,3,0,0,0,0,0,0,0,0,0,0,0,0.0,0.0,0.0,0.0,0,0.0,0.0,0.0,0.0,False,a,,,,,2526
796,232787,36,359,Conor Gallagher,Gallagher,3,0.2,5.0,18,11,Home,2026-05-11T19:00:00Z,1,1,90,0,0,0,1,0,0,0,12,2,0.08,0.04,0.12,1.34,10,2.5,7.6,9.3,8.0,False,a,,,,,2526
797,593174,36,356,Kaye Furo,Furo,4,0.0,4.5,5,13,Away,2026-05-09T16:30:00Z,0,3,0,0,0,0,0,0,0,0,0,0,0.0,0.0,0.0,0.0,0,0.0,0.0,0.0,0.0,False,a,,,,,2526
798,502988,36,353,Danny Imray,Imray,2,0.0,4.0,8,9,Home,2026-05-10T13:00:00Z,2,2,0,0,0,0,0,0,0,0,0,0,0.0,0.0,0.0,0.0,0,0.0,0.0,0.0,0.0,,u,has joined West Brom on loan for the rest of the season.,,,,2526
798,502988,36,307,Danny Imray,Imray,2,0.0,4.0,8,13,Away,2026-05-13T19:00:00Z,0,3,0,0,0,0,0,0,0,0,0,0,0.0,0.0,0.0,0.0,0,0.0,0.0,0.0,0.0,,u,has joined West Brom on loan for the rest of the season.,,,,2526
799,658013,36,354,Charlie Stevens,Stevens,3,0.0,4.5,4,10,Away,2026-05-09T14:00:00Z,1,0,0,0,0,0,0,0,0,0,0,0,0.0,0.0,0.0,0.0,0,0.0,0.0,0.0,0.0,False,a,,,,,2526
800,699989,36,358,Djiamgone Jocelin Ta Bi,Jocelin.T,3,0.0,4.9,17,14,Home,2026-05-09T14:00:00Z,0,0,0,0,0,0,0,0,0,0,0,0,0.0,0.0,0.0,0.0,0,0.0,0.0,0.0,0.0,False,a,,,,,2526
801,614574,36,354,Alex Tóth,Tóth.A,3,0.0,4.9,4,10,Away,2026-05-09T14:00:00Z,1,0,1,0,0,0,0,0,0,0,3,1,0.0,0.02,0.02,0.34,2,1.2,1.4,10.8,0.0,False,a,,,,,2526
802,572702,36,360,Keiber Lamadrid,Lamadrid,3,0.0,5.0,19,1,Home,2026-05-10T15:30:00Z,0,1,0,0,0,0,0,0,0,0,0,0,0.0,0.0,0.0,0.0,0,0.0,0.0,0.0,0.0,False,a,,,,,2526
803,499857,36,355,Teddy Sharman-Lowe,Sharman-Lowe,1,0.0,4.0,7,12,Away,2026-05-09T11:30:00Z,1,1,0,0,0,0,0,0,0,0,0,0,0.0,0.0,0.0,0.0,0,0.0,0.0,0.0,0.0,False,a,,,,,2526
804,616221,36,359,João Victor de Souza Menezes,Souza,2,0.0,4.0,18,11,Home,2026-05-11T19:00:00Z,1,1,0,0,0,0,0,0,0,0,0,0,0.0,0.0,0.0,0.0,0,0.0,0.0,0.0,0.0,False,a,,,,,2526
805,469130,36,357,Lorenzo Lucca,Lucca,4,0.0,5.3,16,15,Home,2026-05-10T13:00:00Z,1,1,7,0,0,0,0,0,0,0,-1,1,0.07,0.0,0.07,0.02,2,0.6,0.0,0.3,8.0,False,a,,,,,2526
806,436416,36,354,Christos Mandas,Mandas,1,0.0,4.0,4,10,Away,2026-05-09T14:00:00Z,1,0,0,0,0,0,0,0,0,0,0,0,0.0,0.0,0.0,0.0,0,0.0,0.0,0.0,0.0,False,a,,,,,2526
807,499604,36,354,Rayan Vitor Simplício Rocha,Rayan,3,1.7,5.4,4,10,Away,2026-05-09T14:00:00Z,1,0,78,1,0,1,0,0,0,1,29,9,0.06,0.01,0.07,0.99,8,7.1,34.4,12.3,24.0,False,a,,,,,2526
808,173879,36,352,Tammy Abraham,Abraham,4,0.2,5.7,2,3,Away,2026-05-10T13:00:00Z,2,2,0,0,0,0,0,0,0,0,0,0,0.0,0.0,0.0,0.0,0,0.0,0.0,0.0,0.0,False,a,,,,,2526
809,685628,36,351,Jerome Abbey,Abbey,3,0.0,4.5,20,6,Away,2026-05-09T14:00:00Z,0,3,0,0,0,0,0,0,0,0,0,0,0.0,0.0,0.0,0.0,0,0.0,0.0,0.0,0.0,False,a,,,,,2526
810,559610,36,356,Luka Bentt,Bentt,3,0.0,4.5,5,13,Away,2026-05-09T16:30:00Z,0,3,0,0,0,0,0,0,0,0,0,0,0.0,0.0,0.0,0.0,0,0.0,0.0,0.0,0.0,False,a,,,,,2526
811,536134,36,359,Rio Kyerematen,Kyerematen,3,0.0,4.5,18,11,Home,2026-05-11T19:00:00Z,1,1,0,0,0,0,0,0,0,0,0,0,0.0,0.0,0.0,0.0,0,0.0,0.0,0.0,0.0,False,a,,,,,2526
812,515046,36,358,Melker Ellborg,Ellborg,1,0.1,4.0,17,14,Home,2026-05-09T14:00:00Z,0,0,0,0,0,0,0,0,0,0,0,0,0.0,0.0,0.0,0.0,0,0.0,0.0,0.0,0.0,False,a,,,,,2526
813,536661,36,358,Nilson Angulo,Angulo,3,0.0,5.0,17,14,Home,2026-05-09T14:00:00Z,0,0,11,0,0,0,0,0,0,0,4,1,0.0,0.01,0.01,0.27,0,1.5,2.2,10.8,2.0,False,a,,,,,2526
814,470315,36,357,Luca Netz,Netz,2,0.0,4.5,16,15,Home,2026-05-10T13:00:00Z,1,1,82,0,0,0,1,0,0,0,10,2,0.0,0.03,0.03,1.46,7,4.3,16.2,25.0,2.0,False,a,,,,,2526
815,220362,36,360,Axel Disasi,Disasi,2,0.2,4.5,19,1,Home,2026-05-10T15:30:00Z,0,1,84,0,0,0,1,0,0,0,6,2,0.0,0.0,0.0,1.18,6,1.5,15.0,0.4,0.0,False,a,,,,,2526
816,209041,36,351,Angel Gomes,Angel,3,0.0,4.6,20,6,Away,2026-05-09T14:00:00Z,0,3,1,0,0,0,0,0,0,0,1,1,0.04,0.01,0.05,0.0,0,0.4,0.0,0.6,5.0,False,a,,,,,2526
817,155511,36,351,Adam Armstrong,Armstrong,4,0.1,5.2,20,6,Away,2026-05-09T14:00:00Z,0,3,90,0,0,0,3,0,0,0,3,2,0.0,0.0,0.0,1.62,3,0.8,2.0,0.3,6.0,False,a,,,,,2526
818,613232,36,359,James Wilson,Wilson,4,0.0,4.5,18,11,Home,2026-05-11T19:00:00Z,1,1,0,0,0,0,0,0,0,0,0,0,0.0,0.0,0.0,0.0,0,0.0,0.0,0.0,0.0,False,a,,,,,2526
819,494556,36,356,Ollie Shield,Shield,2,0.0,4.0,5,13,Away,2026-05-09T16:30:00Z,0,3,0,0,0,0,0,0,0,0,0,0,0.0,0.0,0.0,0.0,0,0.0,0.0,0.0,0.0,False,a,,,,,2526
820,644593,36,352,Kian McMahon-Brown,McMahon-Brown,3,0.0,4.5,3,2,Home,2026-05-10T13:00:00Z,2,2,0,0,0,0,0,0,0,0,0,0,0.0,0.0,0.0,0.0,0,0.0,0.0,0.0,0.0,False,a,,,,,2526
821,570929,36,358,Jack Whittaker,Whittaker,3,0.0,4.5,17,14,Home,2026-05-09T14:00:00Z,0,0,0,0,0,0,0,0,0,0,0,0,0.0,0.0,0.0,0.0,0,0.0,0.0,0.0,0.0,False,a,,,,,2526
822,571087,36,358,Jaydon Jones,Jones,3,0.0,4.5,17,14,Home,2026-05-09T14:00:00Z,0,0,0,0,0,0,0,0,0,0,0,0,0.0,0.0,0.0,0.0,0,0.0,0.0,0.0,0.0,False,a,,,,,2526
823,649240,36,356,Joshua Stephenson,Stephenson,2,0.0,4.0,5,13,Away,2026-05-09T16:30:00Z,0,3,0,0,0,0,0,0,0,0,0,0,0.0,0.0,0.0,0.0,0,0.0,0.0,0.0,0.0,False,a,,,,,2526
824,587433,36,356,Conor McManus,McManus,2,0.0,4.0,5,13,Away,2026-05-09T16:30:00Z,0,3,0,0,0,0,0,0,0,0,0,0,0.0,0.0,0.0,0.0,0,0.0,0.0,0.0,0.0,False,a,,,,,2526
825,553742,36,360,Finlay Herrick,Herrick,1,0.0,4.0,19,1,Home,2026-05-10T15:30:00Z,0,1,0,0,0,0,0,0,0,0,0,0,0.0,0.0,0.0,0.0,0,0.0,0.0,0.0,0.0,False,a,,,,,2526
826,547671,36,356,Riley Owen,Owen,3,0.0,4.5,5,13,Away,2026-05-09T16:30:00Z,0,3,0,0,0,0,0,0,0,0,0,0,0.0,0.0,0.0,0.0,0,0.0,0.0,0.0,0.0,False,a,,,,,2526
827,576634,36,358,Jim Thwaites,Thwaites,3,0.0,4.5,14,17,Away,2026-05-09T14:00:00Z,0,0,0,0,0,0,0,0,0,0,0,0,0.0,0.0,0.0,0.0,0,0.0,0.0,0.0,0.0,False,a,,,,,2526
828,491460,36,351,Alfie Brooks,Brooks,1,0.0,4.0,20,6,Away,2026-05-09T14:00:00Z,0,3,0,0,0,0,0,0,0,0,0,0,0.0,0.0,0.0,0.0,0,0.0,0.0,0.0,0.0,False,a,,,,,2526
829,619734,36,355,Jesse Derry,Derry,3,0.0,4.5,7,12,Away,2026-05-09T11:30:00Z,1,1,0,0,0,0,0,0,0,0,0,0,0.0,0.0,0.0,0.0,0,0.0,0.0,0.0,0.0,False,i,Head injury - Expected back 01 Jun,,,,2526
830,677945,36,355,Will Wright,Wright,4,0.0,4.5,12,7,Home,2026-05-09T11:30:00Z,1,1,0,0,0,0,0,0,0,0,0,0,0.0,0.0,0.0,0.0,0,0.0,0.0,0.0,0.0,False,a,,,,,2526
831,627888,36,351,Josh Gracey,Gracey,1,0.0,4.0,20,6,Away,2026-05-09T14:00:00Z,0,3,0,0,0,0,0,0,0,0,0,0,0.0,0.0,0.0,0.0,0,0.0,0.0,0.0,0.0,False,a,,,,,2526
832,718875,36,355,Talla Ndiaye,Ndiaye,2,0.0,4.0,12,7,Home,2026-05-09T11:30:00Z,1,1,0,0,0,0,0,0,0,0,0,0,0.0,0.0,0.0,0.0,0,0.0,0.0,0.0,0.0,False,a,,,,,2526
833,671606,36,355,Mathis Eboué,Eboué,3,0.0,4.5,7,12,Away,2026-05-09T11:30:00Z,1,1,0,0,0,0,0,0,0,0,0,0,0.0,0.0,0.0,0.0,0,0.0,0.0,0.0,0.0,False,a,,,,,2526
834,616286,36,355,Ryan Kavuma-McQueen,Kavuma-McQueen,3,0.0,4.5,7,12,Away,2026-05-09T11:30:00Z,1,1,0,0,0,0,0,0,0,0,0,0,0.0,0.0,0.0,0.0,0,0.0,0.0,0.0,0.0,False,a,,,,,2526
835,568159,36,357,Archie Whitehall,Whitehall,3,0.0,4.5,16,15,Home,2026-05-10T13:00:00Z,1,1,0,0,0,0,0,0,0,0,0,0,0.0,0.0,0.0,0.0,0,0.0,0.0,0.0,0.0,False,a,,,,,2526
836,590040,36,357,Jimmy Sinclair,Sinclair,3,0.0,4.5,16,15,Home,2026-05-10T13:00:00Z,1,1,0,0,0,0,0,0,0,0,0,0,0.0,0.0,0.0,0.0,0,0.0,0.0,0.0,0.0,False,a,,,,,2526
837,643970,36,359,Jayden Lienou,Lienou,2,0.0,4.0,11,18,Away,2026-05-11T19:00:00Z,1,1,0,0,0,0,0,0,0,0,0,0,0.0,0.0,0.0,0.0,0,0.0,0.0,0.0,0.0,False,a,,,,,2526
838,577978,36,359,Rhys Chadwick,Chadwick,3,0.0,4.5,11,18,Away,2026-05-11T19:00:00Z,1,1,0,0,0,0,0,0,0,0,0,0,0.0,0.0,0.0,0.0,0,0.0,0.0,0.0,0.0,False,a,,,,,2526
