player_id,player_code,gameweek,fixture_id,name,web_name,position_id,selected_by_percent,value,team_id,opponent_id,h_a,kickoff_time,team_score,opponent_score,minutes,goals_scored,assists,clean_sheets,goals_conceded,yellow_cards,red_cards,bonus,bps,total_points,xG,xA,xGI,xGC,DefCon,ict_index,influence,creativity,threat,in_dreamteam,status,news,corners_indirect_freekicks_order,direct_freekicks_order,penalties_order,season
1,154561,29,283,David Raya Martín,Raya,1,34.4,6.0,1,6,Away,2026-03-04T19:30:00Z,1,0,90,0,0,1,0,0,0,1,25,7,0.0,0.0,0.0,0.82,0,1.4,14.0,0.0,0.0,False,a,,,,,2526
2,109745,29,283,Kepa Arrizabalaga Revuelta,Arrizabalaga,1,0.4,4.1,1,6,Away,2026-03-04T19:30:00Z,1,0,0,0,0,0,0,0,0,0,0,0,0.0,0.0,0.0,0.0,0,0.0,0.0,0.0,0.0,False,a,,,,,2526
3,463748,29,283,Karl Hein,Hein,1,0.2,4.0,1,6,Away,2026-03-04T19:30:00Z,1,0,0,0,0,0,0,0,0,0,0,0,0.0,0.0,0.0,0.0,0,0.0,0.0,0.0,0.0,False,u,Has joined Werder Bremen on loan for the rest of the season.,,,,2526
4,551221,29,283,Tommy Setford,Setford,1,0.2,3.9,1,6,Away,2026-03-04T19:30:00Z,1,0,0,0,0,0,0,0,0,0,0,0,0.0,0.0,0.0,0.0,0,0.0,0.0,0.0,0.0,False,a,,,,,2526
5,226597,29,283,Gabriel dos Santos Magalhães,Gabriel,2,43.4,7.2,1,6,Away,2026-03-04T19:30:00Z,1,0,90,0,0,1,0,0,0,3,40,11,0.0,0.0,0.0,0.82,17,4.0,37.6,0.3,2.0,True,a,,,,,2526
6,462424,29,283,William Saliba,Saliba,2,13.5,6.1,1,6,Away,2026-03-04T19:30:00Z,1,0,0,0,0,0,0,0,0,0,0,0,0.0,0.0,0.0,0.0,0,0.0,0.0,0.0,0.0,False,a,,,,,2526
7,466075,29,283,Riccardo Calafiori,Calafiori,2,6.0,5.6,1,6,Away,2026-03-04T19:30:00Z,1,0,26,0,0,0,0,0,0,0,2,1,0.0,0.0,0.0,0.18,2,0.6,4.6,0.9,0.0,False,a,,,,,2526
8,445122,29,283,Jurriën Timber,J.Timber,2,28.3,6.3,1,6,Away,2026-03-04T19:30:00Z,1,0,90,0,1,1,0,0,0,2,33,13,0.0,0.07,0.07,0.82,14,5.9,36.4,20.8,2.0,True,a,,,,,2526
9,440854,29,283,Jakub Kiwior,Kiwior,2,0.0,5.4,1,6,Away,2026-03-04T19:30:00Z,1,0,0,0,0,0,0,0,0,0,0,0,0.0,0.0,0.0,0.0,0,0.0,0.0,0.0,0.0,False,u,has joined Porto on loan for the rest of the season.,,,,2526
10,499169,29,283,Myles Lewis-Skelly,Lewis-Skelly,2,1.4,5.1,1,6,Away,2026-03-04T19:30:00Z,1,0,0,0,0,0,0,0,0,0,0,0,0.0,0.0,0.0,0.0,0,0.0,0.0,0.0,0.0,False,a,,,,,2526
11,198869,29,283,Benjamin White,White,2,0.5,5.1,1,6,Away,2026-03-04T19:30:00Z,1,0,0,0,0,0,0,0,0,0,0,0,0.0,0.0,0.0,0.0,0,0.0,0.0,0.0,0.0,False,i,Knock - Unknown return date,,,,2526
12,206325,29,287,Oleksandr Zinchenko,Zinchenko,2,0.2,4.9,16,13,Away,2026-03-04T19:30:00Z,2,2,0,0,0,0,0,0,0,0,0,0,0.0,0.0,0.0,0.0,0,0.0,0.0,0.0,0.0,False,u,has joined Ajax permanently.,,,,2526
13,563324,29,283,Brayden Clarke,Clarke,2,0.4,3.8,1,6,Away,2026-03-04T19:30:00Z,1,0,0,0,0,0,0,0,0,0,0,0,0.0,0.0,0.0,0.0,0,0.0,0.0,0.0,0.0,False,a,,,,,2526
14,588793,29,283,Maldini Kacurri,Kacurri,2,0.1,3.9,1,6,Away,2026-03-04T19:30:00Z,1,0,0,0,0,0,0,0,0,0,0,0,0.0,0.0,0.0,0.0,0,0.0,0.0,0.0,0.0,False,u,has joined Morecambe on loan for the rest of the season.,,,,2526
15,499167,29,283,Josh Nichols,Nichols,2,0.2,3.7,1,6,Away,2026-03-04T19:30:00Z,1,0,0,0,0,0,0,0,0,0,0,0,0.0,0.0,0.0,0.0,0,0.0,0.0,0.0,0.0,False,a,,,,,2526
16,223340,29,283,Bukayo Saka,Saka,3,8.0,9.8,1,6,Away,2026-03-04T19:30:00Z,1,0,90,1,0,1,0,0,0,1,25,9,0.12,0.01,0.13,0.82,4,6.2,34.0,1.1,27.0,False,a,,2.0,2.0,1.0,2526
17,184029,29,283,Martin Ødegaard,Ødegaard,3,1.6,7.8,1,6,Away,2026-03-04T19:30:00Z,1,0,0,0,0,0,0,0,0,0,0,0,0.0,0.0,0.0,0.0,0,0.0,0.0,0.0,0.0,False,d,Knee injury - 75% chance of playing,4.0,,3.0,2526
18,248857,29,283,Noni Madueke,Madueke,3,1.0,6.8,1,6,Away,2026-03-04T19:30:00Z,1,0,0,0,0,0,0,0,0,0,0,0,0.0,0.0,0.0,0.0,0,0.0,0.0,0.0,0.0,False,a,,3.0,,,2526
19,444145,29,283,Gabriel Martinelli Silva,Martinelli,3,0.9,6.8,1,6,Away,2026-03-04T19:30:00Z,1,0,59,0,0,0,0,0,0,0,0,1,0.07,0.0,0.07,0.55,3,0.2,0.0,0.3,4.0,False,a,,,,,2526
20,116216,29,283,Leandro Trossard,Trossard,3,1.0,6.7,1,6,Away,2026-03-04T19:30:00Z,1,0,30,0,0,0,0,0,0,0,-1,1,0.14,0.07,0.21,0.27,4,2.8,5.6,14.8,8.0,False,a,,,,4.0,2526
21,204480,29,283,Declan Rice,Rice,3,30.1,7.4,1,6,Away,2026-03-04T19:30:00Z,1,0,90,0,0,1,0,0,0,0,19,3,0.0,0.07,0.07,0.82,11,5.3,25.8,27.0,0.0,False,a,,1.0,1.0,,2526
22,195384,29,283,Mikel Merino Zazón,Merino,3,0.8,5.4,1,6,Away,2026-03-04T19:30:00Z,1,0,0,0,0,0,0,0,0,0,0,0,0.0,0.0,0.0,0.0,0,0.0,0.0,0.0,0.0,False,i,Foot injury - Unknown return date,,,,2526
23,438098,29,283,Fábio Ferreira Vieira,Fábio Vieira,3,0.0,5.4,1,6,Away,2026-03-04T19:30:00Z,1,0,0,0,0,0,0,0,0,0,0,0,0.0,0.0,0.0,0.0,0,0.0,0.0,0.0,0.0,False,u,has joined Hamburger on loan for the rest of the season.,,,,2526
24,128295,29,283,Christian Nørgaard,Nørgaard,3,0.1,5.1,1,6,Away,2026-03-04T19:30:00Z,1,0,10,0,0,0,0,0,0,0,3,1,0.0,0.0,0.0,0.0,1,0.0,0.2,0.0,0.0,False,a,,,,,2526
25,499175,29,283,Ethan Nwaneri,Nwaneri,3,0.1,5.0,1,6,Away,2026-03-04T19:30:00Z,1,0,0,0,0,0,0,0,0,0,0,0,0.0,0.0,0.0,0.0,0,0.0,0.0,0.0,0.0,False,u,has joined Marseille on loan for the rest of the season.,,,,2526
26,481655,29,283,Martín Zubimendi Ibáñez,Zubimendi,3,4.5,5.2,1,6,Away,2026-03-04T19:30:00Z,1,0,79,0,0,1,0,0,0,0,7,3,0.03,0.0,0.03,0.82,7,1.5,10.0,0.7,4.0,False,a,,,,,2526
27,200641,29,282,Reiss Nelson,Nelson,3,0.1,4.8,5,4,Away,2026-03-03T19:30:00Z,0,0,0,0,0,0,0,0,0,0,0,0,0.0,0.0,0.0,0.0,0,0.0,0.0,0.0,0.0,False,d,Calf injury - 50% chance of playing,,,,2526
28,588796,29,283,Ismeal Kabia,Kabia,3,0.1,4.5,1,6,Away,2026-03-04T19:30:00Z,1,0,0,0,0,0,0,0,0,0,0,0,0.0,0.0,0.0,0.0,0,0.0,0.0,0.0,0.0,False,u,has joined Shrewsbury Town on loan for the rest of the season.,,,,2526
29,437742,29,283,Albert Sambi Lokonga,Sambi,3,0.0,4.5,1,6,Away,2026-03-04T19:30:00Z,1,0,0,0,0,0,0,0,0,0,0,0,0.0,0.0,0.0,0.0,0,0.0,0.0,0.0,0.0,False,u,has joined Hamburger permanently.,,,,2526
30,219847,29,283,Kai Havertz,Havertz,4,0.5,7.3,1,6,Away,2026-03-04T19:30:00Z,1,0,31,0,0,0,0,0,0,0,6,1,0.1,0.0,0.1,0.27,2,2.7,3.4,0.7,23.0,False,a,,,,,2526
31,205651,29,283,Gabriel Fernando de Jesus,G.Jesus,4,0.4,6.4,1,6,Away,2026-03-04T19:30:00Z,1,0,0,0,0,0,0,0,0,0,0,0,0.0,0.0,0.0,0.0,0,0.0,0.0,0.0,0.0,False,a,,,,,2526
32,98980,29,281,Emiliano Martínez Romero,Martinez,1,4.5,5.1,2,7,Home,2026-03-04T19:30:00Z,1,4,90,0,0,0,4,0,0,0,13,1,0.0,0.01,0.01,3.6,0,4.7,37.2,10.0,0.0,False,a,,,,,2526
33,72147,29,281,Marco Bizot,M.Bizot,1,0.4,4.2,2,7,Home,2026-03-04T19:30:00Z,1,4,0,0,0,0,0,0,0,0,0,0,0.0,0.0,0.0,0.0,0,0.0,0.0,0.0,0.0,False,a,,,,,2526
34,462492,29,281,Joe Gauci,Gauci,1,0.1,4.0,2,7,Home,2026-03-04T19:30:00Z,1,4,0,0,0,0,0,0,0,0,0,0,0.0,0.0,0.0,0.0,0,0.0,0.0,0.0,0.0,False,u,Has joined Port Vale on loan for the rest of the season.,,,,2526
35,462381,29,281,Filip Marschall,Marschall,1,0.0,4.0,2,7,Home,2026-03-04T19:30:00Z,1,4,0,0,0,0,0,0,0,0,0,0,0.0,0.0,0.0,0.0,0,0.0,0.0,0.0,0.0,False,u,Has joined Stevenage permanently.,,,,2526
36,199796,29,281,Matty Cash,Cash,2,9.7,4.8,2,7,Home,2026-03-04T19:30:00Z,1,4,45,0,0,0,2,1,0,0,-12,-1,0.0,0.0,0.0,2.17,1,0.2,1.8,0.5,0.0,False,d,Calf injury - 75% chance of playing,5.0,,,2526
37,101188,29,281,Lucas Digne,Digne,2,1.5,4.5,2,7,Home,2026-03-04T19:30:00Z,1,4,0,0,0,0,0,0,0,0,0,0,0.0,0.0,0.0,0.0,0,0.0,0.0,0.0,0.0,False,a,,,2.0,,2526
38,199798,29,281,Ezri Konsa Ngoyo,Konsa,2,8.0,4.4,2,7,Home,2026-03-04T19:30:00Z,1,4,90,0,0,0,4,0,0,0,-3,0,0.0,0.0,0.0,3.6,5,1.8,17.0,0.8,0.0,False,a,,,,,2526
39,441302,29,281,Ian Maatsen,Maatsen,2,0.6,4.2,2,7,Home,2026-03-04T19:30:00Z,1,4,90,0,0,0,4,0,0,0,1,0,0.0,0.02,0.02,3.6,9,3.2,17.0,12.7,2.0,False,a,,,,,2526
40,149484,29,281,Tyrone Mings,Mings,2,0.7,4.3,2,7,Home,2026-03-04T19:30:00Z,1,4,90,0,0,0,4,0,0,0,0,0,0.0,0.02,0.02,3.6,4,1.7,14.8,1.9,0.0,False,a,,,,,2526
41,244954,29,281,Pau Torres,Pau,2,0.3,4.3,2,7,Home,2026-03-04T19:30:00Z,1,4,0,0,0,0,0,0,0,0,0,0,0.0,0.0,0.0,0.0,0,0.0,0.0,0.0,0.0,False,a,,,,,2526
42,606798,29,281,Andrés García,A.García,2,0.2,3.9,2,7,Home,2026-03-04T19:30:00Z,1,4,0,0,0,0,0,0,0,0,0,0,0.0,0.0,0.0,0.0,0,0.0,0.0,0.0,0.0,False,a,,,,,2526
43,106468,29,281,Álex Moreno Lopera,Alex Moreno,2,1.6,4.0,2,7,Home,2026-03-04T19:30:00Z,1,4,0,0,0,0,0,0,0,0,0,0,0.0,0.0,0.0,0.0,0,0.0,0.0,0.0,0.0,False,u,Has joined Girona permanently.,,,,2526
44,515597,29,281,Lamare Bogarde,Bogarde,2,0.5,4.0,2,7,Home,2026-03-04T19:30:00Z,1,4,45,0,0,0,2,0,0,0,-5,0,0.0,0.0,0.0,1.43,1,0.4,3.0,1.1,0.0,False,a,,,,,2526
45,514315,29,281,Lino da Cruz Sousa,Sousa,2,0.3,3.8,2,7,Home,2026-03-04T19:30:00Z,1,4,0,0,0,0,0,0,0,0,0,0,0.0,0.0,0.0,0.0,0,0.0,0.0,0.0,0.0,False,u,has joined Rotherham on loan for the rest of the season.,,,,2526
46,587178,29,281,Yasin Özcan,Yasin,2,0.1,4.0,2,7,Home,2026-03-04T19:30:00Z,1,4,0,0,0,0,0,0,0,0,0,0,0.0,0.0,0.0,0.0,0,0.0,0.0,0.0,0.0,False,u,has joined Anderlecht on loan for the rest of the season.,,,,2526
47,244850,29,281,Morgan Rogers,Rogers,3,26.6,7.5,2,7,Home,2026-03-04T19:30:00Z,1,4,90,0,0,0,4,1,0,0,1,1,0.13,0.01,0.14,3.6,7,3.1,4.0,2.4,25.0,False,a,,,1.0,,2526
48,166989,29,281,Youri Tielemans,Tielemans,3,0.6,5.9,2,7,Home,2026-03-04T19:30:00Z,1,4,0,0,0,0,0,0,0,0,0,0,0.0,0.0,0.0,0.0,0,0.0,0.0,0.0,0.0,False,i,Ankle injury - Expected back 11 Apr,3.0,,,2526
49,215711,29,281,Leon Bailey,Bailey,3,0.1,5.5,2,7,Home,2026-03-04T19:30:00Z,1,4,62,0,1,0,3,0,0,0,19,5,0.0,0.26,0.26,2.26,4,3.5,22.4,10.4,2.0,False,a,,2.0,,,2526
50,195546,29,281,Emiliano Buendía Stati,Buendía,3,0.5,5.3,2,7,Home,2026-03-04T19:30:00Z,1,4,62,0,0,0,3,0,0,0,13,2,0.0,0.19,0.19,2.26,5,2.1,6.8,14.5,0.0,False,a,,,6.0,2.0,2526
51,469247,29,281,Samuel Iling-Junior,Iling Jr,3,0.0,5.5,2,7,Home,2026-03-04T19:30:00Z,1,4,0,0,0,0,0,0,0,0,0,0,0.0,0.0,0.0,0.0,0,0.0,0.0,0.0,0.0,False,u,has joined Pisa on loan for the rest of the season.,,,,2526
52,232653,29,288,Jacob Ramsey,J.Ramsey,3,0.2,5.3,15,14,Home,2026-03-04T20:15:00Z,2,1,45,0,0,0,1,0,1,0,-3,-2,0.0,0.01,0.01,0.61,7,0.4,2.0,1.6,0.0,False,a,,,,,2526
53,204646,29,281,Donyell Malen,Malen,3,0.4,5.1,2,7,Home,2026-03-04T19:30:00Z,1,4,0,0,0,0,0,0,0,0,0,0,0.0,0.0,0.0,0.0,0,0.0,0.0,0.0,0.0,False,u,has joined Roma on loan for the rest of the season.,,,,2526
54,122806,29,281,John McGinn,McGinn,3,0.5,5.4,2,7,Home,2026-03-04T19:30:00Z,1,4,0,0,0,0,0,0,0,0,0,0,0.0,0.0,0.0,0.0,0,0.0,0.0,0.0,0.0,False,i,Knee injury - Expected back 21 Mar,,,,2526
55,88894,29,281,Ross Barkley,Barkley,3,0.0,4.8,2,7,Home,2026-03-04T19:30:00Z,1,4,27,0,0,0,1,0,0,0,9,1,0.01,0.33,0.34,1.34,2,2.5,6.6,16.8,2.0,False,a,,,,,2526
56,491287,29,281,Enzo Barrenechea,Barrenechea,3,0.0,5.0,2,7,Home,2026-03-04T19:30:00Z,1,4,0,0,0,0,0,0,0,0,0,0,0.0,0.0,0.0,0.0,0,0.0,0.0,0.0,0.0,False,u,Season-long loan to Benfica,,,,2526
57,461421,29,281,Lewis Dobbin,Dobbin,3,0.0,5.0,2,7,Home,2026-03-04T19:30:00Z,1,4,0,0,0,0,0,0,0,0,0,0,0.0,0.0,0.0,0.0,0,0.0,0.0,0.0,0.0,False,u,Has joined Preston North End on loan for the rest of the season.,,,,2526
58,226944,29,281,Boubacar Kamara,Kamara,3,0.2,4.9,2,7,Home,2026-03-04T19:30:00Z,1,4,0,0,0,0,0,0,0,0,0,0,0.0,0.0,0.0,0.0,0,0.0,0.0,0.0,0.0,False,i,Knee injury - Expected back 01 Jun,,,,2526
59,449871,29,281,Amadou Onana,Onana,3,0.7,4.8,2,7,Home,2026-03-04T19:30:00Z,1,4,90,0,0,0,4,0,0,0,9,2,0.0,0.01,0.01,3.6,3,0.9,6.0,1.3,2.0,False,a,,,,,2526
60,577731,29,281,Ben Broggio,Broggio,3,0.3,4.4,2,7,Home,2026-03-04T19:30:00Z,1,4,0,0,0,0,0,0,0,0,0,0,0.0,0.0,0.0,0.0,0,0.0,0.0,0.0,0.0,False,u,has joined Falkirk on loan for the rest of the season.,,,,2526
61,151589,29,281,Leander Dendoncker,Dendoncker,3,0.1,4.5,2,7,Home,2026-03-04T19:30:00Z,1,4,0,0,0,0,0,0,0,0,0,0,0.0,0.0,0.0,0.0,0,0.0,0.0,0.0,0.0,False,u,Has joined Real Oviedo permanently.,,,,2526
62,559962,29,281,Jamaldeen Jimoh-Aloba,Jimoh-Aloba,3,0.1,4.5,2,7,Home,2026-03-04T19:30:00Z,1,4,0,0,0,0,0,0,0,0,0,0,0.0,0.0,0.0,0.0,0,0.0,0.0,0.0,0.0,False,u,has joined West Brom on loan for the rest of the season.,,,,2526
63,537403,29,281,Kadan Young,Young,3,0.5,4.3,2,7,Home,2026-03-04T19:30:00Z,1,4,0,0,0,0,0,0,0,0,0,0,0.0,0.0,0.0,0.0,0,0.0,0.0,0.0,0.0,False,u,has joined Reading on loan for the rest of the season.,,,,2526
64,178301,29,281,Ollie Watkins,Watkins,4,8.0,8.5,2,7,Home,2026-03-04T19:30:00Z,1,4,70,0,0,0,4,1,0,0,1,1,0.2,0.0,0.2,3.23,3,4.3,5.0,0.3,38.0,False,a,,,,3.0,2526
65,576756,29,281,Zépiqueno Redmond,Redmond,4,0.3,4.5,2,7,Home,2026-03-04T19:30:00Z,1,4,0,0,0,0,0,0,0,0,0,0,0.0,0.0,0.0,0.0,0,0.0,0.0,0.0,0.0,False,u,has joined Huddersfield Town on loan for the rest of the season.,,,,2526
66,69752,29,282,Norberto Murara Neto,Neto,1,0.1,4.5,4,5,Home,2026-03-03T19:30:00Z,0,0,0,0,0,0,0,0,0,0,0,0,0.0,0.0,0.0,0.0,0,0.0,0.0,0.0,0.0,False,u,Has joined Botafogo permanently.,,,,2526
67,457569,29,282,Đorđe Petrović,Petrović,1,4.9,4.5,4,5,Home,2026-03-03T19:30:00Z,0,0,90,0,0,1,0,0,0,0,26,6,0.0,0.0,0.0,0.4,0,1.8,18.2,0.0,0.0,False,a,,,,,2526
68,444172,29,282,Will Dennis,Dennis,1,0.7,4.0,4,5,Home,2026-03-03T19:30:00Z,0,0,0,0,0,0,0,0,0,0,0,0,0.0,0.0,0.0,0.0,0,0.0,0.0,0.0,0.0,False,u,has joined Leyton Orient on loan for the rest of the season.,,,,2526
69,568791,29,282,Callan McKenna,McKenna,1,0.3,3.9,4,5,Home,2026-03-03T19:30:00Z,0,0,0,0,0,0,0,0,0,0,0,0,0.0,0.0,0.0,0.0,0,0.0,0.0,0.0,0.0,False,a,,,,,2526
70,495145,29,282,Alex Paulsen,Paulsen,1,0.1,4.0,4,5,Home,2026-03-03T19:30:00Z,0,0,0,0,0,0,0,0,0,0,0,0,0.0,0.0,0.0,0.0,0,0.0,0.0,0.0,0.0,False,u,Has joined Lechia Gdansk on loan for the rest of the season.,,,,2526
71,477580,29,282,Illia Zabarnyi,Zabarnyi,2,0.0,5.0,4,5,Home,2026-03-03T19:30:00Z,0,0,0,0,0,0,0,0,0,0,0,0,0.0,0.0,0.0,0.0,0,0.0,0.0,0.0,0.0,False,u,Has joined Paris Saint-Germain permanently.,,,,2526
72,221466,29,282,Marcos Senesi Barón,Senesi,2,17.1,4.9,4,5,Home,2026-03-03T19:30:00Z,0,0,90,0,0,1,0,0,0,3,31,11,0.0,0.04,0.04,0.4,10,1.9,18.4,0.7,0.0,True,a,,,,,2526
73,54469,29,282,Adam Smith,Smith,2,0.2,4.4,4,5,Home,2026-03-03T19:30:00Z,0,0,0,0,0,0,0,0,0,0,0,0,0.0,0.0,0.0,0.0,0,0.0,0.0,0.0,0.0,False,a,,,,,2526
74,494521,29,282,Adrien Truffert,Truffert,2,2.4,4.6,4,5,Home,2026-03-03T19:30:00Z,0,0,90,0,0,1,0,0,0,2,30,8,0.0,0.33,0.33,0.4,6,3.4,14.0,17.7,2.0,False,a,,,,,2526
75,541462,29,282,Matai Akinmboni,Akinmboni,2,0.2,3.8,4,5,Home,2026-03-03T19:30:00Z,0,0,0,0,0,0,0,0,0,0,0,0,0.0,0.0,0.0,0.0,0,0.0,0.0,0.0,0.0,False,a,,,,,2526
76,518906,29,282,Owen Bevan,Bevan,2,0.2,3.8,4,5,Home,2026-03-03T19:30:00Z,0,0,0,0,0,0,0,0,0,0,0,0,0.0,0.0,0.0,0.0,0,0.0,0.0,0.0,0.0,False,a,,,,,2526
77,463981,29,282,James Hill,Hill,2,7.3,4.2,4,5,Home,2026-03-03T19:30:00Z,0,0,90,0,0,1,0,0,0,0,27,8,0.16,0.14,0.3,0.4,16,4.3,29.6,4.5,9.0,False,a,,,,,2526
78,436893,29,282,Julián Araujo Zúñiga,J.Araujo,2,0.5,3.8,4,5,Home,2026-03-03T19:30:00Z,0,0,0,0,0,0,0,0,0,0,0,0,0.0,0.0,0.0,0.0,0,0.0,0.0,0.0,0.0,False,u,has joined Celtic on loan for the rest of the season.,,,,2526
79,223911,29,282,Chris Mepham,Mepham,2,0.1,4.0,4,5,Home,2026-03-03T19:30:00Z,0,0,0,0,0,0,0,0,0,0,0,0,0.0,0.0,0.0,0.0,0,0.0,0.0,0.0,0.0,False,u,has joined West Bromwich Albion permanently.,,,,2526
80,575901,29,282,Julio Soler Barreto,Soler,2,0.2,4.0,4,5,Home,2026-03-03T19:30:00Z,0,0,0,0,0,0,0,0,0,0,0,0,0.0,0.0,0.0,0.0,0,0.0,0.0,0.0,0.0,False,i,Hamstring injury - Expected back 01 Jun,,,,2526
81,222683,29,282,Justin Kluivert,Kluivert,3,0.6,6.9,4,5,Home,2026-03-03T19:30:00Z,0,0,0,0,0,0,0,0,0,0,0,0,0.0,0.0,0.0,0.0,0,0.0,0.0,0.0,0.0,False,i,Knee injury - Expected back 09 May,,3.0,1.0,2526
82,437730,29,287,Antoine Semenyo,Semenyo,3,57.0,8.3,13,16,Home,2026-03-04T19:30:00Z,2,2,90,1,0,0,2,0,0,0,28,7,0.23,0.02,0.25,0.97,8,8.5,43.0,16.4,26.0,False,a,,,,,2526
83,533463,29,282,Dango Ouattara,O.Dango,3,3.5,6.0,5,4,Away,2026-03-03T19:30:00Z,0,0,86,0,0,1,0,0,0,0,9,3,0.14,0.0,0.14,1.79,9,2.9,7.6,0.8,21.0,False,a,,3.0,,,2526
84,201658,29,282,Marcus Tavernier,Tavernier,3,1.7,5.3,4,5,Home,2026-03-03T19:30:00Z,0,0,90,0,0,1,0,1,0,0,6,2,1.37,0.1,1.47,0.4,8,6.7,5.0,25.3,37.0,False,a,,2.0,2.0,4.0,2526
85,200785,29,282,Tyler Adams,Adams,3,0.3,4.9,4,5,Home,2026-03-03T19:30:00Z,0,0,90,0,0,1,0,1,0,0,13,4,0.0,0.03,0.03,0.4,12,2.9,13.8,14.8,0.0,False,a,,,,,2526
86,111317,29,282,David Brooks,Brooks,3,0.2,5.0,4,5,Home,2026-03-03T19:30:00Z,0,0,0,0,0,0,0,0,0,0,0,0,0.0,0.0,0.0,0.0,0,0.0,0.0,0.0,0.0,False,a,,,4.0,,2526
87,158499,29,282,Ryan Christie,Christie,3,0.1,4.9,4,5,Home,2026-03-03T19:30:00Z,0,0,73,0,0,1,0,0,0,0,16,3,0.02,0.1,0.12,0.17,11,3.1,11.0,14.5,5.0,False,a,,,,,2526
88,155408,29,282,Lewis Cook,Cook,3,0.0,4.9,4,5,Home,2026-03-03T19:30:00Z,0,0,0,0,0,0,0,0,0,0,0,0,0.0,0.0,0.0,0.0,0,0.0,0.0,0.0,0.0,False,i,Hamstring injury - Expected back 11 Apr,1.0,,,2526
89,168991,29,282,Philip Billing,Philip,3,0.0,4.9,4,5,Home,2026-03-03T19:30:00Z,0,0,0,0,0,0,0,0,0,0,0,0,0.0,0.0,0.0,0.0,0,0.0,0.0,0.0,0.0,False,u,has joined Midtjylland permanently.,,,,2526
90,503139,29,282,Alex Scott,Scott,3,1.3,5.1,4,5,Home,2026-03-03T19:30:00Z,0,0,90,0,0,1,0,0,0,0,11,3,0.17,0.29,0.46,0.4,9,6.4,13.2,37.1,14.0,False,a,,4.0,6.0,,2526
91,224995,29,282,Luis Sinisterra Lucumí,Sinisterra,3,0.0,5.0,4,5,Home,2026-03-03T19:30:00Z,0,0,0,0,0,0,0,0,0,0,0,0,0.0,0.0,0.0,0.0,0,0.0,0.0,0.0,0.0,False,u,has joined Cruzeiro on loan for the rest of the season.,,,,2526
92,441240,29,282,Romain Faivre,Faivre,3,0.1,4.5,4,5,Home,2026-03-03T19:30:00Z,0,0,0,0,0,0,0,0,0,0,0,0,0.0,0.0,0.0,0.0,0,0.0,0.0,0.0,0.0,False,u,has joined Auxerre permanently.,,,,2526
93,424044,29,282,Hamed Traorè,H.Traorè,3,0.3,4.5,4,5,Home,2026-03-03T19:30:00Z,0,0,0,0,0,0,0,0,0,0,0,0,0.0,0.0,0.0,0.0,0,0.0,0.0,0.0,0.0,False,u,has joined Marseille on loan for the rest of the season.,,,,2526
94,550596,29,282,Dominic Sadi,Sadi,3,0.0,4.5,4,5,Home,2026-03-03T19:30:00Z,0,0,0,0,0,0,0,0,0,0,0,0,0.0,0.0,0.0,0.0,0,0.0,0.0,0.0,0.0,False,u,has joined Novi Pazar on loan for the rest of the season.,,,,2526
95,530121,29,282,Zain Silcott-Duberry,Silcott-Duberry,3,0.1,4.4,4,5,Home,2026-03-03T19:30:00Z,0,0,0,0,0,0,0,0,0,0,0,0,0.0,0.0,0.0,0.0,0,0.0,0.0,0.0,0.0,False,u,has joined Olympiakos permanently.,,,,2526
96,606775,29,282,Ben Winterburn,Winterburn,3,0.0,4.5,4,5,Home,2026-03-03T19:30:00Z,0,0,0,0,0,0,0,0,0,0,0,0,0.0,0.0,0.0,0.0,0,0.0,0.0,0.0,0.0,False,u,has joined Barnet on loan for the rest of the season.,,,,2526
97,444102,29,282,Francisco Evanilson de Lima Barbosa,Evanilson,4,2.2,6.8,4,5,Home,2026-03-03T19:30:00Z,0,0,79,0,0,1,0,0,0,0,10,2,0.0,0.21,0.21,0.26,6,3.9,6.4,28.3,4.0,False,a,,,,,2526
98,168636,29,282,Enes Ünal,Enes Ünal,4,0.0,5.4,4,5,Home,2026-03-03T19:30:00Z,0,0,10,0,0,0,0,0,0,0,5,1,0.0,0.01,0.01,0.13,2,0.8,4.2,1.5,2.0,False,a,,,1.0,,2526
99,590760,29,282,Daniel Adu-Adjei,Adu-Adjei,4,0.1,4.4,4,5,Home,2026-03-03T19:30:00Z,0,0,0,0,0,0,0,0,0,0,0,0,0.0,0.0,0.0,0.0,0,0.0,0.0,0.0,0.0,False,u,has joined HNK Rijeka permanently.,,,,2526
100,560262,29,282,Junior Kroupi,Kroupi.Jr,4,6.8,4.7,4,5,Home,2026-03-03T19:30:00Z,0,0,16,0,0,0,0,0,0,0,3,1,0.13,0.03,0.16,0.23,8,1.1,4.8,0.8,5.0,False,a,,,,,2526
101,200720,29,282,Caoimhín Kelleher,Kelleher,1,12.1,4.7,5,4,Away,2026-03-03T19:30:00Z,0,0,90,0,0,1,0,0,0,0,25,6,0.0,0.0,0.0,1.92,0,1.7,16.8,0.0,0.0,False,a,,,,,2526
102,235448,29,282,Ellery Balcombe,Balcombe,1,0.3,3.9,5,4,Away,2026-03-03T19:30:00Z,0,0,0,0,0,0,0,0,0,0,0,0,0.0,0.0,0.0,0.0,0,0.0,0.0,0.0,0.0,False,a,,,,,2526
103,503300,29,282,Matthew Cox,Cox,1,0.1,3.9,5,4,Away,2026-03-03T19:30:00Z,0,0,0,0,0,0,0,0,0,0,0,0,0.0,0.0,0.0,0.0,0,0.0,0.0,0.0,0.0,False,u,has joined Shrewsbury Town on loan for the rest of the season.,,,,2526
104,535017,29,282,Julian Eyestone,Eyestone,1,0.1,3.9,5,4,Away,2026-03-03T19:30:00Z,0,0,0,0,0,0,0,0,0,0,0,0,0.0,0.0,0.0,0.0,0,0.0,0.0,0.0,0.0,False,a,,,,,2526
105,507433,29,282,Hákon Rafn Valdimarsson,Valdimarsson,1,0.6,3.9,5,4,Away,2026-03-03T19:30:00Z,0,0,0,0,0,0,0,0,0,0,0,0,0.0,0.0,0.0,0.0,0,0.0,0.0,0.0,0.0,False,a,,,,,2526
106,432830,29,282,Nathan Collins,Collins,2,2.7,4.9,5,4,Away,2026-03-03T19:30:00Z,0,0,90,0,0,1,0,0,0,0,23,6,0.0,0.14,0.14,1.92,5,2.5,15.4,1.4,8.0,False,a,,,,,2526
107,249231,29,282,Keane Lewis-Potter,Lewis-Potter,2,1.6,4.8,5,4,Away,2026-03-03T19:30:00Z,0,0,3,0,0,0,0,0,0,0,4,1,0.0,0.0,0.0,0.13,0,0.0,0.2,0.0,0.0,False,a,,,1.0,,2526
108,191866,29,282,Kristoffer Ajer,Ajer,2,0.3,4.4,5,4,Away,2026-03-03T19:30:00Z,0,0,69,0,0,1,0,0,0,0,18,6,0.0,0.0,0.0,1.92,6,1.6,11.6,0.1,4.0,False,a,,,,,2526
109,194010,29,282,Rico Henry,Henry,2,0.2,4.3,5,4,Away,2026-03-03T19:30:00Z,0,0,20,0,0,0,0,0,0,0,4,1,0.0,0.0,0.0,0.0,1,0.3,2.2,0.3,0.0,False,d,Hamstring injury - 75% chance of playing,,,,2526
110,607464,29,282,Michael Kayode,Kayode,2,0.7,4.5,5,4,Away,2026-03-03T19:30:00Z,0,0,90,0,0,1,0,0,0,0,27,6,0.0,0.02,0.02,1.92,5,1.3,10.8,1.8,0.0,False,a,,,,,2526
111,231065,29,282,Ethan Pinnock,Pinnock,2,0.1,4.2,5,4,Away,2026-03-03T19:30:00Z,0,0,0,0,0,0,0,0,0,0,0,0,0.0,0.0,0.0,0.0,0,0.0,0.0,0.0,0.0,False,a,,,,,2526
112,226956,29,282,Mads Roerslev Rasmussen,Roerslev,2,0.0,4.5,5,4,Away,2026-03-03T19:30:00Z,0,0,0,0,0,0,0,0,0,0,0,0,0.0,0.0,0.0,0.0,0,0.0,0.0,0.0,0.0,False,u,Has joined Southampton permanently.,,,,2526
113,444765,29,282,Sepp van den Berg,Van den Berg,2,1.1,4.5,5,4,Away,2026-03-03T19:30:00Z,0,0,90,0,0,1,0,0,0,0,25,6,0.1,0.01,0.11,1.92,7,3.4,16.8,0.5,17.0,False,a,,,,,2526
114,622536,29,282,Benjamin Arthur,Arthur,2,0.2,3.8,5,4,Away,2026-03-03T19:30:00Z,0,0,0,0,0,0,0,0,0,0,0,0,0.0,0.0,0.0,0.0,0,0.0,0.0,0.0,0.0,False,u,has joined Celtic on loan for the rest of the season.,,,,2526
115,612534,29,282,Benjamin Fredrick,Fredrick,2,0.1,4.0,5,4,Away,2026-03-03T19:30:00Z,0,0,0,0,0,0,0,0,0,0,0,0,0.0,0.0,0.0,0.0,0,0.0,0.0,0.0,0.0,False,u,has joined Dender on loan for the rest of the season.,,,,2526
116,472713,29,282,Aaron Hickey,Hickey,2,0.4,4.0,5,4,Away,2026-03-03T19:30:00Z,0,0,0,0,0,0,0,0,0,0,0,0,0.0,0.0,0.0,0.0,0,0.0,0.0,0.0,0.0,False,i,Hamstring injury - Expected back 11 Apr,,,,2526
117,570241,29,282,Kim Ji-soo,Ji-soo,2,0.1,3.9,5,4,Away,2026-03-03T19:30:00Z,0,0,0,0,0,0,0,0,0,0,0,0,0.0,0.0,0.0,0.0,0,0.0,0.0,0.0,0.0,False,u,has joined Kaiserslautern on loan for the rest of the season.,,,,2526
118,499717,29,282,Jayden Meghoma,Meghoma,2,0.0,4.0,5,4,Away,2026-03-03T19:30:00Z,0,0,0,0,0,0,0,0,0,0,0,0,0.0,0.0,0.0,0.0,0,0.0,0.0,0.0,0.0,False,u,Has joined Rangers on loan for the rest of the season.,,,,2526
119,446008,29,288,Bryan Mbeumo,Mbeumo,3,23.4,8.7,14,15,Away,2026-03-04T20:15:00Z,1,2,76,0,0,0,1,1,0,0,-3,1,0.33,0.06,0.39,1.85,5,3.1,0.0,13.2,18.0,False,a,,2.0,2.0,,2526
120,513418,29,282,Kevin Schade,Schade,3,1.8,6.9,5,4,Away,2026-03-03T19:30:00Z,0,0,90,0,0,1,0,0,0,0,2,3,0.13,0.07,0.2,1.92,3,3.0,2.2,16.4,11.0,False,a,,,,3.0,2526
121,440089,29,282,Mikkel Damsgaard,Damsgaard,3,0.8,5.6,5,4,Away,2026-03-03T19:30:00Z,0,0,90,0,0,1,0,0,0,0,9,3,0.0,0.03,0.03,1.92,10,3.0,12.2,13.9,4.0,False,a,,,3.0,,2526
122,543295,29,282,Antoni Milambo,Milambo,3,0.0,5.2,5,4,Away,2026-03-03T19:30:00Z,0,0,0,0,0,0,0,0,0,0,0,0,0.0,0.0,0.0,0.0,0,0.0,0.0,0.0,0.0,False,i,Knee injury - Expected back 01 Jun,,,,2526
123,244858,29,282,Fábio Freitas Gouveia Carvalho,Carvalho,3,0.1,4.7,5,4,Away,2026-03-03T19:30:00Z,0,0,0,0,0,0,0,0,0,0,0,0,0.0,0.0,0.0,0.0,0,0.0,0.0,0.0,0.0,False,i,Knee injury - Expected back 01 Jun,,,4.0,2526
124,56979,29,282,Jordan Henderson,Henderson,3,0.3,5.0,5,4,Away,2026-03-03T19:30:00Z,0,0,61,0,0,1,0,0,0,0,14,3,0.0,0.01,0.01,1.7,9,1.1,7.2,3.8,0.0,False,a,,,,,2526
125,204580,29,282,Vitaly Janelt,Janelt,3,0.2,4.9,5,4,Away,2026-03-03T19:30:00Z,0,0,0,0,0,0,0,0,0,0,0,0,0.0,0.0,0.0,0.0,0,0.0,0.0,0.0,0.0,False,i,Foot injury - Unknown return date,2.0,,,2526
126,207283,29,282,Mathias Jensen,Jensen,3,0.1,4.9,5,4,Away,2026-03-03T19:30:00Z,0,0,90,0,0,1,0,1,0,0,20,4,0.02,0.26,0.28,1.92,18,6.1,27.2,31.8,2.0,False,a,,1.0,2.0,5.0,2526
127,626464,29,282,Gustavo Nunes Fernandes Gomes,Nunes,3,0.0,4.9,5,4,Away,2026-03-03T19:30:00Z,0,0,0,0,0,0,0,0,0,0,0,0,0.0,0.0,0.0,0.0,0,0.0,0.0,0.0,0.0,False,u,has joined Swansea City on loan for the rest of the season.,,,,2526
128,428580,29,282,Frank Onyeka,Onyeka,3,0.0,4.8,5,4,Away,2026-03-03T19:30:00Z,0,0,0,0,0,0,0,0,0,0,0,0,0.0,0.0,0.0,0.0,0,0.0,0.0,0.0,0.0,False,u,has joined Coventry City on loan for the rest of the season.,,,,2526
129,508395,29,282,Yehor Yarmoliuk,Yarmoliuk,3,0.1,5.0,5,4,Away,2026-03-03T19:30:00Z,0,0,28,0,0,0,0,0,0,0,3,1,0.0,0.01,0.01,0.23,3,0.6,3.8,2.3,0.0,False,a,,,,,2526
130,606689,29,282,Romelle Donovan,Donovan,3,0.1,4.4,5,4,Away,2026-03-03T19:30:00Z,0,0,0,0,0,0,0,0,0,0,0,0,0.0,0.0,0.0,0.0,0,0.0,0.0,0.0,0.0,False,a,,,,,2526
131,628204,29,282,Yunus Emre Konak,Konak,3,0.1,4.3,5,4,Away,2026-03-03T19:30:00Z,0,0,0,0,0,0,0,0,0,0,0,0,0.0,0.0,0.0,0.0,0,0.0,0.0,0.0,0.0,False,u,has joined Oxford United on loan for the rest of the season.,,,,2526
132,220695,29,282,Paris Maghoma,Maghoma,3,0.0,4.5,5,4,Away,2026-03-03T19:30:00Z,0,0,0,0,0,0,0,0,0,0,0,0,0.0,0.0,0.0,0.0,0,0.0,0.0,0.0,0.0,False,u,has joined Norwich City permanently.,,,,2526
133,450539,29,282,Myles Peart-Harris,Peart-Harris,3,0.0,4.4,5,4,Away,2026-03-03T19:30:00Z,0,0,0,0,0,0,0,0,0,0,0,0,0.0,0.0,0.0,0.0,0,0.0,0.0,0.0,0.0,False,u,has joined Oxford United permanently.,,,,2526
134,591357,29,282,Ryan Trevitt,Trevitt,3,0.0,4.5,5,4,Away,2026-03-03T19:30:00Z,0,0,0,0,0,0,0,0,0,0,0,0,0.0,0.0,0.0,0.0,0,0.0,0.0,0.0,0.0,False,u,Has joined Wigan on loan for the rest of the season,,,,2526
135,216646,29,288,Yoane Wissa,Wissa,4,0.6,7.3,15,14,Home,2026-03-04T20:15:00Z,2,1,0,0,0,0,0,0,0,0,0,0,0.0,0.0,0.0,0.0,0,0.0,0.0,0.0,0.0,False,a,,,,,2526
136,502500,29,282,Igor Thiago Nascimento Rodrigues,Thiago,4,34.6,7.2,5,4,Away,2026-03-03T19:30:00Z,0,0,90,0,0,1,0,0,0,0,11,2,0.0,0.04,0.04,1.92,8,2.6,9.0,15.3,2.0,False,a,,,,2.0,2526
137,533710,29,282,Iwan Morgan,Morgan,4,0.3,4.4,5,4,Away,2026-03-03T19:30:00Z,0,0,0,0,0,0,0,0,0,0,0,0,0.0,0.0,0.0,0.0,0,0.0,0.0,0.0,0.0,False,u,has joined Shrewsbury on loan for the rest of the season.,,,,2526
138,49262,29,283,Jason Steele,Steele,1,0.2,4.2,6,1,Home,2026-03-04T19:30:00Z,0,1,0,0,0,0,0,0,0,0,0,0,0.0,0.0,0.0,0.0,0,0.0,0.0,0.0,0.0,False,a,,,,,2526
139,489639,29,283,Bart Verbruggen,Verbruggen,1,5.4,4.5,6,1,Home,2026-03-04T19:30:00Z,0,1,90,0,0,0,1,0,0,0,5,2,0.0,0.0,0.0,0.47,0,0.8,7.6,0.0,0.0,False,a,,,,,2526
140,209288,29,283,Tom McGill,McGill,1,0.3,3.9,6,1,Home,2026-03-04T19:30:00Z,0,1,0,0,0,0,0,0,0,0,0,0,0.0,0.0,0.0,0.0,0,0.0,0.0,0.0,0.0,False,a,,,,,2526
141,472739,29,283,Carl Rushworth,Rushworth,1,0.0,4.0,6,1,Home,2026-03-04T19:30:00Z,0,1,0,0,0,0,0,0,0,0,0,0,0.0,0.0,0.0,0.0,0,0.0,0.0,0.0,0.0,False,u,Has joined Coventry City on loan for the rest of the season.,,,,2526
142,240514,29,283,Kjell Scherpen,Scherpen,1,0.0,4.0,6,1,Home,2026-03-04T19:30:00Z,0,1,0,0,0,0,0,0,0,0,0,0,0.0,0.0,0.0,0.0,0,0.0,0.0,0.0,0.0,False,u,Has joined Union SG permanently,,,,2526
143,204120,29,283,Olivier Boscagli,Boscagli,2,0.1,4.2,6,1,Home,2026-03-04T19:30:00Z,0,1,90,0,0,0,1,1,0,0,10,1,0.0,0.07,0.07,0.47,8,2.8,20.2,7.8,0.0,False,a,,,,,2526
144,550090,29,283,Diego Coppola,Coppola,2,0.0,4.2,6,1,Home,2026-03-04T19:30:00Z,0,1,0,0,0,0,0,0,0,0,0,0,0.0,0.0,0.0,0.0,0,0.0,0.0,0.0,0.0,False,u,has joined Paris FC on loan for the rest of the season.,,,,2526
145,465730,29,283,Maxim De Cuyper,De Cuyper,2,1.7,4.3,6,1,Home,2026-03-04T19:30:00Z,0,1,0,0,0,0,0,0,0,0,0,0,0.0,0.0,0.0,0.0,0,0.0,0.0,0.0,0.0,False,a,,3.0,1.0,,2526
146,83299,29,283,Lewis Dunk,Dunk,2,1.0,4.5,6,1,Home,2026-03-04T19:30:00Z,0,1,0,0,0,0,0,0,0,0,0,0,0.0,0.0,0.0,0.0,0,0.0,0.0,0.0,0.0,False,a,,,3.0,,2526
147,204214,29,283,Pervis Estupiñán Tenorio,Estupiñan,2,0.0,4.5,6,1,Home,2026-03-04T19:30:00Z,0,1,0,0,0,0,0,0,0,0,0,0,0.0,0.0,0.0,0.0,0,0.0,0.0,0.0,0.0,False,u,Has joined AC Milan permanently,,,,2526
148,231416,29,283,Ferdi Kadıoğlu,F.Kadıoğlu,2,0.3,4.4,6,1,Home,2026-03-04T19:30:00Z,0,1,90,0,0,0,1,1,0,0,6,1,0.0,0.03,0.03,0.47,4,1.9,8.4,4.9,6.0,False,a,,,,,2526
149,223434,29,283,Igor Julio dos Santos de Paulo,Igor,2,0.1,4.5,6,1,Home,2026-03-04T19:30:00Z,0,1,0,0,0,0,0,0,0,0,0,0,0.0,0.0,0.0,0.0,0,0.0,0.0,0.0,0.0,False,a,,,,,2526
150,232792,29,283,Tariq Lamptey,Lamptey,2,0.1,4.4,6,1,Home,2026-03-04T19:30:00Z,0,1,0,0,0,0,0,0,0,0,0,0,0.0,0.0,0.0,0.0,0,0.0,0.0,0.0,0.0,False,u,has joined Fiorentina permanently.,,,,2526
151,469142,29,283,Jan Paul van Hecke,Van Hecke,2,3.8,4.4,6,1,Home,2026-03-04T19:30:00Z,0,1,90,0,0,0,1,0,0,0,15,2,0.0,0.17,0.17,0.47,9,6.2,29.0,30.7,2.0,False,a,,,,,2526
152,111478,29,283,Joël Veltman,Veltman,2,0.1,4.3,6,1,Home,2026-03-04T19:30:00Z,0,1,13,0,0,0,0,0,0,0,4,1,0.0,0.0,0.0,0.04,3,0.6,5.8,0.3,0.0,False,a,,,,,2526
153,110735,29,283,Adam Webster,Webster,2,0.0,4.4,6,1,Home,2026-03-04T19:30:00Z,0,1,0,0,0,0,0,0,0,0,0,0,0.0,0.0,0.0,0.0,0,0.0,0.0,0.0,0.0,False,i,Knee injury - Unknown return date,,,,2526
154,439135,29,283,Eiran Cashin,Cashin,2,0.0,4.0,6,1,Home,2026-03-04T19:30:00Z,0,1,0,0,0,0,0,0,0,0,0,0,0.0,0.0,0.0,0.0,0,0.0,0.0,0.0,0.0,False,u,has joined Blackburn Rovers on loan for the rest of the season.,,,,2526
155,589100,29,283,Jacob Slater,Slater,2,0.1,4.0,6,1,Home,2026-03-04T19:30:00Z,0,1,0,0,0,0,0,0,0,0,0,0,0.0,0.0,0.0,0.0,0,0.0,0.0,0.0,0.0,False,u,has joined Harrogate Town on loan until January.,,,,2526
156,547720,29,283,Charlie Tasker,Tasker,2,0.2,3.8,6,1,Home,2026-03-04T19:30:00Z,0,1,0,0,0,0,0,0,0,0,0,0,0.0,0.0,0.0,0.0,0,0.0,0.0,0.0,0.0,False,a,,,,,2526
157,451340,29,283,Mitoma Kaoru,Mitoma,3,1.9,6.1,6,1,Home,2026-03-04T19:30:00Z,0,1,45,0,0,0,1,0,0,0,4,1,0.06,0.01,0.07,0.01,2,0.9,0.6,1.4,7.0,False,d,Ankle injury - 75% chance of playing,,,,2526
158,463067,29,283,Georginio Rutter,Georginio,3,0.3,5.6,6,1,Home,2026-03-04T19:30:00Z,0,1,90,0,0,0,1,0,0,0,19,4,0.21,0.14,0.35,0.47,13,6.2,20.4,23.8,18.0,False,a,,,,,2526
159,109345,29,283,Solly March,March,3,0.0,5.8,6,1,Home,2026-03-04T19:30:00Z,0,1,0,0,0,0,0,0,0,0,0,0,0.0,0.0,0.0,0.0,0,0.0,0.0,0.0,0.0,False,a,,,,,2526
160,592031,29,283,Yankuba Minteh,Minteh,3,1.8,5.5,6,1,Home,2026-03-04T19:30:00Z,0,1,45,0,0,0,0,0,0,0,9,1,0.0,0.02,0.02,0.45,5,3.8,11.4,16.2,10.0,False,a,,,,,2526
161,474120,29,283,Julio Enciso Espínola,Enciso,3,0.0,5.4,6,1,Home,2026-03-04T19:30:00Z,0,1,0,0,0,0,0,0,0,0,0,0,0.0,0.0,0.0,0.0,0,0.0,0.0,0.0,0.0,False,u,has joined Strasbourg permanently.,,,,2526
162,513433,29,283,Brajan Gruda,Gruda,3,0.0,5.4,6,1,Home,2026-03-04T19:30:00Z,0,1,0,0,0,0,0,0,0,0,0,0,0.0,0.0,0.0,0.0,0,0.0,0.0,0.0,0.0,False,u,has joined Leipzig on loan for the rest of the season.,,,,2526
163,532529,29,283,Jack Hinshelwood,Hinshelwood,3,0.0,5.1,6,1,Home,2026-03-04T19:30:00Z,0,1,68,0,0,0,1,0,0,0,1,2,0.26,0.0,0.26,0.29,1,2.6,0.0,13.0,17.0,False,a,,,,,2526
164,219249,29,283,Matt O'Riley,O'Riley,3,0.3,5.5,6,1,Home,2026-03-04T19:30:00Z,0,1,0,0,0,0,0,0,0,0,0,0,0.0,0.0,0.0,0.0,0,0.0,0.0,0.0,0.0,False,a,,5.0,,3.0,2526
165,516211,29,283,Abdallah Sima,Sima,3,0.0,5.4,6,1,Home,2026-03-04T19:30:00Z,0,1,0,0,0,0,0,0,0,0,0,0,0.0,0.0,0.0,0.0,0,0.0,0.0,0.0,0.0,False,u,has joined Lens permanently.,,,,2526
166,509416,29,283,Yasin Ayari,Ayari,3,0.4,4.8,6,1,Home,2026-03-04T19:30:00Z,0,1,12,0,0,0,0,1,0,0,-3,0,0.0,0.0,0.0,0.04,2,0.1,0.2,0.6,0.0,False,a,,,2.0,,2526
167,535301,29,283,Carlos Baleba,Baleba,3,1.5,4.5,6,1,Home,2026-03-04T19:30:00Z,0,1,77,0,0,0,1,0,0,0,4,2,0.2,0.01,0.21,0.43,10,1.2,5.4,2.8,4.0,False,a,,,,,2526
168,536916,29,286,Facundo Buonanotte,Buonanotte,3,0.1,4.6,11,17,Home,2026-03-03T19:30:00Z,0,1,0,0,0,0,0,0,0,0,0,0,0.0,0.0,0.0,0.0,0,0.0,0.0,0.0,0.0,False,a,,,,,2526
169,514254,29,283,Diego Gómez Amarilla,Gomez,3,0.2,4.9,6,1,Home,2026-03-04T19:30:00Z,0,1,76,0,0,0,1,1,0,0,9,1,0.0,0.03,0.03,0.43,9,3.2,8.8,13.3,10.0,False,a,,,5.0,,2526
170,15157,29,283,James Milner,Milner,3,0.1,4.9,6,1,Home,2026-03-04T19:30:00Z,0,1,0,0,0,0,0,0,0,0,0,0,0.0,0.0,0.0,0.0,0,0.0,0.0,0.0,0.0,False,a,,,,1.0,2526
171,441192,29,283,Jeremy Sarmiento Morante,Sarmiento,3,0.0,4.9,6,1,Home,2026-03-04T19:30:00Z,0,1,0,0,0,0,0,0,0,0,0,0,0.0,0.0,0.0,0.0,0,0.0,0.0,0.0,0.0,False,u,has joined Middlesbrough on loan for the rest of the season.,,,,2526
172,549074,29,283,Tom Watson,Watson,3,0.0,4.8,6,1,Home,2026-03-04T19:30:00Z,0,1,0,0,0,0,0,0,0,0,0,0,0.0,0.0,0.0,0.0,0,0.0,0.0,0.0,0.0,False,u,has joined Millwall on loan for the rest of the season.,,,,2526
173,467779,29,283,Mats Wieffer,Wieffer,3,0.1,4.9,6,1,Home,2026-03-04T19:30:00Z,0,1,76,0,0,0,1,0,0,0,20,4,0.08,0.01,0.09,0.43,14,4.4,21.0,2.3,21.0,False,a,,,,,2526
174,611695,29,283,Malick Yalcouyé,Yalcouye,3,0.0,5.0,6,1,Home,2026-03-04T19:30:00Z,0,1,0,0,0,0,0,0,0,0,0,0,0.0,0.0,0.0,0.0,0,0.0,0.0,0.0,0.0,False,u,Has joined Swansea City on loan for the rest of the season.,,,,2526
175,567121,29,283,Joe Knight,Knight,3,0.1,4.4,6,1,Home,2026-03-04T19:30:00Z,0,1,0,0,0,0,0,0,0,0,0,0,0.0,0.0,0.0,0.0,0,0.0,0.0,0.0,0.0,False,u,has joined Stevenage permanently.,,,,2526
176,550141,29,283,Adrian Mazilu,Mazilu,3,0.0,4.5,6,1,Home,2026-03-04T19:30:00Z,0,1,0,0,0,0,0,0,0,0,0,0,0.0,0.0,0.0,0.0,0,0.0,0.0,0.0,0.0,False,u,has joined Dinamo Bucharest permanently.,,,,2526
177,513834,29,283,Andrew Moran,Moran,3,0.0,4.5,6,1,Home,2026-03-04T19:30:00Z,0,1,0,0,0,0,0,0,0,0,0,0,0.0,0.0,0.0,0.0,0,0.0,0.0,0.0,0.0,False,u,Has joined Los Angeles FC on loan for the rest of the season.,,,,2526
178,50175,29,283,Danny Welbeck,Welbeck,4,3.8,6.1,6,1,Home,2026-03-04T19:30:00Z,0,1,21,0,0,0,0,0,0,0,2,1,0.0,0.0,0.0,0.18,0,0.1,0.0,0.1,2.0,False,a,,,4.0,2.0,2526
179,487117,29,283,Evan Ferguson,Ferguson,4,0.0,5.5,6,1,Home,2026-03-04T19:30:00Z,0,1,0,0,0,0,0,0,0,0,0,0,0.0,0.0,0.0,0.0,0,0.0,0.0,0.0,0.0,False,u,Has joined AS Roma on loan for the rest of the season,,,,2526
180,608181,29,283,Stefanos Tzimas,Tzimas,4,0.1,5.2,6,1,Home,2026-03-04T19:30:00Z,0,1,0,0,0,0,0,0,0,0,0,0,0.0,0.0,0.0,0.0,0,0.0,0.0,0.0,0.0,False,i,Knee injury - Expected back 01 Jun,,,,2526
181,647850,29,283,Charalampos Kostoulas,Kostoulas,4,0.3,4.8,6,1,Home,2026-03-04T19:30:00Z,0,1,0,0,0,0,0,0,0,0,0,0,0.0,0.0,0.0,0.0,0,0.0,0.0,0.0,0.0,False,a,,,,,2526
182,432720,29,287,James Trafford,Trafford,1,0.9,4.5,13,16,Home,2026-03-04T19:30:00Z,2,2,0,0,0,0,0,0,0,0,0,0,0.0,0.0,0.0,0.0,0,0.0,0.0,0.0,0.0,False,a,,,,,2526
183,518030,29,284,Max Weiß,Weiss,1,0.1,4.3,3,9,Away,2026-03-03T19:30:00Z,0,2,0,0,0,0,0,0,0,0,0,0,0.0,0.0,0.0,0.0,0,0.0,0.0,0.0,0.0,False,a,,,,,2526
184,489571,29,284,Etienne Green,Green,1,0.2,4.0,3,9,Away,2026-03-03T19:30:00Z,0,2,0,0,0,0,0,0,0,0,0,0,0.0,0.0,0.0,0.0,0,0.0,0.0,0.0,0.0,False,u,has joined FC Fredericia permanently.,,,,2526
185,51943,29,284,Václav Hladký,Hladký,1,0.2,3.9,3,9,Away,2026-03-03T19:30:00Z,0,2,0,0,0,0,0,0,0,0,0,0,0.0,0.0,0.0,0.0,0,0.0,0.0,0.0,0.0,False,a,,,,,2526
186,192290,29,284,Connor Roberts,Roberts,2,0.0,4.4,3,9,Away,2026-03-03T19:30:00Z,0,2,0,0,0,0,0,0,0,0,0,0,0.0,0.0,0.0,0.0,0,0.0,0.0,0.0,0.0,False,i,Achilles injury - Unknown return date,,,,2526
187,58621,29,284,Kyle Walker,Walker,2,1.1,4.4,3,9,Away,2026-03-03T19:30:00Z,0,2,90,0,0,0,2,0,0,0,12,3,0.0,0.01,0.01,1.3,12,2.4,20.2,3.6,0.0,False,a,,,,,2526
188,247245,29,284,Hannes Delcroix,Delcroix,2,0.2,3.8,3,9,Away,2026-03-03T19:30:00Z,0,2,0,0,0,0,0,0,0,0,0,0,0.0,0.0,0.0,0.0,0,0.0,0.0,0.0,0.0,False,u,has joined Lugano permanently.,,,,2526
189,461567,29,284,Owen Dodgson,Dodgson,2,0.0,4.0,3,9,Away,2026-03-03T19:30:00Z,0,2,0,0,0,0,0,0,0,0,0,0,0.0,0.0,0.0,0.0,0,0.0,0.0,0.0,0.0,False,u,Has joined Stockport County on loan for the rest of the season.,,,,2526
190,478969,29,284,Hjalmar Ekdal,Ekdal,2,0.8,3.8,3,9,Away,2026-03-03T19:30:00Z,0,2,0,0,0,0,0,0,0,0,0,0,0.0,0.0,0.0,0.0,0,0.0,0.0,0.0,0.0,False,a,,,,,2526
191,477717,29,284,Maxime Estève,Estève,2,7.8,3.9,3,9,Away,2026-03-03T19:30:00Z,0,2,90,0,0,0,2,0,0,0,6,1,0.0,0.0,0.0,1.3,8,1.7,16.4,0.9,0.0,False,a,,,,,2526
192,494960,29,284,Quilindschy Hartman,Hartman,2,0.6,4.0,3,9,Away,2026-03-03T19:30:00Z,0,2,0,0,0,0,0,0,0,0,0,0,0.0,0.0,0.0,0.0,0,0.0,0.0,0.0,0.0,False,a,,,,,2526
193,461188,29,284,Bashir Humphreys,Humphreys,2,0.1,3.9,3,9,Away,2026-03-03T19:30:00Z,0,2,90,0,0,0,2,1,0,0,5,0,0.0,0.01,0.01,1.3,8,1.6,14.6,1.8,0.0,False,a,,,,,2526
194,241231,29,284,Jordan Beyer,Jordan,2,0.1,3.9,3,9,Away,2026-03-03T19:30:00Z,0,2,0,0,0,0,0,0,0,0,0,0,0.0,0.0,0.0,0.0,0,0.0,0.0,0.0,0.0,False,i,Hamstring injury - Unknown return date,,,,2526
195,549329,29,284,Lucas Pires Silva,Lucas Pires,2,0.3,3.8,3,9,Away,2026-03-03T19:30:00Z,0,2,90,0,0,0,2,0,0,0,10,1,0.02,0.01,0.03,1.3,2,4.9,11.4,33.0,5.0,False,a,,3.0,,,2526
196,450072,29,284,Shurandy Sambo,Sambo,2,0.0,4.0,3,9,Away,2026-03-03T19:30:00Z,0,2,0,0,0,0,0,0,0,0,0,0,0.0,0.0,0.0,0.0,0,0.0,0.0,0.0,0.0,False,u,has joined Sparta Rotterdam on loan for the rest of the season.,,,,2526
197,519895,29,284,Oliver Sonne,Sonne,2,0.2,3.8,3,9,Away,2026-03-03T19:30:00Z,0,2,0,0,0,0,0,0,0,0,0,0,0.0,0.0,0.0,0.0,0,0.0,0.0,0.0,0.0,False,u,has joined Sparta Prague on loan for the rest of the season.,,,,2526
198,180804,29,284,Axel Tuanzebe,Tuanzebe,2,0.9,3.9,3,9,Away,2026-03-03T19:30:00Z,0,2,0,0,0,0,0,0,0,0,0,0,0.0,0.0,0.0,0.0,0,0.0,0.0,0.0,0.0,False,d,Achilles injury - 50% chance of playing,,,,2526
199,208912,29,284,Joe Worrall,Worrall,2,0.2,3.8,3,9,Away,2026-03-03T19:30:00Z,0,2,56,0,0,0,1,0,0,0,6,3,0.0,0.0,0.0,0.81,11,3.3,30.2,0.3,2.0,False,a,,,,,2526
200,444180,29,284,Jaidon Anthony,Anthony,3,1.9,5.0,3,9,Away,2026-03-03T19:30:00Z,0,2,90,0,0,0,2,0,0,0,13,4,0.06,0.02,0.08,1.3,13,3.6,8.4,17.7,10.0,False,a,,2.0,,,2526
201,183751,29,284,Manuel Benson Hedilazio,Benson,3,0.0,5.4,3,9,Away,2026-03-03T19:30:00Z,0,2,0,0,0,0,0,0,0,0,0,0,0.0,0.0,0.0,0.0,0,0.0,0.0,0.0,0.0,False,u,has joined Maccabi Haifa permanently.,,,,2526
202,179458,29,284,Jacob Bruun Larsen,Bruun Larsen,3,0.0,5.3,3,9,Away,2026-03-03T19:30:00Z,0,2,0,0,0,0,0,0,0,0,0,0,0.0,0.0,0.0,0.0,0,0.0,0.0,0.0,0.0,False,a,,,2.0,3.0,2526
203,578614,29,284,Enock Agyei,Boateng,3,0.0,4.7,3,9,Away,2026-03-03T19:30:00Z,0,2,0,0,0,0,0,0,0,0,0,0,0.0,0.0,0.0,0.0,0,0.0,0.0,0.0,0.0,False,a,,,,,2526
204,250735,29,284,Darko Churlinov,Churlinov,3,0.0,4.9,3,9,Away,2026-03-03T19:30:00Z,0,2,0,0,0,0,0,0,0,0,0,0,0.0,0.0,0.0,0.0,0,0.0,0.0,0.0,0.0,False,u,has joined Kocaelispor  permanently.,,,,2526
205,172567,29,284,Josh Cullen,Cullen,3,0.8,4.9,3,9,Away,2026-03-03T19:30:00Z,0,2,0,0,0,0,0,0,0,0,0,0,0.0,0.0,0.0,0.0,0,0.0,0.0,0.0,0.0,False,i,Knee injury - Expected back 30 Sep,,,,2526
206,174592,29,284,Marcus Edwards,Edwards,3,0.1,4.7,3,9,Away,2026-03-03T19:30:00Z,0,2,0,0,0,0,0,0,0,0,0,0,0.0,0.0,0.0,0.0,0,0.0,0.0,0.0,0.0,False,d,Knock - 75% chance of playing,,3.0,,2526
207,465527,29,284,Hannibal Mejbri,Hannibal,3,0.2,4.7,3,9,Away,2026-03-03T19:30:00Z,0,2,71,0,0,0,2,0,0,0,7,2,0.0,0.02,0.02,1.22,8,1.7,9.2,3.8,4.0,False,a,,4.0,,,2526
208,487702,29,284,Luca Koleosho,Koleosho,3,0.0,5.0,3,9,Away,2026-03-03T19:30:00Z,0,2,0,0,0,0,0,0,0,0,0,0,0.0,0.0,0.0,0.0,0,0.0,0.0,0.0,0.0,False,u,has joined Paris FC on loan for the rest of the season.,,,,2526
209,167887,29,284,Josh Laurent,Laurent,3,0.0,4.8,3,9,Away,2026-03-03T19:30:00Z,0,2,18,0,0,0,0,0,0,0,3,1,0.0,0.0,0.0,0.09,4,0.4,1.4,2.3,0.0,False,a,,,,,2526
210,469272,29,284,Loum Tchaouna,Tchaouna,3,0.0,4.9,3,9,Away,2026-03-03T19:30:00Z,0,2,33,0,0,0,1,0,0,0,3,1,0.0,0.02,0.02,0.5,0,0.2,0.8,1.3,0.0,False,a,,,4.0,,2526
211,447715,29,284,Aaron Ramsey,A.Ramsey,3,1.4,4.4,3,9,Away,2026-03-03T19:30:00Z,0,2,0,0,0,0,0,0,0,0,0,0,0.0,0.0,0.0,0.0,0,0.0,0.0,0.0,0.0,False,u,has joined Leicester City on loan for the rest of the season.,,,,2526
212,576323,29,284,Oluwaseun Adewumi,Adewumi,3,0.0,4.5,3,9,Away,2026-03-03T19:30:00Z,0,2,0,0,0,0,0,0,0,0,0,0,0.0,0.0,0.0,0.0,0,0.0,0.0,0.0,0.0,False,u,Has joined Cercle Brugge on loan for the rest of the season.,,,,2526
213,551206,29,284,Jaydon Banel,Banel,3,0.0,4.5,3,9,Away,2026-03-03T19:30:00Z,0,2,0,0,0,0,0,0,0,0,0,0,0.0,0.0,0.0,0.0,0,0.0,0.0,0.0,0.0,False,u,has joined Derby County on loan for the rest of the season.,,,,2526
214,437748,29,284,Mike Trésor Ndayishimiye,Trésor,3,0.1,4.4,3,9,Away,2026-03-03T19:30:00Z,0,2,0,0,0,0,0,0,0,0,0,0,0.0,0.0,0.0,0.0,0,0.0,0.0,0.0,0.0,False,i,Ankle injury - Unknown return date,,,,2526
215,431639,29,284,Zian Flemming,Flemming,4,0.4,5.3,3,9,Away,2026-03-03T19:30:00Z,0,2,0,0,0,0,0,0,0,0,0,0,0.0,0.0,0.0,0.0,0,0.0,0.0,0.0,0.0,False,d,Calf injury - 75% chance of playing,,5.0,1.0,2526
216,492831,29,284,Zeki Amdouni,Amdouni,4,0.0,4.8,3,9,Away,2026-03-03T19:30:00Z,0,2,0,0,0,0,0,0,0,0,0,0,0.0,0.0,0.0,0.0,0,0.0,0.0,0.0,0.0,False,i,Knee injury - Expected back 25 Apr,,,,2526
217,435973,29,284,Lyle Foster,Foster,4,0.8,4.9,3,9,Away,2026-03-03T19:30:00Z,0,2,90,0,0,0,2,0,0,0,5,2,0.71,0.01,0.72,1.3,6,5.4,5.2,5.8,43.0,False,a,,,,,2526
218,44699,29,284,Ashley Barnes,Barnes,4,1.4,4.2,3,9,Away,2026-03-03T19:30:00Z,0,2,7,0,0,0,0,0,0,0,2,1,0.0,0.0,0.0,0.0,0,0.2,0.0,0.3,2.0,False,a,,,,2.0,2526
219,220598,29,284,Michael Obafemi,Obafemi,4,0.1,4.4,3,9,Away,2026-03-03T19:30:00Z,0,2,0,0,0,0,0,0,0,0,0,0,0.0,0.0,0.0,0.0,0,0.0,0.0,0.0,0.0,False,u,has joined Blackpool on loan for the rest of the season.,,,,2526
220,215059,29,281,Robert Lynch Sánchez,Sánchez,1,13.6,4.9,7,2,Away,2026-03-04T19:30:00Z,4,1,0,0,0,0,0,0,0,0,0,0,0.0,0.0,0.0,0.0,0,0.0,0.0,0.0,0.0,False,a,,,,,2526
221,508479,29,281,Filip Jörgensen,Jörgensen,1,0.2,4.3,7,2,Away,2026-03-04T19:30:00Z,4,1,90,0,0,0,1,0,0,0,17,3,0.0,0.0,0.0,0.78,0,3.1,31.4,0.0,0.0,False,a,,,,,2526
222,549939,29,281,Mike Penders,Penders,1,0.0,4.0,7,2,Away,2026-03-04T19:30:00Z,4,1,0,0,0,0,0,0,0,0,0,0,0.0,0.0,0.0,0.0,0,0.0,0.0,0.0,0.0,False,u,Has joined RC Strasbourg on loan for the rest of the season.,,,,2526
223,471798,29,281,Gabriel Słonina,Slonina,1,0.1,3.9,7,2,Away,2026-03-04T19:30:00Z,4,1,0,0,0,0,0,0,0,0,0,0,0.0,0.0,0.0,0.0,0,0.0,0.0,0.0,0.0,False,a,,,,,2526
224,179268,29,281,Marc Cucurella Saseta,Cucurella,2,13.7,6.0,7,2,Away,2026-03-04T19:30:00Z,4,1,11,0,0,0,0,0,0,0,7,1,0.0,0.15,0.15,0.34,1,1.5,4.4,10.3,0.0,False,a,,,,,2526
225,225796,29,281,Reece James,James,2,8.3,5.6,7,2,Away,2026-03-04T19:30:00Z,4,1,90,0,0,0,1,0,0,0,12,2,0.04,0.02,0.06,0.78,4,2.9,10.8,9.4,9.0,False,a,,2.0,2.0,,2526
226,180736,29,281,Trevoh Chalobah,Chalobah,2,18.8,5.6,7,2,Away,2026-03-04T19:30:00Z,4,1,90,0,0,0,1,0,0,0,11,2,0.0,0.0,0.0,0.78,6,1.2,11.6,0.4,0.0,False,a,,,,,2526
227,460028,29,281,Levi Samuels Colwill,Colwill,2,0.1,4.7,7,2,Away,2026-03-04T19:30:00Z,4,1,0,0,0,0,0,0,0,0,0,0,0.0,0.0,0.0,0.0,0,0.0,0.0,0.0,0.0,False,i,Anterior cruciate ligament - Unknown return date,,,,2526
228,482609,29,281,Malo Gusto,Gusto,2,1.9,4.9,7,2,Away,2026-03-04T19:30:00Z,4,1,74,0,1,0,1,0,0,0,20,5,0.0,0.47,0.47,0.44,3,4.3,23.2,13.3,6.0,False,a,,,,,2526
229,242880,29,281,Benoît Badiashile Mukinayi,B.Badiashile,2,0.0,4.4,7,2,Away,2026-03-04T19:30:00Z,4,1,0,0,0,0,0,0,0,0,0,0,0.0,0.0,0.0,0.0,0,0.0,0.0,0.0,0.0,False,a,,,,,2526
230,444463,29,281,Wesley Fofana,Fofana,2,0.3,4.4,7,2,Away,2026-03-04T19:30:00Z,4,1,78,0,0,0,1,0,0,0,7,2,0.25,0.0,0.25,0.44,3,1.7,4.8,0.5,12.0,False,a,,,,,2526
231,574458,29,281,Mamadou Sarr,M.Sarr,2,0.0,4.5,7,2,Away,2026-03-04T19:30:00Z,4,1,0,0,0,0,0,0,0,0,0,0,0.0,0.0,0.0,0.0,0,0.0,0.0,0.0,0.0,False,a,,,,,2526
232,109646,29,281,Tosin Adarabioyo,Tosin,2,0.3,4.0,7,2,Away,2026-03-04T19:30:00Z,4,1,11,0,0,0,0,0,0,0,4,1,0.0,0.0,0.0,0.34,2,0.5,5.0,0.0,0.0,False,a,,,,,2526
233,577016,29,281,Josh Acheampong,Acheampong,2,1.7,3.7,7,2,Away,2026-03-04T19:30:00Z,4,1,0,0,0,0,0,0,0,0,0,0,0.0,0.0,0.0,0.0,0,0.0,0.0,0.0,0.0,False,a,,,,,2526
234,622758,29,281,Aarón Anselmino,Anselmino,2,0.1,4.0,7,2,Away,2026-03-04T19:30:00Z,4,1,0,0,0,0,0,0,0,0,0,0,0.0,0.0,0.0,0.0,0,0.0,0.0,0.0,0.0,False,u,has joined Strasbourg on loan for the rest of the season.,,,,2526
235,244851,29,281,Cole Palmer,Palmer,3,16.1,10.6,7,2,Away,2026-03-04T19:30:00Z,4,1,84,1,0,0,1,0,0,2,38,9,0.15,0.28,0.43,0.53,11,10.7,47.8,29.0,30.0,False,a,,,3.0,1.0,2526
236,247632,29,281,Pedro Lomba Neto,Neto,3,4.3,7.0,7,2,Away,2026-03-04T19:30:00Z,4,1,0,0,0,0,0,0,0,0,0,0,0.0,0.0,0.0,0.0,0,0.0,0.0,0.0,0.0,False,a,,1.0,4.0,,2526
237,448047,29,281,Enzo Fernández,Enzo,3,16.0,6.7,7,2,Away,2026-03-04T19:30:00Z,4,1,78,0,1,0,1,1,0,0,29,4,0.04,0.47,0.51,0.44,10,7.2,26.4,28.3,17.0,False,a,,3.0,1.0,2.0,2526
238,624773,29,281,Estêvão Almeida de Oliveira Gonçalves,Estêvão,3,1.8,6.4,7,2,Away,2026-03-04T19:30:00Z,4,1,0,0,0,0,0,0,0,0,0,0,0.0,0.0,0.0,0.0,0,0.0,0.0,0.0,0.0,False,d,Hamstring injury - 50% chance of playing,,,3.0,2526
239,463936,29,281,Jamie Bynoe-Gittens,Gittens,3,0.1,6.0,7,2,Away,2026-03-04T19:30:00Z,4,1,0,0,0,0,0,0,0,0,0,0,0.0,0.0,0.0,0.0,0,0.0,0.0,0.0,0.0,False,i,Hamstring injury - Unknown return date,,,,2526
240,213198,29,281,Christopher Nkunku,Nkunku,3,0.1,5.9,7,2,Away,2026-03-04T19:30:00Z,4,1,0,0,0,0,0,0,0,0,0,0,0.0,0.0,0.0,0.0,0,0.0,0.0,0.0,0.0,False,u,has joined AC Milan permanently.,,,,2526
241,486672,29,281,Moisés Caicedo Corozo,Caicedo,3,7.7,5.7,7,2,Away,2026-03-04T19:30:00Z,4,1,90,0,0,0,1,0,0,0,14,2,0.0,0.02,0.02,0.78,5,1.4,11.2,2.3,0.0,False,a,,,,,2526
242,215413,29,284,Kiernan Dewsbury-Hall,Dewsbury-Hall,3,5.0,5.1,9,3,Home,2026-03-03T19:30:00Z,2,0,90,1,0,1,0,0,0,1,36,9,0.6,0.03,0.63,0.79,8,8.3,39.4,7.3,36.0,False,a,,2.0,,,2526
243,550615,29,284,Tyrique George,George,3,0.1,4.8,9,3,Home,2026-03-03T19:30:00Z,2,0,3,0,0,0,0,0,0,0,3,1,0.0,0.0,0.0,0.71,2,0.0,0.0,0.3,0.0,False,a,,,,,2526
244,514356,29,281,Roméo Lavia,Lavia,3,0.0,4.9,7,2,Away,2026-03-04T19:30:00Z,4,1,15,0,0,0,0,0,0,0,2,1,0.0,0.0,0.0,0.34,1,0.4,2.2,1.5,0.0,False,a,,,,,2526
245,465920,29,281,Mykhailo Mudryk,Mudryk,3,0.0,4.9,7,2,Away,2026-03-04T19:30:00Z,4,1,0,0,0,0,0,0,0,0,0,0,0.0,0.0,0.0,0.0,0,0.0,0.0,0.0,0.0,False,s,Suspended - unknown return date,,,,2526
246,532605,29,281,Andrey Nascimento dos Santos,Andrey Santos,3,0.3,4.5,7,2,Away,2026-03-04T19:30:00Z,4,1,5,0,0,0,0,0,0,0,3,1,0.0,0.0,0.0,0.25,1,0.3,2.0,1.0,0.0,False,a,,,,,2526
247,491007,29,281,Dário Luís Essugo,D.Essugo,3,0.1,4.3,7,2,Away,2026-03-04T19:30:00Z,4,1,0,0,0,0,0,0,0,0,0,0,0.0,0.0,0.0,0.0,0,0.0,0.0,0.0,0.0,False,d,Lack of match fitness - 50% chance of playing,,,,2526
248,611134,29,281,Kendry Páez Andrade,Paez,3,0.0,4.5,7,2,Away,2026-03-04T19:30:00Z,4,1,0,0,0,0,0,0,0,0,0,0,0.0,0.0,0.0,0.0,0,0.0,0.0,0.0,0.0,False,u,has joined River Plate on loan for the rest of the season.,,,,2526
249,475168,29,281,João Pedro Junqueira de Jesus,João Pedro,4,46.8,7.7,7,2,Away,2026-03-04T19:30:00Z,4,1,84,3,1,0,1,1,0,3,92,19,2.61,0.0,2.61,0.53,3,23.9,118.6,10.8,110.0,True,a,,,,,2526
250,463034,29,281,Liam Delap,Delap,4,0.9,6.2,7,2,Away,2026-03-04T19:30:00Z,4,1,5,0,0,0,0,0,0,0,2,1,0.0,0.0,0.0,0.25,1,0.2,0.0,3.0,0.0,False,a,,,,,2526
251,517052,29,281,Nicolas Jackson,N.Jackson,4,0.1,6.5,7,2,Away,2026-03-04T19:30:00Z,4,1,0,0,0,0,0,0,0,0,0,0,0.0,0.0,0.0,0.0,0,0.0,0.0,0.0,0.0,False,u,has joined Bayern Munich on loan for the rest of the season.,,,,2526
252,499309,29,281,Marc Guiu Paz,Marc Guiu,4,5.7,4.1,7,2,Away,2026-03-04T19:30:00Z,4,1,0,0,0,0,0,0,0,0,0,0,0.0,0.0,0.0,0.0,0,0.0,0.0,0.0,0.0,False,a,,,,,2526
253,172649,29,289,Dean Henderson,Henderson,1,8.0,5.0,8,18,Away,2026-03-05T20:00:00Z,3,1,90,0,0,0,1,0,0,0,13,3,0.0,0.0,0.0,1.58,0,2.7,27.4,0.0,0.0,False,a,,,,,2526
254,121709,29,289,Walter Benítez,Benitez,1,0.3,4.0,8,18,Away,2026-03-05T20:00:00Z,3,1,0,0,0,0,0,0,0,0,0,0,0.0,0.0,0.0,0.0,0,0.0,0.0,0.0,0.0,False,a,,,,,2526
255,169593,29,289,Remi Matthews,Matthews,1,0.1,3.9,8,18,Away,2026-03-05T20:00:00Z,3,1,0,0,0,0,0,0,0,0,0,0,0.0,0.0,0.0,0.0,0,0.0,0.0,0.0,0.0,False,a,,,,,2526
256,247348,29,289,Daniel Muñoz Mejía,Muñoz,2,8.3,5.9,8,18,Away,2026-03-05T20:00:00Z,3,1,13,0,0,0,0,0,0,0,3,1,0.05,0.0,0.05,0.04,2,0.8,2.4,0.1,5.0,False,d,Shoulder injury - 75% chance of playing,,,,2526
257,437499,29,289,Maxence Lacroix,Lacroix,2,4.5,5.1,8,18,Away,2026-03-05T20:00:00Z,3,1,0,0,0,0,0,0,0,0,0,0,0.0,0.0,0.0,0.0,0,0.0,0.0,0.0,0.0,False,a,,,,,2526
258,244723,29,289,Tyrick Mitchell,Mitchell,2,2.2,5.0,8,18,Away,2026-03-05T20:00:00Z,3,1,90,0,0,0,1,0,0,0,6,2,0.0,0.0,0.0,1.58,6,1.3,12.0,0.6,0.0,False,a,,,,,2526
259,218364,29,289,Borna Sosa,Sosa,2,0.1,4.8,8,18,Away,2026-03-05T20:00:00Z,3,1,0,0,0,0,0,0,0,0,0,0,0.0,0.0,0.0,0.0,0,0.0,0.0,0.0,0.0,False,a,,,,,2526
260,209036,29,287,Marc Guéhi,Guéhi,2,37.4,5.2,13,16,Home,2026-03-04T19:30:00Z,2,2,90,0,0,0,2,0,0,0,4,1,0.24,0.02,0.26,0.97,3,2.8,15.2,5.3,7.0,False,a,,,,,2526
261,427623,29,289,Chris Richards,Richards,2,2.6,4.4,8,18,Away,2026-03-05T20:00:00Z,3,1,90,0,0,0,1,0,0,0,15,4,0.0,0.04,0.04,1.58,15,5.0,40.2,5.7,4.0,False,a,,,,,2526
262,515621,29,289,Chadi Riad Dnanou,Chadi Riad,2,0.0,4.0,8,18,Away,2026-03-05T20:00:00Z,3,1,90,0,0,0,1,0,0,0,15,2,0.0,0.02,0.02,1.58,7,2.3,18.0,2.6,2.0,False,a,,,,,2526
263,57328,29,289,Nathaniel Clyne,Clyne,2,0.6,3.8,8,18,Away,2026-03-05T20:00:00Z,3,1,76,0,0,0,1,1,0,0,-1,1,0.0,0.04,0.04,1.54,5,1.5,6.2,7.2,2.0,False,a,,,,,2526
264,156074,29,289,Rob Holding,Holding,2,0.0,4.0,8,18,Away,2026-03-05T20:00:00Z,3,1,0,0,0,0,0,0,0,0,0,0,0.0,0.0,0.0,0.0,0,0.0,0.0,0.0,0.0,False,u,Has joined Colorado Rapids permanently.,,,,2526
265,590012,29,289,Caleb Kporha,Kporha,2,0.0,4.0,8,18,Away,2026-03-05T20:00:00Z,3,1,0,0,0,0,0,0,0,0,0,0,0.0,0.0,0.0,0.0,0,0.0,0.0,0.0,0.0,False,a,,,,,2526
266,232413,29,283,Eberechi Eze,Eze,3,8.1,7.2,1,6,Away,2026-03-04T19:30:00Z,1,0,90,0,0,1,0,0,0,0,11,3,0.0,0.07,0.07,0.82,6,1.6,5.2,11.0,0.0,False,a,,,,,2526
267,232185,29,289,Ismaïla Sarr,Sarr,3,3.6,6.3,8,18,Away,2026-03-05T20:00:00Z,3,1,90,2,0,0,1,0,0,3,42,15,1.16,0.01,1.17,1.58,5,12.1,75.8,1.4,44.0,True,a,,,,3.0,2526
268,438464,29,289,Cheick Doucouré,Doucouré,3,0.0,4.9,8,18,Away,2026-03-05T20:00:00Z,3,1,0,0,0,0,0,0,0,0,0,0,0.0,0.0,0.0,0.0,0,0.0,0.0,0.0,0.0,False,i,Knee injury - Unknown return date,,,,2526
269,606921,29,289,Romain Esse,Esse,3,0.1,4.7,8,18,Away,2026-03-05T20:00:00Z,3,1,0,0,0,0,0,0,0,0,0,0,0.0,0.0,0.0,0.0,0,0.0,0.0,0.0,0.0,False,u,has joined Coventry City on loan for the rest of the season.,,,,2526
270,108413,29,289,Will Hughes,Hughes,3,0.1,4.7,8,18,Away,2026-03-05T20:00:00Z,3,1,9,0,0,0,0,0,0,0,5,1,0.0,0.0,0.0,0.22,2,0.3,2.4,0.6,0.0,False,a,,1.0,,,2526
271,209400,29,289,Daichi Kamada,Kamada,3,0.1,5.0,8,18,Away,2026-03-05T20:00:00Z,3,1,90,0,0,0,1,0,0,0,14,2,0.0,0.03,0.03,1.58,6,2.1,8.4,8.6,4.0,False,a,,,,,2526
272,152551,29,289,Jefferson Lerma Solís,Lerma,3,0.1,4.9,8,18,Away,2026-03-05T20:00:00Z,3,1,0,0,0,0,0,0,0,0,0,0,0.0,0.0,0.0,0.0,0,0.0,0.0,0.0,0.0,False,a,,,,,2526
273,496221,29,289,Adam Wharton,Wharton,3,0.6,5.0,8,18,Away,2026-03-05T20:00:00Z,3,1,80,0,2,0,1,0,0,2,40,10,0.12,0.59,0.71,1.36,9,10.4,49.6,31.3,23.0,True,a,,3.0,,,2526
274,579075,29,289,Asher Agbinone,Agbinone,3,0.1,4.3,8,18,Away,2026-03-05T20:00:00Z,3,1,0,0,0,0,0,0,0,0,0,0,0.0,0.0,0.0,0.0,0,0.0,0.0,0.0,0.0,False,a,,,,,2526
275,466117,29,289,Naouirou Ahamada,Ahamada,3,0.0,4.3,8,18,Away,2026-03-05T20:00:00Z,3,1,0,0,0,0,0,0,0,0,0,0,0.0,0.0,0.0,0.0,0,0.0,0.0,0.0,0.0,False,u,has joined AJ Auxerre permanently.,,,,2526
276,489706,29,289,Justin Devenny,Devenny,3,1.3,4.3,8,18,Away,2026-03-05T20:00:00Z,3,1,0,0,0,0,0,0,0,0,0,0,0.0,0.0,0.0,0.0,0,0.0,0.0,0.0,0.0,False,a,,,2.0,4.0,2526
277,450535,29,289,Malcolm Ebiowei,Ebiowei,3,0.0,4.5,8,18,Away,2026-03-05T20:00:00Z,3,1,0,0,0,0,0,0,0,0,0,0,0.0,0.0,0.0,0.0,0,0.0,0.0,0.0,0.0,False,u,Has joined Blackpool permanently.,,,,2526
278,450542,29,289,Jesurun Rak-Sakyi,J.Rak-Sakyi,3,0.0,4.4,8,18,Away,2026-03-05T20:00:00Z,3,1,0,0,0,0,0,0,0,0,0,0,0.0,0.0,0.0,0.0,0,0.0,0.0,0.0,0.0,False,u,has joined Stoke City on loan for the rest of the season.,,,,2526
279,536694,29,289,Matheus França de Oliveira,M.França,3,0.0,4.5,8,18,Away,2026-03-05T20:00:00Z,3,1,0,0,0,0,0,0,0,0,0,0,0.0,0.0,0.0,0.0,0,0.0,0.0,0.0,0.0,False,u,Has joined CR Vasco da Gama on loan for the rest of the season.,,,,2526
280,531989,29,289,David Ozoh,Ozoh,3,0.0,4.5,8,18,Away,2026-03-05T20:00:00Z,3,1,0,0,0,0,0,0,0,0,0,0,0.0,0.0,0.0,0.0,0,0.0,0.0,0.0,0.0,False,u,Has joined Derby County on loan for the rest of the season.,,,,2526
281,530318,29,289,Kaden Rodney,Rodney,3,0.0,4.4,8,18,Away,2026-03-05T20:00:00Z,3,1,0,0,0,0,0,0,0,0,0,0,0.0,0.0,0.0,0.0,0,0.0,0.0,0.0,0.0,False,a,,,,,2526
282,574398,29,289,Franco Umeh-Chibueze,Umeh,3,0.0,4.5,8,18,Away,2026-03-05T20:00:00Z,3,1,0,0,0,0,0,0,0,0,0,0,0.0,0.0,0.0,0.0,0,0.0,0.0,0.0,0.0,False,u,has joined Portsmouth permanently.,,,,2526
283,231747,29,289,Jean-Philippe Mateta,Mateta,4,6.6,7.5,8,18,Away,2026-03-05T20:00:00Z,3,1,0,0,0,0,0,0,0,0,0,0,0.0,0.0,0.0,0.0,0,0.0,0.0,0.0,0.0,False,d,Knee injury - 50% chance of playing,,,2.0,2526
284,205533,29,289,Eddie Nketiah,Nketiah,4,0.3,5.4,8,18,Away,2026-03-05T20:00:00Z,3,1,0,0,0,0,0,0,0,0,0,0,0.0,0.0,0.0,0.0,0,0.0,0.0,0.0,0.0,False,i,Hamstring injury - Expected back 11 Apr,,,,2526
285,199670,29,289,Odsonne Édouard,Édouard,4,0.2,5.0,8,18,Away,2026-03-05T20:00:00Z,3,1,0,0,0,0,0,0,0,0,0,0,0.0,0.0,0.0,0.0,0,0.0,0.0,0.0,0.0,False,u,has joined RC Lens permanently.,,,,2526
286,576980,29,289,Zach Marsh,Marsh,4,0.3,4.4,8,18,Away,2026-03-05T20:00:00Z,3,1,0,0,0,0,0,0,0,0,0,0,0.0,0.0,0.0,0.0,0,0.0,0.0,0.0,0.0,False,a,,,,,2526
287,111234,29,284,Jordan Pickford,Pickford,1,13.3,5.6,9,3,Home,2026-03-03T19:30:00Z,2,0,90,0,0,1,0,0,0,0,29,6,0.0,0.0,0.0,0.79,0,1.8,17.6,0.0,0.0,False,a,,,,,2526
288,229600,29,284,Mark Travers,Travers,1,0.1,4.3,9,3,Home,2026-03-03T19:30:00Z,2,0,0,0,0,0,0,0,0,0,0,0,0.0,0.0,0.0,0.0,0,0.0,0.0,0.0,0.0,False,a,,,,,2526
289,447325,29,284,Harry Tyrer,Tyrer,1,0.1,3.9,9,3,Home,2026-03-03T19:30:00Z,2,0,0,0,0,0,0,0,0,0,0,0,0.0,0.0,0.0,0.0,0,0.0,0.0,0.0,0.0,False,u,has joined Cardiff City permanently.,,,,2526
290,480455,29,284,Jarrad Branthwaite,Branthwaite,2,0.4,5.3,9,3,Home,2026-03-03T19:30:00Z,2,0,82,0,0,1,0,0,0,0,28,6,0.06,0.01,0.07,0.08,4,3.4,14.8,2.1,17.0,False,a,,,,,2526
291,17761,29,284,James Tarkowski,Tarkowski,2,11.0,5.7,9,3,Home,2026-03-03T19:30:00Z,2,0,90,1,0,1,0,0,0,3,42,15,0.13,0.01,0.14,0.79,4,6.5,45.2,0.8,19.0,True,a,,,,,2526
292,224967,29,284,Vitalii Mykolenko,Mykolenko,2,0.6,4.9,9,3,Home,2026-03-03T19:30:00Z,2,0,90,0,0,1,0,0,0,0,30,6,0.0,0.04,0.04,0.79,8,2.5,19.0,5.8,0.0,False,a,,,,,2526
293,512462,29,284,Jake O'Brien,O'Brien,2,0.7,4.9,9,3,Home,2026-03-03T19:30:00Z,2,0,90,0,0,1,0,0,0,0,29,6,0.0,0.01,0.01,0.79,4,1.4,11.2,2.4,0.0,False,a,,,,,2526
294,59949,29,284,Séamus Coleman,Coleman,2,0.1,4.2,9,3,Home,2026-03-03T19:30:00Z,2,0,0,0,0,0,0,0,0,0,0,0,0.0,0.0,0.0,0.0,0,0.0,0.0,0.0,0.0,False,d,Knock - 50% chance of playing,,,,2526
295,106611,29,284,Michael Keane,Keane,2,3.4,4.6,9,3,Home,2026-03-03T19:30:00Z,2,0,7,0,0,0,0,0,0,0,8,1,0.0,0.0,0.0,0.71,7,0.9,9.0,0.0,0.0,False,a,,,,,2526
296,243571,29,284,Nathan Patterson,Patterson,2,0.0,4.4,9,3,Home,2026-03-03T19:30:00Z,2,0,0,0,0,0,0,0,0,0,0,0,0.0,0.0,0.0,0.0,0,0.0,0.0,0.0,0.0,False,a,,,,,2526
297,496178,29,284,Roman Dixon,Dixon,2,0.2,3.8,9,3,Home,2026-03-03T19:30:00Z,2,0,0,0,0,0,0,0,0,0,0,0,0.0,0.0,0.0,0.0,0,0.0,0.0,0.0,0.0,False,u,has joined Stockport County on loan for the rest of the season.,,,,2526
298,474907,29,284,Reece Welch,Welch,2,0.1,3.8,9,3,Home,2026-03-03T19:30:00Z,2,0,0,0,0,0,0,0,0,0,0,0,0.0,0.0,0.0,0.0,0,0.0,0.0,0.0,0.0,False,a,,,,,2526
299,440993,29,284,Iliman Ndiaye,Ndiaye,3,4.3,6.2,9,3,Home,2026-03-03T19:30:00Z,2,0,90,0,1,1,0,0,0,0,23,6,0.04,0.42,0.46,0.12,8,5.6,23.2,24.3,8.0,False,a,,,,1.0,2526
300,433154,29,284,Dwight McNeil,McNeil,3,0.2,5.5,9,3,Home,2026-03-03T19:30:00Z,2,0,86,0,0,1,0,0,0,0,15,5,0.11,0.07,0.18,0.08,13,5.6,10.2,17.5,28.0,False,a,,,,,2526
301,502697,29,284,Carlos Alcaraz Durán,Alcaraz,3,0.1,5.2,9,3,Home,2026-03-03T19:30:00Z,2,0,0,0,0,0,0,0,0,0,0,0,0.0,0.0,0.0,0.0,0,0.0,0.0,0.0,0.0,False,i,Knock - Expected back 21 Mar,,,,2526
302,80801,29,284,Idrissa Gana Gueye,Gana,3,0.1,5.4,9,3,Home,2026-03-03T19:30:00Z,2,0,86,0,0,1,0,0,0,0,12,3,0.08,0.07,0.15,0.08,6,1.9,3.8,8.8,6.0,False,a,,,,,2526
303,232928,29,284,James Garner,Garner,3,4.0,5.2,9,3,Home,2026-03-03T19:30:00Z,2,0,90,0,1,1,0,0,0,2,37,10,0.0,0.19,0.19,0.79,13,12.1,48.2,72.4,0.0,False,a,,1.0,3.0,2.0,2526
304,490094,29,284,Tim Iroegbunam,Iroegbunam,3,0.0,4.8,9,3,Home,2026-03-03T19:30:00Z,2,0,3,0,0,0,0,0,0,0,1,1,0.0,0.0,0.0,0.71,1,0.0,0.0,0.3,0.0,False,a,,,,,2526
305,609873,29,284,Harrison Armstrong,Armstrong,3,0.1,4.5,9,3,Home,2026-03-03T19:30:00Z,2,0,0,0,0,0,0,0,0,0,0,0,0.0,0.0,0.0,0.0,0,0.0,0.0,0.0,0.0,False,a,,,,,2526
306,547801,29,284,Callum Bates,Bates,3,0.1,4.3,9,3,Home,2026-03-03T19:30:00Z,2,0,0,0,0,0,0,0,0,0,0,0,0.0,0.0,0.0,0.0,0,0.0,0.0,0.0,0.0,False,a,,,,,2526
307,504296,29,284,Coby Ebere,Ebere,3,0.0,4.4,9,3,Home,2026-03-03T19:30:00Z,2,0,0,0,0,0,0,0,0,0,0,0,0.0,0.0,0.0,0.0,0,0.0,0.0,0.0,0.0,False,a,,,,,2526
308,496279,29,284,Isaac Heath,Heath,3,0.0,4.5,9,3,Home,2026-03-03T19:30:00Z,2,0,0,0,0,0,0,0,0,0,0,0,0.0,0.0,0.0,0.0,0,0.0,0.0,0.0,0.0,False,u,has joined Accrington on loan for the rest of the season.,,,,2526
309,491557,29,284,Jenson Metcalfe,Metcalfe,3,0.0,4.5,9,3,Home,2026-03-03T19:30:00Z,2,0,0,0,0,0,0,0,0,0,0,0,0.0,0.0,0.0,0.0,0,0.0,0.0,0.0,0.0,False,u,Has joined Bradford City permanently.,,,,2526
310,586309,29,284,Thierno Barry,Barry,4,1.0,5.7,9,3,Home,2026-03-03T19:30:00Z,2,0,7,0,0,0,0,0,0,0,4,1,0.0,0.0,0.0,0.71,2,0.8,3.2,0.5,4.0,False,a,,,,,2526
311,486385,29,284,Norberto Bercique Gomes Betuncal,Beto,4,2.5,5.0,9,3,Home,2026-03-03T19:30:00Z,2,0,82,0,0,1,0,0,0,0,11,2,0.28,0.0,0.28,0.08,7,3.8,9.6,10.1,18.0,False,a,,,,3.0,2526
312,491012,29,284,Youssef Ramalho Chermiti,Y.Chermiti,4,0.1,4.9,9,3,Home,2026-03-03T19:30:00Z,2,0,0,0,0,0,0,0,0,0,0,0,0.0,0.0,0.0,0.0,0,0.0,0.0,0.0,0.0,False,u,has joined Rangers permanently.,,,,2526
313,536241,29,284,Martin Sherif,Sherif,4,0.1,4.4,9,3,Home,2026-03-03T19:30:00Z,2,0,0,0,0,0,0,0,0,0,0,0,0.0,0.0,0.0,0.0,0,0.0,0.0,0.0,0.0,False,u,has joined Port Vale on loan for the rest of the season.,,,,2526
314,80201,29,285,Bernd Leno,Leno,1,1.5,4.9,10,19,Home,2026-03-04T19:30:00Z,0,1,90,0,0,0,1,0,0,0,11,3,0.0,0.0,0.0,1.09,0,2.1,21.2,0.0,0.0,False,a,,,,,2526
315,428971,29,285,Steven Benda,Benda,1,0.0,4.0,10,19,Home,2026-03-04T19:30:00Z,0,1,0,0,0,0,0,0,0,0,0,0,0.0,0.0,0.0,0.0,0,0.0,0.0,0.0,0.0,False,u,has joined Feyenoord on loan for the rest of the season.,,,,2526
316,169528,29,285,Antonee Robinson,Robinson,2,0.7,4.9,10,19,Home,2026-03-04T19:30:00Z,0,1,90,0,0,0,1,1,0,0,11,1,0.0,0.16,0.16,1.09,9,6.7,24.4,42.3,0.0,False,a,,,,,2526
317,174874,29,285,Joachim Andersen,Andersen,2,4.8,4.5,10,19,Home,2026-03-04T19:30:00Z,0,1,0,0,0,0,0,0,0,0,0,0,0.0,0.0,0.0,0.0,0,0.0,0.0,0.0,0.0,False,a,,,,,2526
318,232892,29,285,Calvin Bassey,Bassey,2,0.5,4.4,10,19,Home,2026-03-04T19:30:00Z,0,1,90,0,0,0,1,1,0,0,7,1,0.0,0.01,0.01,1.09,4,1.6,12.0,3.8,0.0,False,a,,,,,2526
319,166477,29,285,Timothy Castagne,Castagne,2,0.1,4.3,10,19,Home,2026-03-04T19:30:00Z,0,1,8,0,0,0,0,0,0,0,3,1,0.16,0.0,0.16,0.0,1,2.7,2.6,0.7,24.0,False,a,,,,,2526
320,219924,29,285,Issa Diop,Diop,2,0.1,4.3,10,19,Home,2026-03-04T19:30:00Z,0,1,90,0,0,0,1,0,0,0,10,2,0.0,0.01,0.01,1.09,4,2.4,21.2,0.7,2.0,False,a,,,,,2526
321,246301,29,285,Jorge Cuenca Barreno,J.Cuenca,2,0.1,4.3,10,19,Home,2026-03-04T19:30:00Z,0,1,0,0,0,0,0,0,0,0,0,0,0.0,0.0,0.0,0.0,0,0.0,0.0,0.0,0.0,False,a,,,,,2526
322,167074,29,285,Kenny Tete,Tete,2,0.3,4.5,10,19,Home,2026-03-04T19:30:00Z,0,1,81,0,0,0,1,0,0,0,12,2,0.06,0.04,0.1,1.09,5,3.4,12.0,15.1,7.0,False,a,,,,,2526
323,591385,29,285,Samuel Amissah,Amissah,2,0.1,3.8,10,19,Home,2026-03-04T19:30:00Z,0,1,0,0,0,0,0,0,0,0,0,0,0.0,0.0,0.0,0.0,0,0.0,0.0,0.0,0.0,False,a,,,,,2526
324,153133,29,285,Alex Iwobi,Iwobi,3,2.1,6.4,10,19,Home,2026-03-04T19:30:00Z,0,1,90,0,0,0,1,0,0,0,12,2,0.04,0.07,0.11,1.09,8,6.2,12.0,25.8,24.0,False,a,,2.0,,,2526
325,209289,29,285,Emile Smith Rowe,Smith Rowe,3,0.5,5.6,10,19,Home,2026-03-04T19:30:00Z,0,1,29,0,0,0,1,0,0,0,6,1,0.19,0.01,0.2,0.14,1,4.7,5.8,6.1,35.0,False,a,,,,,2526
326,159533,29,285,Adama Traoré Diarra,Adama,3,0.2,5.1,19,10,Away,2026-03-04T19:30:00Z,1,0,2,0,0,0,0,0,0,0,1,1,0.0,0.0,0.0,0.05,0,0.0,0.0,0.0,0.0,False,a,,,,,2526
327,156689,29,285,Andreas Hoelgebaum Pereira,Andreas,3,0.1,5.3,10,19,Home,2026-03-04T19:30:00Z,0,1,0,0,0,0,0,0,0,0,0,0,0.0,0.0,0.0,0.0,0,0.0,0.0,0.0,0.0,False,u,has joined Palmeiras permanently.,,,,2526
328,184349,29,285,Ryan Sessegnon,Sessegnon,3,0.2,5.4,10,19,Home,2026-03-04T19:30:00Z,0,1,8,0,0,0,0,0,0,0,3,1,0.05,0.01,0.06,0.0,0,1.4,0.2,1.8,12.0,False,a,,,,,2526
329,153682,29,285,Harry Wilson,Wilson,3,23.5,6.0,10,19,Home,2026-03-04T19:30:00Z,0,1,0,0,0,0,0,0,0,0,0,0,0.0,0.0,0.0,0.0,0,0.0,0.0,0.0,0.0,False,d,Ankle injury - 75% chance of playing,1.0,1.0,3.0,2526
330,207189,29,285,Sander Berge,Berge,3,0.1,4.9,10,19,Home,2026-03-04T19:30:00Z,0,1,81,0,0,0,1,0,0,0,12,4,0.0,0.01,0.01,1.09,12,2.2,16.0,2.3,4.0,False,a,,,,,2526
331,76357,29,285,Tom Cairney,Cairney,3,0.0,4.8,10,19,Home,2026-03-04T19:30:00Z,0,1,60,0,0,1,0,0,0,0,12,3,0.0,0.06,0.06,0.95,5,2.2,4.6,17.2,0.0,False,a,,,,,2526
332,212314,29,285,Saša Lukić,Lukić,3,0.1,4.9,10,19,Home,2026-03-04T19:30:00Z,0,1,0,0,0,0,0,0,0,0,0,0,0.0,0.0,0.0,0.0,0,0.0,0.0,0.0,0.0,False,a,,3.0,,,2526
333,573062,29,285,Martial Godo,Godo,3,0.0,4.5,10,19,Home,2026-03-04T19:30:00Z,0,1,0,0,0,0,0,0,0,0,0,0,0.0,0.0,0.0,0.0,0,0.0,0.0,0.0,0.0,False,u,has joined Strasbourg permanently.,,,,2526
334,515024,29,285,Luke Harris,Harris,3,0.0,4.5,10,19,Home,2026-03-04T19:30:00Z,0,1,0,0,0,0,0,0,0,0,0,0,0.0,0.0,0.0,0.0,0,0.0,0.0,0.0,0.0,False,u,Has joined Oxford United on loan for the rest of the season.,,,,2526
335,577725,29,285,Josh King,King,3,1.8,4.4,10,19,Home,2026-03-04T19:30:00Z,0,1,60,0,0,1,0,0,0,0,8,3,0.15,0.01,0.16,0.95,3,4.6,2.8,12.3,31.0,False,a,,,,,2526
336,153366,29,285,Harrison Reed,Reed,3,0.4,4.3,10,19,Home,2026-03-04T19:30:00Z,0,1,0,0,0,0,0,0,0,0,0,0,0.0,0.0,0.0,0.0,0,0.0,0.0,0.0,0.0,False,a,,,,,2526
337,102057,29,285,Raúl Jiménez Rodríguez,Raúl,4,3.0,6.2,10,19,Home,2026-03-04T19:30:00Z,0,1,59,0,0,0,0,0,0,0,7,1,0.16,0.04,0.2,0.95,4,0.8,3.0,1.0,4.0,False,a,,,2.0,1.0,2526
338,244042,29,285,Rodrigo Muniz Carvalho,Muniz,4,0.7,5.3,10,19,Home,2026-03-04T19:30:00Z,0,1,30,0,0,0,1,0,0,0,3,1,0.04,0.01,0.05,0.14,0,1.0,0.0,1.3,11.0,False,a,,,,,2526
339,437495,29,286,Illan Meslier,Meslier,1,0.3,4.1,11,17,Home,2026-03-03T19:30:00Z,0,1,0,0,0,0,0,0,0,0,0,0,0.0,0.0,0.0,0.0,0,0.0,0.0,0.0,0.0,False,a,,,,,2526
340,97846,29,286,Alex Cairns,Cairns,1,0.1,3.9,11,17,Home,2026-03-03T19:30:00Z,0,1,0,0,0,0,0,0,0,0,0,0,0.0,0.0,0.0,0.0,0,0.0,0.0,0.0,0.0,False,a,,,,,2526
341,59735,29,286,Karl Darlow,Darlow,1,2.5,3.9,11,17,Home,2026-03-03T19:30:00Z,0,1,90,0,0,0,1,0,0,0,4,2,0.0,0.0,0.0,0.86,0,0.8,7.6,0.0,0.0,False,a,,,,,2526
342,226182,29,286,Jayden Bogle,Bogle,2,0.3,4.4,11,17,Home,2026-03-03T19:30:00Z,0,1,83,0,0,0,1,0,0,0,1,2,0.22,0.0,0.22,0.86,1,1.8,0.4,1.8,16.0,False,a,,,,,2526
343,222694,29,286,Pascal Struijk,Struijk,2,0.5,4.3,11,17,Home,2026-03-03T19:30:00Z,0,1,90,0,0,0,1,0,0,0,11,2,0.06,0.06,0.12,0.86,2,3.0,11.4,11.7,7.0,False,a,,,,,2526
344,434752,29,286,Jaka Bijol,Bijol,2,0.4,3.9,11,17,Home,2026-03-03T19:30:00Z,0,1,6,0,0,0,0,0,0,0,8,1,0.23,0.07,0.3,0.0,1,6.9,9.8,0.8,58.0,False,a,,,,,2526
345,437738,29,286,Sebastiaan Bornauw,Bornauw,2,0.1,3.8,11,17,Home,2026-03-03T19:30:00Z,0,1,0,0,0,0,0,0,0,0,0,0,0.0,0.0,0.0,0.0,0,0.0,0.0,0.0,0.0,False,a,,,,,2526
346,113564,29,286,Sam Byram,Byram,2,0.2,3.8,11,17,Home,2026-03-03T19:30:00Z,0,1,0,0,0,0,0,0,0,0,0,0,0.0,0.0,0.0,0.0,0,0.0,0.0,0.0,0.0,False,a,,,,,2526
347,243526,29,286,Gabriel Gudmundsson,Gudmundsson,2,3.9,3.8,11,17,Home,2026-03-03T19:30:00Z,0,1,83,0,0,0,1,0,0,0,8,2,0.04,0.01,0.05,0.86,2,0.9,1.4,2.3,5.0,False,a,,,,,2526
348,214225,29,286,Joe Rodon,Rodon,2,3.9,3.9,11,17,Home,2026-03-03T19:30:00Z,0,1,90,0,0,0,1,0,0,0,11,2,0.0,0.01,0.01,0.86,7,2.0,18.2,1.4,0.0,False,a,,,,,2526
349,492368,29,286,Isaac Schmidt,Schmidt,2,0.1,4.0,11,17,Home,2026-03-03T19:30:00Z,0,1,0,0,0,0,0,0,0,0,0,0,0.0,0.0,0.0,0.0,0,0.0,0.0,0.0,0.0,False,u,has joined Werder Bremen on loan for the rest of the season.,,,,2526
350,427637,29,286,Brenden Aaronson,Aaronson,3,0.7,5.4,11,17,Home,2026-03-03T19:30:00Z,0,1,73,0,0,0,1,0,0,0,7,2,0.1,0.01,0.11,0.86,5,1.8,2.2,1.8,14.0,False,a,,,,,2526
351,492859,29,286,Wilfried Gnonto,Gnonto,3,0.1,5.2,11,17,Home,2026-03-03T19:30:00Z,0,1,16,0,0,0,0,1,0,0,-3,0,0.04,0.01,0.05,0.0,3,0.3,0.0,1.2,4.0,False,a,,,,,2526
352,221399,29,286,Jack Harrison,Harrison,3,0.0,5.1,11,17,Home,2026-03-03T19:30:00Z,0,1,0,0,0,0,0,0,0,0,0,0,0.0,0.0,0.0,0.0,0,0.0,0.0,0.0,0.0,False,u,has joined ACF Fiorentina on loan for the rest of the season.,,,,2526
353,200617,29,286,Daniel James,James,3,0.1,5.2,11,17,Home,2026-03-03T19:30:00Z,0,1,16,0,0,0,0,0,0,0,6,1,0.0,0.02,0.02,0.0,2,2.6,6.2,15.6,4.0,False,a,,,,,2526
354,199598,29,286,Ethan Ampadu,Ampadu,3,0.2,4.9,11,17,Home,2026-03-03T19:30:00Z,0,1,90,0,0,0,1,0,0,0,14,2,0.05,0.1,0.15,0.86,10,5.2,19.4,27.2,5.0,False,a,,,,,2526
355,248937,29,286,Sam Greenwood,Greenwood,3,0.0,4.9,11,17,Home,2026-03-03T19:30:00Z,0,1,0,0,0,0,0,0,0,0,0,0,0.0,0.0,0.0,0.0,0,0.0,0.0,0.0,0.0,False,u,has joined Pogon Szczecin permanently.,,,,2526
356,486520,29,286,Ilia Gruev,Gruev,3,0.1,4.7,11,17,Home,2026-03-03T19:30:00Z,0,1,61,0,0,1,0,0,0,0,9,3,0.0,0.01,0.01,0.01,1,1.4,1.8,12.3,0.0,False,a,,4.0,,,2526
357,433952,29,286,Largie Ramazani,Ramazani,3,0.0,4.9,11,17,Home,2026-03-03T19:30:00Z,0,1,0,0,0,0,0,0,0,0,0,0,0.0,0.0,0.0,0.0,0,0.0,0.0,0.0,0.0,False,u,has joined Valencia on loan for the rest of the season.,,,,2526
358,248056,29,286,Tanaka Ao,Tanaka,3,0.2,4.8,11,17,Home,2026-03-03T19:30:00Z,0,1,0,0,0,0,0,0,0,0,0,0,0.0,0.0,0.0,0.0,0,0.0,0.0,0.0,0.0,False,a,,,,,2526
359,536119,29,286,Charlie Crew,Crew,3,0.0,4.5,11,17,Home,2026-03-03T19:30:00Z,0,1,0,0,0,0,0,0,0,0,0,0,0.0,0.0,0.0,0.0,0,0.0,0.0,0.0,0.0,False,u,Has joined Doncaster Rovers on loan for the rest of the season.,,,,2526
360,462635,29,286,Joe Gelhardt,Gelhardt,3,0.0,4.5,11,17,Home,2026-03-03T19:30:00Z,0,1,0,0,0,0,0,0,0,0,0,0,0.0,0.0,0.0,0.0,0,0.0,0.0,0.0,0.0,False,u,Has joined Hull City on loan for the rest of the season.,,,,2526
361,470294,29,286,Darko Gyabi,Gyabi,3,0.0,4.5,11,17,Home,2026-03-03T19:30:00Z,0,1,0,0,0,0,0,0,0,0,0,0,0.0,0.0,0.0,0.0,0,0.0,0.0,0.0,0.0,False,u,has joined Hull City permanently.,,,,2526
362,235826,29,286,Joël Piroe,Piroe,4,0.3,4.9,11,17,Home,2026-03-03T19:30:00Z,0,1,6,0,0,0,0,0,0,0,4,1,0.16,0.05,0.21,0.0,1,2.3,2.4,14.8,6.0,False,a,,,,3.0,2526
363,106617,29,286,Patrick Bamford,Bamford,4,0.3,4.9,11,17,Home,2026-03-03T19:30:00Z,0,1,0,0,0,0,0,0,0,0,0,0,0.0,0.0,0.0,0.0,0,0.0,0.0,0.0,0.0,False,u,has departed the club as a free agent.,,,,2526
364,565297,29,286,Mateo Joseph Fernández-Regatillo,Mateo Joseph,4,0.0,5.0,11,17,Home,2026-03-03T19:30:00Z,0,1,0,0,0,0,0,0,0,0,0,0,0.0,0.0,0.0,0.0,0,0.0,0.0,0.0,0.0,False,u,Has joined RCD Mallorca on loan for the rest of the season.,,,,2526
365,174594,29,286,Lukas Nmecha,Nmecha,4,0.6,5.0,11,17,Home,2026-03-03T19:30:00Z,0,1,28,0,0,0,1,0,0,0,4,1,0.0,0.09,0.09,0.85,1,3.3,3.6,21.0,8.0,False,a,,,,2.0,2526
366,116535,29,290,Alisson Becker,A.Becker,1,6.4,5.4,12,20,Away,2026-03-03T20:15:00Z,1,2,90,0,0,0,2,0,0,0,9,1,0.0,0.0,0.0,0.44,0,1.4,14.4,0.0,0.0,False,a,,,,,2526
367,449027,29,290,Giorgi Mamardashvili,Mamardashvili,1,0.5,4.1,12,20,Away,2026-03-03T20:15:00Z,1,2,0,0,0,0,0,0,0,0,0,0,0.0,0.0,0.0,0.0,0,0.0,0.0,0.0,0.0,False,a,,,,,2526
368,586268,29,290,Ármin Pécsi,Pécsi,1,0.9,3.8,12,20,Away,2026-03-03T20:15:00Z,1,2,0,0,0,0,0,0,0,0,0,0,0.0,0.0,0.0,0.0,0,0.0,0.0,0.0,0.0,False,a,,,,,2526
369,155503,29,290,Freddie Woodman,Woodman,1,0.2,3.9,12,20,Away,2026-03-03T20:15:00Z,1,2,0,0,0,0,0,0,0,0,0,0,0.0,0.0,0.0,0.0,0,0.0,0.0,0.0,0.0,False,a,,,,,2526
370,216094,29,290,Jeremie Frimpong,Frimpong,2,4.8,5.7,12,20,Away,2026-03-03T20:15:00Z,1,2,71,0,0,1,0,0,0,1,26,7,0.04,0.02,0.06,0.0,1,1.6,2.8,4.7,8.0,False,a,,,,,2526
371,544877,29,290,Milos Kerkez,Kerkez,2,3.0,5.6,12,20,Away,2026-03-03T20:15:00Z,1,2,64,0,0,1,0,0,0,0,25,6,0.0,0.01,0.01,0.0,0,2.1,4.0,13.3,4.0,False,a,,,,,2526
372,122798,29,290,Andrew Robertson,Robertson,2,1.0,5.7,12,20,Away,2026-03-03T20:15:00Z,1,2,25,0,0,0,2,0,0,0,-3,0,0.0,0.05,0.05,0.44,1,2.3,7.6,15.4,0.0,False,a,,,,,2526
373,97032,29,290,Virgil van Dijk,Virgil,2,32.4,6.2,12,20,Away,2026-03-03T20:15:00Z,1,2,90,0,0,0,2,0,0,0,6,1,0.43,0.23,0.66,0.44,5,6.5,23.6,15.0,26.0,False,a,,,,,2526
374,204716,29,290,Ibrahima Konaté,Konaté,2,4.3,5.5,12,20,Away,2026-03-03T20:15:00Z,1,2,78,0,0,0,1,0,0,0,15,2,0.0,0.02,0.02,0.31,4,2.1,16.0,4.8,0.0,False,a,,,,,2526
375,492777,29,290,Conor Bradley,Bradley,2,0.1,4.9,12,20,Away,2026-03-03T20:15:00Z,1,2,0,0,0,0,0,0,0,0,0,0,0.0,0.0,0.0,0.0,0,0.0,0.0,0.0,0.0,False,i,Knee injury - Expected back 01 Jun,,,,2526
376,171287,29,290,Joe Gomez,Gomez,2,0.1,4.9,12,20,Away,2026-03-03T20:15:00Z,1,2,18,0,0,0,2,0,0,0,-7,0,0.0,0.0,0.0,0.44,1,0.3,2.2,0.3,0.0,False,a,,,,,2526
377,214285,29,290,Konstantinos Tsimikas,Tsimikas,2,0.0,4.8,12,20,Away,2026-03-03T20:15:00Z,1,2,0,0,0,0,0,0,0,0,0,0,0.0,0.0,0.0,0.0,0,0.0,0.0,0.0,0.0,False,u,has joined AS Roma on loan for the rest of the season.,,,,2526
378,611926,29,290,Amara Nallo,Nallo,2,1.1,3.7,12,20,Away,2026-03-03T20:15:00Z,1,2,0,0,0,0,0,0,0,0,0,0,0.0,0.0,0.0,0.0,0,0.0,0.0,0.0,0.0,False,a,,,,,2526
379,219937,29,290,Rhys Williams,R.Williams,2,0.6,3.7,12,20,Away,2026-03-03T20:15:00Z,1,2,0,0,0,0,0,0,0,0,0,0,0.0,0.0,0.0,0.0,0,0.0,0.0,0.0,0.0,False,a,,,,,2526
380,489580,29,290,Calvin Ramsay,Ramsay,2,0.2,3.8,12,20,Away,2026-03-03T20:15:00Z,1,2,0,0,0,0,0,0,0,0,0,0,0.0,0.0,0.0,0.0,0,0.0,0.0,0.0,0.0,False,a,,,,,2526
381,118748,29,290,Mohamed Salah,M.Salah,3,14.4,14.0,12,20,Away,2026-03-03T20:15:00Z,1,2,90,1,0,0,2,0,0,2,27,9,0.28,0.11,0.39,0.44,9,10.5,40.8,25.1,39.0,False,a,,2.0,4.0,1.0,2526
382,494595,29,290,Florian Wirtz,Wirtz,3,9.1,8.3,12,20,Away,2026-03-03T20:15:00Z,1,2,0,0,0,0,0,0,0,0,0,0,0.0,0.0,0.0,0.0,0,0.0,0.0,0.0,0.0,False,d,Back injury - 75% chance of playing,4.0,5.0,,2526
383,244731,29,290,Luis Díaz Marulanda,Luis Díaz,3,0.0,8.0,12,20,Away,2026-03-03T20:15:00Z,1,2,0,0,0,0,0,0,0,0,0,0,0.0,0.0,0.0,0.0,0,0.0,0.0,0.0,0.0,False,u,Has joined Bayern Munch permanently.,,,,2526
384,243298,29,290,Cody Gakpo,Gakpo,3,6.0,7.3,12,20,Away,2026-03-03T20:15:00Z,1,2,64,0,0,1,0,0,0,0,6,3,0.65,0.05,0.7,0.0,4,4.0,2.6,4.3,33.0,False,a,,3.0,,3.0,2526
385,223541,29,290,Federico Chiesa,Chiesa,3,0.3,6.3,12,20,Away,2026-03-03T20:15:00Z,1,2,11,0,0,0,1,0,0,0,4,1,0.11,0.01,0.12,0.13,0,1.5,1.0,2.5,11.0,False,a,,,,,2526
386,243016,29,290,Alexis Mac Allister,Mac Allister,3,2.1,6.2,12,20,Away,2026-03-03T20:15:00Z,1,2,90,0,0,0,2,0,0,0,11,2,0.08,0.05,0.13,0.44,8,5.1,14.6,26.5,10.0,False,a,,,,4.0,2526
387,424876,29,290,Dominik Szoboszlai,Szoboszlai,3,11.5,6.9,12,20,Away,2026-03-03T20:15:00Z,1,2,90,0,0,0,2,0,0,1,26,5,0.08,0.17,0.25,0.44,15,9.8,26.4,55.8,16.0,False,a,,1.0,2.0,2.0,2526
388,206915,29,290,Curtis Jones,C.Jones,3,0.1,5.4,12,20,Away,2026-03-03T20:15:00Z,1,2,45,0,0,0,2,0,0,0,6,1,0.04,0.02,0.06,0.44,7,3.4,8.2,15.3,10.0,False,a,,,,,2526
389,444884,29,281,Harvey Elliott,Elliott,3,0.2,5.1,2,7,Home,2026-03-04T19:30:00Z,1,4,0,0,0,0,0,0,0,0,0,0,0.0,0.0,0.0,0.0,0,0.0,0.0,0.0,0.0,False,i,Knock - Unknown return date,,,,2526
390,441266,29,290,Ryan Gravenberch,Gravenberch,3,5.3,5.5,12,20,Away,2026-03-03T20:15:00Z,1,2,45,0,0,0,0,1,0,0,-6,0,0.0,0.01,0.01,0.0,1,0.0,0.0,3.6,0.0,False,a,,,,,2526
391,496208,29,282,Ben Gannon-Doak,Gannon-Doak,3,0.0,4.8,4,5,Home,2026-03-03T19:30:00Z,0,0,0,0,0,0,0,0,0,0,0,0,0.0,0.0,0.0,0.0,0,0.0,0.0,0.0,0.0,False,i,Hamstring injury - Unknown return date,,,,2526
392,158983,29,290,Endo Wataru,Endo,3,0.1,4.9,12,20,Away,2026-03-03T20:15:00Z,1,2,0,0,0,0,0,0,0,0,0,0,0.0,0.0,0.0,0.0,0,0.0,0.0,0.0,0.0,False,i,Foot injury - Unknown return date,,,,2526
393,535928,29,290,Stefan Bajčetić Maquieira,Bajcetic,3,0.0,4.2,12,20,Away,2026-03-03T20:15:00Z,1,2,0,0,0,0,0,0,0,0,0,0,0.0,0.0,0.0,0.0,0,0.0,0.0,0.0,0.0,False,i,Hamstring injury - Unknown return date,,,,2526
394,491501,29,290,James McConnell,McConnell,3,0.0,4.4,12,20,Away,2026-03-03T20:15:00Z,1,2,0,0,0,0,0,0,0,0,0,0,0.0,0.0,0.0,0.0,0,0.0,0.0,0.0,0.0,False,u,has joined Ajax on loan for the rest of the season.,,,,2526
395,440148,29,290,Tyler Morton,Morton,3,0.0,4.5,12,20,Away,2026-03-03T20:15:00Z,1,2,0,0,0,0,0,0,0,0,0,0,0.0,0.0,0.0,0.0,0,0.0,0.0,0.0,0.0,False,u,Has joined Lyon permanently.,,,,2526
396,591386,29,290,Trey Nyoni,Nyoni,3,0.3,4.3,12,20,Away,2026-03-03T20:15:00Z,1,2,0,0,0,0,0,0,0,0,0,0,0.0,0.0,0.0,0.0,0,0.0,0.0,0.0,0.0,False,a,,,,,2526
397,447203,29,290,Darwin Núñez Ribeiro,Darwin,4,0.1,6.5,12,20,Away,2026-03-03T20:15:00Z,1,2,0,0,0,0,0,0,0,0,0,0,0.0,0.0,0.0,0.0,0,0.0,0.0,0.0,0.0,False,u,Has joined Al-Hilal permanently.,,,,2526
398,500058,29,290,Jayden Danns,Danns,4,0.1,4.3,12,20,Away,2026-03-03T20:15:00Z,1,2,0,0,0,0,0,0,0,0,0,0,0.0,0.0,0.0,0.0,0,0.0,0.0,0.0,0.0,False,i,Hamstring injury - Unknown return date,,,,2526
399,121160,29,287,Ederson Santana de Moraes,Ederson M.,1,0.8,5.3,13,16,Home,2026-03-04T19:30:00Z,2,2,0,0,0,0,0,0,0,0,0,0,0.0,0.0,0.0,0.0,0,0.0,0.0,0.0,0.0,False,u,has joined Fenerbache permanently.,,,,2526
400,88248,29,287,Stefan Ortega Moreno,Ortega Moreno,1,0.2,4.7,16,13,Away,2026-03-04T19:30:00Z,2,2,0,0,0,0,0,0,0,0,0,0,0.0,0.0,0.0,0.0,0,0.0,0.0,0.0,0.0,False,d,Calf injury - 50% chance of playing,,,,2526
401,122074,29,287,Marcus Bettinelli,Bettinelli,1,0.4,3.8,13,16,Home,2026-03-04T19:30:00Z,2,2,0,0,0,0,0,0,0,0,0,0,0.0,0.0,0.0,0.0,0,0.0,0.0,0.0,0.0,False,a,,,,,2526
402,448514,29,287,Rayan Aït-Nouri,Aït-Nouri,2,4.4,5.7,13,16,Home,2026-03-04T19:30:00Z,2,2,76,0,1,0,2,0,0,0,22,4,0.0,0.26,0.26,0.82,3,6.6,28.6,35.2,2.0,False,a,,,,,2526
403,477424,29,287,Joško Gvardiol,Gvardiol,2,3.3,5.9,13,16,Home,2026-03-04T19:30:00Z,2,2,0,0,0,0,0,0,0,0,0,0,0.0,0.0,0.0,0.0,0,0.0,0.0,0.0,0.0,False,i,Leg injury - Unknown return date,,,,2526
404,211975,29,287,Manuel Akanji,Akanji,2,0.3,5.4,13,16,Home,2026-03-04T19:30:00Z,2,2,0,0,0,0,0,0,0,0,0,0,0.0,0.0,0.0,0.0,0,0.0,0.0,0.0,0.0,False,u,has joined Inter Milan on loan for the rest of the season.,,,,2526
405,126184,29,287,Nathan Aké,Aké,2,0.6,5.2,13,16,Home,2026-03-04T19:30:00Z,2,2,0,0,0,0,0,0,0,0,0,0,0.0,0.0,0.0,0.0,0,0.0,0.0,0.0,0.0,False,a,,,,,2526
406,578153,29,287,Abdukodir Khusanov,Khusanov,2,0.4,5.4,13,16,Home,2026-03-04T19:30:00Z,2,2,13,0,0,0,0,0,0,0,2,1,0.0,0.01,0.01,0.15,0,0.3,1.2,1.4,0.0,False,a,,,,,2526
407,465351,29,287,Matheus Nunes,Matheus N.,2,3.5,5.4,13,16,Home,2026-03-04T19:30:00Z,2,2,90,0,0,0,2,0,0,0,5,1,0.0,0.06,0.06,0.97,2,5.7,13.4,29.6,14.0,False,a,,,,4.0,2526
408,171314,29,287,Rúben dos Santos Gato Alves Dias,Rúben,2,3.4,5.5,13,16,Home,2026-03-04T19:30:00Z,2,2,90,0,0,0,2,0,0,0,7,1,0.0,0.1,0.1,0.97,4,4.1,21.4,19.4,0.0,False,a,,,,,2526
409,97299,29,287,John Stones,Stones,2,0.6,5.4,13,16,Home,2026-03-04T19:30:00Z,2,2,0,0,0,0,0,0,0,0,0,0,0.0,0.0,0.0,0.0,0,0.0,0.0,0.0,0.0,False,a,,,,,2526
410,477064,29,287,Rico Lewis,Lewis,2,1.2,4.6,13,16,Home,2026-03-04T19:30:00Z,2,2,0,0,0,0,0,0,0,0,0,0,0.0,0.0,0.0,0.0,0,0.0,0.0,0.0,0.0,False,a,,,,,2526
411,472769,29,287,Nico O'Reilly,O'Reilly,2,9.4,5.1,13,16,Home,2026-03-04T19:30:00Z,2,2,0,0,0,0,0,0,0,0,0,0,0.0,0.0,0.0,0.0,0,0.0,0.0,0.0,0.0,False,d,Ankle injury - 75% chance of playing,,,,2526
412,616222,29,287,Vitor de Oliveira Nunes dos Reis,Vitor Reis,2,0.0,5.0,13,16,Home,2026-03-04T19:30:00Z,2,2,0,0,0,0,0,0,0,0,0,0,0.0,0.0,0.0,0.0,0,0.0,0.0,0.0,0.0,False,u,Has joined Girona on loan for the rest of the season.,,,,2526
413,438234,29,287,Omar Marmoush,Marmoush,3,2.6,8.3,13,16,Home,2026-03-04T19:30:00Z,2,2,0,0,0,0,0,0,0,0,0,0,0.0,0.0,0.0,0.0,0,0.0,0.0,0.0,0.0,False,a,,,4.0,2.0,2526
414,209244,29,287,Phil Foden,Foden,3,8.6,8.1,13,16,Home,2026-03-04T19:30:00Z,2,2,76,0,0,0,2,0,0,0,20,2,0.05,0.18,0.23,0.82,6,7.2,14.8,40.7,16.0,False,a,,2.0,3.0,,2526
415,510281,29,287,Sávio Moreira de Oliveira,Savinho,3,0.4,6.9,13,16,Home,2026-03-04T19:30:00Z,2,2,8,0,0,0,0,0,0,0,2,1,0.49,0.01,0.5,0.11,0,2.1,6.0,0.8,14.0,False,a,,,,,2526
416,165809,29,287,Bernardo Mota Veiga de Carvalho e Silva,Bernardo,3,0.6,6.2,13,16,Home,2026-03-04T19:30:00Z,2,2,90,0,0,0,2,0,0,0,22,2,0.28,0.35,0.63,0.97,5,13.4,24.4,49.3,60.0,False,a,,1.0,,,2526
417,466052,29,287,Rayan Cherki,Cherki,3,7.6,6.4,13,16,Home,2026-03-04T19:30:00Z,2,2,81,0,1,0,2,0,0,0,28,5,0.31,0.6,0.91,0.86,4,9.9,27.6,59.9,11.0,False,a,,3.0,2.0,,2526
418,248875,29,287,Jérémy Doku,Doku,3,2.3,6.4,13,16,Home,2026-03-04T19:30:00Z,2,2,13,0,0,0,0,0,0,0,7,1,0.04,0.11,0.15,0.15,4,1.4,2.4,10.8,1.0,False,a,,,,3.0,2526
419,114283,29,284,Jack Grealish,Grealish,3,5.9,6.3,9,3,Home,2026-03-03T19:30:00Z,2,0,0,0,0,0,0,0,0,0,0,0,0.0,0.0,0.0,0.0,0,0.0,0.0,0.0,0.0,False,i,Foot injury - Expected back 01 Jun,,,,2526
420,59859,29,287,İlkay Gündoğan,Gündoğan,3,0.1,6.3,13,16,Home,2026-03-04T19:30:00Z,2,2,0,0,0,0,0,0,0,0,0,0,0.0,0.0,0.0,0.0,0,0.0,0.0,0.0,0.0,False,u,has joined Galatasaray permanently.,,,,2526
421,220566,29,287,Rodrigo 'Rodri' Hernandez Cascante,Rodrigo,3,0.5,6.3,13,16,Home,2026-03-04T19:30:00Z,2,2,90,1,0,0,2,0,0,2,34,9,0.37,0.18,0.55,0.97,10,11.9,45.0,31.5,42.0,False,a,,,,,2526
422,91651,29,287,Mateo Kovačić,Kovačić,3,0.0,5.8,13,16,Home,2026-03-04T19:30:00Z,2,2,0,0,0,0,0,0,0,0,0,0,0.0,0.0,0.0,0.0,0,0.0,0.0,0.0,0.0,False,i,Ankle injury - Unknown return date,,,,2526
423,465694,29,287,Nico González Iglesias,N.Gonzalez,3,0.1,5.9,13,16,Home,2026-03-04T19:30:00Z,2,2,0,0,0,0,0,0,0,0,0,0,0.0,0.0,0.0,0.0,0,0.0,0.0,0.0,0.0,False,a,,,,,2526
424,477555,29,285,Oscar Bobb,Bobb,3,0.2,5.1,10,19,Home,2026-03-04T19:30:00Z,0,1,29,0,0,0,1,0,0,0,6,1,0.0,0.13,0.13,0.14,1,2.1,5.8,15.0,0.0,False,a,,,,,2526
425,575204,29,287,Claudio Echeverri,Echeverri,3,0.0,5.4,13,16,Home,2026-03-04T19:30:00Z,2,2,0,0,0,0,0,0,0,0,0,0,0.0,0.0,0.0,0.0,0,0.0,0.0,0.0,0.0,False,u,has joined Girona on loan for the rest of the season.,,,,2526
426,432714,29,287,James McAtee,McAtee,3,0.1,5.0,16,13,Away,2026-03-04T19:30:00Z,2,2,0,0,0,0,0,0,0,0,0,0,0.0,0.0,0.0,0.0,0,0.0,0.0,0.0,0.0,False,a,,,,5.0,2526
427,433036,29,287,Tijjani Reijnders,Reijnders,3,9.6,5.0,13,16,Home,2026-03-04T19:30:00Z,2,2,0,0,0,0,0,0,0,0,0,0,0.0,0.0,0.0,0.0,0,0.0,0.0,0.0,0.0,False,a,,4.0,,,2526
428,566164,29,287,Sverre Nypan,Nypan,3,0.0,5.0,13,16,Home,2026-03-04T19:30:00Z,2,2,0,0,0,0,0,0,0,0,0,0,0.0,0.0,0.0,0.0,0,0.0,0.0,0.0,0.0,False,a,,,,,2526
429,155405,29,287,Kalvin Phillips,Phillips,3,0.1,4.7,13,16,Home,2026-03-04T19:30:00Z,2,2,0,0,0,0,0,0,0,0,0,0,0.0,0.0,0.0,0.0,0,0.0,0.0,0.0,0.0,False,u,has joined Sheffield United on loan for the rest of the season.,,,,2526
430,223094,29,287,Erling Haaland,Haaland,4,61.6,14.6,13,16,Home,2026-03-04T19:30:00Z,2,2,90,0,0,0,2,0,0,0,0,2,0.1,0.03,0.13,0.97,3,2.1,0.0,1.8,19.0,False,a,,,,1.0,2526
431,451302,29,288,Altay Bayındır,Bayindir,1,0.3,4.7,14,15,Away,2026-03-04T20:15:00Z,1,2,0,0,0,0,0,0,0,0,0,0,0.0,0.0,0.0,0.0,0,0.0,0.0,0.0,0.0,False,a,,,,,2526
432,202641,29,288,André Onana,Onana,1,0.1,4.9,14,15,Away,2026-03-04T20:15:00Z,1,2,0,0,0,0,0,0,0,0,0,0,0.0,0.0,0.0,0.0,0,0.0,0.0,0.0,0.0,False,u,has joined Trabzonspor on loan for the rest of the season.,,,,2526
433,588555,29,288,Elyh Harrison,Harrison,1,0.0,4.0,14,15,Away,2026-03-04T20:15:00Z,1,2,0,0,0,0,0,0,0,0,0,0,0.0,0.0,0.0,0.0,0,0.0,0.0,0.0,0.0,False,u,On loan to Shrewsbury Town,,,,2526
434,21205,29,288,Tom Heaton,Heaton,1,0.2,3.9,14,15,Away,2026-03-04T20:15:00Z,1,2,0,0,0,0,0,0,0,0,0,0,0.0,0.0,0.0,0.0,0,0.0,0.0,0.0,0.0,False,a,,,,,2526
435,461537,29,288,Dermot Mee,Mee,1,0.1,3.9,14,15,Away,2026-03-04T20:15:00Z,1,2,0,0,0,0,0,0,0,0,0,0,0.0,0.0,0.0,0.0,0,0.0,0.0,0.0,0.0,False,a,,,,,2526
436,209365,29,288,Matthijs de Ligt,De Ligt,2,1.8,4.9,14,15,Away,2026-03-04T20:15:00Z,1,2,0,0,0,0,0,0,0,0,0,0,0.0,0.0,0.0,0.0,0,0.0,0.0,0.0,0.0,False,i,Back injury - Unknown return date,,,,2526
437,221820,29,288,Lisandro Martínez,Martinez,2,0.6,4.8,14,15,Away,2026-03-04T20:15:00Z,1,2,0,0,0,0,0,0,0,0,0,0,0.0,0.0,0.0,0.0,0,0.0,0.0,0.0,0.0,False,d,Calf injury - 50% chance of playing,,,,2526
438,230001,29,288,Noussair Mazraoui,Mazraoui,2,0.2,4.9,14,15,Away,2026-03-04T20:15:00Z,1,2,84,0,0,0,1,1,0,0,9,1,0.06,0.02,0.08,2.44,5,1.4,6.0,6.1,2.0,False,d,Foot injury - 75% chance of playing,,,,2526
439,661712,29,288,Diego León Blanco,D.Leon,2,0.1,4.2,14,15,Away,2026-03-04T20:15:00Z,1,2,0,0,0,0,0,0,0,0,0,0,0.0,0.0,0.0,0.0,0,0.0,0.0,0.0,0.0,False,a,,,,,2526
440,216051,29,288,Diogo Dalot Teixeira,Dalot,2,5.0,4.6,14,15,Away,2026-03-04T20:15:00Z,1,2,29,0,0,0,1,0,0,0,-1,1,0.0,0.01,0.01,1.15,1,0.6,2.0,1.9,2.0,False,a,,,,,2526
441,596777,29,288,Patrick Dorgu,Dorgu,2,3.3,4.2,14,15,Away,2026-03-04T20:15:00Z,1,2,0,0,0,0,0,0,0,0,0,0,0.0,0.0,0.0,0.0,0,0.0,0.0,0.0,0.0,False,i,Hamstring injury - Unknown return date,,,,2526
442,95658,29,288,Harry Maguire,Maguire,2,1.7,4.4,14,15,Away,2026-03-04T20:15:00Z,1,2,90,0,0,0,2,0,0,0,4,1,0.0,0.01,0.01,2.48,4,1.7,10.0,1.2,6.0,False,a,,,,,2526
443,106760,29,288,Luke Shaw,Shaw,2,0.7,4.5,14,15,Away,2026-03-04T20:15:00Z,1,2,60,0,0,0,1,1,0,0,0,1,0.0,0.01,0.01,1.34,4,0.5,3.0,2.3,0.0,False,a,,,,,2526
444,550864,29,288,Leny Yoro,Yoro,2,1.3,4.1,14,15,Away,2026-03-04T20:15:00Z,1,2,90,0,0,0,2,0,0,0,7,1,0.26,0.13,0.39,2.48,6,3.7,16.4,4.0,17.0,False,a,,,,,2526
445,577974,29,288,Harry Amass,Amass,2,0.1,4.0,14,15,Away,2026-03-04T20:15:00Z,1,2,0,0,0,0,0,0,0,0,0,0,0.0,0.0,0.0,0.0,0,0.0,0.0,0.0,0.0,False,u,has joined Norwich City on loan for the rest of the season.,,,,2526
446,547676,29,288,Tyler Fredricson,Fredricson,2,0.1,3.8,14,15,Away,2026-03-04T20:15:00Z,1,2,0,0,0,0,0,0,0,0,0,0,0.0,0.0,0.0,0.0,0,0.0,0.0,0.0,0.0,False,a,,,,,2526
447,606745,29,288,Ayden Heaven,Heaven,2,2.2,3.7,14,15,Away,2026-03-04T20:15:00Z,1,2,0,0,0,0,0,0,0,0,0,0,0.0,0.0,0.0,0.0,0,0.0,0.0,0.0,0.0,False,a,,,,,2526
448,222690,29,288,Tyrell Malacia,Malacia,2,0.4,3.8,14,15,Away,2026-03-04T20:15:00Z,1,2,5,0,0,0,1,0,0,0,-1,1,0.0,0.0,0.0,0.05,0,0.1,0.6,0.5,0.0,False,a,,,,,2526
449,141746,29,288,Bruno Borges Fernandes,B.Fernandes,3,40.3,10.0,14,15,Away,2026-03-04T20:15:00Z,1,2,90,0,1,0,2,0,0,3,36,8,0.03,1.25,1.28,2.48,10,14.4,35.0,103.7,5.0,False,a,,1.0,1.0,1.0,2526
450,430871,29,288,Matheus Santos Carneiro da Cunha,Cunha,3,7.7,8.0,14,15,Away,2026-03-04T20:15:00Z,1,2,90,0,0,0,2,0,0,0,17,2,0.18,0.06,0.24,2.48,9,6.9,15.0,19.0,35.0,False,a,,,,,2526
451,176297,29,288,Marcus Rashford,Rashford,3,0.0,7.0,14,15,Away,2026-03-04T20:15:00Z,1,2,0,0,0,0,0,0,0,0,0,0,0.0,0.0,0.0,0.0,0,0.0,0.0,0.0,0.0,False,u,Has joined Barcelona on loan for the rest of the season,,,,2526
452,493250,29,288,Amad Diallo,Amad,3,1.5,6.2,14,15,Away,2026-03-04T20:15:00Z,1,2,14,0,0,0,1,0,0,0,3,1,0.0,0.04,0.04,0.64,1,0.3,0.2,0.8,2.0,False,a,,,,,2526
453,493105,29,281,Alejandro Garnacho Ferreyra,Garnacho,3,0.5,6.4,7,2,Away,2026-03-04T19:30:00Z,4,1,90,0,1,0,1,0,0,1,31,6,0.46,0.86,1.32,0.78,6,15.9,42.4,71.9,45.0,False,a,,,,,2526
454,467169,29,288,Antony dos Santos,Antony,3,0.1,5.9,14,15,Away,2026-03-04T20:15:00Z,1,2,0,0,0,0,0,0,0,0,0,0,0.0,0.0,0.0,0.0,0,0.0,0.0,0.0,0.0,False,u,has joined Real Betis permanently.,,,,2526
455,184341,29,288,Mason Mount,Mount,3,0.3,5.9,14,15,Away,2026-03-04T20:15:00Z,1,2,0,0,0,0,0,0,0,0,0,0,0.0,0.0,0.0,0.0,0,0.0,0.0,0.0,0.0,False,d,Knock - 50% chance of playing,,,,2526
456,209243,29,281,Jadon Sancho,Sancho,3,0.2,5.8,2,7,Home,2026-03-04T19:30:00Z,1,4,27,0,0,0,1,0,0,0,6,1,0.0,0.15,0.15,1.34,1,3.9,7.2,27.5,4.0,False,n,Ineligible to face his parent club on 15/3. - Expected back 22 Mar,4.0,,,2526
457,61256,29,288,Carlos Henrique Casimiro,Casemiro,3,2.6,5.6,14,15,Away,2026-03-04T20:15:00Z,1,2,60,1,0,0,1,0,0,1,26,8,0.07,0.01,0.08,1.34,8,6.0,39.6,3.6,17.0,False,a,,,,,2526
458,516895,29,288,Kobbie Mainoo,Mainoo,3,1.3,4.6,14,15,Away,2026-03-04T20:15:00Z,1,2,75,0,0,0,1,0,0,0,15,2,0.03,0.02,0.05,1.85,6,2.0,5.4,5.5,9.0,False,a,,,,,2526
459,232112,29,288,Manuel Ugarte Ribeiro,Ugarte,3,0.1,4.7,14,15,Away,2026-03-04T20:15:00Z,1,2,29,0,0,0,1,0,0,0,2,1,0.19,0.0,0.19,1.15,5,1.3,5.0,1.5,6.0,False,a,,,,,2526
460,490881,29,288,Toby Collyer,Collyer,3,0.0,4.5,14,15,Away,2026-03-04T20:15:00Z,1,2,0,0,0,0,0,0,0,0,0,0,0.0,0.0,0.0,0.0,0,0.0,0.0,0.0,0.0,False,u,has joined Hull City on loan for the rest of the season.,,,,2526
461,556639,29,288,Jayce Fitzgerald,Fitzgerald,3,0.0,4.3,14,15,Away,2026-03-04T20:15:00Z,1,2,0,0,0,0,0,0,0,0,0,0,0.0,0.0,0.0,0.0,0,0.0,0.0,0.0,0.0,False,a,,,,,2526
462,547037,29,288,Jack Fletcher,J.Fletcher,3,0.1,4.3,14,15,Away,2026-03-04T20:15:00Z,1,2,0,0,0,0,0,0,0,0,0,0,0.0,0.0,0.0,0.0,0,0.0,0.0,0.0,0.0,False,a,,,,,2526
463,618873,29,288,Sékou Koné,Kone,3,0.1,4.3,14,15,Away,2026-03-04T20:15:00Z,1,2,0,0,0,0,0,0,0,0,0,0,0.0,0.0,0.0,0.0,0,0.0,0.0,0.0,0.0,False,u,has joined Lausanne-Sport on loan for the rest of the season.,,,,2526
464,559684,29,288,Jack Moorhouse,Moorhouse,3,0.0,4.5,14,15,Away,2026-03-04T20:15:00Z,1,2,0,0,0,0,0,0,0,0,0,0,0.0,0.0,0.0,0.0,0,0.0,0.0,0.0,0.0,False,u,has joined Leyton Orient on loan for the rest of the season.,,,,2526
465,497894,29,288,Rasmus Højlund,Højlund,4,0.3,6.3,14,15,Away,2026-03-04T20:15:00Z,1,2,0,0,0,0,0,0,0,0,0,0,0.0,0.0,0.0,0.0,0,0.0,0.0,0.0,0.0,False,u,has joined Napoli on loan for the rest of the season.,,,,2526
466,458249,29,288,Joshua Zirkzee,Zirkzee,4,0.4,5.8,14,15,Away,2026-03-04T20:15:00Z,1,2,13,0,0,0,1,0,0,0,8,1,0.02,0.02,0.04,0.64,1,4.0,8.6,18.8,13.0,False,a,,,,,2526
467,596047,29,288,Chido Obi,Obi,4,1.5,4.2,14,15,Away,2026-03-04T20:15:00Z,1,2,0,0,0,0,0,0,0,0,0,0,0.0,0.0,0.0,0.0,0,0.0,0.0,0.0,0.0,False,a,,,,,2526
468,575034,29,288,Ethan Wheatley,Wheatley,4,0.1,4.5,14,15,Away,2026-03-04T20:15:00Z,1,2,0,0,0,0,0,0,0,0,0,0,0.0,0.0,0.0,0.0,0,0.0,0.0,0.0,0.0,False,u,has joined Bradford City on loan for the rest of the season.,,,,2526
469,98747,29,288,Nick Pope,Pope,1,4.5,5.1,15,14,Home,2026-03-04T20:15:00Z,2,1,0,0,0,0,0,0,0,0,0,0,0.0,0.0,0.0,0.0,0,0.0,0.0,0.0,0.0,False,a,,,,,2526
470,67089,29,284,Martin Dúbravka,Dúbravka,1,32.2,4.0,3,9,Away,2026-03-03T19:30:00Z,0,2,90,0,0,0,2,0,0,0,9,2,0.0,0.0,0.0,1.3,0,2.3,23.4,0.0,0.0,False,a,,,,,2526
471,81441,29,288,Mark Gillespie,Gillespie,1,0.1,3.9,15,14,Home,2026-03-04T20:15:00Z,2,1,0,0,0,0,0,0,0,0,0,0,0.0,0.0,0.0,0.0,0,0.0,0.0,0.0,0.0,False,a,,,,,2526
472,111452,29,288,Odysseas Vlachodimos,Odysseas,1,0.0,4.0,15,14,Home,2026-03-04T20:15:00Z,2,1,0,0,0,0,0,0,0,0,0,0,0.0,0.0,0.0,0.0,0,0.0,0.0,0.0,0.0,False,u,Has joined Sevilla on loan for the rest of the season.,,,,2526
473,487838,29,288,Lewis Hall,Hall,2,2.4,5.3,15,14,Home,2026-03-04T20:15:00Z,2,1,90,0,0,0,1,0,0,0,10,2,0.06,0.02,0.08,1.48,6,2.1,9.8,5.4,6.0,False,a,,2.0,4.0,,2526
474,119471,29,288,Fabian Schär,Schär,2,1.2,5.2,15,14,Home,2026-03-04T20:15:00Z,2,1,0,0,0,0,0,0,0,0,0,0,0.0,0.0,0.0,0.0,0,0.0,0.0,0.0,0.0,False,i,Ankle injury - Expected back 18 Apr,,1.0,,2526
475,220237,29,288,Sven Botman,Botman,2,0.4,4.9,15,14,Home,2026-03-04T20:15:00Z,2,1,1,0,0,0,0,0,0,0,3,1,0.0,0.0,0.0,0.0,0,0.0,0.0,0.0,0.0,False,a,,,,,2526
476,78916,29,288,Dan Burn,Burn,2,3.3,5.0,15,14,Home,2026-03-04T20:15:00Z,2,1,90,0,0,0,1,0,0,0,12,2,0.0,0.0,0.0,1.48,8,2.6,23.6,0.4,2.0,False,a,,,,,2526
477,441191,29,288,Tino Livramento,Livramento,2,1.8,4.9,15,14,Home,2026-03-04T20:15:00Z,2,1,0,0,0,0,0,0,0,0,0,0,0.0,0.0,0.0,0.0,0,0.0,0.0,0.0,0.0,False,d,Hamstring injury - 50% chance of playing,,,,2526
478,77794,29,288,Kieran Trippier,Trippier,2,1.4,4.9,15,14,Home,2026-03-04T20:15:00Z,2,1,90,0,1,0,1,1,0,0,23,6,0.0,0.06,0.06,1.48,16,6.2,42.8,16.8,2.0,False,a,,4.0,2.0,,2526
479,111773,29,288,Emil Krafth,Krafth,2,0.0,4.3,15,14,Home,2026-03-04T20:15:00Z,2,1,0,0,0,0,0,0,0,0,0,0,0.0,0.0,0.0,0.0,0,0.0,0.0,0.0,0.0,False,i,Knee injury - Unknown return date,,,,2526
480,101148,29,288,Jamaal Lascelles,Lascelles,2,0.0,4.3,15,14,Home,2026-03-04T20:15:00Z,2,1,0,0,0,0,0,0,0,0,0,0,0.0,0.0,0.0,0.0,0,0.0,0.0,0.0,0.0,False,u,has joined Leicester City permanently.,,,,2526
481,545477,29,288,Alex Murphy,A.Murphy,2,0.7,3.8,15,14,Home,2026-03-04T20:15:00Z,2,1,0,0,0,0,0,0,0,0,0,0,0.0,0.0,0.0,0.0,0,0.0,0.0,0.0,0.0,False,a,,,,,2526
482,441024,29,288,Harrison Ashby,Ashby,2,0.1,3.9,15,14,Home,2026-03-04T20:15:00Z,2,1,0,0,0,0,0,0,0,0,0,0,0.0,0.0,0.0,0.0,0,0.0,0.0,0.0,0.0,False,u,has joined Bradford City on loan for the rest of the season.,,,,2526
483,578512,29,288,Miodrag Pivaš,Pivas,2,0.4,3.8,15,14,Home,2026-03-04T20:15:00Z,2,1,0,0,0,0,0,0,0,0,0,0,0.0,0.0,0.0,0.0,0,0.0,0.0,0.0,0.0,False,a,,,,,2526
484,169359,29,288,Matt Targett,Targett,2,0.1,4.0,15,14,Home,2026-03-04T20:15:00Z,2,1,0,0,0,0,0,0,0,0,0,0,0.0,0.0,0.0,0.0,0,0.0,0.0,0.0,0.0,False,u,has joined Middlesbrough on loan for the rest of the season.,,,,2526
485,232826,29,288,Anthony Gordon,Gordon,3,2.8,7.2,15,14,Home,2026-03-04T20:15:00Z,2,1,84,1,0,0,1,0,0,0,24,7,1.32,0.13,1.45,1.19,7,10.1,39.8,24.2,37.0,False,a,,,,1.0,2526
486,449434,29,288,Anthony Elanga,Elanga,3,2.6,6.5,15,14,Home,2026-03-04T20:15:00Z,2,1,83,0,0,0,1,0,0,0,12,2,0.07,0.29,0.36,1.19,5,4.4,6.8,27.2,10.0,False,a,,5.0,,,2526
487,201666,29,288,Harvey Barnes,Barnes,3,1.1,6.1,15,14,Home,2026-03-04T20:15:00Z,2,1,45,0,0,0,1,0,0,0,6,1,0.26,0.01,0.27,0.75,1,4.9,2.4,1.3,45.0,False,a,,,,,2526
488,208706,29,288,Bruno Guimarães Rodriguez Moura,Bruno G.,3,5.1,6.8,15,14,Home,2026-03-04T20:15:00Z,2,1,0,0,0,0,0,0,0,0,0,0,0.0,0.0,0.0,0.0,0,0.0,0.0,0.0,0.0,False,i,Hamstring injury - Expected back 11 Apr,3.0,5.0,2.0,2526
489,114243,29,288,Jacob Murphy,J.Murphy,3,0.6,5.9,15,14,Home,2026-03-04T20:15:00Z,2,1,6,0,0,0,0,0,0,0,3,1,0.0,0.0,0.0,0.3,1,0.1,1.0,0.0,0.0,False,a,,,,,2526
490,180974,29,288,Joelinton Cássio Apolinário de Lira,Joelinton,3,0.3,5.9,15,14,Home,2026-03-04T20:15:00Z,2,1,90,0,0,0,1,1,0,0,8,1,0.12,0.04,0.16,1.48,11,1.9,7.6,4.4,7.0,False,a,,,,,2526
491,432422,29,288,Sandro Tonali,Tonali,3,1.1,5.3,15,14,Home,2026-03-04T20:15:00Z,2,1,90,0,0,0,1,0,0,0,17,2,0.02,0.49,0.51,1.48,9,5.5,12.8,40.7,1.0,False,a,,1.0,1.0,,2526
492,640108,29,288,Antoñito Cordero Campillo,Antoñito C.,3,0.0,4.9,15,14,Home,2026-03-04T20:15:00Z,2,1,0,0,0,0,0,0,0,0,0,0,0.0,0.0,0.0,0.0,0,0.0,0.0,0.0,0.0,False,u,has joined Cadiz on loan for the rest of the season.,,,,2526
493,180135,29,286,Sean Longstaff,Longstaff,3,0.2,4.8,11,17,Home,2026-03-03T19:30:00Z,0,1,0,0,0,0,0,0,0,0,0,0,0.0,0.0,0.0,0.0,0,0.0,0.0,0.0,0.0,False,a,,2.0,2.0,,2526
494,200089,29,288,Joe Willock,Willock,3,0.1,5.0,15,14,Home,2026-03-04T20:15:00Z,2,1,45,0,0,0,0,0,0,0,6,1,0.0,0.0,0.0,0.74,7,0.5,3.2,1.5,0.0,False,a,,,,,2526
495,153127,29,288,Isaac Hayden,Hayden,3,0.0,4.5,15,14,Home,2026-03-04T20:15:00Z,2,1,0,0,0,0,0,0,0,0,0,0,0.0,0.0,0.0,0.0,0,0.0,0.0,0.0,0.0,False,u,Has departed the club as a free agent.,,,,2526
496,564510,29,288,Garang Kuol,Kuol,3,0.0,4.4,15,14,Home,2026-03-04T20:15:00Z,2,1,0,0,0,0,0,0,0,0,0,0,0.0,0.0,0.0,0.0,0,0.0,0.0,0.0,0.0,False,u,has joined Sparta Prague permanently.,,,,2526
497,547719,29,288,Lewis Miley,L.Miley,3,2.2,4.4,15,14,Home,2026-03-04T20:15:00Z,2,1,0,0,0,0,0,0,0,0,0,0,0.0,0.0,0.0,0.0,0,0.0,0.0,0.0,0.0,False,d,Dead leg - 50% chance of playing,,,,2526
498,461484,29,288,Joe White,White,3,0.0,4.5,15,14,Home,2026-03-04T20:15:00Z,2,1,0,0,0,0,0,0,0,0,0,0,0.0,0.0,0.0,0.0,0,0.0,0.0,0.0,0.0,False,u,has joined Bradford City on loan for the rest of the season.,,,,2526
499,219168,29,290,Alexander Isak,Isak,4,3.5,10.3,12,20,Away,2026-03-03T20:15:00Z,1,2,0,0,0,0,0,0,0,0,0,0,0.0,0.0,0.0,0.0,0,0.0,0.0,0.0,0.0,False,i,Ankle injury - Expected back 11 Apr,,,,2526
500,538207,29,288,William Osula,Osula,4,0.2,5.4,15,14,Home,2026-03-04T20:15:00Z,2,1,5,1,0,0,0,0,0,2,34,7,0.05,0.0,0.05,0.3,3,5.2,35.0,0.3,17.0,False,a,,,,,2526
501,599303,29,288,Sean Neave,Neave,4,0.3,4.3,15,14,Home,2026-03-04T20:15:00Z,2,1,0,0,0,0,0,0,0,0,0,0,0.0,0.0,0.0,0.0,0,0.0,0.0,0.0,0.0,False,a,,,,,2526
502,85633,29,287,Matz Sels,Sels,1,4.7,4.6,16,13,Away,2026-03-04T19:30:00Z,2,2,90,0,0,0,2,1,0,0,5,1,0.0,0.0,0.0,2.12,0,2.0,20.2,0.0,0.0,False,a,,,,,2526
503,475123,29,287,Carlos Miguel dos Santos Pereira,C.Miguel,1,0.1,4.0,16,13,Away,2026-03-04T19:30:00Z,2,2,0,0,0,0,0,0,0,0,0,0,0.0,0.0,0.0,0.0,0,0.0,0.0,0.0,0.0,False,u,Has joined Palmeiras permanently.,,,,2526
504,224068,29,287,Matt Turner,Turner,1,0.1,4.0,16,13,Away,2026-03-04T19:30:00Z,2,2,0,0,0,0,0,0,0,0,0,0,0.0,0.0,0.0,0.0,0,0.0,0.0,0.0,0.0,False,u,Has joined Lyon permanently.,,,,2526
505,227444,29,287,Nikola Milenković,Milenković,2,3.1,5.1,16,13,Away,2026-03-04T19:30:00Z,2,2,90,0,0,0,2,1,0,0,2,0,0.0,0.0,0.0,2.12,4,1.6,12.2,0.1,4.0,False,a,,,,,2526
506,575476,29,287,Murillo Costa dos Santos,Murillo,2,1.9,5.2,16,13,Away,2026-03-04T19:30:00Z,2,2,90,0,0,0,2,1,0,0,13,2,0.0,0.0,0.0,2.12,12,3.2,32.0,0.1,0.0,False,a,,,2.0,,2526
507,159506,29,287,Ola Aina,Aina,2,2.3,4.7,16,13,Away,2026-03-04T19:30:00Z,2,2,90,0,0,0,2,0,0,0,8,1,0.0,0.01,0.01,2.12,7,2.2,17.0,4.8,0.0,False,a,,,,,2526
508,215136,29,287,Neco Williams,N.Williams,2,2.8,4.7,16,13,Away,2026-03-04T19:30:00Z,2,2,89,0,0,0,2,0,0,0,3,1,0.0,0.01,0.01,1.34,7,2.6,15.2,11.0,0.0,False,a,,,,,2526
509,451432,29,287,David Mota Veiga Teixeira do Carmo,David Carmo,2,0.0,4.5,16,13,Away,2026-03-04T19:30:00Z,2,2,0,0,0,0,0,0,0,0,0,0,0.0,0.0,0.0,0.0,0,0.0,0.0,0.0,0.0,False,u,has joined Real Oviedo on loan for the rest of the season.,,,,2526
510,575458,29,287,Jair Paula da Cunha Filho,Jair Cunha,2,0.1,4.2,16,13,Away,2026-03-04T19:30:00Z,2,2,90,0,0,0,2,0,0,0,5,1,0.0,0.0,0.0,2.12,6,1.4,14.2,0.1,0.0,False,a,,,,,2526
511,485047,29,287,Felipe Rodrigues da Silva,Morato,2,0.1,4.3,16,13,Away,2026-03-04T19:30:00Z,2,2,1,0,0,0,0,0,0,0,14,1,0.0,0.0,0.0,0.79,4,0.9,9.0,0.0,0.0,False,a,,,,,2526
512,204822,29,287,Omar Richards,O.Richards,2,0.0,4.5,16,13,Away,2026-03-04T19:30:00Z,2,2,0,0,0,0,0,0,0,0,0,0,0.0,0.0,0.0,0.0,0,0.0,0.0,0.0,0.0,False,u,has joined Rio Ave on loan for the rest of the season.,,,,2526
513,549067,29,287,Zach Abbott,Abbott,2,0.3,3.8,16,13,Away,2026-03-04T19:30:00Z,2,2,0,0,0,0,0,0,0,0,0,0,0.0,0.0,0.0,0.0,0,0.0,0.0,0.0,0.0,False,a,,,,,2526
514,90585,29,287,Willy Boly,Boly,2,0.4,3.8,16,13,Away,2026-03-04T19:30:00Z,2,2,0,0,0,0,0,0,0,0,0,0,0.0,0.0,0.0,0.0,0,0.0,0.0,0.0,0.0,False,i,Knee injury - Unknown return date,,,,2526
515,222531,29,287,Morgan Gibbs-White,Gibbs-White,3,3.7,7.3,16,13,Away,2026-03-04T19:30:00Z,2,2,89,1,0,0,2,0,0,1,31,8,0.71,0.02,0.73,1.34,6,11.2,41.6,15.3,55.0,False,a,,,3.0,2.0,2526
516,209046,29,287,Callum Hudson-Odoi,Hudson-Odoi,3,0.7,5.7,16,13,Away,2026-03-04T19:30:00Z,2,2,27,0,1,0,0,0,0,0,13,4,0.0,0.01,0.01,1.07,3,3.1,19.4,11.3,0.0,False,a,,,,,2526
517,215379,29,287,Elliot Anderson,Anderson,3,6.7,5.4,16,13,Away,2026-03-04T19:30:00Z,2,2,90,1,0,0,2,0,0,3,46,12,0.1,0.08,0.18,2.12,15,9.2,56.8,18.3,17.0,True,a,,1.0,1.0,4.0,2526
518,510500,29,287,João Pedro Ferreira da Silva,Jota,3,0.0,5.4,16,13,Away,2026-03-04T19:30:00Z,2,2,0,0,0,0,0,0,0,0,0,0,0.0,0.0,0.0,0.0,0,0.0,0.0,0.0,0.0,False,u,has joined Besiktas on loan for the rest of the season.,,,,2526
519,250199,29,287,Nicolás Domínguez,Dominguez,3,0.0,5.0,16,13,Away,2026-03-04T19:30:00Z,2,2,63,0,0,0,2,0,0,0,17,2,0.0,0.05,0.05,1.05,11,2.4,10.0,12.3,2.0,False,a,,,,,2526
520,243345,29,287,Lewis O'Brien,O'Brien,3,0.0,5.0,16,13,Away,2026-03-04T19:30:00Z,2,2,0,0,0,0,0,0,0,0,0,0,0.0,0.0,0.0,0.0,0,0.0,0.0,0.0,0.0,False,u,Has joined Wrexham permanently.,,,,2526
521,210462,29,287,Ibrahim Sangaré,Sangaré,3,0.1,4.9,16,13,Away,2026-03-04T19:30:00Z,2,2,90,0,0,0,2,1,0,0,4,1,0.0,0.0,0.0,2.12,10,2.7,14.0,12.6,0.0,False,a,,,,,2526
522,204968,29,287,Ryan Yates,Yates,3,0.1,4.7,16,13,Away,2026-03-04T19:30:00Z,2,2,1,0,0,0,0,0,0,0,-2,1,0.11,0.0,0.11,0.79,0,0.2,0.0,0.1,4.0,False,a,,,,,2526
523,569014,29,287,Eric da Silva Moreira,Da Silva Moreira,3,0.1,4.5,16,13,Away,2026-03-04T19:30:00Z,2,2,0,0,0,0,0,0,0,0,0,0,0.0,0.0,0.0,0.0,0,0.0,0.0,0.0,0.0,False,a,,,,,2526
524,495161,29,287,Marko Stamenić,Stamenic,3,0.0,4.5,16,13,Away,2026-03-04T19:30:00Z,2,2,0,0,0,0,0,0,0,0,0,0,0.0,0.0,0.0,0.0,0,0.0,0.0,0.0,0.0,False,u,Has joined Swansea City permanently.,,,,2526
525,60689,29,287,Chris Wood,Wood,4,4.6,7.2,16,13,Away,2026-03-04T19:30:00Z,2,2,0,0,0,0,0,0,0,0,0,0,0.0,0.0,0.0,0.0,0,0.0,0.0,0.0,0.0,False,i,Knee injury - Unknown return date,,,1.0,2526
526,482973,29,287,Igor Jesus Maciel da Cruz,Igor Jesus,4,1.1,5.8,16,13,Away,2026-03-04T19:30:00Z,2,2,78,0,1,0,2,0,0,0,21,5,0.05,0.16,0.21,1.05,1,5.7,21.2,12.3,23.0,False,a,,,,3.0,2526
527,210156,29,287,Taiwo Awoniyi,Awoniyi,4,0.3,5.2,16,13,Away,2026-03-04T19:30:00Z,2,2,11,0,0,0,0,0,0,0,3,1,0.0,0.0,0.0,1.07,0,0.0,0.0,0.0,0.0,False,a,,,,,2526
528,232571,29,286,Anthony Patterson,Patterson,1,0.2,4.2,17,11,Away,2026-03-03T19:30:00Z,1,0,0,0,0,0,0,0,0,0,0,0,0.0,0.0,0.0,0.0,0,0.0,0.0,0.0,0.0,False,u,has joined Millwall on loan for the rest of the season.,,,,2526
529,74854,29,286,Simon Moore,Moore,1,0.4,3.9,17,11,Away,2026-03-03T19:30:00Z,1,0,0,0,0,0,0,0,0,0,0,0,0.0,0.0,0.0,0.0,0,0.0,0.0,0.0,0.0,False,a,,,,,2526
530,490000,29,286,Blondy Nna Noukeu,Nna Noukeu,1,0.1,3.9,17,11,Away,2026-03-03T19:30:00Z,1,0,0,0,0,0,0,0,0,0,0,0,0.0,0.0,0.0,0.0,0,0.0,0.0,0.0,0.0,False,u,has joined US Boulogne CO permanently.,,,,2526
531,223827,29,286,Daniel Ballard,Ballard,2,3.6,4.6,17,11,Away,2026-03-03T19:30:00Z,1,0,90,0,0,1,0,0,0,1,25,9,0.01,0.0,0.01,1.15,16,4.3,35.8,0.3,7.0,False,a,,,,,2526
532,487676,29,286,Trai Hume,Hume,2,0.3,4.5,17,11,Away,2026-03-03T19:30:00Z,1,0,90,0,0,1,0,0,0,2,30,8,0.0,0.03,0.03,1.15,9,1.7,16.0,1.2,0.0,False,a,,2.0,,,2526
533,220684,29,286,Aji Alese,Alese,2,0.0,4.0,17,11,Away,2026-03-03T19:30:00Z,1,0,0,0,0,0,0,0,0,0,0,0,0.0,0.0,0.0,0.0,0,0.0,0.0,0.0,0.0,False,u,has joined Portsmouth on loan for the rest of the season.,,,,2526
534,232820,29,286,Joe Anderson,Anderson,2,0.3,3.8,17,11,Away,2026-03-03T19:30:00Z,1,0,0,0,0,0,0,0,0,0,0,0,0.0,0.0,0.0,0.0,0,0.0,0.0,0.0,0.0,False,u,has joined Barrow FC permanently.,,,,2526
535,461195,29,286,Dennis Cirkin,Cirkin,2,0.0,4.0,17,11,Away,2026-03-03T19:30:00Z,1,0,0,0,0,0,0,0,0,0,0,0,0.0,0.0,0.0,0.0,0,0.0,0.0,0.0,0.0,False,i,Hamstring injury - Expected back 21 Mar,,,,2526
536,477547,29,286,Leo Fuhr Hjelde,Hjelde,2,0.0,4.0,17,11,Away,2026-03-03T19:30:00Z,1,0,0,0,0,0,0,0,0,0,0,0,0.0,0.0,0.0,0.0,0,0.0,0.0,0.0,0.0,False,u,has joined Sheffield United on loan for the rest of the season.,,,,2526
537,492066,29,286,Niall Huggins,Huggins,2,0.1,4.0,17,11,Away,2026-03-03T19:30:00Z,1,0,0,0,0,0,0,0,0,0,0,0,0.0,0.0,0.0,0.0,0,0.0,0.0,0.0,0.0,False,u,has joined Wycombe Wanderers on loan for the rest of the season.,,,,2526
538,514613,29,286,Zak Johnson,Johnson,2,0.2,3.8,17,11,Away,2026-03-03T19:30:00Z,1,0,0,0,0,0,0,0,0,0,0,0,0.0,0.0,0.0,0.0,0,0.0,0.0,0.0,0.0,False,u,has joined York City on loan for the rest of the season.,,,,2526
539,167512,29,286,Luke O'Nien,O'Nien,2,0.1,4.0,17,11,Away,2026-03-03T19:30:00Z,1,0,90,0,0,1,0,1,0,0,20,5,0.0,0.02,0.02,1.15,4,0.8,4.4,1.1,2.0,False,a,,,,,2526
540,465702,29,286,Timothée Pembélé,Pembele,2,0.3,3.9,17,11,Away,2026-03-03T19:30:00Z,1,0,0,0,0,0,0,0,0,0,0,0,0.0,0.0,0.0,0.0,0,0.0,0.0,0.0,0.0,False,u,has joined Le Havre AC on loan for the rest of the season.,,,,2526
541,434399,29,286,Reinildo Mandava,Reinildo,2,2.9,3.8,17,11,Away,2026-03-03T19:30:00Z,1,0,0,0,0,0,0,0,0,0,0,0,0.0,0.0,0.0,0.0,0,0.0,0.0,0.0,0.0,False,d,Knee injury - 50% chance of playing,,,,2526
542,519634,29,286,Jenson Seelt,Seelt,2,0.1,4.0,17,11,Away,2026-03-03T19:30:00Z,1,0,0,0,0,0,0,0,0,0,0,0,0.0,0.0,0.0,0.0,0,0.0,0.0,0.0,0.0,False,u,has joined Wolfsburg on loan for the rest of the season.,,,,2526
543,535818,29,286,Simon Adingra,Adingra,3,0.4,4.9,17,11,Away,2026-03-03T19:30:00Z,1,0,0,0,0,0,0,0,0,0,0,0,0.0,0.0,0.0,0.0,0,0.0,0.0,0.0,0.0,False,u,has joined AS Monaco on loan for the rest of the season.,,,,2526
544,547027,29,286,Habib Diarra,Diarra,3,0.1,5.3,17,11,Away,2026-03-03T19:30:00Z,1,0,90,1,0,1,0,1,0,0,23,7,0.79,0.0,0.79,1.15,6,5.4,35.2,1.7,17.0,False,a,,,,1.0,2526
545,124165,29,286,Patrick Roberts,Roberts,3,0.0,5.4,17,11,Away,2026-03-03T19:30:00Z,1,0,0,0,0,0,0,0,0,0,0,0,0.0,0.0,0.0,0.0,0,0.0,0.0,0.0,0.0,False,u,has joined Birmingham City permanently.,,,,2526
546,626844,29,286,Milan Aleksić,Aleksić,3,0.0,4.9,17,11,Away,2026-03-03T19:30:00Z,1,0,0,0,0,0,0,0,0,0,0,0,0.0,0.0,0.0,0.0,0,0.0,0.0,0.0,0.0,False,a,,,,,2526
547,484420,29,286,Enzo Le Fée,E.Le Fée,3,1.4,5.0,17,11,Away,2026-03-03T19:30:00Z,1,0,90,0,0,1,0,0,0,0,13,5,0.0,0.03,0.03,1.15,13,3.2,16.8,15.4,0.0,False,a,,3.0,2.0,2.0,2526
548,461199,29,286,Romaine Mundle,Mundle,3,0.0,4.9,17,11,Away,2026-03-03T19:30:00Z,1,0,0,0,0,0,0,0,0,0,0,0,0.0,0.0,0.0,0.0,0,0.0,0.0,0.0,0.0,False,i,Hamstring injury - Expected back 22 Mar,,,,2526
549,223336,29,286,Dan Neil,Neil,3,0.0,4.8,17,11,Away,2026-03-03T19:30:00Z,1,0,0,0,0,0,0,0,0,0,0,0,0.0,0.0,0.0,0.0,0,0.0,0.0,0.0,0.0,False,u,has joined Ipswich Town on loan for the rest of the season.,,,,2526
550,215460,29,286,Ian Poveda-Ocampo,Poveda,3,0.0,4.8,17,11,Away,2026-03-03T19:30:00Z,1,0,0,0,0,0,0,0,0,0,0,0,0.0,0.0,0.0,0.0,0,0.0,0.0,0.0,0.0,False,a,,,,,2526
551,554197,29,286,Chris Rigg,Rigg,3,0.0,4.7,17,11,Away,2026-03-03T19:30:00Z,1,0,1,0,0,0,0,0,0,0,3,1,0.0,0.0,0.0,0.29,1,0.0,0.0,0.0,0.0,False,a,,,,,2526
552,577669,29,286,Noah Sadiki,Sadiki,3,0.1,4.9,17,11,Away,2026-03-03T19:30:00Z,1,0,90,0,0,1,0,0,0,0,5,3,0.0,0.01,0.01,1.15,8,1.1,8.6,2.0,0.0,False,a,,,,,2526
553,549912,29,286,Chemsdine Talbi,Talbi,3,0.2,4.9,17,11,Away,2026-03-03T19:30:00Z,1,0,0,0,0,0,0,0,0,0,0,0,0.0,0.0,0.0,0.0,0,0.0,0.0,0.0,0.0,False,a,,,,,2526
554,477851,29,286,Abdoullah Ba,Ba,3,0.3,4.3,17,11,Away,2026-03-03T19:30:00Z,1,0,0,0,0,0,0,0,0,0,0,0,0.0,0.0,0.0,0.0,0,0.0,0.0,0.0,0.0,False,a,,,,,2526
555,171422,29,286,Alan Browne,Browne,3,0.0,4.5,17,11,Away,2026-03-03T19:30:00Z,1,0,0,0,0,0,0,0,0,0,0,0,0.0,0.0,0.0,0.0,0,0.0,0.0,0.0,0.0,False,u,has joined Middlesbrough on loan for the rest of the season.,,,,2526
556,458297,29,286,Pierre Ekwah Elimby,Ekwah,3,0.0,4.5,17,11,Away,2026-03-03T19:30:00Z,1,0,0,0,0,0,0,0,0,0,0,0,0.0,0.0,0.0,0.0,0,0.0,0.0,0.0,0.0,False,u,Has joined AS Saint-Etienne permanently.,,,,2526
557,547410,29,286,Harrison Jones,H.Jones,3,0.1,4.3,17,11,Away,2026-03-03T19:30:00Z,1,0,0,0,0,0,0,0,0,0,0,0,0.0,0.0,0.0,0.0,0,0.0,0.0,0.0,0.0,False,a,,,,,2526
558,493837,29,286,Jay Matete,Matete,3,0.2,4.3,17,11,Away,2026-03-03T19:30:00Z,1,0,0,0,0,0,0,0,0,0,0,0,0.0,0.0,0.0,0.0,0,0.0,0.0,0.0,0.0,False,u,has joined MK Dons permanently.,,,,2526
559,500696,29,286,Nectarios Triantis,Triantis,3,0.0,4.4,17,11,Away,2026-03-03T19:30:00Z,1,0,0,0,0,0,0,0,0,0,0,0,0.0,0.0,0.0,0.0,0,0.0,0.0,0.0,0.0,False,u,has joined Minnesota United permanently.,,,,2526
560,437505,29,286,Wilson Isidor,Isidor,4,1.4,5.1,17,11,Away,2026-03-03T19:30:00Z,1,0,34,0,1,0,0,0,0,0,10,4,0.06,0.0,0.06,0.73,1,0.8,2.2,0.3,5.0,False,a,,,,,2526
561,564406,29,286,Eliezer Mayenda Dossou,Mayenda,4,0.5,5.2,17,11,Away,2026-03-03T19:30:00Z,1,0,55,0,0,0,0,0,0,0,-3,1,0.0,0.0,0.0,0.42,1,0.0,0.0,0.1,0.0,False,a,,,,,2526
562,611975,29,286,Ahmed Abdullahi,Abdullahi,4,0.5,4.2,17,11,Away,2026-03-03T19:30:00Z,1,0,0,0,0,0,0,0,0,0,0,0,0.0,0.0,0.0,0.0,0,0.0,0.0,0.0,0.0,False,a,,,,,2526
563,551153,29,286,Luís Hemir Silva Semedo,Luís Hemir,4,0.1,4.4,17,11,Away,2026-03-03T19:30:00Z,1,0,0,0,0,0,0,0,0,0,0,0,0.0,0.0,0.0,0.0,0,0.0,0.0,0.0,0.0,False,u,has joined Moreirense on loan for the rest of the season.,,,,2526
564,440955,29,286,Nazarii Rusyn,Rusyn,4,0.1,4.4,17,11,Away,2026-03-03T19:30:00Z,1,0,0,0,0,0,0,0,0,0,0,0,0.0,0.0,0.0,0.0,0,0.0,0.0,0.0,0.0,False,u,has joined Arka on loan for the rest of the season.,,,,2526
565,184254,29,289,Guglielmo Vicario,Vicario,1,5.6,4.7,18,8,Home,2026-03-05T20:00:00Z,1,3,90,0,0,0,3,0,0,0,-2,1,0.0,0.0,0.0,1.78,0,1.3,12.8,0.0,0.0,False,a,,,,,2526
566,214572,29,289,Brandon Austin,Austin,1,0.3,3.9,18,8,Home,2026-03-05T20:00:00Z,1,3,0,0,0,0,0,0,0,0,0,0,0.0,0.0,0.0,0.0,0,0.0,0.0,0.0,0.0,False,a,,,,,2526
567,485055,29,289,Antonín Kinský,Kinsky,1,1.6,3.9,18,8,Home,2026-03-05T20:00:00Z,1,3,0,0,0,0,0,0,0,0,0,0,0.0,0.0,0.0,0.0,0,0.0,0.0,0.0,0.0,False,a,,,,,2526
568,441164,29,289,Pedro Porro Sauceda,Pedro Porro,2,9.2,5.1,18,8,Home,2026-03-05T20:00:00Z,1,3,73,0,0,0,3,0,0,0,0,1,0.0,0.01,0.01,1.49,5,2.4,11.4,12.4,0.0,False,a,,2.0,2.0,,2526
569,221632,29,289,Cristian Romero,Romero,2,3.1,5.0,18,8,Home,2026-03-05T20:00:00Z,1,3,0,0,0,0,0,0,0,0,0,0,0.0,0.0,0.0,0.0,0,0.0,0.0,0.0,0.0,False,a,,,,,2526
570,135720,29,289,Kevin Danso,Danso,2,0.1,4.2,18,8,Home,2026-03-05T20:00:00Z,1,3,90,0,0,0,3,0,0,0,4,3,0.16,0.01,0.17,1.78,11,5.2,26.0,1.2,25.0,False,a,,,,,2526
571,115556,29,289,Ben Davies,Davies,2,0.1,4.3,18,8,Home,2026-03-05T20:00:00Z,1,3,0,0,0,0,0,0,0,0,0,0,0.0,0.0,0.0,0.0,0,0.0,0.0,0.0,0.0,False,i,Ankle injury - Unknown return date,,,,2526
572,493125,29,289,Radu Drăgușin,Dragusin,2,0.0,4.5,18,8,Home,2026-03-05T20:00:00Z,1,3,0,0,0,0,0,0,0,0,0,0,0.0,0.0,0.0,0.0,0,0.0,0.0,0.0,0.0,False,a,,,,,2526
573,232859,29,289,Djed Spence,Spence,2,0.9,4.2,18,8,Home,2026-03-05T20:00:00Z,1,3,0,0,0,0,0,0,0,0,0,0,0.0,0.0,0.0,0.0,0,0.0,0.0,0.0,0.0,False,d,Calf injury - 75% chance of playing,,,,2526
574,487053,29,289,Destiny Udogie,Udogie,2,0.3,4.3,18,8,Home,2026-03-05T20:00:00Z,1,3,0,0,0,0,0,0,0,0,0,0,0.0,0.0,0.0,0.0,0,0.0,0.0,0.0,0.0,False,d,Hamstring injury - 50% chance of playing,,,,2526
575,491279,29,289,Micky van de Ven,Van de Ven,2,21.5,4.4,18,8,Home,2026-03-05T20:00:00Z,1,3,37,0,0,0,3,0,1,0,-18,-3,0.0,0.0,0.0,0.11,4,0.0,0.0,0.6,0.0,False,s,Suspended until 22 Mar,,,,2526
576,548308,29,289,Ashley Phillips,Phillips,2,0.0,4.0,18,8,Home,2026-03-05T20:00:00Z,1,3,0,0,0,0,0,0,0,0,0,0,0.0,0.0,0.0,0.0,0,0.0,0.0,0.0,0.0,False,u,Has joined Stoke City on loan for the rest of the season.,,,,2526
577,553299,29,289,Takai Kōta,Takai,2,0.0,4.0,18,8,Home,2026-03-05T20:00:00Z,1,3,0,0,0,0,0,0,0,0,0,0,0.0,0.0,0.0,0.0,0,0.0,0.0,0.0,0.0,False,u,has joined Borussia Mönchengladbach on loan for the rest of the season.,,,,2526
578,610799,29,289,Luka Vušković,Vuskovic,2,0.3,3.9,18,8,Home,2026-03-05T20:00:00Z,1,3,0,0,0,0,0,0,0,0,0,0,0.0,0.0,0.0,0.0,0,0.0,0.0,0.0,0.0,False,u,has joined Hamburger SV on loan for the rest of the season.,,,,2526
579,85971,29,289,Son Heung-min,Son,3,0.1,8.5,18,8,Home,2026-03-05T20:00:00Z,1,3,0,0,0,0,0,0,0,0,0,0,0.0,0.0,0.0,0.0,0,0.0,0.0,0.0,0.0,False,u,has joined Los Angeles FC permanently.,,,,2526
580,242898,29,289,Brennan Johnson,Johnson,3,2.4,6.5,8,18,Away,2026-03-05T20:00:00Z,3,1,23,0,0,0,0,0,0,0,3,1,0.0,0.0,0.0,0.3,0,0.0,0.2,0.0,0.0,False,a,,4.0,,,2526
581,172780,29,289,James Maddison,Maddison,3,0.1,6.8,18,8,Home,2026-03-05T20:00:00Z,1,3,0,0,0,0,0,0,0,0,0,0,0.0,0.0,0.0,0.0,0,0.0,0.0,0.0,0.0,False,i,Anterior cruciate ligament - Unknown return date,,,,2526
582,460842,29,289,Mohammed Kudus,Kudus,3,9.4,6.4,18,8,Home,2026-03-05T20:00:00Z,1,3,0,0,0,0,0,0,0,0,0,0,0.0,0.0,0.0,0.0,0,0.0,0.0,0.0,0.0,False,i,Thigh injury - Expected back 11 Apr,3.0,4.0,3.0,2526
583,445044,29,289,Dejan Kulusevski,Kulusevski,3,0.0,6.4,18,8,Home,2026-03-05T20:00:00Z,1,3,0,0,0,0,0,0,0,0,0,0,0.0,0.0,0.0,0.0,0,0.0,0.0,0.0,0.0,False,i,Knee injury - Unknown return date,,,,2526
584,511499,29,289,Mathys Tel,Tel,3,0.1,6.2,18,8,Home,2026-03-05T20:00:00Z,1,3,90,0,0,0,3,0,0,0,7,2,0.21,0.17,0.38,1.78,1,9.6,9.8,53.5,33.0,False,a,,4.0,,,2526
585,202993,29,289,Rodrigo Bentancur,Bentancur,3,0.2,5.2,18,8,Home,2026-03-05T20:00:00Z,1,3,0,0,0,0,0,0,0,0,0,0,0.0,0.0,0.0,0.0,0,0.0,0.0,0.0,0.0,False,i,Hamstring injury - Unknown return date,,,,2526
586,570526,29,289,Lucas Bergvall,Bergvall,3,0.2,5.2,18,8,Home,2026-03-05T20:00:00Z,1,3,0,0,0,0,0,0,0,0,0,0,0.0,0.0,0.0,0.0,0,0.0,0.0,0.0,0.0,False,i,Ankle injury - Unknown return date,,,,2526
587,227127,29,289,Yves Bissouma,Bissouma,3,0.0,5.2,18,8,Home,2026-03-05T20:00:00Z,1,3,47,0,0,0,2,1,0,0,5,0,0.0,0.0,0.0,0.88,6,1.1,9.6,1.0,0.0,False,a,,,,,2526
588,550839,29,289,Wilson Odobert,Odobert,3,0.0,5.3,18,8,Home,2026-03-05T20:00:00Z,1,3,0,0,0,0,0,0,0,0,0,0,0.0,0.0,0.0,0.0,0,0.0,0.0,0.0,0.0,False,i,Knee injury - Unknown return date,,,,2526
589,235674,29,289,Manor Solomon,Solomon,3,0.0,5.4,18,8,Home,2026-03-05T20:00:00Z,1,3,0,0,0,0,0,0,0,0,0,0,0.0,0.0,0.0,0.0,0,0.0,0.0,0.0,0.0,False,u,has joined Fiorentina on loan for the rest of the season.,,,,2526
590,436234,29,289,Bryan Gil Salvatierra,Bryan,3,0.0,4.9,18,8,Home,2026-03-05T20:00:00Z,1,3,0,0,0,0,0,0,0,0,0,0,0.0,0.0,0.0,0.0,0,0.0,0.0,0.0,0.0,False,u,has joined Girona permanently.,,,,2526
591,547701,29,289,Archie Gray,Gray,3,0.1,4.8,18,8,Home,2026-03-05T20:00:00Z,1,3,90,0,1,0,3,0,0,0,23,5,0.05,0.56,0.61,1.78,8,5.7,32.4,15.6,9.0,False,a,,,,,2526
592,499721,29,289,Mikey Moore,Moore,3,0.0,5.0,18,8,Home,2026-03-05T20:00:00Z,1,3,0,0,0,0,0,0,0,0,0,0,0.0,0.0,0.0,0.0,0,0.0,0.0,0.0,0.0,False,u,Has joined Rangers on loan for the rest of the season.,,,,2526
593,482442,29,289,Pape Matar Sarr,P.M.Sarr,3,1.1,4.5,18,8,Home,2026-03-05T20:00:00Z,1,3,90,0,0,0,3,1,0,0,12,1,0.1,0.01,0.11,1.78,11,3.0,7.2,7.3,15.0,False,a,,,,,2526
594,623095,29,289,Yang Min-hyeok,Min-hyeok,3,0.0,4.5,18,8,Home,2026-03-05T20:00:00Z,1,3,0,0,0,0,0,0,0,0,0,0,0.0,0.0,0.0,0.0,0,0.0,0.0,0.0,0.0,False,u,has joined Coventry City on loan for the rest of the season.,,,,2526
595,499726,29,289,Callum Olusesi,Olusesi,3,0.2,4.3,18,8,Home,2026-03-05T20:00:00Z,1,3,0,0,0,0,0,0,0,0,0,0,0.0,0.0,0.0,0.0,0,0.0,0.0,0.0,0.0,False,a,,,,,2526
596,154566,29,289,Dominic Solanke-Mitchell,Solanke,4,1.2,7.2,18,8,Home,2026-03-05T20:00:00Z,1,3,73,1,0,0,3,0,0,1,35,7,0.95,0.0,0.94,1.49,1,10.4,39.0,11.0,54.0,False,a,,,,2.0,2526
597,212319,29,289,Richarlison de Andrade,Richarlison,4,5.4,6.3,18,8,Home,2026-03-05T20:00:00Z,1,3,16,0,0,0,0,0,0,0,2,1,0.0,0.0,0.0,0.28,1,0.1,0.0,2.2,0.0,False,a,,,,5.0,2526
598,552427,29,289,Will Lankshear,Lankshear,4,0.0,4.5,18,8,Home,2026-03-05T20:00:00Z,1,3,0,0,0,0,0,0,0,0,0,0,0.0,0.0,0.0,0.0,0,0.0,0.0,0.0,0.0,False,u,has joined Oxford United on loan for the rest of the season.,,,,2526
599,490145,29,289,Dane Scarlett,Scarlett,4,0.6,4.3,18,8,Home,2026-03-05T20:00:00Z,1,3,0,0,0,0,0,0,0,0,0,0,0.0,0.0,0.0,0.0,0,0.0,0.0,0.0,0.0,False,u,has joined Hibernian on loan for the rest of the season.,,,,2526
600,84182,29,285,Alphonse Areola,Areola,1,2.1,4.3,19,10,Away,2026-03-04T19:30:00Z,1,0,0,0,0,0,0,0,0,0,0,0,0.0,0.0,0.0,0.0,0,0.0,0.0,0.0,0.0,False,a,,,,,2526
601,82143,29,285,Wes Foderingham,Foderingham,1,0.2,4.0,19,10,Away,2026-03-04T19:30:00Z,1,0,0,0,0,0,0,0,0,0,0,0,0.0,0.0,0.0,0.0,0,0.0,0.0,0.0,0.0,False,u,has joined Aris Limassol permanently.,,,,2526
602,483364,29,285,Krisztián Hegyi,Hegyi,1,0.2,3.9,19,10,Away,2026-03-04T19:30:00Z,1,0,0,0,0,0,0,0,0,0,0,0,0.0,0.0,0.0,0.0,0,0.0,0.0,0.0,0.0,False,u,has joined MTK Budapest on loan for the rest of the season.,,,,2526
603,613804,29,285,El Hadji Malick Diouf,Diouf,2,2.1,4.0,19,10,Away,2026-03-04T19:30:00Z,1,0,90,0,0,1,0,0,0,0,20,6,0.0,0.01,0.01,0.89,4,1.6,10.8,1.1,4.0,False,a,,,,,2526
604,109533,29,285,Emerson Palmieri dos Santos,Emerson,2,0.1,4.4,19,10,Away,2026-03-04T19:30:00Z,1,0,0,0,0,0,0,0,0,0,0,0,0.0,0.0,0.0,0.0,0,0.0,0.0,0.0,0.0,False,u,has joined Marseille permanently.,,,,2526
605,214048,29,285,Maximilian Kilman,Kilman,2,0.1,4.1,19,10,Away,2026-03-04T19:30:00Z,1,0,0,0,0,0,0,0,0,0,0,0,0.0,0.0,0.0,0.0,0,0.0,0.0,0.0,0.0,False,a,,,,,2526
606,233963,29,285,Konstantinos Mavropanos,Mavropanos,2,0.1,4.4,19,10,Away,2026-03-04T19:30:00Z,1,0,1,0,0,0,0,0,0,0,3,1,0.0,0.0,0.0,0.0,1,0.2,2.0,0.0,0.0,False,a,,,,,2526
607,210494,29,285,Nayef Aguerd,N.Aguerd,2,0.0,4.4,19,10,Away,2026-03-04T19:30:00Z,1,0,0,0,0,0,0,0,0,0,0,0,0.0,0.0,0.0,0.0,0,0.0,0.0,0.0,0.0,False,u,has joined Marseille permanently.,,,,2526
608,536109,29,285,Ollie Scarles,Scarles,2,0.0,4.3,19,10,Away,2026-03-04T19:30:00Z,1,0,0,0,0,0,0,0,0,0,0,0,0.0,0.0,0.0,0.0,0,0.0,0.0,0.0,0.0,False,a,,5.0,,,2526
609,462116,29,285,Jean-Clair Todibo,Todibo,2,0.1,4.3,19,10,Away,2026-03-04T19:30:00Z,1,0,90,0,0,1,0,0,0,1,32,9,0.0,0.0,0.0,0.89,10,2.1,18.6,0.2,2.0,False,a,,,,,2526
610,214590,29,285,Aaron Wan-Bissaka,Wan-Bissaka,2,4.6,4.1,19,10,Away,2026-03-04T19:30:00Z,1,0,90,0,0,1,0,1,0,0,26,7,0.0,0.13,0.13,0.89,12,3.2,19.6,12.3,0.0,False,a,,,,,2526
611,518438,29,285,Kaelan Casey,Casey,2,0.1,4.0,19,10,Away,2026-03-04T19:30:00Z,1,0,0,0,0,0,0,0,0,0,0,0,0.0,0.0,0.0,0.0,0,0.0,0.0,0.0,0.0,False,u,has joined Leyton Orient on loan for the rest of the season.,,,,2526
612,224024,29,285,Lucas Tolentino Coelho de Lima,L.Paquetá,3,1.1,5.9,19,10,Away,2026-03-04T19:30:00Z,1,0,0,0,0,0,0,0,0,0,0,0,0.0,0.0,0.0,0.0,0,0.0,0.0,0.0,0.0,False,u,has joined Flamengo permanently.,,,,2526
613,215439,29,285,Tomáš Souček,Souček,3,0.3,5.7,19,10,Away,2026-03-04T19:30:00Z,1,0,90,0,0,1,0,0,0,0,11,3,0.1,0.01,0.11,0.89,11,4.2,17.0,5.7,19.0,False,a,,,,,2526
614,101178,29,284,James Ward-Prowse,Ward-Prowse,3,0.2,5.6,3,9,Away,2026-03-03T19:30:00Z,0,2,33,0,0,0,1,0,0,0,8,1,0.0,0.01,0.01,0.5,4,0.9,6.2,2.8,0.0,False,a,,1.0,1.0,,2526
615,450070,29,285,Crysencio Summerville,Summerville,3,3.0,5.7,19,10,Away,2026-03-04T19:30:00Z,1,0,90,1,0,1,0,0,0,3,40,11,0.13,0.38,0.51,0.89,9,8.0,43.8,17.3,19.0,True,a,,2.0,,,2526
616,213999,29,285,Edson Álvarez Velázquez,Álvarez,3,0.0,4.9,19,10,Away,2026-03-04T19:30:00Z,1,0,0,0,0,0,0,0,0,0,0,0,0.0,0.0,0.0,0.0,0,0.0,0.0,0.0,0.0,False,u,Has joined Fenerbahçe on loan for the rest of the season.,,,,2526
617,149519,29,285,Maxwel Cornet,Cornet,3,0.0,4.9,19,10,Away,2026-03-04T19:30:00Z,1,0,0,0,0,0,0,0,0,0,0,0,0.0,0.0,0.0,0.0,0,0.0,0.0,0.0,0.0,False,u,has joined Genoa on loan for the rest of the season.,,,,2526
618,197024,29,285,Guido Rodríguez,G.Rodriguez,3,0.0,4.8,19,10,Away,2026-03-04T19:30:00Z,1,0,0,0,0,0,0,0,0,0,0,0,0.0,0.0,0.0,0.0,0,0.0,0.0,0.0,0.0,False,u,has joined Valencia on loan for the rest of the season.,,,,2526
619,577114,29,285,Luis Guilherme Lira dos Santos,L.Guilherme,3,0.0,4.9,19,10,Away,2026-03-04T19:30:00Z,1,0,0,0,0,0,0,0,0,0,0,0,0.0,0.0,0.0,0.0,0,0.0,0.0,0.0,0.0,False,u,has joined Sporting CP permanently.,,,,2526
620,490885,29,285,George Earthy,Earthy,3,0.0,4.5,19,10,Away,2026-03-04T19:30:00Z,1,0,0,0,0,0,0,0,0,0,0,0,0.0,0.0,0.0,0.0,0,0.0,0.0,0.0,0.0,False,u,has joined Bristol City on loan for the rest of the season.,,,,2526
621,229384,29,285,Andy Irving,Irving,3,0.2,4.3,19,10,Away,2026-03-04T19:30:00Z,1,0,0,0,0,0,0,0,0,0,0,0,0.0,0.0,0.0,0.0,0,0.0,0.0,0.0,0.0,False,u,has joined Sparta Prague permanently.,,,,2526
622,518442,29,285,Lewis Orford,Orford,3,0.1,4.4,19,10,Away,2026-03-04T19:30:00Z,1,0,0,0,0,0,0,0,0,0,0,0,0.0,0.0,0.0,0.0,0,0.0,0.0,0.0,0.0,False,u,has joined Stevenage on loan for the rest of the season.,,,,2526
623,490142,29,285,Freddie Potts,Potts,3,0.6,4.4,19,10,Away,2026-03-04T19:30:00Z,1,0,0,0,0,0,0,0,0,0,0,0,0.0,0.0,0.0,0.0,0,0.0,0.0,0.0,0.0,False,a,,,,,2526
624,178186,29,285,Jarrod Bowen,Bowen,4,7.7,7.5,19,10,Away,2026-03-04T19:30:00Z,1,0,90,0,1,1,0,1,0,0,25,4,0.13,0.11,0.24,0.89,10,7.5,30.0,37.3,8.0,False,a,,1.0,1.0,2.0,2526
625,91889,29,285,Niclas Füllkrug,Füllkrug,4,0.6,5.6,19,10,Away,2026-03-04T19:30:00Z,1,0,0,0,0,0,0,0,0,0,0,0,0.0,0.0,0.0,0.0,0,0.0,0.0,0.0,0.0,False,u,has joined AC Milan on loan for the rest of the season.,,,,2526
626,565431,29,285,Callum Marshall,Marshall,4,0.5,4.3,19,10,Away,2026-03-04T19:30:00Z,1,0,0,0,0,0,0,0,0,0,0,0,0.0,0.0,0.0,0.0,0,0.0,0.0,0.0,0.0,False,u,has joined VfL Bochum 1848 on loan for the rest of the season.,,,,2526
627,101982,29,290,Sam Johnstone,Johnstone,1,0.1,4.4,20,12,Home,2026-03-03T20:15:00Z,2,1,0,0,0,0,0,0,0,0,0,0,0.0,0.0,0.0,0.0,0,0.0,0.0,0.0,0.0,False,a,,,,,2526
628,149065,29,290,José Malheiro de Sá,José Sá,1,1.3,4.2,20,12,Home,2026-03-03T20:15:00Z,2,1,90,0,0,0,1,0,0,0,20,3,0.0,0.0,0.0,1.83,0,3.0,29.8,0.0,0.0,False,a,,,,,2526
629,79602,29,290,Daniel Bentley,Bentley,1,0.5,3.9,20,12,Home,2026-03-03T20:15:00Z,2,1,0,0,0,0,0,0,0,0,0,0,0.0,0.0,0.0,0.0,0,0.0,0.0,0.0,0.0,False,a,,,,,2526
630,138001,29,284,Tom King,King,1,1.3,3.9,9,3,Home,2026-03-03T19:30:00Z,2,0,0,0,0,0,0,0,0,0,0,0,0.0,0.0,0.0,0.0,0,0.0,0.0,0.0,0.0,False,a,,,,,2526
631,516939,29,290,Emmanuel Agbadou,Agbadou,2,0.1,4.2,20,12,Home,2026-03-03T20:15:00Z,2,1,0,0,0,0,0,0,0,0,0,0,0.0,0.0,0.0,0.0,0,0.0,0.0,0.0,0.0,False,u,has joined Besiktas permanently.,,,,2526
632,87835,29,290,Matt Doherty,Doherty,2,0.1,4.4,20,12,Home,2026-03-03T20:15:00Z,2,1,58,0,0,0,0,0,0,0,4,1,0.0,0.0,0.0,1.17,5,0.6,5.6,0.4,0.0,False,a,,,,,2526
633,490721,29,290,Hugo Bueno López,H.Bueno,2,0.2,4.3,20,12,Home,2026-03-03T20:15:00Z,2,1,11,0,0,0,1,0,0,0,-1,1,0.0,0.01,0.01,0.62,2,0.7,4.0,0.8,2.0,False,a,,1.0,,,2526
634,501837,29,290,Yerson Mosquera Valdelamar,Mosquera,2,0.1,4.3,20,12,Home,2026-03-03T20:15:00Z,2,1,31,0,0,0,1,0,0,0,4,1,0.04,0.0,0.04,0.66,3,2.6,8.2,0.3,17.0,False,a,,,,,2526
635,483081,29,290,Rodrigo Martins Gomes,R.Gomes,2,0.1,4.4,20,12,Home,2026-03-03T20:15:00Z,2,1,20,1,0,0,1,0,0,0,15,7,0.31,0.0,0.31,0.64,1,5.7,35.2,2.8,19.0,False,a,,,,,2526
636,231480,29,290,Santiago Ignacio Bueno,S.Bueno,2,0.1,4.4,20,12,Home,2026-03-03T20:15:00Z,2,1,90,0,0,0,1,1,0,0,16,1,0.0,0.0,0.0,1.83,7,1.6,12.0,0.0,4.0,False,a,,,,,2526
637,510362,29,290,Toti Gomes,Toti,2,0.1,4.2,20,12,Home,2026-03-03T20:15:00Z,2,1,0,0,0,0,0,0,0,0,0,0,0.0,0.0,0.0,0.0,0,0.0,0.0,0.0,0.0,False,a,,,,,2526
638,441271,29,290,Ki-Jana Hoever,Hoever,2,1.0,3.8,20,12,Home,2026-03-03T20:15:00Z,2,1,0,0,0,0,0,0,0,0,0,0,0.0,0.0,0.0,0.0,0,0.0,0.0,0.0,0.0,False,u,has joined Sheffield United on loan for the rest of the season.,,,,2526
639,560248,29,290,Bastien Meupiyou Menadjou,Meupiyou,2,0.0,4.0,20,12,Home,2026-03-03T20:15:00Z,2,1,0,0,0,0,0,0,0,0,0,0,0.0,0.0,0.0,0.0,0,0.0,0.0,0.0,0.0,False,u,On loan to FC Alverca,,,,2526
640,641221,29,290,Pedro Cardoso de Lima,Pedro Lima,2,0.4,4.0,20,12,Home,2026-03-03T20:15:00Z,2,1,0,0,0,0,0,0,0,0,0,0,0.0,0.0,0.0,0.0,0,0.0,0.0,0.0,0.0,False,a,,,,,2526
641,517179,29,290,Alfie Pond,Pond,2,1.0,3.9,20,12,Home,2026-03-03T20:15:00Z,2,1,0,0,0,0,0,0,0,0,0,0,0.0,0.0,0.0,0.0,0,0.0,0.0,0.0,0.0,False,u,has joined Crewe Alexandra on loan for the rest of the season.,,,,2526
642,184754,29,290,Hwang Hee-chan,Hee Chan,3,0.1,5.6,20,12,Home,2026-03-03T20:15:00Z,2,1,0,0,0,0,0,0,0,0,0,0,0.0,0.0,0.0,0.0,0,0.0,0.0,0.0,0.0,False,a,,,1.0,3.0,2526
643,509291,29,290,André Trindade da Costa Neto,André,3,0.1,5.2,20,12,Home,2026-03-03T20:15:00Z,2,1,90,1,0,0,1,0,0,3,46,12,0.06,0.05,0.11,1.83,20,8.0,57.4,15.2,7.0,True,a,,,,,2526
644,231057,29,290,Jean-Ricner Bellegarde,Bellegarde,3,0.0,5.1,20,12,Home,2026-03-03T20:15:00Z,2,1,30,0,0,0,1,0,0,0,2,1,0.0,0.0,0.0,0.66,5,1.6,2.6,13.1,0.0,False,a,,3.0,2.0,,2526
645,643135,29,290,Fer López González,Fer López,3,0.0,5.1,20,12,Home,2026-03-03T20:15:00Z,2,1,0,0,0,0,0,0,0,0,0,0,0.0,0.0,0.0,0.0,0,0.0,0.0,0.0,0.0,False,u,has joined Celta Vigo on loan for the rest of the season.,,,,2526
646,448089,29,290,João Victor Gomes da Silva,J.Gomes,3,0.3,5.3,20,12,Home,2026-03-03T20:15:00Z,2,1,90,0,0,0,1,1,0,0,21,3,0.03,0.01,0.04,1.83,16,2.4,17.4,5.7,1.0,False,a,,,1.0,,2526
647,181284,29,290,Gonçalo Manuel Ganchinho Guedes,Guedes,3,0.0,5.5,20,12,Home,2026-03-03T20:15:00Z,2,1,0,0,0,0,0,0,0,0,0,0,0.0,0.0,0.0,0.0,0,0.0,0.0,0.0,0.0,False,u,Has joined Real Sociedad permanently.,,,,2526
648,433312,29,290,Marshall Munetsi,Munetsi,3,0.0,5.3,20,12,Home,2026-03-03T20:15:00Z,2,1,0,0,0,0,0,0,0,0,0,0,0.0,0.0,0.0,0.0,0,0.0,0.0,0.0,0.0,False,u,has joined Paris FC on loan for the rest of the season.,,,,2526
649,476502,29,290,Boubacar Traoré,B.Traore,3,0.0,5.0,20,12,Home,2026-03-03T20:15:00Z,2,1,0,0,0,0,0,0,0,0,0,0,0.0,0.0,0.0,0.0,0,0.0,0.0,0.0,0.0,False,u,Has joined FC Metz on loan for the rest of the season.,,,,2526
650,497606,29,290,Tawanda Chirewa,Chirewa,3,0.2,4.3,20,12,Home,2026-03-03T20:15:00Z,2,1,0,0,0,0,0,0,0,0,0,0,0.0,0.0,0.0,0.0,0,0.0,0.0,0.0,0.0,False,u,has joined Barnsley on loan for the rest of the season.,,,,2526
651,596054,29,290,Tom Edozie,Edozie,3,0.4,4.3,20,12,Home,2026-03-03T20:15:00Z,2,1,0,0,0,0,0,0,0,0,0,0,0.0,0.0,0.0,0.0,0,0.0,0.0,0.0,0.0,False,a,,,,,2526
652,593001,29,290,Enso González Medina,Gonzalez,3,1.3,4.3,20,12,Home,2026-03-03T20:15:00Z,2,1,0,0,0,0,0,0,0,0,0,0,0.0,0.0,0.0,0.0,0,0.0,0.0,0.0,0.0,False,a,,,,,2526
653,240299,29,290,Joe Hodge,Hodge,3,0.0,4.5,20,12,Home,2026-03-03T20:15:00Z,2,1,0,0,0,0,0,0,0,0,0,0,0.0,0.0,0.0,0.0,0,0.0,0.0,0.0,0.0,False,u,Signed by CD Tondela,,,,2526
654,247412,29,289,Jørgen Strand Larsen,Strand Larsen,4,2.1,6.1,8,18,Away,2026-03-05T20:00:00Z,3,1,80,1,0,0,1,1,0,0,31,5,0.17,0.12,0.29,1.36,5,7.5,38.0,13.8,23.0,False,a,,,,,2526
655,449988,29,290,Fábio Soares Silva,Fábio Silva,4,0.2,4.9,20,12,Home,2026-03-03T20:15:00Z,2,1,0,0,0,0,0,0,0,0,0,0,0.0,0.0,0.0,0.0,0,0.0,0.0,0.0,0.0,False,u,has joined Borussia Dortmund permanently.,,,,2526
656,429414,29,290,Saša Kalajdžić,Kalajdžić,4,0.0,4.9,20,12,Home,2026-03-03T20:15:00Z,2,1,0,0,0,0,0,0,0,0,0,0,0.0,0.0,0.0,0.0,0,0.0,0.0,0.0,0.0,False,u,has joined LASK on loan for the rest of the season.,,,,2526
657,589507,29,290,Leon Chiwome,Chiwome,4,0.0,4.4,20,12,Home,2026-03-03T20:15:00Z,2,1,0,0,0,0,0,0,0,0,0,0,0.0,0.0,0.0,0.0,0,0.0,0.0,0.0,0.0,False,a,,,,,2526
658,531363,29,290,Nathan Fraser,Fraser,4,1.9,4.2,20,12,Home,2026-03-03T20:15:00Z,2,1,0,0,0,0,0,0,0,0,0,0,0.0,0.0,0.0,0.0,0,0.0,0.0,0.0,0.0,False,a,,,,,2526
659,158534,29,285,Kyle Walker-Peters,Walker-Peters,2,0.2,4.2,19,10,Away,2026-03-04T19:30:00Z,1,0,0,0,0,0,0,0,0,0,0,0,0.0,0.0,0.0,0.0,0,0.0,0.0,0.0,0.0,False,a,,,,,2526
660,466525,29,286,Anton Stach,Stach,3,2.5,4.7,11,17,Home,2026-03-03T19:30:00Z,0,1,90,0,0,0,1,0,0,0,20,4,0.16,0.2,0.36,0.86,13,7.3,24.4,35.4,13.0,False,a,,1.0,1.0,,2526
661,510663,29,290,Hugo Ekitiké,Ekitiké,4,34.0,9.1,12,20,Away,2026-03-03T20:15:00Z,1,2,90,0,0,0,2,0,0,0,8,2,0.06,0.39,0.45,0.44,6,5.1,5.2,26.6,19.0,False,a,,,,,2526
662,500040,29,283,Cristhian Mosquera,Mosquera,2,0.1,5.3,1,6,Away,2026-03-04T19:30:00Z,1,0,63,0,0,1,0,1,0,0,24,5,0.0,0.0,0.0,0.64,9,1.6,15.2,0.3,0.0,False,a,,,,,2526
663,230376,29,290,Jhon Arias,J.Arias,3,0.1,4.9,20,12,Home,2026-03-03T20:15:00Z,2,1,0,0,0,0,0,0,0,0,0,0,0.0,0.0,0.0,0.0,0,0.0,0.0,0.0,0.0,False,u,has joined Palmeiras permanently.,,,,2526
664,86873,29,285,Benjamin Lecomte,Lecomte,1,0.7,3.9,10,19,Home,2026-03-04T19:30:00Z,0,1,0,0,0,0,0,0,0,0,0,0,0.0,0.0,0.0,0.0,0,0.0,0.0,0.0,0.0,False,a,,,,,2526
665,201595,29,286,Lucas Estella Perri,Perri,1,0.2,4.5,11,17,Home,2026-03-03T19:30:00Z,0,1,0,0,0,0,0,0,0,0,0,0,0.0,0.0,0.0,0.0,0,0.0,0.0,0.0,0.0,False,a,,,,,2526
666,224117,29,283,Viktor Gyökeres,Gyökeres,4,12.1,8.8,1,6,Away,2026-03-04T19:30:00Z,1,0,58,0,0,0,0,0,0,0,-1,1,0.0,0.02,0.02,0.55,4,2.0,0.0,14.8,6.0,False,a,,,,2.0,2526
667,499300,29,284,Adam Aznou,Aznou,2,0.1,4.2,9,3,Home,2026-03-03T19:30:00Z,2,0,0,0,0,0,0,0,0,0,0,0,0.0,0.0,0.0,0.0,0,0.0,0.0,0.0,0.0,False,a,,,,,2526
668,84450,29,286,Granit Xhaka,Xhaka,3,3.4,5.1,17,11,Away,2026-03-03T19:30:00Z,1,0,35,0,0,0,0,0,0,0,5,1,0.0,0.01,0.01,0.73,7,2.3,7.6,11.3,4.0,False,a,,1.0,1.0,,2526
669,456512,29,287,Dan Ndoye,Ndoye,3,0.7,5.5,16,13,Away,2026-03-04T19:30:00Z,2,2,0,0,0,0,0,0,0,0,0,0,0.0,0.0,0.0,0.0,0,0.0,0.0,0.0,0.0,False,a,,4.0,,,2526
670,498016,29,286,Robin Roefs,Roefs,1,10.4,4.9,17,11,Away,2026-03-03T19:30:00Z,1,0,0,0,0,0,0,0,0,0,0,0,0.0,0.0,0.0,0.0,0,0.0,0.0,0.0,0.0,False,d,Hamstring injury - 25% chance of playing,,,,2526
671,75115,29,285,Callum Wilson,Wilson,4,0.5,5.8,19,10,Away,2026-03-04T19:30:00Z,1,0,59,0,0,0,0,0,0,0,-4,1,0.6,0.0,0.6,0.43,2,0.8,0.0,0.2,11.0,False,a,,,,,2526
672,551210,29,281,Jorrel Hato,Hato,2,0.2,4.6,7,2,Away,2026-03-04T19:30:00Z,4,1,90,0,0,0,1,0,0,0,11,2,0.04,0.0,0.04,0.78,4,1.6,11.4,0.8,4.0,False,a,,,,,2526
673,154296,29,289,João Maria Lobo Alves Palhares Costa Palhinha Gonçalves,J.Palhinha,3,0.8,5.5,18,8,Home,2026-03-05T20:00:00Z,1,3,90,0,0,0,3,0,0,0,14,4,0.03,0.0,0.03,1.78,12,3.6,17.2,13.8,5.0,False,a,,,,,2526
674,225321,29,288,Aaron Ramsdale,Ramsdale,1,0.7,4.8,15,14,Home,2026-03-04T20:15:00Z,2,1,90,0,0,0,1,0,0,0,13,3,0.0,0.0,0.0,1.48,0,2.8,28.4,0.0,0.0,False,a,,,,,2526
675,107265,29,287,Angus Gunn,Gunn,1,1.1,4.0,16,13,Away,2026-03-04T19:30:00Z,2,2,0,0,0,0,0,0,0,0,0,0,0.0,0.0,0.0,0.0,0,0.0,0.0,0.0,0.0,False,a,,,,,2526
676,503714,29,284,Lesley Ugochukwu,Ugochukwu,3,0.1,5.0,3,9,Away,2026-03-03T19:30:00Z,0,2,82,0,0,0,2,0,0,0,13,2,0.0,0.01,0.01,1.3,5,0.7,5.0,1.5,0.0,False,a,,,,,2526
677,485337,29,289,Evann Guessand,Guessand,3,0.1,6.2,8,18,Away,2026-03-05T20:00:00Z,3,1,66,0,0,0,1,0,0,0,5,2,0.0,0.04,0.04,1.28,4,0.3,0.2,2.7,0.0,False,a,,,,,2526
678,105717,29,286,Arthur Masuaku,Masuaku,2,0.5,3.9,17,11,Away,2026-03-03T19:30:00Z,1,0,0,0,0,0,0,0,0,0,0,0,0.0,0.0,0.0,0.0,0,0.0,0.0,0.0,0.0,False,u,has joined RC Lens on loan for the rest of the season.,,,,2526
679,467189,29,285,Mads Hermansen,Hermansen,1,0.3,4.2,19,10,Away,2026-03-04T19:30:00Z,1,0,90,0,0,1,0,0,0,2,38,9,0.0,0.0,0.0,0.89,0,4.0,39.8,0.0,0.0,False,a,,,,,2526
680,440323,29,284,Armando Broja,Broja,4,0.2,5.2,3,9,Away,2026-03-03T19:30:00Z,0,2,0,0,0,0,0,0,0,0,0,0,0.0,0.0,0.0,0.0,0,0.0,0.0,0.0,0.0,False,d,Knock - 50% chance of playing,,,,2526
681,485711,29,288,Benjamin Sesko,Šeško,4,5.9,7.3,14,15,Away,2026-03-04T20:15:00Z,1,2,90,0,0,0,2,0,0,0,4,2,0.32,0.01,0.33,2.48,1,1.5,0.0,3.3,12.0,False,a,,,,,2526
682,497949,29,290,David Møller Wolfe,Møller Wolfe,2,0.1,4.2,20,12,Home,2026-03-03T20:15:00Z,2,1,78,0,0,1,0,0,0,0,19,6,0.0,0.0,0.0,1.22,5,1.1,9.0,0.3,2.0,False,a,,,,,2526
683,201895,29,286,Omar Alderete,Alderete,2,6.5,4.1,17,11,Away,2026-03-03T19:30:00Z,1,0,90,0,0,1,0,1,0,0,22,7,0.0,0.0,0.0,1.15,23,5.1,48.6,0.2,2.0,False,a,,,,,2526
684,465642,29,288,Malick Thiaw,Thiaw,2,4.2,5.0,15,14,Home,2026-03-04T20:15:00Z,2,1,90,0,0,0,1,0,0,0,5,4,0.59,0.01,0.6,1.48,10,6.1,27.6,0.5,33.0,False,a,,,,,2526
685,242882,29,282,Bafodé Diakité,Diakité,2,0.3,4.2,4,5,Home,2026-03-03T19:30:00Z,0,0,0,0,0,0,0,0,0,0,0,0,0.0,0.0,0.0,0.0,0,0.0,0.0,0.0,0.0,False,a,,,,,2526
686,611922,29,290,Rio Ngumoha,Ngumoha,3,0.8,4.3,12,20,Away,2026-03-03T20:15:00Z,1,2,25,0,0,0,2,0,0,0,12,1,0.08,0.28,0.36,0.44,2,5.8,11.0,26.1,21.0,False,a,,,,,2526
687,606774,29,282,Remy Rees-Dottin,Rees-Dottin,3,0.2,4.3,4,5,Home,2026-03-03T19:30:00Z,0,0,0,0,0,0,0,0,0,0,0,0,0.0,0.0,0.0,0.0,0,0.0,0.0,0.0,0.0,False,a,,,,,2526
688,481283,29,281,James Wright,Wright,1,0.6,3.9,2,7,Home,2026-03-04T19:30:00Z,1,4,0,0,0,0,0,0,0,0,0,0,0.0,0.0,0.0,0.0,0,0.0,0.0,0.0,0.0,False,a,,,,,2526
689,623110,29,288,Seung-Soo Park,Seung soo,3,0.5,4.3,15,14,Home,2026-03-04T20:15:00Z,2,1,0,0,0,0,0,0,0,0,0,0,0.0,0.0,0.0,0.0,0,0.0,0.0,0.0,0.0,False,a,,,,,2526
690,590014,29,289,Rio Cardines,Cardines,3,0.3,4.4,8,18,Away,2026-03-05T20:00:00Z,3,1,0,0,0,0,0,0,0,0,0,0,0.0,0.0,0.0,0.0,0,0.0,0.0,0.0,0.0,False,a,,,,,2526
691,177815,29,286,Dominic Calvert-Lewin,Calvert-Lewin,4,9.1,5.7,11,17,Home,2026-03-03T19:30:00Z,0,1,90,0,0,0,1,0,0,0,5,2,0.08,0.0,0.08,0.86,4,1.3,4.4,2.8,6.0,False,a,,,,1.0,2526
692,647681,29,290,Giovanni Leoni,Leoni,2,0.0,4.9,12,20,Away,2026-03-03T20:15:00Z,1,2,0,0,0,0,0,0,0,0,0,0,0.0,0.0,0.0,0.0,0,0.0,0.0,0.0,0.0,False,i,Knee injury - Expected back 01 Sep,,,,2526
693,503301,29,287,Omari Hutchinson,Hutchinson,3,0.1,5.4,16,13,Away,2026-03-04T19:30:00Z,2,2,0,0,0,0,0,0,0,0,0,0,0.0,0.0,0.0,0.0,0,0.0,0.0,0.0,0.0,False,a,,2.0,,,2526
694,200834,29,286,Nordi Mukiele,Mukiele,2,9.1,4.5,17,11,Away,2026-03-03T19:30:00Z,1,0,0,0,0,0,0,0,0,0,0,0,0.0,0.0,0.0,0.0,0,0.0,0.0,0.0,0.0,False,d,Calf injury - 50% chance of playing,,,,2526
695,523705,29,290,Jackson Tchatchoua,Tchatchoua,2,0.0,4.4,20,12,Home,2026-03-03T20:15:00Z,2,1,90,0,1,0,1,0,0,0,20,5,0.0,0.03,0.03,1.83,6,5.1,34.0,15.3,2.0,False,a,,,,,2526
696,465680,29,287,Arnaud Kalimuendo,Kalimuendo,4,0.1,6.0,16,13,Away,2026-03-04T19:30:00Z,2,2,0,0,0,0,0,0,0,0,0,0,0.0,0.0,0.0,0.0,0,0.0,0.0,0.0,0.0,False,u,has joined Eintracht Frankfurt on loan for the rest of the season.,,,,2526
697,489888,29,282,Amine Adli,Adli,3,0.6,5.4,4,5,Home,2026-03-03T19:30:00Z,0,0,16,0,0,0,0,0,0,0,5,1,0.04,0.0,0.04,0.23,3,1.4,5.0,0.3,9.0,False,a,,3.0,,,2526
698,435997,29,286,Noah Okafor,Okafor,3,0.1,5.5,11,17,Home,2026-03-03T19:30:00Z,0,1,0,0,0,0,0,0,0,0,0,0,0.0,0.0,0.0,0.0,0,0.0,0.0,0.0,0.0,False,d,Hamstring injury - 50% chance of playing,,,,2526
699,230046,29,281,Douglas Luiz Soares de Paulo,Douglas Luiz,3,0.1,4.9,2,7,Home,2026-03-04T19:30:00Z,1,4,62,1,0,0,3,0,0,0,29,7,0.14,0.02,0.16,2.26,5,5.4,34.2,3.1,17.0,False,a,,1.0,,,2526
700,616077,29,283,Max Dowman,Dowman,3,0.5,4.2,1,6,Away,2026-03-04T19:30:00Z,1,0,0,0,0,0,0,0,0,0,0,0,0.0,0.0,0.0,0.0,0,0.0,0.0,0.0,0.0,False,a,,,,,2526
701,569577,29,281,Triston Rowe,Rowe,2,0.1,4.0,2,7,Home,2026-03-04T19:30:00Z,1,4,0,0,0,0,0,0,0,0,0,0,0.0,0.0,0.0,0.0,0,0.0,0.0,0.0,0.0,False,u,has joined Annecy on loan for the rest of the season.,,,,2526
702,645618,29,281,Bradley Burrowes,Burrowes,3,0.1,4.4,2,7,Home,2026-03-04T19:30:00Z,1,4,0,0,0,0,0,0,0,0,0,0,0.0,0.0,0.0,0.0,0,0.0,0.0,0.0,0.0,False,a,,,,,2526
703,564505,29,281,Sam Proctor,Proctor,1,0.6,3.9,2,7,Home,2026-03-04T19:30:00Z,1,4,0,0,0,0,0,0,0,0,0,0,0.0,0.0,0.0,0.0,0,0.0,0.0,0.0,0.0,False,a,,,,,2526
704,461446,29,284,Tyler Onyango,Onyango,3,0.0,4.5,9,3,Home,2026-03-03T19:30:00Z,2,0,0,0,0,0,0,0,0,0,0,0,0.0,0.0,0.0,0.0,0,0.0,0.0,0.0,0.0,False,u,has joined Stockport County on loan for the rest of the season.,,,,2526
705,491745,29,284,Elijah Campbell,Campbell,2,0.2,3.9,9,3,Home,2026-03-03T19:30:00Z,2,0,0,0,0,0,0,0,0,0,0,0,0.0,0.0,0.0,0.0,0,0.0,0.0,0.0,0.0,False,u,has joined Port Vale on loan for the rest of the season.,,,,2526
706,220627,29,286,James Justin,Justin,2,1.0,3.9,11,17,Home,2026-03-03T19:30:00Z,0,1,73,0,0,0,1,0,0,0,12,2,0.0,0.01,0.01,0.86,8,1.9,16.6,2.3,0.0,False,a,,3.0,,,2526
707,496661,29,284,Tyler Dibling,Dibling,3,0.0,5.3,9,3,Home,2026-03-03T19:30:00Z,2,0,1,0,0,0,0,0,0,0,3,1,0.0,0.0,0.0,0.67,0,0.0,0.0,0.0,0.0,False,a,,,,,2526
708,551226,29,285,Mateus Gonçalo Espanha Fernandes,M.Fernandes,3,0.4,5.5,19,10,Away,2026-03-04T19:30:00Z,1,0,90,0,0,1,0,1,0,0,5,2,0.03,0.01,0.04,0.89,5,0.6,2.2,1.0,3.0,False,a,,4.0,,,2526
709,431248,29,290,Ladislav Krejcí,Krejčí,2,0.1,4.5,20,12,Home,2026-03-03T20:15:00Z,2,1,90,0,0,0,1,0,0,0,9,4,0.0,0.0,0.0,1.83,10,1.7,16.6,0.0,0.0,False,a,,,,,2526
710,534836,29,281,Travis Patterson,Patterson,2,0.2,3.9,2,7,Home,2026-03-04T19:30:00Z,1,4,0,0,0,0,0,0,0,0,0,0,0.0,0.0,0.0,0.0,0,0.0,0.0,0.0,0.0,False,a,,,,,2526
711,646243,29,283,Andre Harriman-Annous,Harriman-Annous,3,0.0,4.4,1,6,Away,2026-03-04T19:30:00Z,1,0,0,0,0,0,0,0,0,0,0,0,0.0,0.0,0.0,0.0,0,0.0,0.0,0.0,0.0,False,a,,,,,2526
712,488024,29,289,Yéremy Pino Santos,Yeremy,3,0.2,5.8,8,18,Away,2026-03-05T20:00:00Z,3,1,0,0,0,0,0,0,0,0,0,0,0.0,0.0,0.0,0.0,0,0.0,0.0,0.0,0.0,False,a,,2.0,1.0,,2526
713,551483,29,282,Álex Jiménez Sánchez,A.Jimenez,2,0.3,4.5,4,5,Home,2026-03-03T19:30:00Z,0,0,90,0,0,1,0,0,0,2,30,8,0.03,0.39,0.42,0.4,7,5.0,16.4,25.8,8.0,False,a,,,,,2526
714,470313,29,288,Nick Woltemade,Woltemade,4,7.0,6.8,15,14,Home,2026-03-04T20:15:00Z,2,1,0,0,0,0,0,0,0,0,0,0,0.0,0.0,0.0,0.0,0,0.0,0.0,0.0,0.0,False,d,Illness - 75% chance of playing,,,3.0,2526
715,221389,29,287,John Victor Maciel Furtado,John,1,0.3,4.0,16,13,Away,2026-03-04T19:30:00Z,2,2,0,0,0,0,0,0,0,0,0,0,0.0,0.0,0.0,0.0,0,0.0,0.0,0.0,0.0,False,i,Knee injury - Expected back 01 Jun,,,,2526
716,500151,29,287,Nicolò Savona,Savona,2,0.1,4.5,16,13,Away,2026-03-04T19:30:00Z,2,2,0,0,0,0,0,0,0,0,0,0,0.0,0.0,0.0,0.0,0,0.0,0.0,0.0,0.0,False,i,Knee injury - Unknown return date,,,,2526
717,493362,29,289,Xavi Simons,Xavi,3,1.1,6.5,18,8,Home,2026-03-05T20:00:00Z,1,3,16,0,0,0,0,0,0,0,9,1,0.09,0.15,0.24,0.28,4,2.5,8.4,14.8,2.0,False,a,,1.0,3.0,4.0,2526
718,564940,29,285,Soungoutou Magassa,S.Magassa,3,0.0,5.0,19,10,Away,2026-03-04T19:30:00Z,1,0,30,0,0,0,0,0,0,0,6,1,0.0,0.0,0.0,0.46,5,0.8,8.2,0.2,0.0,False,a,,,,,2526
719,184667,29,281,Victor Lindelöf,Lindelöf,2,0.1,4.5,2,7,Home,2026-03-04T19:30:00Z,1,4,0,0,0,0,0,0,0,0,0,0,0.0,0.0,0.0,0.0,0,0.0,0.0,0.0,0.0,False,a,,,,,2526
720,488213,29,290,Tolu Arokodare,Tolu,4,0.2,5.4,20,12,Home,2026-03-03T20:15:00Z,2,1,30,0,1,0,1,0,0,0,19,4,0.0,0.01,0.01,0.66,3,3.8,23.2,10.9,4.0,False,a,,,,5.0,2526
721,620487,29,282,Veljko Milosavljevic,Milosavljević,2,0.0,4.4,4,5,Home,2026-03-03T19:30:00Z,0,0,0,0,0,0,0,0,0,0,0,0,0.0,0.0,0.0,0.0,0,0.0,0.0,0.0,0.0,False,a,,,,,2526
722,216055,29,284,Florentino Ibrain Morris Luís,Florentino,3,0.0,5.0,3,9,Away,2026-03-03T19:30:00Z,0,2,56,0,0,0,1,0,0,0,10,1,0.0,0.01,0.01,0.81,7,1.4,10.4,3.6,0.0,False,a,,,,,2526
723,651426,29,289,Jaydee Canvot,Canvot,2,0.0,4.5,8,18,Away,2026-03-05T20:00:00Z,3,1,90,0,0,0,1,0,0,0,12,2,0.18,0.04,0.22,1.58,6,3.8,17.6,13.7,7.0,False,a,,,,,2526
724,247955,29,286,Lutsharel Geertruida,Geertruida,2,0.1,4.5,17,11,Away,2026-03-03T19:30:00Z,1,0,54,0,0,0,0,0,0,0,3,1,0.0,0.01,0.01,0.42,2,0.3,0.8,2.3,0.0,False,a,,,,,2526
725,448104,29,283,Piero Hincapié,Hincapie,2,0.8,5.1,1,6,Away,2026-03-04T19:30:00Z,1,0,90,0,0,1,0,0,0,1,25,9,0.0,0.0,0.0,0.82,16,2.7,26.4,0.7,0.0,False,a,,,,,2526
726,247693,29,289,Randal Kolo Muani,Kolo Muani,4,0.4,6.9,18,8,Home,2026-03-05T20:00:00Z,1,3,42,0,0,0,1,0,0,0,-1,1,0.0,0.0,0.0,0.89,6,0.8,7.2,0.6,0.0,False,a,,,,,2526
727,218328,29,285,Samuel Chukwueze,Chukwueze,3,0.1,5.3,10,19,Home,2026-03-04T19:30:00Z,0,1,90,0,0,0,1,0,0,0,11,2,0.03,0.14,0.17,1.09,5,3.6,11.0,13.6,11.0,False,a,,,,,2526
728,513466,29,284,Merlin Röhl,Röhl,3,0.0,5.0,9,3,Home,2026-03-03T19:30:00Z,2,0,0,0,0,0,0,0,0,0,0,0,0.0,0.0,0.0,0.0,0,0.0,0.0,0.0,0.0,False,a,,,,,2526
729,560441,29,287,Luis Eduardo Soares da Silva,Cuiabano,2,0.0,4.5,16,13,Away,2026-03-04T19:30:00Z,2,2,0,0,0,0,0,0,0,0,0,0,0.0,0.0,0.0,0.0,0,0.0,0.0,0.0,0.0,False,u,has joined Vasco de Gama on loan for the rest of the season.,,,,2526
730,441264,29,286,Brian Brobbey,Brobbey,4,0.7,5.4,17,11,Away,2026-03-03T19:30:00Z,1,0,0,0,0,0,0,0,0,0,0,0,0.0,0.0,0.0,0.0,0,0.0,0.0,0.0,0.0,False,d,Groin Injury - 50% chance of playing,,,,2526
731,560552,29,285,Kevin Santos Lopes de Macedo,Kevin,3,0.1,5.8,10,19,Home,2026-03-04T19:30:00Z,0,1,0,0,0,0,0,0,0,0,0,0,0.0,0.0,0.0,0.0,0,0.0,0.0,0.0,0.0,False,i,Foot injury - Unknown return date,,,,2526
732,660392,29,289,Christantus Uche,Uche,4,0.1,5.5,8,18,Away,2026-03-05T20:00:00Z,3,1,9,0,0,0,0,0,0,0,4,1,0.1,0.0,0.1,0.22,1,0.8,2.4,0.6,5.0,False,a,,,,,2526
733,465247,29,288,Senne Lammens,Lammens,1,2.5,5.0,14,15,Away,2026-03-04T20:15:00Z,1,2,90,0,0,0,2,0,0,0,8,2,0.0,0.0,0.0,2.48,0,2.2,22.4,0.0,0.0,False,a,,,,,2526
734,476887,29,287,Dilane Bakwa,Bakwa,3,0.0,5.9,16,13,Away,2026-03-04T19:30:00Z,2,2,0,0,0,0,0,0,0,0,0,0,0.0,0.0,0.0,0.0,0,0.0,0.0,0.0,0.0,False,a,,3.0,,,2526
735,110504,29,286,Bertrand Traoré,Traoré,3,0.0,5.5,17,11,Away,2026-03-03T19:30:00Z,1,0,6,0,0,0,0,0,0,0,3,1,0.0,0.0,0.0,0.13,0,0.0,0.0,0.2,0.0,False,d,Knee injury - 75% chance of playing,,,,2526
736,204936,29,287,Gianluigi Donnarumma,Donnarumma,1,9.6,5.6,13,16,Home,2026-03-04T19:30:00Z,2,2,90,0,0,0,2,0,0,0,5,1,0.0,0.0,0.0,0.97,0,1.9,19.4,0.0,0.0,False,a,,,,,2526
737,631786,29,285,Jonah Kusi-Asare,Kusi-Asare,4,0.1,4.5,10,19,Home,2026-03-04T19:30:00Z,0,1,0,0,0,0,0,0,0,0,0,0,0.0,0.0,0.0,0.0,0,0.0,0.0,0.0,0.0,False,a,,,,,2526
738,37096,29,285,Lukasz Fabianski,Fabianski,1,0.0,4.5,19,10,Away,2026-03-04T19:30:00Z,1,0,0,0,0,0,0,0,0,0,0,0,0.0,0.0,0.0,0.0,0,0.0,0.0,0.0,0.0,False,d,Back injury - 25% chance of playing,,,,2526
739,590039,29,287,Divine Mukasa,Mukasa,3,0.0,4.4,13,16,Home,2026-03-04T19:30:00Z,2,2,0,0,0,0,0,0,0,0,0,0,0.0,0.0,0.0,0.0,0,0.0,0.0,0.0,0.0,False,u,has joined Leicester City on loan for the rest of the season.,,,,2526
740,566213,29,287,Stephen Mfuni,Mfuni,2,0.0,3.9,13,16,Home,2026-03-04T19:30:00Z,2,2,0,0,0,0,0,0,0,0,0,0,0.0,0.0,0.0,0.0,0,0.0,0.0,0.0,0.0,False,u,has joined Watford on loan for the rest of the season.,,,,2526
741,600882,29,286,Harry Gray,Gray,4,0.1,4.5,11,17,Home,2026-03-03T19:30:00Z,0,1,0,0,0,0,0,0,0,0,0,0,0.0,0.0,0.0,0.0,0,0.0,0.0,0.0,0.0,False,u,has joined Rotherham United on loan for the rest of the season.,,,,2526
742,616288,29,287,Ryan McAidoo,McAidoo,3,0.0,4.5,13,16,Home,2026-03-04T19:30:00Z,2,2,0,0,0,0,0,0,0,0,0,0,0.0,0.0,0.0,0.0,0,0.0,0.0,0.0,0.0,False,a,,,,,2526
743,611912,29,281,Landon Emenalo,Emenalo,3,0.0,4.5,7,2,Away,2026-03-04T19:30:00Z,4,1,0,0,0,0,0,0,0,0,0,0,0.0,0.0,0.0,0.0,0,0.0,0.0,0.0,0.0,False,a,,,,,2526
744,556637,29,283,Nehemiah Oriola,Oriola,3,0.0,4.5,6,1,Home,2026-03-04T19:30:00Z,0,1,0,0,0,0,0,0,0,0,0,0,0.0,0.0,0.0,0.0,0,0.0,0.0,0.0,0.0,False,a,,,,,2526
745,640419,29,289,Jun'ai Byfield,Byfield,2,0.0,4.0,18,8,Home,2026-03-05T20:00:00Z,1,3,0,0,0,0,0,0,0,0,0,0,0.0,0.0,0.0,0.0,0,0.0,0.0,0.0,0.0,False,a,,,,,2526
746,596042,29,290,Kieran Morrison,Morrison,3,0.0,4.5,12,20,Away,2026-03-03T20:15:00Z,1,2,0,0,0,0,0,0,0,0,0,0,0.0,0.0,0.0,0.0,0,0.0,0.0,0.0,0.0,False,a,,,,,2526
747,602903,29,285,Ezra Mayers,Mayers,2,0.0,4.0,19,10,Away,2026-03-04T19:30:00Z,1,0,0,0,0,0,0,0,0,0,0,0,0.0,0.0,0.0,0.0,0,0.0,0.0,0.0,0.0,False,a,,,,,2526
748,183656,29,282,Josh Dasilva,Dasilva,3,0.0,4.9,5,4,Away,2026-03-03T19:30:00Z,0,0,0,0,0,0,0,0,0,0,0,0,0.0,0.0,0.0,0.0,0,0.0,0.0,0.0,0.0,False,i,Lack of match fitness - Expected back 24 May,,,,2526
749,647671,29,290,Mateus Mané,Mané,4,2.2,4.5,20,12,Home,2026-03-03T20:15:00Z,2,1,69,0,0,1,0,0,0,0,3,2,0.0,0.01,0.01,1.19,4,0.1,0.0,1.3,2.0,False,a,,2.0,3.0,,2526
750,499716,29,289,James Rowswell,Rowswell,2,0.0,4.0,18,8,Home,2026-03-05T20:00:00Z,1,3,0,0,0,0,0,0,0,0,0,0,0.0,0.0,0.0,0.0,0,0.0,0.0,0.0,0.0,False,a,,,,,2526
751,590035,29,289,Yusuf Akhamrich,Akhamrich,3,0.0,4.5,18,8,Home,2026-03-05T20:00:00Z,1,3,0,0,0,0,0,0,0,0,0,0,0.0,0.0,0.0,0.0,0,0.0,0.0,0.0,0.0,False,u,has joined Bristol Rovers on loan for the rest of the season.,,,,2526
752,643473,29,285,Airidas Golambeckis,Golambeckis,2,0.0,4.0,19,10,Away,2026-03-04T19:30:00Z,1,0,0,0,0,0,0,0,0,0,0,0,0.0,0.0,0.0,0.0,0,0.0,0.0,0.0,0.0,False,a,,,,,2526
753,19236,29,288,John Ruddy,Ruddy,1,0.0,4.0,15,14,Home,2026-03-04T20:15:00Z,2,1,0,0,0,0,0,0,0,0,0,0,0.0,0.0,0.0,0.0,0,0.0,0.0,0.0,0.0,False,a,,,,,2526
754,577285,29,281,George Hemmings,George Hemmings,3,0.0,4.5,2,7,Home,2026-03-04T19:30:00Z,1,4,0,0,0,0,0,0,0,0,0,0,0.0,0.0,0.0,0.0,0,0.0,0.0,0.0,0.0,False,a,,,,,2526
755,576628,29,288,Shea Lacey,Lacey,3,0.0,4.5,14,15,Away,2026-03-04T20:15:00Z,1,2,0,0,0,0,0,0,0,0,0,0,0.0,0.0,0.0,0.0,0,0.0,0.0,0.0,0.0,False,a,,,,,2526
756,678552,29,282,Malcom DaCosta,DaCosta,3,0.0,4.5,4,5,Home,2026-03-03T19:30:00Z,0,0,0,0,0,0,0,0,0,0,0,0,0.0,0.0,0.0,0.0,0,0.0,0.0,0.0,0.0,False,a,,,,,2526
757,516875,29,281,Ronnie Hollingshead,Hollingshead,1,0.0,4.0,2,7,Home,2026-03-04T19:30:00Z,1,4,0,0,0,0,0,0,0,0,0,0,0.0,0.0,0.0,0.0,0,0.0,0.0,0.0,0.0,False,a,,,,,2526
758,630699,29,285,Mohamadou Kanté,Mohamadou Kanté,3,0.0,4.5,19,10,Away,2026-03-04T19:30:00Z,1,0,1,0,0,0,0,1,0,0,-1,0,0.0,0.0,0.0,0.0,1,0.0,0.0,0.1,0.0,False,a,,,,,2526
759,616065,29,283,Marli Salmon,Salmon,2,0.0,4.0,1,6,Away,2026-03-04T19:30:00Z,1,0,0,0,0,0,0,0,0,0,0,0,0.0,0.0,0.0,0.0,0,0.0,0.0,0.0,0.0,False,a,,,,,2526
760,519440,29,290,Wellity Lucky,Lucky,2,0.0,4.0,12,20,Away,2026-03-03T20:15:00Z,1,2,0,0,0,0,0,0,0,0,0,0,0.0,0.0,0.0,0.0,0,0.0,0.0,0.0,0.0,False,a,,,,,2526
761,604988,29,283,Freddie Simmonds,Simmonds,2,0.0,4.0,6,1,Home,2026-03-04T19:30:00Z,0,1,0,0,0,0,0,0,0,0,0,0,0.0,0.0,0.0,0.0,0,0.0,0.0,0.0,0.0,False,a,,,,,2526
762,672492,29,289,Joél Drakes-Thomas,Drakes-Thomas,3,0.0,4.5,8,18,Away,2026-03-05T20:00:00Z,3,1,0,0,0,0,0,0,0,0,0,0,0.0,0.0,0.0,0.0,0,0.0,0.0,0.0,0.0,False,a,,,,,2526
763,516234,29,287,Charlie Gray,Gray,3,0.0,4.5,13,16,Home,2026-03-04T19:30:00Z,2,2,0,0,0,0,0,0,0,0,0,0,0.0,0.0,0.0,0.0,0,0.0,0.0,0.0,0.0,False,a,,,,,2526
764,580921,29,287,Reigan Heskey,Heskey,3,0.0,4.5,13,16,Home,2026-03-04T19:30:00Z,2,2,0,0,0,0,0,0,0,0,0,0,0.0,0.0,0.0,0.0,0,0.0,0.0,0.0,0.0,False,a,,,,,2526
765,553746,29,288,Leo Shahar,Shahar,2,0.0,4.0,15,14,Home,2026-03-04T20:15:00Z,2,1,0,0,0,0,0,0,0,0,0,0,0.0,0.0,0.0,0.0,0,0.0,0.0,0.0,0.0,False,a,,,,,2526
766,601956,29,290,Saheed Olagunju,Olagunju,2,0.0,4.0,20,12,Home,2026-03-03T20:15:00Z,2,1,0,0,0,0,0,0,0,0,0,0,0.0,0.0,0.0,0.0,0,0.0,0.0,0.0,0.0,False,a,,,,,2526
767,605319,29,290,Luke Rawlings,Rawlings,3,0.0,4.5,20,12,Home,2026-03-03T20:15:00Z,2,1,0,0,0,0,0,0,0,0,0,0,0.0,0.0,0.0,0.0,0,0.0,0.0,0.0,0.0,False,a,,,,,2526
768,664015,29,281,Leon Routh,Leon Routh,2,0.0,4.0,2,7,Home,2026-03-04T19:30:00Z,1,4,0,0,0,0,0,0,0,0,0,0,0.0,0.0,0.0,0.0,0,0.0,0.0,0.0,0.0,False,a,,,,,2526
769,576620,29,288,Bendito Mantato,Bendito Mantato,3,0.0,4.5,14,15,Away,2026-03-04T20:15:00Z,1,2,0,0,0,0,0,0,0,0,0,0,0.0,0.0,0.0,0.0,0,0.0,0.0,0.0,0.0,False,a,,,,,2526
770,619536,29,285,Seth Ridgeon,Ridgeon,3,0.0,4.5,10,19,Home,2026-03-04T19:30:00Z,0,1,0,0,0,0,0,0,0,0,0,0,0.0,0.0,0.0,0.0,0,0.0,0.0,0.0,0.0,False,a,,,,,2526
771,519913,29,288,Tyler Fletcher,Fletcher,3,0.0,4.4,14,15,Away,2026-03-04T20:15:00Z,1,2,0,0,0,0,0,0,0,0,0,0,0.0,0.0,0.0,0.0,0,0.0,0.0,0.0,0.0,False,a,,,,,2526
772,666607,29,288,Sam Alabi,Alabi,3,0.0,4.5,15,14,Home,2026-03-04T20:15:00Z,2,1,0,0,0,0,0,0,0,0,0,0,0.0,0.0,0.0,0.0,0,0.0,0.0,0.0,0.0,False,a,,,,,2526
773,643426,29,289,Dean Benamar,Benamar,2,0.0,4.0,8,18,Away,2026-03-05T20:00:00Z,3,1,0,0,0,0,0,0,0,0,0,0,0.0,0.0,0.0,0.0,0,0.0,0.0,0.0,0.0,False,a,,,,,2526
774,232356,29,286,Jenson Jones,Jenson Jones,2,0.0,4.0,17,11,Away,2026-03-03T19:30:00Z,1,0,0,0,0,0,0,0,0,0,0,0,0.0,0.0,0.0,0.0,0,0.0,0.0,0.0,0.0,False,a,,,,,2526
775,604211,29,286,Tymur Tutierov,Tutierov,3,0.0,4.5,17,11,Away,2026-03-03T19:30:00Z,1,0,0,0,0,0,0,0,0,0,0,0,0.0,0.0,0.0,0.0,0,0.0,0.0,0.0,0.0,False,u,has joined Exeter City on loan for the rest of the season.,,,,2526
776,647960,29,284,Oliver Pimlott,Pimlott,3,0.0,4.5,3,9,Away,2026-03-03T19:30:00Z,0,2,0,0,0,0,0,0,0,0,0,0,0.0,0.0,0.0,0.0,0,0.0,0.0,0.0,0.0,False,a,,,,,2526
777,514362,29,290,Temple Ojinnaka,Ojinnaka,3,0.0,4.5,20,12,Home,2026-03-03T20:15:00Z,2,1,0,0,0,0,0,0,0,0,0,0,0.0,0.0,0.0,0.0,0,0.0,0.0,0.0,0.0,False,u,has joined Shrewsbury Town on loan for the rest of the season.,,,,2526
778,589121,29,290,Ethan Sutherland,Sutherland,3,0.0,4.5,20,12,Home,2026-03-03T20:15:00Z,2,1,0,0,0,0,0,0,0,0,0,0,0.0,0.0,0.0,0.0,0,0.0,0.0,0.0,0.0,False,a,,,,,2526
779,629068,29,284,Braiden Graham,Graham,4,0.0,4.5,9,3,Home,2026-03-03T19:30:00Z,2,0,0,0,0,0,0,0,0,0,0,0,0.0,0.0,0.0,0.0,0,0.0,0.0,0.0,0.0,False,a,,,,,2526
780,631106,29,289,Ben Casey,Casey,4,0.0,4.5,8,18,Away,2026-03-05T20:00:00Z,3,1,0,0,0,0,0,0,0,0,0,0,0.0,0.0,0.0,0.0,0,0.0,0.0,0.0,0.0,False,a,,,,,2526
781,618027,29,281,TJ Carroll,Carroll,2,0.0,4.0,2,7,Home,2026-03-04T19:30:00Z,1,4,0,0,0,0,0,0,0,0,0,0,0.0,0.0,0.0,0.0,0,0.0,0.0,0.0,0.0,False,a,,,,,2526
782,40383,29,282,Fraser Forster,Forster,1,0.0,4.0,4,5,Home,2026-03-03T19:30:00Z,0,0,0,0,0,0,0,0,0,0,0,0,0.0,0.0,0.0,0.0,0,0.0,0.0,0.0,0.0,False,a,,,,,2526
783,60307,29,283,Pascal Groß,Groß,3,0.1,5.5,6,1,Home,2026-03-04T19:30:00Z,0,1,90,0,0,0,1,0,0,0,15,2,0.0,0.08,0.08,0.47,6,2.2,12.0,7.7,2.0,False,a,,1.0,,,2526
784,704232,29,284,George Brierley,Brierley,3,0.0,4.5,3,9,Away,2026-03-03T19:30:00Z,0,2,0,0,0,0,0,0,0,0,0,0,0.0,0.0,0.0,0.0,0,0.0,0.0,0.0,0.0,False,a,,,,,2526
785,530335,29,285,Pablo Felipe Pereira de Jesus,Pablo,4,0.0,5.4,19,10,Away,2026-03-04T19:30:00Z,1,0,0,0,0,0,0,0,0,0,0,0,0.0,0.0,0.0,0.0,0,0.0,0.0,0.0,0.0,False,i,Calf injury - Unknown return date,,,,2526
786,505079,29,285,Alfie McNally,McNally,1,0.0,4.0,10,19,Home,2026-03-04T19:30:00Z,0,1,0,0,0,0,0,0,0,0,0,0,0.0,0.0,0.0,0.0,0,0.0,0.0,0.0,0.0,False,a,,,,,2526
787,565863,29,286,Sam Chambers,Chambers,3,0.0,4.4,11,17,Home,2026-03-03T19:30:00Z,0,1,0,0,0,0,0,0,0,0,0,0,0.0,0.0,0.0,0.0,0,0.0,0.0,0.0,0.0,False,a,,,,,2526
788,576637,29,288,Godwill Kukonki,Kukonki,2,0.0,4.0,14,15,Away,2026-03-04T20:15:00Z,1,2,0,0,0,0,0,0,0,0,0,0,0.0,0.0,0.0,0.0,0,0.0,0.0,0.0,0.0,False,a,,,,,2526
789,518335,29,281,Max Merrick,Merrick,1,0.0,4.0,7,2,Away,2026-03-04T19:30:00Z,4,1,0,0,0,0,0,0,0,0,0,0,0.0,0.0,0.0,0.0,0,0.0,0.0,0.0,0.0,False,a,,,,,2526
790,611917,29,289,Lucá Williams-Barnett,Williams-Barnett,3,0.0,4.5,18,8,Home,2026-03-05T20:00:00Z,1,3,0,0,0,0,0,0,0,0,0,0,0.0,0.0,0.0,0.0,0,0.0,0.0,0.0,0.0,False,a,,,,,2526
791,247670,29,285,Valentín Castellanos,Taty,4,0.1,5.5,19,10,Away,2026-03-04T19:30:00Z,1,0,87,0,0,1,0,0,0,0,13,2,0.1,0.04,0.14,0.84,3,6.4,11.8,33.3,19.0,False,a,,,,,2526
792,653481,29,281,Alysson Edward Franco da Rocha dos Santos,Alysson,3,0.0,5.0,2,7,Home,2026-03-04T19:30:00Z,1,4,27,0,0,0,1,0,0,0,2,1,0.05,0.01,0.06,1.34,2,0.4,0.0,2.0,4.0,False,a,,,,,2526
793,591384,29,289,George King,King,2,0.0,4.0,8,18,Away,2026-03-05T20:00:00Z,3,1,0,0,0,0,0,0,0,0,0,0,0.0,0.0,0.0,0.0,0,0.0,0.0,0.0,0.0,False,a,,,,,2526
794,494307,29,287,Max Alleyne,Alleyne,2,0.0,4.0,13,16,Home,2026-03-04T19:30:00Z,2,2,0,0,0,0,0,0,0,0,0,0,0.0,0.0,0.0,0.0,0,0.0,0.0,0.0,0.0,False,d,Knock - 75% chance of playing,,,,2526
795,597320,29,283,Harry Howell,Howell,3,0.0,4.5,6,1,Home,2026-03-04T19:30:00Z,0,1,13,0,0,0,0,0,0,0,2,1,0.0,0.0,0.0,0.04,3,0.4,3.0,0.7,0.0,False,a,,,,,2526
796,232787,29,289,Conor Gallagher,Gallagher,3,0.1,5.3,18,8,Home,2026-03-05T20:00:00Z,1,3,47,0,0,0,2,0,0,0,2,1,0.0,0.0,0.0,0.88,3,0.3,2.4,0.8,0.0,False,a,,,,,2526
797,593174,29,282,Kaye Furo,Furo,4,0.0,4.5,5,4,Away,2026-03-03T19:30:00Z,0,0,0,0,0,0,0,0,0,0,0,0,0.0,0.0,0.0,0.0,0,0.0,0.0,0.0,0.0,False,a,,,,,2526
798,502988,29,289,Danny Imray,Imray,2,0.0,4.0,8,18,Away,2026-03-05T20:00:00Z,3,1,0,0,0,0,0,0,0,0,0,0,0.0,0.0,0.0,0.0,0,0.0,0.0,0.0,0.0,False,u,has joined West Brom on loan for the rest of the season.,,,,2526
799,658013,29,282,Charlie Stevens,Stevens,3,0.0,4.5,4,5,Home,2026-03-03T19:30:00Z,0,0,0,0,0,0,0,0,0,0,0,0,0.0,0.0,0.0,0.0,0,0.0,0.0,0.0,0.0,False,a,,,,,2526
800,699989,29,286,Djiamgone Jocelin Ta Bi,Jocelin.T,3,0.0,5.0,17,11,Away,2026-03-03T19:30:00Z,1,0,0,0,0,0,0,0,0,0,0,0,0.0,0.0,0.0,0.0,0,0.0,0.0,0.0,0.0,False,i,Ankle injury - Expected back 22 Mar,1.0,,,2526
801,614574,29,282,Alex Tóth,Tóth.A,3,0.0,4.9,4,5,Home,2026-03-03T19:30:00Z,0,0,0,0,0,0,0,0,0,0,0,0,0.0,0.0,0.0,0.0,0,0.0,0.0,0.0,0.0,False,a,,,,,2526
802,572702,29,285,Keiber Lamadrid,Lamadrid,3,0.0,5.0,19,10,Away,2026-03-04T19:30:00Z,1,0,0,0,0,0,0,0,0,0,0,0,0.0,0.0,0.0,0.0,0,0.0,0.0,0.0,0.0,False,a,,,,,2526
803,499857,29,281,Teddy Sharman-Lowe,Sharman-Lowe,1,0.0,4.0,7,2,Away,2026-03-04T19:30:00Z,4,1,0,0,0,0,0,0,0,0,0,0,0.0,0.0,0.0,0.0,0,0.0,0.0,0.0,0.0,False,a,,,,,2526
804,616221,29,289,João Victor de Souza Menezes,Souza,2,0.0,4.0,18,8,Home,2026-03-05T20:00:00Z,1,3,42,0,0,0,1,1,0,0,-6,0,0.0,0.0,0.0,0.89,1,1.5,0.4,10.8,4.0,False,a,,,,,2526
805,469130,29,287,Lorenzo Lucca,Lucca,4,0.0,5.5,16,13,Away,2026-03-04T19:30:00Z,2,2,0,0,0,0,0,0,0,0,0,0,0.0,0.0,0.0,0.0,0,0.0,0.0,0.0,0.0,False,a,,,,,2526
806,436416,29,282,Christos Mandas,Mandas,1,0.0,4.0,4,5,Home,2026-03-03T19:30:00Z,0,0,0,0,0,0,0,0,0,0,0,0,0.0,0.0,0.0,0.0,0,0.0,0.0,0.0,0.0,False,a,,,,,2526
807,499604,29,282,Rayan Vitor Simplício Rocha,Rayan,3,2.6,5.6,4,5,Home,2026-03-03T19:30:00Z,0,0,73,0,0,1,0,0,0,0,8,3,0.0,0.04,0.04,0.17,8,1.9,8.2,5.1,6.0,False,a,,,,,2526
808,173879,29,281,Tammy Abraham,Abraham,4,0.3,6.0,2,7,Home,2026-03-04T19:30:00Z,1,4,19,0,0,0,0,0,0,0,1,1,0.25,0.0,0.25,0.37,1,0.8,0.2,1.3,6.0,False,a,,,,,2526
809,685628,29,290,Jerome Abbey,Abbey,3,0.0,4.5,20,12,Home,2026-03-03T20:15:00Z,2,1,0,0,0,0,0,0,0,0,0,0,0.0,0.0,0.0,0.0,0,0.0,0.0,0.0,0.0,False,a,,,,,2526
810,559610,29,282,Luka Bentt,Bentt,3,0.0,4.5,5,4,Away,2026-03-03T19:30:00Z,0,0,0,0,0,0,0,0,0,0,0,0,0.0,0.0,0.0,0.0,0,0.0,0.0,0.0,0.0,False,a,,,,,2526
811,536134,29,289,Rio Kyerematen,Kyerematen,3,0.0,4.5,18,8,Home,2026-03-05T20:00:00Z,1,3,0,0,0,0,0,0,0,0,0,0,0.0,0.0,0.0,0.0,0,0.0,0.0,0.0,0.0,False,a,,,,,2526
812,515046,29,286,Melker Ellborg,Ellborg,1,0.0,4.0,17,11,Away,2026-03-03T19:30:00Z,1,0,90,0,0,1,0,0,0,3,32,10,0.0,0.0,0.0,1.15,0,2.6,25.6,0.0,0.0,True,a,,,,,2526
813,536661,29,286,Nilson Angulo,Angulo,3,0.0,5.0,17,11,Away,2026-03-03T19:30:00Z,1,0,87,0,0,1,0,0,0,0,10,3,0.0,0.01,0.01,0.73,10,1.2,11.2,0.5,0.0,False,a,,,,,2526
814,470315,29,287,Luca Netz,Netz,2,0.0,4.5,16,13,Away,2026-03-04T19:30:00Z,2,2,0,0,0,0,0,0,0,0,0,0,0.0,0.0,0.0,0.0,0,0.0,0.0,0.0,0.0,False,a,,,,,2526
815,220362,29,285,Axel Disasi,Disasi,2,0.1,4.5,19,10,Away,2026-03-04T19:30:00Z,1,0,90,0,0,1,0,0,0,0,23,6,0.0,0.0,0.0,0.89,6,1.3,12.6,0.3,0.0,False,a,,,,,2526
816,209041,29,290,Angel Gomes,Angel,3,0.0,4.8,20,12,Home,2026-03-03T20:15:00Z,2,1,59,0,0,0,0,0,0,0,3,1,0.0,0.01,0.01,1.17,4,1.0,3.4,6.3,0.0,False,a,,,,,2526
817,155511,29,290,Adam Armstrong,Armstrong,4,0.1,5.3,20,12,Home,2026-03-03T20:15:00Z,2,1,59,0,0,0,0,0,0,0,5,1,0.0,0.0,0.0,1.17,5,0.9,6.2,0.6,2.0,False,a,,,,,2526
818,613232,29,289,James Wilson,Wilson,4,0.0,4.5,18,8,Home,2026-03-05T20:00:00Z,1,3,0,0,0,0,0,0,0,0,0,0,0.0,0.0,0.0,0.0,0,0.0,0.0,0.0,0.0,False,a,,,,,2526
819,494556,29,282,Ollie Shield,Shield,2,0.0,4.0,5,4,Away,2026-03-03T19:30:00Z,0,0,0,0,0,0,0,0,0,0,0,0,0.0,0.0,0.0,0.0,0,0.0,0.0,0.0,0.0,False,a,,,,,2526
820,644593,29,284,Kian McMahon-Brown,McMahon-Brown,3,0.0,4.5,3,9,Away,2026-03-03T19:30:00Z,0,2,0,0,0,0,0,0,0,0,0,0,0.0,0.0,0.0,0.0,0,0.0,0.0,0.0,0.0,False,a,,,,,2526
