player_id,player_code,gameweek,fixture_id,name,web_name,position_id,selected_by_percent,value,team_id,opponent_id,h_a,kickoff_time,team_score,opponent_score,minutes,goals_scored,assists,clean_sheets,goals_conceded,yellow_cards,red_cards,bonus,bps,total_points,xG,xA,xGI,xGC,DefCon,ict_index,influence,creativity,threat,in_dreamteam,status,news,corners_indirect_freekicks_order,direct_freekicks_order,penalties_order,season
1,154561,2,11,David Raya Martín,Raya,1,34.4,6.0,1,11,Home,2025-08-23T16:30:00Z,5,0,90,0,0,1,0,0,0,0,28,6,0.0,0.0,0.0,0.17,0,1.3,13.4,0.0,0.0,False,a,,,,,2526
2,109745,2,11,Kepa Arrizabalaga Revuelta,Arrizabalaga,1,0.4,4.1,1,11,Home,2025-08-23T16:30:00Z,5,0,0,0,0,0,0,0,0,0,0,0,0.0,0.0,0.0,0.0,0,0.0,0.0,0.0,0.0,False,a,,,,,2526
3,463748,2,11,Karl Hein,Hein,1,0.2,4.0,1,11,Home,2025-08-23T16:30:00Z,5,0,0,0,0,0,0,0,0,0,0,0,0.0,0.0,0.0,0.0,0,0.0,0.0,0.0,0.0,False,u,Has joined Werder Bremen on loan for the rest of the season.,,,,2526
4,551221,2,11,Tommy Setford,Setford,1,0.2,3.9,1,11,Home,2025-08-23T16:30:00Z,5,0,0,0,0,0,0,0,0,0,0,0,0.0,0.0,0.0,0.0,0,0.0,0.0,0.0,0.0,False,a,,,,,2526
5,226597,2,11,Gabriel dos Santos Magalhães,Gabriel,2,42.7,7.1,1,11,Home,2025-08-23T16:30:00Z,5,0,90,0,0,1,0,0,0,0,26,6,0.04,0.01,0.05,0.17,3,2.3,13.4,3.3,6.0,False,a,,,,,2526
6,462424,2,11,William Saliba,Saliba,2,13.7,6.1,1,11,Home,2025-08-23T16:30:00Z,5,0,90,0,0,1,0,0,0,0,27,6,0.0,0.01,0.01,0.17,5,2.3,18.4,2.1,2.0,False,a,,,,,2526
7,466075,2,11,Riccardo Calafiori,Calafiori,2,6.3,5.6,1,11,Home,2025-08-23T16:30:00Z,5,0,63,0,2,1,0,0,0,1,38,13,0.39,0.01,0.4,0.17,1,8.1,38.0,21.4,22.0,True,a,,,,,2526
8,445122,2,11,Jurriën Timber,J.Timber,2,28.7,6.4,1,11,Home,2025-08-23T16:30:00Z,5,0,63,2,1,1,0,0,0,3,68,24,0.81,0.05,0.86,0.17,6,19.9,95.0,28.5,75.0,True,a,,,,,2526
9,440854,2,11,Jakub Kiwior,Kiwior,2,0.0,5.4,1,11,Home,2025-08-23T16:30:00Z,5,0,0,0,0,0,0,0,0,0,0,0,0.0,0.0,0.0,0.0,0,0.0,0.0,0.0,0.0,False,u,has joined Porto on loan for the rest of the season.,,,,2526
10,499169,2,11,Myles Lewis-Skelly,Lewis-Skelly,2,1.4,5.1,1,11,Home,2025-08-23T16:30:00Z,5,0,26,0,0,0,0,0,0,0,7,1,0.0,0.0,0.0,0.0,1,0.8,4.2,3.7,0.0,False,a,,,,,2526
11,198869,2,11,Benjamin White,White,2,0.5,5.1,1,11,Home,2025-08-23T16:30:00Z,5,0,0,0,0,0,0,0,0,0,0,0,0.0,0.0,0.0,0.0,0,0.0,0.0,0.0,0.0,False,d,Knock - 75% chance of playing,,,,2526
12,206325,2,11,Oleksandr Zinchenko,Zinchenko,2,0.2,4.9,16,1,Away,2025-08-23T16:30:00Z,0,5,0,0,0,0,0,0,0,0,0,0,0.0,0.0,0.0,0.0,0,0.0,0.0,0.0,0.0,False,u,has joined Ajax permanently.,,,,2526
13,563324,2,11,Brayden Clarke,Clarke,2,0.4,3.8,1,11,Home,2025-08-23T16:30:00Z,5,0,0,0,0,0,0,0,0,0,0,0,0.0,0.0,0.0,0.0,0,0.0,0.0,0.0,0.0,False,a,,,,,2526
14,588793,2,11,Maldini Kacurri,Kacurri,2,0.1,3.9,1,11,Home,2025-08-23T16:30:00Z,5,0,0,0,0,0,0,0,0,0,0,0,0.0,0.0,0.0,0.0,0,0.0,0.0,0.0,0.0,False,u,has joined Morecambe on loan for the rest of the season.,,,,2526
15,499167,2,11,Josh Nichols,Nichols,2,0.2,3.7,1,11,Home,2025-08-23T16:30:00Z,5,0,0,0,0,0,0,0,0,0,0,0,0.0,0.0,0.0,0.0,0,0.0,0.0,0.0,0.0,False,a,,,,,2526
16,223340,2,11,Bukayo Saka,Saka,3,7.6,9.8,1,11,Home,2025-08-23T16:30:00Z,5,0,52,1,0,0,0,0,0,0,27,6,0.11,0.03,0.14,0.17,4,9.2,40.4,30.4,21.0,False,d,Knock - 75% chance of playing,2.0,2.0,1.0,2526
17,184029,2,11,Martin Ødegaard,Ødegaard,3,1.6,7.8,1,11,Home,2025-08-23T16:30:00Z,5,0,37,0,0,0,0,0,0,0,5,1,0.05,0.05,0.1,0.17,2,0.9,1.6,4.4,3.0,False,a,,4.0,,3.0,2526
18,248857,2,11,Noni Madueke,Madueke,3,1.3,6.8,1,11,Home,2025-08-23T16:30:00Z,5,0,63,0,0,1,0,0,0,0,10,3,0.0,0.09,0.09,0.17,3,4.3,5.6,26.9,10.0,False,a,,3.0,,,2526
19,444145,2,11,Gabriel Martinelli Silva,Martinelli,3,1.0,6.8,1,11,Home,2025-08-23T16:30:00Z,5,0,0,0,0,0,0,0,0,0,0,0,0.0,0.0,0.0,0.0,0,0.0,0.0,0.0,0.0,False,a,,,,,2526
20,116216,2,11,Leandro Trossard,Trossard,3,1.1,6.7,1,11,Home,2025-08-23T16:30:00Z,5,0,37,0,0,0,0,0,0,0,4,1,0.07,0.03,0.1,0.0,0,3.1,5.4,21.5,4.0,False,a,,,,4.0,2526
21,204480,2,11,Declan Rice,Rice,3,33.8,7.6,1,11,Home,2025-08-23T16:30:00Z,5,0,90,0,1,1,0,0,0,0,26,6,0.0,0.54,0.54,0.17,3,7.7,25.2,50.0,2.0,False,a,,1.0,1.0,,2526
22,195384,2,11,Mikel Merino Zazón,Merino,3,0.9,5.4,1,11,Home,2025-08-23T16:30:00Z,5,0,0,0,0,0,0,0,0,0,0,0,0.0,0.0,0.0,0.0,0,0.0,0.0,0.0,0.0,False,i,Foot injury - Unknown return date,,,,2526
23,438098,2,11,Fábio Ferreira Vieira,Fábio Vieira,3,0.0,5.4,1,11,Home,2025-08-23T16:30:00Z,5,0,0,0,0,0,0,0,0,0,0,0,0.0,0.0,0.0,0.0,0,0.0,0.0,0.0,0.0,False,u,has joined Hamburger on loan for the rest of the season.,,,,2526
24,128295,2,11,Christian Nørgaard,Nørgaard,3,0.1,5.1,1,11,Home,2025-08-23T16:30:00Z,5,0,0,0,0,0,0,0,0,0,0,0,0.0,0.0,0.0,0.0,0,0.0,0.0,0.0,0.0,False,a,,,,,2526
25,499175,2,11,Ethan Nwaneri,Nwaneri,3,0.1,5.0,1,11,Home,2025-08-23T16:30:00Z,5,0,52,0,0,0,0,0,0,0,3,1,0.02,0.01,0.03,0.0,4,1.2,5.6,1.8,5.0,False,u,has joined Marseille on loan for the rest of the season.,,,,2526
26,481655,2,11,Martín Zubimendi Ibáñez,Zubimendi,3,5.3,5.3,1,11,Home,2025-08-23T16:30:00Z,5,0,90,0,0,1,0,0,0,0,12,3,0.02,0.02,0.04,0.17,8,1.4,6.4,6.9,1.0,False,a,,,,,2526
27,200641,2,11,Reiss Nelson,Nelson,3,0.1,4.8,5,1,Away,2025-08-23T16:30:00Z,0,5,0,0,0,0,0,0,0,0,0,0,0.0,0.0,0.0,0.0,0,0.0,0.0,0.0,0.0,False,a,,,,,2526
28,588796,2,11,Ismeal Kabia,Kabia,3,0.1,4.5,1,11,Home,2025-08-23T16:30:00Z,5,0,0,0,0,0,0,0,0,0,0,0,0.0,0.0,0.0,0.0,0,0.0,0.0,0.0,0.0,False,u,has joined Shrewsbury Town on loan for the rest of the season.,,,,2526
29,437742,2,11,Albert Sambi Lokonga,Sambi,3,0.0,4.5,1,11,Home,2025-08-23T16:30:00Z,5,0,0,0,0,0,0,0,0,0,0,0,0.0,0.0,0.0,0.0,0,0.0,0.0,0.0,0.0,False,u,has joined Hamburger permanently.,,,,2526
30,219847,2,11,Kai Havertz,Havertz,4,0.6,7.3,1,11,Home,2025-08-23T16:30:00Z,5,0,0,0,0,0,0,0,0,0,0,0,0.0,0.0,0.0,0.0,0,0.0,0.0,0.0,0.0,False,d,Muscle injury - 75% chance of playing,,,,2526
31,205651,2,11,Gabriel Fernando de Jesus,G.Jesus,4,0.5,6.4,1,11,Home,2025-08-23T16:30:00Z,5,0,0,0,0,0,0,0,0,0,0,0,0.0,0.0,0.0,0.0,0,0.0,0.0,0.0,0.0,False,a,,,,,2526
32,98980,2,13,Emiliano Martínez Romero,Martinez,1,4.8,5.1,2,5,Away,2025-08-23T14:00:00Z,0,1,90,0,0,0,1,0,0,0,15,2,0.0,0.01,0.01,1.21,0,1.3,12.8,0.0,0.0,False,a,,,,,2526
33,72147,2,13,Marco Bizot,M.Bizot,1,0.4,4.2,2,5,Away,2025-08-23T14:00:00Z,0,1,0,0,0,0,0,0,0,0,0,0,0.0,0.0,0.0,0.0,0,0.0,0.0,0.0,0.0,False,a,,,,,2526
34,462492,2,13,Joe Gauci,Gauci,1,0.1,4.0,2,5,Away,2025-08-23T14:00:00Z,0,1,0,0,0,0,0,0,0,0,0,0,0.0,0.0,0.0,0.0,0,0.0,0.0,0.0,0.0,False,u,Has joined Port Vale on loan for the rest of the season.,,,,2526
35,462381,2,13,Filip Marschall,Marschall,1,0.0,4.0,2,5,Away,2025-08-23T14:00:00Z,0,1,0,0,0,0,0,0,0,0,0,0,0.0,0.0,0.0,0.0,0,0.0,0.0,0.0,0.0,False,u,Has joined Stevenage permanently.,,,,2526
36,199796,2,13,Matty Cash,Cash,2,11.1,4.9,2,5,Away,2025-08-23T14:00:00Z,0,1,90,0,0,0,1,0,0,0,18,2,0.0,0.23,0.23,1.21,6,5.0,20.4,25.4,4.0,False,a,,5.0,,,2526
37,101188,2,13,Lucas Digne,Digne,2,1.5,4.5,2,5,Away,2025-08-23T14:00:00Z,0,1,63,0,0,0,1,0,0,0,8,2,0.0,0.16,0.16,1.11,2,2.1,6.8,8.4,6.0,False,a,,,2.0,,2526
38,199798,2,13,Ezri Konsa Ngoyo,Konsa,2,8.2,4.4,2,5,Away,2025-08-23T14:00:00Z,0,1,0,0,0,0,0,0,0,0,0,0,0.0,0.0,0.0,0.0,0,0.0,0.0,0.0,0.0,False,a,,,,,2526
39,441302,2,13,Ian Maatsen,Maatsen,2,0.6,4.2,2,5,Away,2025-08-23T14:00:00Z,0,1,26,0,0,0,0,0,0,0,10,1,0.02,0.06,0.08,0.11,4,2.8,10.6,15.4,2.0,False,a,,,,,2526
40,149484,2,13,Tyrone Mings,Mings,2,0.7,4.3,2,5,Away,2025-08-23T14:00:00Z,0,1,90,0,0,0,1,0,0,0,12,2,0.11,0.03,0.14,1.21,5,4.5,17.6,12.3,15.0,False,a,,,,,2526
41,244954,2,13,Pau Torres,Pau,2,0.3,4.3,2,5,Away,2025-08-23T14:00:00Z,0,1,90,0,0,0,1,0,0,0,8,2,0.07,0.13,0.2,1.21,3,3.2,17.0,5.8,9.0,False,a,,,,,2526
42,606798,2,13,Andrés García,A.García,2,0.2,3.9,2,5,Away,2025-08-23T14:00:00Z,0,1,0,0,0,0,0,0,0,0,0,0,0.0,0.0,0.0,0.0,0,0.0,0.0,0.0,0.0,False,a,,,,,2526
43,106468,2,13,Álex Moreno Lopera,Alex Moreno,2,1.6,4.0,2,5,Away,2025-08-23T14:00:00Z,0,1,0,0,0,0,0,0,0,0,0,0,0.0,0.0,0.0,0.0,0,0.0,0.0,0.0,0.0,False,u,Has joined Girona permanently.,,,,2526
44,515597,2,13,Lamare Bogarde,Bogarde,2,0.6,4.0,2,5,Away,2025-08-23T14:00:00Z,0,1,16,0,0,0,0,1,0,0,-3,0,0.0,0.03,0.03,0.11,0,0.3,0.0,2.3,2.0,False,a,,,,,2526
45,514315,2,13,Lino da Cruz Sousa,Sousa,2,0.3,3.8,2,5,Away,2025-08-23T14:00:00Z,0,1,0,0,0,0,0,0,0,0,0,0,0.0,0.0,0.0,0.0,0,0.0,0.0,0.0,0.0,False,u,has joined Rotherham on loan for the rest of the season.,,,,2526
46,587178,2,13,Yasin Özcan,Yasin,2,0.1,4.0,2,5,Away,2025-08-23T14:00:00Z,0,1,0,0,0,0,0,0,0,0,0,0,0.0,0.0,0.0,0.0,0,0.0,0.0,0.0,0.0,False,u,has joined Anderlecht on loan for the rest of the season.,,,,2526
47,244850,2,13,Morgan Rogers,Rogers,3,31.5,7.7,2,5,Away,2025-08-23T14:00:00Z,0,1,90,0,0,0,1,0,0,0,3,2,0.1,0.12,0.22,1.21,1,4.3,4.4,21.3,17.0,False,a,,,1.0,,2526
48,166989,2,13,Youri Tielemans,Tielemans,3,0.6,5.9,2,5,Away,2025-08-23T14:00:00Z,0,1,90,0,0,0,1,0,0,0,13,2,0.04,0.29,0.33,1.21,3,7.4,11.2,50.8,12.0,False,i,Ankle injury - Expected back 11 Apr,3.0,,,2526
49,215711,2,13,Leon Bailey,Bailey,3,0.1,5.5,2,5,Away,2025-08-23T14:00:00Z,0,1,0,0,0,0,0,0,0,0,0,0,0.0,0.0,0.0,0.0,0,0.0,0.0,0.0,0.0,False,a,,2.0,,,2526
50,195546,2,13,Emiliano Buendía Stati,Buendía,3,0.6,5.3,2,5,Away,2025-08-23T14:00:00Z,0,1,58,0,0,0,0,0,0,0,1,1,0.2,0.2,0.4,0.28,3,2.2,0.8,12.2,9.0,False,a,,,6.0,2.0,2526
51,469247,2,13,Samuel Iling-Junior,Iling Jr,3,0.0,5.5,2,5,Away,2025-08-23T14:00:00Z,0,1,0,0,0,0,0,0,0,0,0,0,0.0,0.0,0.0,0.0,0,0.0,0.0,0.0,0.0,False,u,has joined Pisa on loan for the rest of the season.,,,,2526
52,232653,2,19,Jacob Ramsey,J.Ramsey,3,0.2,5.3,15,12,Home,2025-08-25T19:00:00Z,2,3,14,0,0,0,1,0,0,0,5,1,0.0,0.02,0.02,0.37,4,1.5,4.2,11.0,0.0,False,d,Hamstring injury - 75% chance of playing,,,,2526
53,204646,2,13,Donyell Malen,Malen,3,0.4,5.1,2,5,Away,2025-08-23T14:00:00Z,0,1,26,0,0,0,0,0,0,0,3,1,0.0,0.02,0.02,0.11,1,0.5,0.4,2.8,2.0,False,u,has joined Roma on loan for the rest of the season.,,,,2526
54,122806,2,13,John McGinn,McGinn,3,0.5,5.4,2,5,Away,2025-08-23T14:00:00Z,0,1,73,0,0,0,1,0,0,0,14,2,0.05,0.12,0.17,1.11,4,6.4,17.6,31.1,15.0,False,i,Knee injury - Expected back 21 Mar,,,,2526
55,88894,2,13,Ross Barkley,Barkley,3,0.0,4.8,2,5,Away,2025-08-23T14:00:00Z,0,1,0,0,0,0,0,0,0,0,0,0,0.0,0.0,0.0,0.0,0,0.0,0.0,0.0,0.0,False,a,,,,,2526
56,491287,2,13,Enzo Barrenechea,Barrenechea,3,0.0,5.0,2,5,Away,2025-08-23T14:00:00Z,0,1,0,0,0,0,0,0,0,0,0,0,0.0,0.0,0.0,0.0,0,0.0,0.0,0.0,0.0,False,u,Season-long loan to Benfica,,,,2526
57,461421,2,13,Lewis Dobbin,Dobbin,3,0.0,5.0,2,5,Away,2025-08-23T14:00:00Z,0,1,0,0,0,0,0,0,0,0,0,0,0.0,0.0,0.0,0.0,0,0.0,0.0,0.0,0.0,False,u,Has joined Preston North End on loan for the rest of the season.,,,,2526
58,226944,2,13,Boubacar Kamara,Kamara,3,0.2,4.9,2,5,Away,2025-08-23T14:00:00Z,0,1,15,0,0,0,1,0,0,0,5,1,0.0,0.0,0.0,0.83,1,0.4,1.6,0.8,2.0,False,i,Knee injury - Expected back 01 Jun,,,,2526
59,449871,2,13,Amadou Onana,Onana,3,0.7,4.8,2,5,Away,2025-08-23T14:00:00Z,0,1,63,0,0,0,1,1,0,0,10,1,0.23,0.04,0.27,1.11,9,3.4,14.6,3.2,16.0,False,a,,,,,2526
60,577731,2,13,Ben Broggio,Broggio,3,0.3,4.4,2,5,Away,2025-08-23T14:00:00Z,0,1,0,0,0,0,0,0,0,0,0,0,0.0,0.0,0.0,0.0,0,0.0,0.0,0.0,0.0,False,u,has joined Falkirk on loan for the rest of the season.,,,,2526
61,151589,2,13,Leander Dendoncker,Dendoncker,3,0.1,4.5,2,5,Away,2025-08-23T14:00:00Z,0,1,0,0,0,0,0,0,0,0,0,0,0.0,0.0,0.0,0.0,0,0.0,0.0,0.0,0.0,False,u,Has joined Real Oviedo permanently.,,,,2526
62,559962,2,13,Jamaldeen Jimoh-Aloba,Jimoh-Aloba,3,0.1,4.5,2,5,Away,2025-08-23T14:00:00Z,0,1,0,0,0,0,0,0,0,0,0,0,0.0,0.0,0.0,0.0,0,0.0,0.0,0.0,0.0,False,u,has joined West Brom on loan for the rest of the season.,,,,2526
63,537403,2,13,Kadan Young,Young,3,0.6,4.3,2,5,Away,2025-08-23T14:00:00Z,0,1,0,0,0,0,0,0,0,0,0,0,0.0,0.0,0.0,0.0,0,0.0,0.0,0.0,0.0,False,u,has joined Reading on loan for the rest of the season.,,,,2526
64,178301,2,13,Ollie Watkins,Watkins,4,9.0,8.6,2,5,Away,2025-08-23T14:00:00Z,0,1,90,0,0,0,1,0,0,0,6,2,0.37,0.08,0.45,1.21,4,3.8,1.8,14.1,22.0,False,a,,,,3.0,2526
65,576756,2,13,Zépiqueno Redmond,Redmond,4,0.3,4.5,2,5,Away,2025-08-23T14:00:00Z,0,1,0,0,0,0,0,0,0,0,0,0,0.0,0.0,0.0,0.0,0,0.0,0.0,0.0,0.0,False,u,has joined Huddersfield Town on loan for the rest of the season.,,,,2526
66,69752,2,12,Norberto Murara Neto,Neto,1,0.1,4.5,4,20,Home,2025-08-23T14:00:00Z,1,0,0,0,0,0,0,0,0,0,0,0,0.0,0.0,0.0,0.0,0,0.0,0.0,0.0,0.0,False,u,Has joined Botafogo permanently.,,,,2526
67,457569,2,12,Đorđe Petrović,Petrović,1,4.5,4.5,4,20,Home,2025-08-23T14:00:00Z,1,0,90,0,0,1,0,0,0,0,23,6,0.0,0.0,0.0,0.46,0,1.1,11.4,0.0,0.0,False,a,,,,,2526
68,444172,2,12,Will Dennis,Dennis,1,0.7,4.0,4,20,Home,2025-08-23T14:00:00Z,1,0,0,0,0,0,0,0,0,0,0,0,0.0,0.0,0.0,0.0,0,0.0,0.0,0.0,0.0,False,u,has joined Leyton Orient on loan for the rest of the season.,,,,2526
69,568791,2,12,Callan McKenna,McKenna,1,0.3,3.9,4,20,Home,2025-08-23T14:00:00Z,1,0,0,0,0,0,0,0,0,0,0,0,0.0,0.0,0.0,0.0,0,0.0,0.0,0.0,0.0,False,a,,,,,2526
70,495145,2,12,Alex Paulsen,Paulsen,1,0.1,4.0,4,20,Home,2025-08-23T14:00:00Z,1,0,0,0,0,0,0,0,0,0,0,0,0.0,0.0,0.0,0.0,0,0.0,0.0,0.0,0.0,False,u,Has joined Lechia Gdansk on loan for the rest of the season.,,,,2526
71,477580,2,12,Illia Zabarnyi,Zabarnyi,2,0.0,5.0,4,20,Home,2025-08-23T14:00:00Z,1,0,0,0,0,0,0,0,0,0,0,0,0.0,0.0,0.0,0.0,0,0.0,0.0,0.0,0.0,False,u,Has joined Paris Saint-Germain permanently.,,,,2526
72,221466,2,12,Marcos Senesi Barón,Senesi,2,15.9,4.9,4,20,Home,2025-08-23T14:00:00Z,1,0,90,0,0,1,0,0,0,1,31,9,0.0,0.01,0.01,0.46,14,2.8,25.0,0.9,2.0,False,a,,,,,2526
73,54469,2,12,Adam Smith,Smith,2,0.2,4.4,4,20,Home,2025-08-23T14:00:00Z,1,0,90,0,0,1,0,0,0,0,24,6,0.0,0.01,0.01,0.46,2,0.9,5.6,3.4,0.0,False,a,,,,,2526
74,494521,2,12,Adrien Truffert,Truffert,2,2.0,4.5,4,20,Home,2025-08-23T14:00:00Z,1,0,90,0,0,1,0,0,0,0,28,6,0.0,0.04,0.04,0.46,4,4.3,18.0,18.9,6.0,False,a,,,,,2526
75,541462,2,12,Matai Akinmboni,Akinmboni,2,0.2,3.8,4,20,Home,2025-08-23T14:00:00Z,1,0,0,0,0,0,0,0,0,0,0,0,0.0,0.0,0.0,0.0,0,0.0,0.0,0.0,0.0,False,d,Lack of match fitness - 75% chance of playing,,,,2526
76,518906,2,12,Owen Bevan,Bevan,2,0.2,3.8,4,20,Home,2025-08-23T14:00:00Z,1,0,0,0,0,0,0,0,0,0,0,0,0.0,0.0,0.0,0.0,0,0.0,0.0,0.0,0.0,False,a,,,,,2526
77,463981,2,12,James Hill,Hill,2,5.5,4.1,4,20,Home,2025-08-23T14:00:00Z,1,0,2,0,0,0,0,0,0,0,3,1,0.0,0.0,0.0,0.06,0,0.1,0.4,0.2,0.0,False,a,,,,,2526
78,436893,2,12,Julián Araujo Zúñiga,J.Araujo,2,0.5,3.8,4,20,Home,2025-08-23T14:00:00Z,1,0,0,0,0,0,0,0,0,0,0,0,0.0,0.0,0.0,0.0,0,0.0,0.0,0.0,0.0,False,u,has joined Celtic on loan for the rest of the season.,,,,2526
79,223911,2,12,Chris Mepham,Mepham,2,0.1,4.0,4,20,Home,2025-08-23T14:00:00Z,1,0,0,0,0,0,0,0,0,0,0,0,0.0,0.0,0.0,0.0,0,0.0,0.0,0.0,0.0,False,u,has joined West Bromwich Albion permanently.,,,,2526
80,575901,2,12,Julio Soler Barreto,Soler,2,0.2,4.0,4,20,Home,2025-08-23T14:00:00Z,1,0,0,0,0,0,0,0,0,0,0,0,0.0,0.0,0.0,0.0,0,0.0,0.0,0.0,0.0,False,i,Hamstring injury - Expected back 01 Jun,,,,2526
81,222683,2,12,Justin Kluivert,Kluivert,3,0.6,7.0,4,20,Home,2025-08-23T14:00:00Z,1,0,12,0,0,0,0,0,0,0,1,1,0.11,0.01,0.12,0.06,0,1.8,0.0,11.3,7.0,False,i,Knee injury - Expected back 09 May,,3.0,1.0,2526
82,437730,2,12,Antoine Semenyo,Semenyo,3,52.6,8.1,13,4,Away,2025-08-23T14:00:00Z,0,1,90,0,1,1,0,0,0,0,11,6,0.68,0.07,0.75,0.46,5,10.1,20.2,36.0,45.0,False,a,,,,,2526
83,533463,2,13,Dango Ouattara,O.Dango,3,1.7,5.9,5,2,Home,2025-08-23T14:00:00Z,1,0,83,1,0,1,0,0,0,3,33,13,0.77,0.02,0.79,1.1,15,11.0,50.4,3.7,56.0,True,a,,3.0,,,2526
84,201658,2,12,Marcus Tavernier,Tavernier,3,1.1,5.3,4,20,Home,2025-08-23T14:00:00Z,1,0,77,1,0,1,0,0,0,3,36,11,0.19,0.21,0.4,0.41,4,7.5,42.8,4.5,28.0,True,a,,2.0,2.0,4.0,2526
85,200785,2,12,Tyler Adams,Adams,3,0.3,4.9,4,20,Home,2025-08-23T14:00:00Z,1,0,87,0,0,1,0,1,0,0,17,2,0.03,0.01,0.04,0.41,9,3.3,20.2,5.3,7.0,False,a,,,,,2526
86,111317,2,12,David Brooks,Brooks,3,0.2,5.0,4,20,Home,2025-08-23T14:00:00Z,1,0,66,0,0,1,0,0,0,0,11,3,0.17,0.67,0.84,0.41,4,4.7,8.2,24.2,15.0,False,a,,,4.0,,2526
87,158499,2,12,Ryan Christie,Christie,3,0.1,4.9,4,20,Home,2025-08-23T14:00:00Z,1,0,24,0,0,0,0,0,0,0,3,1,0.06,0.02,0.08,0.06,2,2.3,4.4,13.1,5.0,False,a,,,,,2526
88,155408,2,12,Lewis Cook,Cook,3,0.1,4.9,4,20,Home,2025-08-23T14:00:00Z,1,0,0,0,0,0,0,0,0,0,0,0,0.0,0.0,0.0,0.0,0,0.0,0.0,0.0,0.0,False,d,Hamstring injury - 25% chance of playing,1.0,,,2526
89,168991,2,12,Philip Billing,Philip,3,0.0,4.9,4,20,Home,2025-08-23T14:00:00Z,1,0,0,0,0,0,0,0,0,0,0,0,0.0,0.0,0.0,0.0,0,0.0,0.0,0.0,0.0,False,u,has joined Midtjylland permanently.,,,,2526
90,503139,2,12,Alex Scott,Scott,3,1.1,5.0,4,20,Home,2025-08-23T14:00:00Z,1,0,65,0,0,1,0,1,0,0,10,2,0.05,0.03,0.08,0.41,6,2.6,7.4,13.9,5.0,False,a,,4.0,6.0,,2526
91,224995,2,12,Luis Sinisterra Lucumí,Sinisterra,3,0.0,5.0,4,20,Home,2025-08-23T14:00:00Z,1,0,0,0,0,0,0,0,0,0,0,0,0.0,0.0,0.0,0.0,0,0.0,0.0,0.0,0.0,False,u,has joined Cruzeiro on loan for the rest of the season.,,,,2526
92,441240,2,12,Romain Faivre,Faivre,3,0.1,4.5,4,20,Home,2025-08-23T14:00:00Z,1,0,0,0,0,0,0,0,0,0,0,0,0.0,0.0,0.0,0.0,0,0.0,0.0,0.0,0.0,False,u,has joined Auxerre permanently.,,,,2526
93,424044,2,12,Hamed Traorè,H.Traorè,3,0.3,4.5,4,20,Home,2025-08-23T14:00:00Z,1,0,0,0,0,0,0,0,0,0,0,0,0.0,0.0,0.0,0.0,0,0.0,0.0,0.0,0.0,False,u,has joined Marseille on loan for the rest of the season.,,,,2526
94,550596,2,12,Dominic Sadi,Sadi,3,0.0,4.5,4,20,Home,2025-08-23T14:00:00Z,1,0,0,0,0,0,0,0,0,0,0,0,0.0,0.0,0.0,0.0,0,0.0,0.0,0.0,0.0,False,u,has joined Novi Pazar on loan for the rest of the season.,,,,2526
95,530121,2,12,Zain Silcott-Duberry,Silcott-Duberry,3,0.1,4.4,4,20,Home,2025-08-23T14:00:00Z,1,0,0,0,0,0,0,0,0,0,0,0,0.0,0.0,0.0,0.0,0,0.0,0.0,0.0,0.0,False,u,has joined Olympiakos permanently.,,,,2526
96,606775,2,12,Ben Winterburn,Winterburn,3,0.0,4.5,4,20,Home,2025-08-23T14:00:00Z,1,0,0,0,0,0,0,0,0,0,0,0,0.0,0.0,0.0,0.0,0,0.0,0.0,0.0,0.0,False,u,has joined Barnet on loan for the rest of the season.,,,,2526
97,444102,2,12,Francisco Evanilson de Lima Barbosa,Evanilson,4,2.6,6.9,4,20,Home,2025-08-23T14:00:00Z,1,0,87,0,0,1,0,0,0,0,13,2,0.0,0.02,0.02,0.41,1,5.6,6.4,45.5,4.0,False,a,,,,,2526
98,168636,2,12,Enes Ünal,Enes Ünal,4,0.0,5.4,4,20,Home,2025-08-23T14:00:00Z,1,0,0,0,0,0,0,0,0,0,0,0,0.0,0.0,0.0,0.0,0,0.0,0.0,0.0,0.0,False,a,,,1.0,,2526
99,590760,2,12,Daniel Adu-Adjei,Adu-Adjei,4,0.1,4.4,4,20,Home,2025-08-23T14:00:00Z,1,0,0,0,0,0,0,0,0,0,0,0,0.0,0.0,0.0,0.0,0,0.0,0.0,0.0,0.0,False,u,has joined HNK Rijeka permanently.,,,,2526
100,560262,2,12,Junior Kroupi,Kroupi.Jr,4,7.3,4.7,4,20,Home,2025-08-23T14:00:00Z,1,0,2,0,0,0,0,0,0,0,3,1,0.0,0.0,0.0,0.06,0,0.2,0.0,0.0,2.0,False,a,,,,,2526
101,200720,2,13,Caoimhín Kelleher,Kelleher,1,11.3,4.7,5,2,Home,2025-08-23T14:00:00Z,1,0,90,0,0,1,0,1,0,0,21,5,0.0,0.01,0.01,1.19,0,1.0,10.0,0.0,0.0,False,a,,,,,2526
102,235448,2,13,Ellery Balcombe,Balcombe,1,0.3,3.9,5,2,Home,2025-08-23T14:00:00Z,1,0,0,0,0,0,0,0,0,0,0,0,0.0,0.0,0.0,0.0,0,0.0,0.0,0.0,0.0,False,a,,,,,2526
103,503300,2,13,Matthew Cox,Cox,1,0.1,3.9,5,2,Home,2025-08-23T14:00:00Z,1,0,0,0,0,0,0,0,0,0,0,0,0.0,0.0,0.0,0.0,0,0.0,0.0,0.0,0.0,False,u,has joined Shrewsbury Town on loan for the rest of the season.,,,,2526
104,535017,2,13,Julian Eyestone,Eyestone,1,0.1,3.9,5,2,Home,2025-08-23T14:00:00Z,1,0,0,0,0,0,0,0,0,0,0,0,0.0,0.0,0.0,0.0,0,0.0,0.0,0.0,0.0,False,a,,,,,2526
105,507433,2,13,Hákon Rafn Valdimarsson,Valdimarsson,1,0.6,3.9,5,2,Home,2025-08-23T14:00:00Z,1,0,0,0,0,0,0,0,0,0,0,0,0.0,0.0,0.0,0.0,0,0.0,0.0,0.0,0.0,False,a,,,,,2526
106,432830,2,13,Nathan Collins,Collins,2,2.9,5.0,5,2,Home,2025-08-23T14:00:00Z,1,0,90,0,0,1,0,0,0,1,25,9,0.0,0.01,0.01,1.19,13,2.7,20.8,0.3,6.0,False,a,,,,,2526
107,249231,2,13,Keane Lewis-Potter,Lewis-Potter,2,1.7,4.8,5,2,Home,2025-08-23T14:00:00Z,1,0,90,0,0,1,0,0,0,0,24,6,0.0,0.0,0.0,1.19,4,1.1,8.0,0.8,2.0,False,a,,,1.0,,2526
108,191866,2,13,Kristoffer Ajer,Ajer,2,0.2,4.4,5,2,Home,2025-08-23T14:00:00Z,1,0,5,0,0,0,0,0,0,0,3,1,0.0,0.0,0.0,0.1,1,0.2,1.4,0.1,0.0,False,a,,,,,2526
109,194010,2,13,Rico Henry,Henry,2,0.2,4.3,5,2,Home,2025-08-23T14:00:00Z,1,0,6,0,0,0,0,0,0,0,3,1,0.0,0.0,0.0,0.1,1,0.2,2.0,0.0,0.0,False,a,,,,,2526
110,607464,2,13,Michael Kayode,Kayode,2,0.7,4.5,5,2,Home,2025-08-23T14:00:00Z,1,0,84,0,0,1,0,0,0,2,27,10,0.0,0.01,0.01,1.1,11,3.5,32.4,0.5,2.0,False,d,Knock - 75% chance of playing,,,,2526
111,231065,2,13,Ethan Pinnock,Pinnock,2,0.1,4.2,5,2,Home,2025-08-23T14:00:00Z,1,0,0,0,0,0,0,0,0,0,0,0,0.0,0.0,0.0,0.0,0,0.0,0.0,0.0,0.0,False,a,,,,,2526
112,226956,2,13,Mads Roerslev Rasmussen,Roerslev,2,0.0,4.5,5,2,Home,2025-08-23T14:00:00Z,1,0,0,0,0,0,0,0,0,0,0,0,0.0,0.0,0.0,0.0,0,0.0,0.0,0.0,0.0,False,u,Has joined Southampton permanently.,,,,2526
113,444765,2,13,Sepp van den Berg,Van den Berg,2,0.8,4.5,5,2,Home,2025-08-23T14:00:00Z,1,0,90,0,0,1,0,0,0,0,23,8,0.0,0.0,0.0,1.19,12,2.8,28.0,0.3,0.0,False,a,,,,,2526
114,622536,2,13,Benjamin Arthur,Arthur,2,0.2,3.8,5,2,Home,2025-08-23T14:00:00Z,1,0,0,0,0,0,0,0,0,0,0,0,0.0,0.0,0.0,0.0,0,0.0,0.0,0.0,0.0,False,u,has joined Celtic on loan for the rest of the season.,,,,2526
115,612534,2,13,Benjamin Fredrick,Fredrick,2,0.1,4.0,5,2,Home,2025-08-23T14:00:00Z,1,0,0,0,0,0,0,0,0,0,0,0,0.0,0.0,0.0,0.0,0,0.0,0.0,0.0,0.0,False,u,has joined Dender on loan for the rest of the season.,,,,2526
116,472713,2,13,Aaron Hickey,Hickey,2,0.4,4.0,5,2,Home,2025-08-23T14:00:00Z,1,0,11,0,0,0,0,0,0,0,5,1,0.0,0.0,0.0,0.24,2,0.4,4.0,0.1,0.0,False,d,Knock - 75% chance of playing,,,,2526
117,570241,2,13,Kim Ji-soo,Ji-soo,2,0.1,3.9,5,2,Home,2025-08-23T14:00:00Z,1,0,0,0,0,0,0,0,0,0,0,0,0.0,0.0,0.0,0.0,0,0.0,0.0,0.0,0.0,False,u,has joined Kaiserslautern on loan for the rest of the season.,,,,2526
118,499717,2,13,Jayden Meghoma,Meghoma,2,0.0,4.0,5,2,Home,2025-08-23T14:00:00Z,1,0,0,0,0,0,0,0,0,0,0,0,0.0,0.0,0.0,0.0,0,0.0,0.0,0.0,0.0,False,u,Has joined Rangers on loan for the rest of the season.,,,,2526
119,446008,2,17,Bryan Mbeumo,Mbeumo,3,23.3,8.7,14,10,Away,2025-08-24T15:30:00Z,1,1,90,0,0,0,1,0,0,0,8,2,0.0,0.31,0.31,1.76,2,5.8,6.2,43.7,8.0,False,a,,2.0,2.0,,2526
120,513418,2,13,Kevin Schade,Schade,3,1.2,6.9,5,2,Home,2025-08-23T14:00:00Z,1,0,78,0,0,1,0,0,0,0,13,3,0.1,0.02,0.12,0.95,10,4.3,16.4,17.3,9.0,False,a,,,,3.0,2526
121,440089,2,13,Mikkel Damsgaard,Damsgaard,3,0.4,5.6,5,2,Home,2025-08-23T14:00:00Z,1,0,90,0,0,1,0,0,0,0,18,5,0.06,0.24,0.3,1.19,15,8.5,27.8,43.2,14.0,False,a,,,3.0,,2526
122,543295,2,13,Antoni Milambo,Milambo,3,0.0,5.2,5,2,Home,2025-08-23T14:00:00Z,1,0,0,0,0,0,0,0,0,0,0,0,0.0,0.0,0.0,0.0,0,0.0,0.0,0.0,0.0,False,i,Knee injury - Expected back 01 Jun,,,,2526
123,244858,2,13,Fábio Freitas Gouveia Carvalho,Carvalho,3,0.1,4.7,5,2,Home,2025-08-23T14:00:00Z,1,0,0,0,0,0,0,0,0,0,0,0,0.0,0.0,0.0,0.0,0,0.0,0.0,0.0,0.0,False,i,Knee injury - Expected back 01 Jun,,,4.0,2526
124,56979,2,13,Jordan Henderson,Henderson,3,0.3,5.0,5,2,Home,2025-08-23T14:00:00Z,1,0,68,0,0,1,0,0,0,0,8,3,0.03,0.0,0.03,0.88,9,1.7,9.8,2.3,5.0,False,a,,,,,2526
125,204580,2,13,Vitaly Janelt,Janelt,3,0.3,4.9,5,2,Home,2025-08-23T14:00:00Z,1,0,0,0,0,0,0,0,0,0,0,0,0.0,0.0,0.0,0.0,0,0.0,0.0,0.0,0.0,False,a,,2.0,,,2526
126,207283,2,13,Mathias Jensen,Jensen,3,0.1,4.9,5,2,Home,2025-08-23T14:00:00Z,1,0,11,0,0,0,0,0,0,0,5,1,0.0,0.01,0.01,0.24,3,0.4,3.4,0.3,0.0,False,a,,1.0,2.0,5.0,2526
127,626464,2,13,Gustavo Nunes Fernandes Gomes,Nunes,3,0.0,4.9,5,2,Home,2025-08-23T14:00:00Z,1,0,0,0,0,0,0,0,0,0,0,0,0.0,0.0,0.0,0.0,0,0.0,0.0,0.0,0.0,False,u,has joined Swansea City on loan for the rest of the season.,,,,2526
128,428580,2,13,Frank Onyeka,Onyeka,3,0.0,4.8,5,2,Home,2025-08-23T14:00:00Z,1,0,21,0,0,0,0,0,0,0,6,1,0.0,0.0,0.0,0.31,4,0.4,3.4,0.2,0.0,False,u,has joined Coventry City on loan for the rest of the season.,,,,2526
129,508395,2,13,Yehor Yarmoliuk,Yarmoliuk,3,0.1,5.0,5,2,Home,2025-08-23T14:00:00Z,1,0,78,0,0,1,0,0,0,0,15,5,0.03,0.01,0.04,0.95,15,2.5,18.4,5.4,1.0,False,a,,,,,2526
130,606689,2,13,Romelle Donovan,Donovan,3,0.1,4.4,5,2,Home,2025-08-23T14:00:00Z,1,0,0,0,0,0,0,0,0,0,0,0,0.0,0.0,0.0,0.0,0,0.0,0.0,0.0,0.0,False,a,,,,,2526
131,628204,2,13,Yunus Emre Konak,Konak,3,0.2,4.3,5,2,Home,2025-08-23T14:00:00Z,1,0,0,0,0,0,0,0,0,0,0,0,0.0,0.0,0.0,0.0,0,0.0,0.0,0.0,0.0,False,u,has joined Oxford United on loan for the rest of the season.,,,,2526
132,220695,2,13,Paris Maghoma,Maghoma,3,0.0,4.5,5,2,Home,2025-08-23T14:00:00Z,1,0,0,0,0,0,0,0,0,0,0,0,0.0,0.0,0.0,0.0,0,0.0,0.0,0.0,0.0,False,u,has joined Norwich City permanently.,,,,2526
133,450539,2,13,Myles Peart-Harris,Peart-Harris,3,0.0,4.4,5,2,Home,2025-08-23T14:00:00Z,1,0,0,0,0,0,0,0,0,0,0,0,0.0,0.0,0.0,0.0,0,0.0,0.0,0.0,0.0,False,u,has joined Oxford United permanently.,,,,2526
134,591357,2,13,Ryan Trevitt,Trevitt,3,0.0,4.5,5,2,Home,2025-08-23T14:00:00Z,1,0,0,0,0,0,0,0,0,0,0,0,0.0,0.0,0.0,0.0,0,0.0,0.0,0.0,0.0,False,u,Has joined Wigan on loan for the rest of the season,,,,2526
135,216646,2,13,Yoane Wissa,Wissa,4,0.6,7.3,15,5,Away,2025-08-23T14:00:00Z,0,1,0,0,0,0,0,0,0,0,0,0,0.0,0.0,0.0,0.0,0,0.0,0.0,0.0,0.0,False,a,,,,,2526
136,502500,2,13,Igor Thiago Nascimento Rodrigues,Thiago,4,32.4,7.1,5,2,Home,2025-08-23T14:00:00Z,1,0,90,0,0,1,0,0,0,0,4,2,0.22,0.01,0.23,1.19,8,3.8,4.6,16.3,17.0,False,a,,,,2.0,2526
137,533710,2,13,Iwan Morgan,Morgan,4,0.3,4.4,5,2,Home,2025-08-23T14:00:00Z,1,0,0,0,0,0,0,0,0,0,0,0,0.0,0.0,0.0,0.0,0,0.0,0.0,0.0,0.0,False,u,has joined Shrewsbury on loan for the rest of the season.,,,,2526
138,49262,2,16,Jason Steele,Steele,1,0.2,4.2,6,9,Away,2025-08-24T13:00:00Z,0,2,0,0,0,0,0,0,0,0,0,0,0.0,0.0,0.0,0.0,0,0.0,0.0,0.0,0.0,False,a,,,,,2526
139,489639,2,16,Bart Verbruggen,Verbruggen,1,5.5,4.5,6,9,Away,2025-08-24T13:00:00Z,0,2,90,0,0,0,2,0,0,0,5,1,0.0,0.0,0.0,1.6,0,2.0,10.2,10.0,0.0,False,a,,,,,2526
140,209288,2,16,Tom McGill,McGill,1,0.3,3.9,6,9,Away,2025-08-24T13:00:00Z,0,2,0,0,0,0,0,0,0,0,0,0,0.0,0.0,0.0,0.0,0,0.0,0.0,0.0,0.0,False,a,,,,,2526
141,472739,2,16,Carl Rushworth,Rushworth,1,0.0,4.0,6,9,Away,2025-08-24T13:00:00Z,0,2,0,0,0,0,0,0,0,0,0,0,0.0,0.0,0.0,0.0,0,0.0,0.0,0.0,0.0,False,u,Has joined Coventry City on loan for the rest of the season.,,,,2526
142,240514,2,16,Kjell Scherpen,Scherpen,1,0.0,4.0,6,9,Away,2025-08-24T13:00:00Z,0,2,0,0,0,0,0,0,0,0,0,0,0.0,0.0,0.0,0.0,0,0.0,0.0,0.0,0.0,False,u,Has joined Union SG permanently,,,,2526
143,204120,2,16,Olivier Boscagli,Boscagli,2,0.1,4.2,6,9,Away,2025-08-24T13:00:00Z,0,2,0,0,0,0,0,0,0,0,0,0,0.0,0.0,0.0,0.0,0,0.0,0.0,0.0,0.0,False,a,,,,,2526
144,550090,2,16,Diego Coppola,Coppola,2,0.0,4.2,6,9,Away,2025-08-24T13:00:00Z,0,2,0,0,0,0,0,0,0,0,0,0,0.0,0.0,0.0,0.0,0,0.0,0.0,0.0,0.0,False,u,has joined Paris FC on loan for the rest of the season.,,,,2526
145,465730,2,16,Maxim De Cuyper,De Cuyper,2,1.8,4.3,6,9,Away,2025-08-24T13:00:00Z,0,2,66,0,0,0,2,1,0,0,2,0,0.0,0.02,0.02,1.2,5,1.0,4.8,1.0,4.0,False,a,,3.0,1.0,,2526
146,83299,2,16,Lewis Dunk,Dunk,2,1.0,4.5,6,9,Away,2025-08-24T13:00:00Z,0,2,90,0,0,0,2,0,0,0,11,1,0.0,0.0,0.0,1.6,8,1.7,16.0,0.6,0.0,False,a,,,3.0,,2526
147,204214,2,16,Pervis Estupiñán Tenorio,Estupiñan,2,0.0,4.5,6,9,Away,2025-08-24T13:00:00Z,0,2,0,0,0,0,0,0,0,0,0,0,0.0,0.0,0.0,0.0,0,0.0,0.0,0.0,0.0,False,u,Has joined AC Milan permanently,,,,2526
148,231416,2,16,Ferdi Kadıoğlu,F.Kadıoğlu,2,0.3,4.4,6,9,Away,2025-08-24T13:00:00Z,0,2,23,0,0,0,0,1,0,0,-1,0,0.0,0.0,0.0,0.4,1,0.2,0.0,2.2,0.0,False,a,,,,,2526
149,223434,2,16,Igor Julio dos Santos de Paulo,Igor,2,0.1,4.5,6,9,Away,2025-08-24T13:00:00Z,0,2,0,0,0,0,0,0,0,0,0,0,0.0,0.0,0.0,0.0,0,0.0,0.0,0.0,0.0,False,a,,,,,2526
150,232792,2,16,Tariq Lamptey,Lamptey,2,0.1,4.4,6,9,Away,2025-08-24T13:00:00Z,0,2,0,0,0,0,0,0,0,0,0,0,0.0,0.0,0.0,0.0,0,0.0,0.0,0.0,0.0,False,u,has joined Fiorentina permanently.,,,,2526
151,469142,2,16,Jan Paul van Hecke,Van Hecke,2,3.7,4.4,6,9,Away,2025-08-24T13:00:00Z,0,2,90,0,0,0,2,0,0,0,5,1,0.01,0.01,0.02,1.6,6,2.4,18.6,0.9,4.0,False,a,,,,,2526
152,111478,2,16,Joël Veltman,Veltman,2,0.1,4.3,6,9,Away,2025-08-24T13:00:00Z,0,2,0,0,0,0,0,0,0,0,0,0,0.0,0.0,0.0,0.0,0,0.0,0.0,0.0,0.0,False,a,,,,,2526
153,110735,2,16,Adam Webster,Webster,2,0.0,4.4,6,9,Away,2025-08-24T13:00:00Z,0,2,0,0,0,0,0,0,0,0,0,0,0.0,0.0,0.0,0.0,0,0.0,0.0,0.0,0.0,False,i,Knee injury - Unknown return date,,,,2526
154,439135,2,16,Eiran Cashin,Cashin,2,0.0,4.0,6,9,Away,2025-08-24T13:00:00Z,0,2,0,0,0,0,0,0,0,0,0,0,0.0,0.0,0.0,0.0,0,0.0,0.0,0.0,0.0,False,u,has joined Blackburn Rovers on loan for the rest of the season.,,,,2526
155,589100,2,16,Jacob Slater,Slater,2,0.1,4.0,6,9,Away,2025-08-24T13:00:00Z,0,2,0,0,0,0,0,0,0,0,0,0,0.0,0.0,0.0,0.0,0,0.0,0.0,0.0,0.0,False,u,has joined Harrogate Town on loan until January.,,,,2526
156,547720,2,16,Charlie Tasker,Tasker,2,0.2,3.8,6,9,Away,2025-08-24T13:00:00Z,0,2,0,0,0,0,0,0,0,0,0,0,0.0,0.0,0.0,0.0,0,0.0,0.0,0.0,0.0,False,a,,,,,2526
157,451340,2,16,Mitoma Kaoru,Mitoma,3,2.0,6.1,6,9,Away,2025-08-24T13:00:00Z,0,2,90,0,0,0,2,0,0,0,8,2,0.15,0.09,0.24,1.6,5,6.5,12.0,42.8,10.0,False,a,,,,,2526
158,463067,2,16,Georginio Rutter,Georginio,3,0.3,5.6,6,9,Away,2025-08-24T13:00:00Z,0,2,0,0,0,0,0,0,0,0,0,0,0.0,0.0,0.0,0.0,0,0.0,0.0,0.0,0.0,False,a,,,,,2526
159,109345,2,16,Solly March,March,3,0.0,5.8,6,9,Away,2025-08-24T13:00:00Z,0,2,0,0,0,0,0,0,0,0,0,0,0.0,0.0,0.0,0.0,0,0.0,0.0,0.0,0.0,False,d,Lack of match fitness - 75% chance of playing,,,,2526
160,592031,2,16,Yankuba Minteh,Minteh,3,2.0,5.6,6,9,Away,2025-08-24T13:00:00Z,0,2,90,0,0,0,2,0,0,0,14,2,0.08,0.55,0.63,1.6,7,8.8,16.2,42.4,29.0,False,a,,,,,2526
161,474120,2,16,Julio Enciso Espínola,Enciso,3,0.0,5.4,6,9,Away,2025-08-24T13:00:00Z,0,2,0,0,0,0,0,0,0,0,0,0,0.0,0.0,0.0,0.0,0,0.0,0.0,0.0,0.0,False,u,has joined Strasbourg permanently.,,,,2526
162,513433,2,16,Brajan Gruda,Gruda,3,0.0,5.4,6,9,Away,2025-08-24T13:00:00Z,0,2,5,0,0,0,0,0,0,0,2,1,0.06,0.0,0.06,0.39,1,0.5,0.0,0.0,6.0,False,u,has joined Leipzig on loan for the rest of the season.,,,,2526
163,532529,2,16,Jack Hinshelwood,Hinshelwood,3,0.0,5.1,6,9,Away,2025-08-24T13:00:00Z,0,2,45,0,0,0,1,0,0,0,9,1,0.0,0.01,0.01,0.67,3,0.6,4.6,1.2,0.0,False,a,,,,,2526
164,219249,2,16,Matt O'Riley,O'Riley,3,0.3,5.5,6,9,Away,2025-08-24T13:00:00Z,0,2,90,0,0,0,2,0,0,0,12,2,0.42,0.03,0.45,1.6,6,7.5,15.0,22.3,38.0,False,a,,5.0,,3.0,2526
165,516211,2,16,Abdallah Sima,Sima,3,0.0,5.4,6,9,Away,2025-08-24T13:00:00Z,0,2,0,0,0,0,0,0,0,0,0,0,0.0,0.0,0.0,0.0,0,0.0,0.0,0.0,0.0,False,u,has joined Lens permanently.,,,,2526
166,509416,2,16,Yasin Ayari,Ayari,3,0.5,4.8,6,9,Away,2025-08-24T13:00:00Z,0,2,66,0,0,0,2,0,0,0,10,2,0.15,0.02,0.17,1.2,6,3.3,10.6,3.9,18.0,False,d,Shoulder injury - 50% chance of playing,,2.0,,2526
167,535301,2,16,Carlos Baleba,Baleba,3,1.5,4.5,6,9,Away,2025-08-24T13:00:00Z,0,2,45,0,0,0,1,0,0,0,3,1,0.0,0.0,0.0,0.92,2,1.1,0.4,10.8,0.0,False,a,,,,,2526
168,536916,2,16,Facundo Buonanotte,Buonanotte,3,0.1,4.6,11,9,Away,2025-08-24T13:00:00Z,0,2,0,0,0,0,0,0,0,0,0,0,0.0,0.0,0.0,0.0,0,0.0,0.0,0.0,0.0,False,a,,,,,2526
169,514254,2,16,Diego Gómez Amarilla,Gomez,3,0.2,4.9,6,9,Away,2025-08-24T13:00:00Z,0,2,23,0,0,0,0,0,0,0,3,1,0.0,0.01,0.01,0.4,5,0.9,7.0,2.0,0.0,False,a,,,5.0,,2526
170,15157,2,16,James Milner,Milner,3,0.1,4.9,6,9,Away,2025-08-24T13:00:00Z,0,2,0,0,0,0,0,0,0,0,0,0,0.0,0.0,0.0,0.0,0,0.0,0.0,0.0,0.0,False,a,,,,1.0,2526
171,441192,2,16,Jeremy Sarmiento Morante,Sarmiento,3,0.0,4.9,6,9,Away,2025-08-24T13:00:00Z,0,2,0,0,0,0,0,0,0,0,0,0,0.0,0.0,0.0,0.0,0,0.0,0.0,0.0,0.0,False,u,has joined Middlesbrough on loan for the rest of the season.,,,,2526
172,549074,2,16,Tom Watson,Watson,3,0.0,4.8,6,9,Away,2025-08-24T13:00:00Z,0,2,0,0,0,0,0,0,0,0,0,0,0.0,0.0,0.0,0.0,0,0.0,0.0,0.0,0.0,False,u,has joined Millwall on loan for the rest of the season.,,,,2526
173,467779,2,16,Mats Wieffer,Wieffer,3,0.1,4.9,6,9,Away,2025-08-24T13:00:00Z,0,2,84,0,0,0,2,1,0,0,13,3,0.0,0.02,0.02,1.21,13,2.2,20.0,2.4,0.0,False,a,,,,,2526
174,611695,2,16,Malick Yalcouyé,Yalcouye,3,0.0,5.0,6,9,Away,2025-08-24T13:00:00Z,0,2,0,0,0,0,0,0,0,0,0,0,0.0,0.0,0.0,0.0,0,0.0,0.0,0.0,0.0,False,u,Has joined Swansea City on loan for the rest of the season.,,,,2526
175,567121,2,16,Joe Knight,Knight,3,0.1,4.4,6,9,Away,2025-08-24T13:00:00Z,0,2,0,0,0,0,0,0,0,0,0,0,0.0,0.0,0.0,0.0,0,0.0,0.0,0.0,0.0,False,u,has joined Stevenage permanently.,,,,2526
176,550141,2,16,Adrian Mazilu,Mazilu,3,0.0,4.5,6,9,Away,2025-08-24T13:00:00Z,0,2,0,0,0,0,0,0,0,0,0,0,0.0,0.0,0.0,0.0,0,0.0,0.0,0.0,0.0,False,u,has joined Dinamo Bucharest permanently.,,,,2526
177,513834,2,16,Andrew Moran,Moran,3,0.0,4.5,6,9,Away,2025-08-24T13:00:00Z,0,2,0,0,0,0,0,0,0,0,0,0,0.0,0.0,0.0,0.0,0,0.0,0.0,0.0,0.0,False,u,Has joined Los Angeles FC on loan for the rest of the season.,,,,2526
178,50175,2,16,Danny Welbeck,Welbeck,4,3.7,6.1,6,9,Away,2025-08-24T13:00:00Z,0,2,90,0,0,0,2,0,0,0,-9,0,1.56,0.1,1.66,1.6,1,2.8,0.0,3.4,27.0,False,a,,,4.0,2.0,2526
179,487117,2,16,Evan Ferguson,Ferguson,4,0.0,5.5,6,9,Away,2025-08-24T13:00:00Z,0,2,0,0,0,0,0,0,0,0,0,0,0.0,0.0,0.0,0.0,0,0.0,0.0,0.0,0.0,False,u,Has joined AS Roma on loan for the rest of the season,,,,2526
180,608181,2,16,Stefanos Tzimas,Tzimas,4,0.1,5.2,6,9,Away,2025-08-24T13:00:00Z,0,2,0,0,0,0,0,0,0,0,0,0,0.0,0.0,0.0,0.0,0,0.0,0.0,0.0,0.0,False,i,Knee injury - Expected back 01 Jun,,,,2526
181,647850,2,16,Charalampos Kostoulas,Kostoulas,4,0.4,4.8,6,9,Away,2025-08-24T13:00:00Z,0,2,0,0,0,0,0,0,0,0,0,0,0.0,0.0,0.0,0.0,0,0.0,0.0,0.0,0.0,False,a,,,,,2526
182,432720,2,18,James Trafford,Trafford,1,0.9,4.5,13,18,Home,2025-08-23T11:30:00Z,0,2,90,0,0,0,2,0,0,0,13,2,0.0,0.0,0.0,1.11,0,3.1,30.8,0.0,0.0,False,a,,,,,2526
183,518030,2,14,Max Weiß,Weiss,1,0.1,4.3,3,17,Home,2025-08-23T14:00:00Z,2,0,0,0,0,0,0,0,0,0,0,0,0.0,0.0,0.0,0.0,0,0.0,0.0,0.0,0.0,False,a,,,,,2526
184,489571,2,14,Etienne Green,Green,1,0.2,4.0,3,17,Home,2025-08-23T14:00:00Z,2,0,0,0,0,0,0,0,0,0,0,0,0.0,0.0,0.0,0.0,0,0.0,0.0,0.0,0.0,False,u,has joined FC Fredericia permanently.,,,,2526
185,51943,2,14,Václav Hladký,Hladký,1,0.2,3.9,3,17,Home,2025-08-23T14:00:00Z,2,0,0,0,0,0,0,0,0,0,0,0,0.0,0.0,0.0,0.0,0,0.0,0.0,0.0,0.0,False,a,,,,,2526
186,192290,2,14,Connor Roberts,Roberts,2,0.0,4.4,3,17,Home,2025-08-23T14:00:00Z,2,0,0,0,0,0,0,0,0,0,0,0,0.0,0.0,0.0,0.0,0,0.0,0.0,0.0,0.0,False,i,Achilles injury - Unknown return date,,,,2526
187,58621,2,14,Kyle Walker,Walker,2,1.1,4.4,3,17,Home,2025-08-23T14:00:00Z,2,0,90,0,0,1,0,0,0,0,26,6,0.0,0.02,0.02,0.77,7,1.8,15.4,2.1,0.0,False,a,,,,,2526
188,247245,2,14,Hannes Delcroix,Delcroix,2,0.2,3.8,3,17,Home,2025-08-23T14:00:00Z,2,0,0,0,0,0,0,0,0,0,0,0,0.0,0.0,0.0,0.0,0,0.0,0.0,0.0,0.0,False,u,has joined Lugano permanently.,,,,2526
189,461567,2,14,Owen Dodgson,Dodgson,2,0.0,4.0,3,17,Home,2025-08-23T14:00:00Z,2,0,0,0,0,0,0,0,0,0,0,0,0.0,0.0,0.0,0.0,0,0.0,0.0,0.0,0.0,False,u,Has joined Stockport County on loan for the rest of the season.,,,,2526
190,478969,2,14,Hjalmar Ekdal,Ekdal,2,0.8,3.9,3,17,Home,2025-08-23T14:00:00Z,2,0,90,0,0,1,0,0,0,1,34,9,0.0,0.01,0.01,0.77,14,5.0,31.8,14.3,4.0,False,a,,,,,2526
191,477717,2,14,Maxime Estève,Estève,2,7.9,3.9,3,17,Home,2025-08-23T14:00:00Z,2,0,82,0,0,1,0,0,0,0,29,6,0.0,0.01,0.01,0.66,7,2.2,21.0,1.1,0.0,False,a,,,,,2526
192,494960,2,14,Quilindschy Hartman,Hartman,2,0.6,4.0,3,17,Home,2025-08-23T14:00:00Z,2,0,90,0,0,1,0,0,0,0,26,6,0.0,0.04,0.04,0.77,8,2.9,19.8,7.3,2.0,False,a,,,,,2526
193,461188,2,14,Bashir Humphreys,Humphreys,2,0.1,3.9,3,17,Home,2025-08-23T14:00:00Z,2,0,0,0,0,0,0,0,0,0,0,0,0.0,0.0,0.0,0.0,0,0.0,0.0,0.0,0.0,False,a,,,,,2526
194,241231,2,14,Jordan Beyer,Jordan,2,0.1,3.9,3,17,Home,2025-08-23T14:00:00Z,2,0,0,0,0,0,0,0,0,0,0,0,0.0,0.0,0.0,0.0,0,0.0,0.0,0.0,0.0,False,i,Hamstring injury - Unknown return date,,,,2526
195,549329,2,14,Lucas Pires Silva,Lucas Pires,2,0.3,3.8,3,17,Home,2025-08-23T14:00:00Z,2,0,0,0,0,0,0,0,0,0,0,0,0.0,0.0,0.0,0.0,0,0.0,0.0,0.0,0.0,False,a,,3.0,,,2526
196,450072,2,14,Shurandy Sambo,Sambo,2,0.0,4.0,3,17,Home,2025-08-23T14:00:00Z,2,0,0,0,0,0,0,0,0,0,0,0,0.0,0.0,0.0,0.0,0,0.0,0.0,0.0,0.0,False,u,has joined Sparta Rotterdam on loan for the rest of the season.,,,,2526
197,519895,2,14,Oliver Sonne,Sonne,2,0.2,3.8,3,17,Home,2025-08-23T14:00:00Z,2,0,21,0,0,0,0,0,0,0,1,1,0.0,0.0,0.0,0.16,0,0.0,0.0,0.5,0.0,False,u,has joined Sparta Prague on loan for the rest of the season.,,,,2526
198,180804,2,14,Axel Tuanzebe,Tuanzebe,2,1.0,3.9,3,17,Home,2025-08-23T14:00:00Z,2,0,0,0,0,0,0,0,0,0,0,0,0.0,0.0,0.0,0.0,0,0.0,0.0,0.0,0.0,False,i,Achilles injury - Expected back 14 Mar,,,,2526
199,208912,2,14,Joe Worrall,Worrall,2,0.2,3.8,3,17,Home,2025-08-23T14:00:00Z,2,0,7,0,0,0,0,0,0,0,6,1,0.0,0.0,0.0,0.11,3,0.6,6.0,0.0,0.0,False,a,,,,,2526
200,444180,2,14,Jaidon Anthony,Anthony,3,1.8,5.0,3,17,Home,2025-08-23T14:00:00Z,2,0,90,1,1,1,0,0,0,2,39,13,0.77,0.02,0.79,0.77,11,10.1,58.4,14.6,28.0,True,a,,2.0,,,2526
201,183751,2,14,Manuel Benson Hedilazio,Benson,3,0.0,5.4,3,17,Home,2025-08-23T14:00:00Z,2,0,0,0,0,0,0,0,0,0,0,0,0.0,0.0,0.0,0.0,0,0.0,0.0,0.0,0.0,False,u,has joined Maccabi Haifa permanently.,,,,2526
202,179458,2,14,Jacob Bruun Larsen,Bruun Larsen,3,0.0,5.3,3,17,Home,2025-08-23T14:00:00Z,2,0,68,0,0,1,0,0,0,0,6,3,0.02,0.01,0.03,0.61,4,0.4,0.0,1.8,4.0,False,a,,,2.0,3.0,2526
203,578614,2,14,Enock Agyei,Boateng,3,0.0,4.7,3,17,Home,2025-08-23T14:00:00Z,2,0,0,0,0,0,0,0,0,0,0,0,0.0,0.0,0.0,0.0,0,0.0,0.0,0.0,0.0,False,a,,,,,2526
204,250735,2,14,Darko Churlinov,Churlinov,3,0.0,4.9,3,17,Home,2025-08-23T14:00:00Z,2,0,0,0,0,0,0,0,0,0,0,0,0.0,0.0,0.0,0.0,0,0.0,0.0,0.0,0.0,False,u,has joined Kocaelispor  permanently.,,,,2526
205,172567,2,14,Josh Cullen,Cullen,3,0.9,4.9,3,17,Home,2025-08-23T14:00:00Z,2,0,90,1,1,1,0,0,0,3,49,14,0.08,0.19,0.27,0.77,7,10.4,65.8,17.0,21.0,True,i,Knee injury - Expected back 30 Sep,,,,2526
206,174592,2,14,Marcus Edwards,Edwards,3,0.1,4.7,3,17,Home,2025-08-23T14:00:00Z,2,0,0,0,0,0,0,0,0,0,0,0,0.0,0.0,0.0,0.0,0,0.0,0.0,0.0,0.0,False,a,,,3.0,,2526
207,465527,2,14,Hannibal Mejbri,Hannibal,3,0.1,4.7,3,17,Home,2025-08-23T14:00:00Z,2,0,82,0,0,1,0,0,0,0,11,5,0.02,0.12,0.14,0.66,13,3.2,9.2,18.5,4.0,False,a,,4.0,,,2526
208,487702,2,14,Luca Koleosho,Koleosho,3,0.0,5.0,3,17,Home,2025-08-23T14:00:00Z,2,0,0,0,0,0,0,0,0,0,0,0,0.0,0.0,0.0,0.0,0,0.0,0.0,0.0,0.0,False,u,has joined Paris FC on loan for the rest of the season.,,,,2526
209,167887,2,14,Josh Laurent,Laurent,3,0.0,4.8,3,17,Home,2025-08-23T14:00:00Z,2,0,21,0,0,0,0,0,0,0,4,1,0.0,0.0,0.0,0.16,4,1.2,10.8,0.8,0.0,False,a,,,,,2526
210,469272,2,14,Loum Tchaouna,Tchaouna,3,0.0,4.9,3,17,Home,2025-08-23T14:00:00Z,2,0,7,0,0,0,0,0,0,0,3,1,0.08,0.03,0.11,0.11,2,0.8,0.4,4.6,3.0,False,a,,,4.0,,2526
211,447715,2,14,Aaron Ramsey,A.Ramsey,3,1.4,4.4,3,17,Home,2025-08-23T14:00:00Z,2,0,0,0,0,0,0,0,0,0,0,0,0.0,0.0,0.0,0.0,0,0.0,0.0,0.0,0.0,False,u,has joined Leicester City on loan for the rest of the season.,,,,2526
212,576323,2,14,Oluwaseun Adewumi,Adewumi,3,0.0,4.5,3,17,Home,2025-08-23T14:00:00Z,2,0,0,0,0,0,0,0,0,0,0,0,0.0,0.0,0.0,0.0,0,0.0,0.0,0.0,0.0,False,u,Has joined Cercle Brugge on loan for the rest of the season.,,,,2526
213,551206,2,14,Jaydon Banel,Banel,3,0.0,4.5,3,17,Home,2025-08-23T14:00:00Z,2,0,0,0,0,0,0,0,0,0,0,0,0.0,0.0,0.0,0.0,0,0.0,0.0,0.0,0.0,False,u,has joined Derby County on loan for the rest of the season.,,,,2526
214,437748,2,14,Mike Trésor Ndayishimiye,Trésor,3,0.1,4.4,3,17,Home,2025-08-23T14:00:00Z,2,0,0,0,0,0,0,0,0,0,0,0,0.0,0.0,0.0,0.0,0,0.0,0.0,0.0,0.0,False,i,Ankle injury - Unknown return date,,,,2526
215,431639,2,14,Zian Flemming,Flemming,4,0.3,5.3,3,17,Home,2025-08-23T14:00:00Z,2,0,4,0,0,0,0,0,0,0,3,1,0.0,0.0,0.0,0.11,0,1.4,2.2,10.0,2.0,False,a,,,5.0,1.0,2526
216,492831,2,14,Zeki Amdouni,Amdouni,4,0.0,4.8,3,17,Home,2025-08-23T14:00:00Z,2,0,0,0,0,0,0,0,0,0,0,0,0.0,0.0,0.0,0.0,0,0.0,0.0,0.0,0.0,False,i,Knee injury - Expected back 25 Apr,,,,2526
217,435973,2,14,Lyle Foster,Foster,4,0.8,4.9,3,17,Home,2025-08-23T14:00:00Z,2,0,85,0,0,1,0,0,0,0,7,2,0.0,0.01,0.01,0.66,5,0.9,1.8,3.6,4.0,False,a,,,,,2526
218,44699,2,14,Ashley Barnes,Barnes,4,1.5,4.2,3,17,Home,2025-08-23T14:00:00Z,2,0,0,0,0,0,0,0,0,0,0,0,0.0,0.0,0.0,0.0,0,0.0,0.0,0.0,0.0,False,a,,,,2.0,2526
219,220598,2,14,Michael Obafemi,Obafemi,4,0.1,4.4,3,17,Home,2025-08-23T14:00:00Z,2,0,0,0,0,0,0,0,0,0,0,0,0.0,0.0,0.0,0.0,0,0.0,0.0,0.0,0.0,False,u,has joined Blackpool on loan for the rest of the season.,,,,2526
220,215059,2,20,Robert Lynch Sánchez,Sánchez,1,14.5,4.9,7,19,Away,2025-08-22T19:00:00Z,5,1,90,0,0,0,1,0,0,0,11,3,0.0,0.0,0.0,0.73,0,2.4,24.2,0.0,0.0,False,a,,,,,2526
221,508479,2,20,Filip Jörgensen,Jörgensen,1,0.2,4.3,7,19,Away,2025-08-22T19:00:00Z,5,1,0,0,0,0,0,0,0,0,0,0,0.0,0.0,0.0,0.0,0,0.0,0.0,0.0,0.0,False,d,Knock - 50% chance of playing,,,,2526
222,549939,2,20,Mike Penders,Penders,1,0.0,4.0,7,19,Away,2025-08-22T19:00:00Z,5,1,0,0,0,0,0,0,0,0,0,0,0.0,0.0,0.0,0.0,0,0.0,0.0,0.0,0.0,False,u,Has joined RC Strasbourg on loan for the rest of the season.,,,,2526
223,471798,2,20,Gabriel Słonina,Slonina,1,0.1,3.9,7,19,Away,2025-08-22T19:00:00Z,5,1,0,0,0,0,0,0,0,0,0,0,0.0,0.0,0.0,0.0,0,0.0,0.0,0.0,0.0,False,a,,,,,2526
224,179268,2,20,Marc Cucurella Saseta,Cucurella,2,14.7,6.1,7,19,Away,2025-08-22T19:00:00Z,5,1,68,0,1,0,1,0,0,0,25,5,0.0,0.32,0.32,0.29,5,4.8,30.4,13.8,4.0,False,i,Hamstring injury - Unknown return date,,,,2526
225,225796,2,20,Reece James,James,2,8.2,5.6,7,19,Away,2025-08-22T19:00:00Z,5,1,21,0,0,0,0,0,0,0,7,1,0.0,0.13,0.13,0.44,0,1.8,2.6,15.5,0.0,False,a,,2.0,2.0,,2526
226,180736,2,20,Trevoh Chalobah,Chalobah,2,22.0,5.7,7,19,Away,2025-08-22T19:00:00Z,5,1,68,1,0,0,1,0,0,0,27,8,0.31,0.01,0.32,0.29,5,7.9,44.2,1.4,33.0,False,a,,,,,2526
227,460028,2,20,Levi Samuels Colwill,Colwill,2,0.1,4.7,7,19,Away,2025-08-22T19:00:00Z,5,1,0,0,0,0,0,0,0,0,0,0,0.0,0.0,0.0,0.0,0,0.0,0.0,0.0,0.0,False,i,Anterior cruciate ligament - Unknown return date,,,,2526
228,482609,2,20,Malo Gusto,Gusto,2,2.0,4.9,7,19,Away,2025-08-22T19:00:00Z,5,1,68,0,0,0,1,0,0,0,3,2,0.0,0.01,0.01,0.29,5,1.2,9.0,2.7,0.0,False,a,,,,,2526
229,242880,2,20,Benoît Badiashile Mukinayi,B.Badiashile,2,0.0,4.4,7,19,Away,2025-08-22T19:00:00Z,5,1,0,0,0,0,0,0,0,0,0,0,0.0,0.0,0.0,0.0,0,0.0,0.0,0.0,0.0,False,a,,,,,2526
230,444463,2,20,Wesley Fofana,Fofana,2,0.4,4.4,7,19,Away,2025-08-22T19:00:00Z,5,1,21,0,0,0,0,0,0,0,5,1,0.0,0.0,0.0,0.44,2,0.4,3.4,0.4,0.0,False,s,Suspended until 04 Mar,,,,2526
231,574458,2,20,Mamadou Sarr,M.Sarr,2,0.0,4.5,7,19,Away,2025-08-22T19:00:00Z,5,1,0,0,0,0,0,0,0,0,0,0,0.0,0.0,0.0,0.0,0,0.0,0.0,0.0,0.0,False,a,,,,,2526
232,109646,2,20,Tosin Adarabioyo,Tosin,2,0.2,4.0,7,19,Away,2025-08-22T19:00:00Z,5,1,90,0,0,0,1,0,0,0,16,2,0.0,0.03,0.03,0.73,9,2.8,26.4,1.9,0.0,False,a,,,,,2526
233,577016,2,20,Josh Acheampong,Acheampong,2,1.6,3.7,7,19,Away,2025-08-22T19:00:00Z,5,1,0,0,0,0,0,0,0,0,0,0,0.0,0.0,0.0,0.0,0,0.0,0.0,0.0,0.0,False,a,,,,,2526
234,622758,2,20,Aarón Anselmino,Anselmino,2,0.1,4.0,7,19,Away,2025-08-22T19:00:00Z,5,1,0,0,0,0,0,0,0,0,0,0,0.0,0.0,0.0,0.0,0,0.0,0.0,0.0,0.0,False,u,has joined Strasbourg on loan for the rest of the season.,,,,2526
235,244851,2,20,Cole Palmer,Palmer,3,16.8,10.6,7,19,Away,2025-08-22T19:00:00Z,5,1,0,0,0,0,0,0,0,0,0,0,0.0,0.0,0.0,0.0,0,0.0,0.0,0.0,0.0,False,a,,,3.0,1.0,2526
236,247632,2,20,Pedro Lomba Neto,Neto,3,4.9,7.0,7,19,Away,2025-08-22T19:00:00Z,5,1,90,1,0,0,1,0,0,0,33,7,0.38,0.17,0.55,0.73,2,8.6,37.6,18.4,30.0,False,a,,1.0,4.0,,2526
237,448047,2,20,Enzo Fernández,Enzo,3,20.5,6.8,7,19,Away,2025-08-22T19:00:00Z,5,1,90,1,1,0,1,0,0,0,32,10,1.03,0.02,1.05,0.73,5,8.0,33.4,8.8,38.0,False,a,,3.0,1.0,2.0,2526
238,624773,2,20,Estêvão Almeida de Oliveira Gonçalves,Estêvão,3,2.2,6.4,7,19,Away,2025-08-22T19:00:00Z,5,1,76,0,1,0,1,0,0,0,26,5,0.29,0.61,0.9,0.33,5,6.9,27.4,16.6,25.0,False,d,Hamstring injury - 75% chance of playing,,,3.0,2526
239,463936,2,20,Jamie Bynoe-Gittens,Gittens,3,0.1,6.0,7,19,Away,2025-08-22T19:00:00Z,5,1,13,0,0,0,0,0,0,0,4,1,0.0,0.01,0.01,0.4,0,1.1,2.0,5.0,4.0,False,i,Hamstring injury - Unknown return date,,,,2526
240,213198,2,20,Christopher Nkunku,Nkunku,3,0.1,5.9,7,19,Away,2025-08-22T19:00:00Z,5,1,0,0,0,0,0,0,0,0,0,0,0.0,0.0,0.0,0.0,0,0.0,0.0,0.0,0.0,False,u,has joined AC Milan permanently.,,,,2526
241,486672,2,20,Moisés Caicedo Corozo,Caicedo,3,7.8,5.7,7,19,Away,2025-08-22T19:00:00Z,5,1,90,1,0,0,1,0,0,1,36,8,0.24,0.02,0.26,0.73,7,7.3,50.8,5.2,17.0,False,a,,,,,2526
242,215413,2,16,Kiernan Dewsbury-Hall,Dewsbury-Hall,3,3.3,5.0,9,6,Home,2025-08-24T13:00:00Z,2,0,90,0,0,1,0,1,0,0,14,2,0.0,0.17,0.17,2.43,3,6.1,6.8,54.3,0.0,False,a,,2.0,,,2526
243,550615,2,20,Tyrique George,George,3,0.1,4.8,9,19,Away,2025-08-22T19:00:00Z,5,1,0,0,0,0,0,0,0,0,0,0,0.0,0.0,0.0,0.0,0,0.0,0.0,0.0,0.0,False,a,,,,,2526
244,514356,2,20,Roméo Lavia,Lavia,3,0.0,4.9,7,19,Away,2025-08-22T19:00:00Z,5,1,0,0,0,0,0,0,0,0,0,0,0.0,0.0,0.0,0.0,0,0.0,0.0,0.0,0.0,False,a,,,,,2526
245,465920,2,20,Mykhailo Mudryk,Mudryk,3,0.0,4.9,7,19,Away,2025-08-22T19:00:00Z,5,1,0,0,0,0,0,0,0,0,0,0,0.0,0.0,0.0,0.0,0,0.0,0.0,0.0,0.0,False,s,Suspended - unknown return date,,,,2526
246,532605,2,20,Andrey Nascimento dos Santos,Andrey Santos,3,0.3,4.5,7,19,Away,2025-08-22T19:00:00Z,5,1,28,0,0,0,0,0,0,0,4,1,0.0,0.01,0.01,0.55,3,1.8,3.8,11.9,2.0,False,a,,,,,2526
247,491007,2,20,Dário Luís Essugo,D.Essugo,3,0.1,4.3,7,19,Away,2025-08-22T19:00:00Z,5,1,0,0,0,0,0,0,0,0,0,0,0.0,0.0,0.0,0.0,0,0.0,0.0,0.0,0.0,False,i,Knock - Expected back 04 Mar,,,,2526
248,611134,2,20,Kendry Páez Andrade,Paez,3,0.0,4.5,7,19,Away,2025-08-22T19:00:00Z,5,1,0,0,0,0,0,0,0,0,0,0,0.0,0.0,0.0,0.0,0,0.0,0.0,0.0,0.0,False,u,has joined River Plate on loan for the rest of the season.,,,,2526
249,475168,2,20,João Pedro Junqueira de Jesus,João Pedro,4,47.2,7.7,7,19,Away,2025-08-22T19:00:00Z,5,1,90,1,2,0,1,0,0,3,58,15,0.41,0.11,0.52,0.73,5,14.9,75.8,31.3,42.0,True,a,,,,,2526
250,463034,2,20,Liam Delap,Delap,4,0.9,6.2,7,19,Away,2025-08-22T19:00:00Z,5,1,61,0,0,0,1,0,0,0,7,2,0.09,0.02,0.11,0.18,2,2.4,2.6,2.2,19.0,False,a,,,,,2526
251,517052,2,20,Nicolas Jackson,N.Jackson,4,0.1,6.5,7,19,Away,2025-08-22T19:00:00Z,5,1,0,0,0,0,0,0,0,0,0,0,0.0,0.0,0.0,0.0,0,0.0,0.0,0.0,0.0,False,u,has joined Bayern Munich on loan for the rest of the season.,,,,2526
252,499309,2,14,Marc Guiu Paz,Marc Guiu,4,5.9,4.1,7,3,Away,2025-08-23T14:00:00Z,0,2,10,0,0,0,1,0,0,0,2,1,0.02,0.01,0.03,0.66,0,0.6,0.0,1.6,6.0,False,a,,,,,2526
253,172649,2,15,Dean Henderson,Henderson,1,7.5,5.0,8,16,Home,2025-08-24T13:00:00Z,1,1,90,0,0,0,1,0,0,0,3,2,0.0,0.0,0.0,0.93,0,0.3,3.4,0.0,0.0,False,a,,,,,2526
254,121709,2,15,Walter Benítez,Benitez,1,0.3,4.0,8,16,Home,2025-08-24T13:00:00Z,1,1,0,0,0,0,0,0,0,0,0,0,0.0,0.0,0.0,0.0,0,0.0,0.0,0.0,0.0,False,a,,,,,2526
255,169593,2,15,Remi Matthews,Matthews,1,0.1,3.9,8,16,Home,2025-08-24T13:00:00Z,1,1,0,0,0,0,0,0,0,0,0,0,0.0,0.0,0.0,0.0,0,0.0,0.0,0.0,0.0,False,a,,,,,2526
256,247348,2,15,Daniel Muñoz Mejía,Muñoz,2,8.4,5.9,8,16,Home,2025-08-24T13:00:00Z,1,1,90,0,1,0,1,0,0,0,18,5,0.0,0.32,0.32,0.93,1,5.4,28.2,24.2,2.0,False,a,,,,,2526
257,437499,2,15,Maxence Lacroix,Lacroix,2,5.1,5.1,8,16,Home,2025-08-24T13:00:00Z,1,1,90,0,0,0,1,1,0,0,11,3,0.1,0.0,0.1,0.93,12,4.8,24.6,0.3,23.0,False,d,Thigh injury - 75% chance of playing,,,,2526
258,244723,2,15,Tyrick Mitchell,Mitchell,2,2.1,5.0,8,16,Home,2025-08-24T13:00:00Z,1,1,90,0,0,0,1,1,0,0,9,1,0.0,0.09,0.09,0.93,5,5.0,14.6,27.4,8.0,False,a,,,,,2526
259,218364,2,15,Borna Sosa,Sosa,2,0.1,4.8,8,16,Home,2025-08-24T13:00:00Z,1,1,0,0,0,0,0,0,0,0,0,0,0.0,0.0,0.0,0.0,0,0.0,0.0,0.0,0.0,False,a,,,,,2526
260,209036,2,15,Marc Guéhi,Guéhi,2,36.9,5.2,13,8,Away,2025-08-24T13:00:00Z,1,1,90,0,0,0,1,0,0,0,6,2,0.11,0.01,0.12,0.93,5,1.7,11.2,1.5,4.0,False,a,,,,,2526
261,427623,2,15,Chris Richards,Richards,2,2.7,4.4,8,16,Home,2025-08-24T13:00:00Z,1,1,90,0,0,0,1,0,0,0,8,2,0.0,0.04,0.04,0.93,8,2.1,19.8,1.3,0.0,False,a,,,,,2526
262,515621,2,15,Chadi Riad Dnanou,Chadi Riad,2,0.0,4.0,8,16,Home,2025-08-24T13:00:00Z,1,1,0,0,0,0,0,0,0,0,0,0,0.0,0.0,0.0,0.0,0,0.0,0.0,0.0,0.0,False,a,,,,,2526
263,57328,2,15,Nathaniel Clyne,Clyne,2,0.6,3.8,8,16,Home,2025-08-24T13:00:00Z,1,1,0,0,0,0,0,0,0,0,0,0,0.0,0.0,0.0,0.0,0,0.0,0.0,0.0,0.0,False,a,,,,,2526
264,156074,2,15,Rob Holding,Holding,2,0.0,4.0,8,16,Home,2025-08-24T13:00:00Z,1,1,0,0,0,0,0,0,0,0,0,0,0.0,0.0,0.0,0.0,0,0.0,0.0,0.0,0.0,False,u,Has joined Colorado Rapids permanently.,,,,2526
265,590012,2,15,Caleb Kporha,Kporha,2,0.0,4.0,8,16,Home,2025-08-24T13:00:00Z,1,1,0,0,0,0,0,0,0,0,0,0,0.0,0.0,0.0,0.0,0,0.0,0.0,0.0,0.0,False,a,,,,,2526
266,232413,2,15,Eberechi Eze,Eze,3,7.9,7.2,1,8,Away,2025-08-24T13:00:00Z,1,1,0,0,0,0,0,0,0,0,0,0,0.0,0.0,0.0,0.0,0,0.0,0.0,0.0,0.0,False,a,,,,,2526
267,232185,2,15,Ismaïla Sarr,Sarr,3,3.9,6.4,8,16,Home,2025-08-24T13:00:00Z,1,1,90,1,0,0,1,0,0,1,20,8,0.55,0.04,0.59,0.93,4,5.6,36.0,2.8,17.0,False,a,,,,3.0,2526
268,438464,2,15,Cheick Doucouré,Doucouré,3,0.0,4.9,8,16,Home,2025-08-24T13:00:00Z,1,1,0,0,0,0,0,0,0,0,0,0,0.0,0.0,0.0,0.0,0,0.0,0.0,0.0,0.0,False,i,Knee injury - Unknown return date,,,,2526
269,606921,2,15,Romain Esse,Esse,3,0.1,4.7,8,16,Home,2025-08-24T13:00:00Z,1,1,24,0,0,0,0,0,0,0,6,1,0.0,0.01,0.01,0.27,2,0.7,4.6,0.4,2.0,False,u,has joined Coventry City on loan for the rest of the season.,,,,2526
270,108413,2,15,Will Hughes,Hughes,3,0.1,4.7,8,16,Home,2025-08-24T13:00:00Z,1,1,90,0,0,0,1,1,0,0,14,1,0.12,0.27,0.39,0.93,10,6.4,13.0,41.4,10.0,False,a,,1.0,,,2526
271,209400,2,15,Daichi Kamada,Kamada,3,0.1,5.0,8,16,Home,2025-08-24T13:00:00Z,1,1,0,0,0,0,0,0,0,0,0,0,0.0,0.0,0.0,0.0,0,0.0,0.0,0.0,0.0,False,a,,,,,2526
272,152551,2,15,Jefferson Lerma Solís,Lerma,3,0.1,4.9,8,16,Home,2025-08-24T13:00:00Z,1,1,8,0,0,0,0,0,0,0,4,1,0.0,0.0,0.0,0.27,2,0.5,4.0,1.1,0.0,False,i,Hamstring injury - Expected back 14 Mar,,,,2526
273,496221,2,15,Adam Wharton,Wharton,3,0.6,5.0,8,16,Home,2025-08-24T13:00:00Z,1,1,81,0,0,0,1,0,0,0,18,2,0.0,0.09,0.09,0.66,9,2.8,8.2,20.2,0.0,False,a,,3.0,,,2526
274,579075,2,15,Asher Agbinone,Agbinone,3,0.1,4.3,8,16,Home,2025-08-24T13:00:00Z,1,1,0,0,0,0,0,0,0,0,0,0,0.0,0.0,0.0,0.0,0,0.0,0.0,0.0,0.0,False,a,,,,,2526
275,466117,2,15,Naouirou Ahamada,Ahamada,3,0.0,4.3,8,16,Home,2025-08-24T13:00:00Z,1,1,0,0,0,0,0,0,0,0,0,0,0.0,0.0,0.0,0.0,0,0.0,0.0,0.0,0.0,False,u,has joined AJ Auxerre permanently.,,,,2526
276,489706,2,15,Justin Devenny,Devenny,3,1.3,4.3,8,16,Home,2025-08-24T13:00:00Z,1,1,65,0,0,0,1,0,0,0,9,2,0.05,0.02,0.07,0.66,8,3.2,5.8,3.3,23.0,False,a,,,2.0,4.0,2526
277,450535,2,15,Malcolm Ebiowei,Ebiowei,3,0.0,4.5,8,16,Home,2025-08-24T13:00:00Z,1,1,0,0,0,0,0,0,0,0,0,0,0.0,0.0,0.0,0.0,0,0.0,0.0,0.0,0.0,False,u,Has joined Blackpool permanently.,,,,2526
278,450542,2,15,Jesurun Rak-Sakyi,J.Rak-Sakyi,3,0.0,4.4,8,16,Home,2025-08-24T13:00:00Z,1,1,0,0,0,0,0,0,0,0,0,0,0.0,0.0,0.0,0.0,0,0.0,0.0,0.0,0.0,False,u,has joined Stoke City on loan for the rest of the season.,,,,2526
279,536694,2,15,Matheus França de Oliveira,M.França,3,0.0,4.5,8,16,Home,2025-08-24T13:00:00Z,1,1,0,0,0,0,0,0,0,0,0,0,0.0,0.0,0.0,0.0,0,0.0,0.0,0.0,0.0,False,u,Has joined CR Vasco da Gama on loan for the rest of the season.,,,,2526
280,531989,2,15,David Ozoh,Ozoh,3,0.0,4.5,8,16,Home,2025-08-24T13:00:00Z,1,1,0,0,0,0,0,0,0,0,0,0,0.0,0.0,0.0,0.0,0,0.0,0.0,0.0,0.0,False,u,Has joined Derby County on loan for the rest of the season.,,,,2526
281,530318,2,15,Kaden Rodney,Rodney,3,0.0,4.4,8,16,Home,2025-08-24T13:00:00Z,1,1,0,0,0,0,0,0,0,0,0,0,0.0,0.0,0.0,0.0,0,0.0,0.0,0.0,0.0,False,a,,,,,2526
282,574398,2,15,Franco Umeh-Chibueze,Umeh,3,0.0,4.5,8,16,Home,2025-08-24T13:00:00Z,1,1,0,0,0,0,0,0,0,0,0,0,0.0,0.0,0.0,0.0,0,0.0,0.0,0.0,0.0,False,u,has joined Portsmouth permanently.,,,,2526
283,231747,2,15,Jean-Philippe Mateta,Mateta,4,6.8,7.5,8,16,Home,2025-08-24T13:00:00Z,1,1,87,0,0,0,1,0,0,0,7,2,0.16,0.0,0.16,0.66,1,1.4,0.4,0.4,13.0,False,i,Knee injury - Expected back 14 Mar,,,2.0,2526
284,205533,2,15,Eddie Nketiah,Nketiah,4,0.3,5.4,8,16,Home,2025-08-24T13:00:00Z,1,1,0,0,0,0,0,0,0,0,0,0,0.0,0.0,0.0,0.0,0,0.0,0.0,0.0,0.0,False,i,Hamstring injury - Expected back 11 Apr,,,,2526
285,199670,2,15,Odsonne Édouard,Édouard,4,0.2,5.0,8,16,Home,2025-08-24T13:00:00Z,1,1,2,0,0,0,0,0,0,0,6,1,0.0,0.0,0.0,0.27,1,0.2,2.0,0.0,0.0,False,u,has joined RC Lens permanently.,,,,2526
286,576980,2,15,Zach Marsh,Marsh,4,0.3,4.4,8,16,Home,2025-08-24T13:00:00Z,1,1,0,0,0,0,0,0,0,0,0,0,0.0,0.0,0.0,0.0,0,0.0,0.0,0.0,0.0,False,a,,,,,2526
287,111234,2,16,Jordan Pickford,Pickford,1,13.1,5.6,9,6,Home,2025-08-24T13:00:00Z,2,0,90,0,0,1,0,0,0,3,40,15,0.0,0.0,0.0,2.43,0,5.0,50.2,0.0,0.0,True,a,,,,,2526
288,229600,2,16,Mark Travers,Travers,1,0.1,4.3,9,6,Home,2025-08-24T13:00:00Z,2,0,0,0,0,0,0,0,0,0,0,0,0.0,0.0,0.0,0.0,0,0.0,0.0,0.0,0.0,False,d,Hand injury - 75% chance of playing,,,,2526
289,447325,2,16,Harry Tyrer,Tyrer,1,0.1,3.9,9,6,Home,2025-08-24T13:00:00Z,2,0,0,0,0,0,0,0,0,0,0,0,0.0,0.0,0.0,0.0,0,0.0,0.0,0.0,0.0,False,u,has joined Cardiff City permanently.,,,,2526
290,480455,2,16,Jarrad Branthwaite,Branthwaite,2,0.2,5.3,9,6,Home,2025-08-24T13:00:00Z,2,0,0,0,0,0,0,0,0,0,0,0,0.0,0.0,0.0,0.0,0,0.0,0.0,0.0,0.0,False,a,,,,,2526
291,17761,2,16,James Tarkowski,Tarkowski,2,11.0,5.7,9,6,Home,2025-08-24T13:00:00Z,2,0,90,0,0,1,0,0,0,0,27,8,0.0,0.0,0.0,2.43,10,1.8,13.2,0.3,4.0,False,a,,,,,2526
292,224967,2,16,Vitalii Mykolenko,Mykolenko,2,0.6,4.9,9,6,Home,2025-08-24T13:00:00Z,2,0,0,0,0,0,0,0,0,0,0,0,0.0,0.0,0.0,0.0,0,0.0,0.0,0.0,0.0,False,a,,,,,2526
293,512462,2,16,Jake O'Brien,O'Brien,2,0.7,4.9,9,6,Home,2025-08-24T13:00:00Z,2,0,90,0,0,1,0,0,0,0,21,6,0.0,0.01,0.01,2.43,4,2.0,10.8,5.1,4.0,False,a,,,,,2526
294,59949,2,16,Séamus Coleman,Coleman,2,0.1,4.2,9,6,Home,2025-08-24T13:00:00Z,2,0,0,0,0,0,0,0,0,0,0,0,0.0,0.0,0.0,0.0,0,0.0,0.0,0.0,0.0,False,a,,,,,2526
295,106611,2,16,Michael Keane,Keane,2,3.5,4.6,9,6,Home,2025-08-24T13:00:00Z,2,0,90,0,0,1,0,0,0,0,23,8,0.0,0.01,0.01,2.43,13,2.4,24.0,0.3,0.0,False,a,,,,,2526
296,243571,2,16,Nathan Patterson,Patterson,2,0.0,4.4,9,6,Home,2025-08-24T13:00:00Z,2,0,0,0,0,0,0,0,0,0,0,0,0.0,0.0,0.0,0.0,0,0.0,0.0,0.0,0.0,False,a,,,,,2526
297,496178,2,16,Roman Dixon,Dixon,2,0.2,3.8,9,6,Home,2025-08-24T13:00:00Z,2,0,0,0,0,0,0,0,0,0,0,0,0.0,0.0,0.0,0.0,0,0.0,0.0,0.0,0.0,False,u,has joined Stockport County on loan for the rest of the season.,,,,2526
298,474907,2,16,Reece Welch,Welch,2,0.1,3.8,9,6,Home,2025-08-24T13:00:00Z,2,0,0,0,0,0,0,0,0,0,0,0,0.0,0.0,0.0,0.0,0,0.0,0.0,0.0,0.0,False,a,,,,,2526
299,440993,2,16,Iliman Ndiaye,Ndiaye,3,3.9,6.2,9,6,Home,2025-08-24T13:00:00Z,2,0,63,1,0,1,0,0,0,0,33,8,0.73,0.0,0.73,1.48,8,8.4,43.2,1.1,40.0,False,a,,,,1.0,2526
300,433154,2,16,Dwight McNeil,McNeil,3,0.1,5.5,9,6,Home,2025-08-24T13:00:00Z,2,0,19,0,0,0,0,0,0,0,2,1,0.24,0.0,0.24,0.95,0,1.8,0.0,11.3,8.0,False,a,,,,,2526
301,502697,2,16,Carlos Alcaraz Durán,Alcaraz,3,0.1,5.2,9,6,Home,2025-08-24T13:00:00Z,2,0,26,0,0,0,0,0,0,0,5,1,0.0,0.0,0.0,0.95,4,0.7,5.0,2.1,0.0,False,d,Knock - 25% chance of playing,,,,2526
302,80801,2,16,Idrissa Gana Gueye,Gana,3,0.1,5.4,9,6,Home,2025-08-24T13:00:00Z,2,0,90,0,0,1,0,0,0,0,15,3,0.0,0.01,0.01,2.43,7,2.0,12.4,5.7,2.0,False,a,,,,,2526
303,232928,2,16,James Garner,Garner,3,3.8,5.2,9,6,Home,2025-08-24T13:00:00Z,2,0,90,1,0,1,0,1,0,1,34,10,0.04,0.07,0.11,2.43,16,8.9,54.2,26.6,8.0,False,a,,1.0,3.0,2.0,2526
304,490094,2,16,Tim Iroegbunam,Iroegbunam,3,0.0,4.8,9,6,Home,2025-08-24T13:00:00Z,2,0,70,0,0,1,0,1,0,0,7,2,0.08,0.0,0.08,1.48,11,1.3,8.8,2.7,1.0,False,a,,,,,2526
305,609873,2,16,Harrison Armstrong,Armstrong,3,0.1,4.5,9,6,Home,2025-08-24T13:00:00Z,2,0,1,0,0,0,0,0,0,0,3,1,0.0,0.0,0.0,0.0,0,0.0,0.0,0.0,0.0,False,a,,,,,2526
306,547801,2,16,Callum Bates,Bates,3,0.1,4.3,9,6,Home,2025-08-24T13:00:00Z,2,0,0,0,0,0,0,0,0,0,0,0,0.0,0.0,0.0,0.0,0,0.0,0.0,0.0,0.0,False,a,,,,,2526
307,504296,2,16,Coby Ebere,Ebere,3,0.0,4.4,9,6,Home,2025-08-24T13:00:00Z,2,0,0,0,0,0,0,0,0,0,0,0,0.0,0.0,0.0,0.0,0,0.0,0.0,0.0,0.0,False,a,,,,,2526
308,496279,2,16,Isaac Heath,Heath,3,0.0,4.5,9,6,Home,2025-08-24T13:00:00Z,2,0,0,0,0,0,0,0,0,0,0,0,0.0,0.0,0.0,0.0,0,0.0,0.0,0.0,0.0,False,u,has joined Accrington on loan for the rest of the season.,,,,2526
309,491557,2,16,Jenson Metcalfe,Metcalfe,3,0.0,4.5,9,6,Home,2025-08-24T13:00:00Z,2,0,0,0,0,0,0,0,0,0,0,0,0.0,0.0,0.0,0.0,0,0.0,0.0,0.0,0.0,False,u,Has joined Bradford City permanently.,,,,2526
310,586309,2,16,Thierno Barry,Barry,4,1.1,5.7,9,6,Home,2025-08-24T13:00:00Z,2,0,63,0,0,1,0,0,0,0,1,2,0.35,0.01,0.36,1.48,0,1.2,0.0,2.2,14.0,False,a,,,,,2526
311,486385,2,16,Norberto Bercique Gomes Betuncal,Beto,4,2.4,5.0,9,6,Home,2025-08-24T13:00:00Z,2,0,26,0,0,0,0,1,0,0,-2,0,0.14,0.0,0.14,0.95,0,0.5,0.0,0.5,8.0,False,a,,,,3.0,2526
312,491012,2,16,Youssef Ramalho Chermiti,Y.Chermiti,4,0.1,4.9,9,6,Home,2025-08-24T13:00:00Z,2,0,0,0,0,0,0,0,0,0,0,0,0.0,0.0,0.0,0.0,0,0.0,0.0,0.0,0.0,False,u,has joined Rangers permanently.,,,,2526
313,536241,2,16,Martin Sherif,Sherif,4,0.1,4.4,9,6,Home,2025-08-24T13:00:00Z,2,0,0,0,0,0,0,0,0,0,0,0,0.0,0.0,0.0,0.0,0,0.0,0.0,0.0,0.0,False,u,has joined Port Vale on loan for the rest of the season.,,,,2526
314,80201,2,17,Bernd Leno,Leno,1,1.5,4.9,10,14,Home,2025-08-24T15:30:00Z,1,1,90,0,0,0,1,0,0,0,13,3,0.0,0.0,0.0,1.63,0,2.3,23.4,0.0,0.0,False,a,,,,,2526
315,428971,2,17,Steven Benda,Benda,1,0.0,4.0,10,14,Home,2025-08-24T15:30:00Z,1,1,0,0,0,0,0,0,0,0,0,0,0.0,0.0,0.0,0.0,0,0.0,0.0,0.0,0.0,False,u,has joined Feyenoord on loan for the rest of the season.,,,,2526
316,169528,2,17,Antonee Robinson,Robinson,2,0.7,4.9,10,14,Home,2025-08-24T15:30:00Z,1,1,28,0,0,0,0,0,0,0,5,1,0.0,0.02,0.02,0.11,1,2.5,6.6,16.2,2.0,False,d,Ankle injury - 75% chance of playing,,,,2526
317,174874,2,17,Joachim Andersen,Andersen,2,4.6,4.5,10,14,Home,2025-08-24T15:30:00Z,1,1,90,0,0,0,1,0,0,0,14,4,0.0,0.64,0.64,1.63,11,4.2,24.6,11.4,6.0,False,a,,,,,2526
318,232892,2,17,Calvin Bassey,Bassey,2,0.4,4.4,10,14,Home,2025-08-24T15:30:00Z,1,1,90,0,0,0,1,0,0,0,6,2,0.15,0.0,0.15,1.63,5,1.0,1.8,0.8,7.0,False,a,,,,,2526
319,166477,2,17,Timothy Castagne,Castagne,2,0.1,4.3,10,14,Home,2025-08-24T15:30:00Z,1,1,61,0,0,0,1,0,0,0,5,2,0.3,0.04,0.34,1.52,2,3.1,4.6,7.7,19.0,False,a,,,,,2526
320,219924,2,17,Issa Diop,Diop,2,0.1,4.3,10,14,Home,2025-08-24T15:30:00Z,1,1,0,0,0,0,0,0,0,0,0,0,0.0,0.0,0.0,0.0,0,0.0,0.0,0.0,0.0,False,a,,,,,2526
321,246301,2,17,Jorge Cuenca Barreno,J.Cuenca,2,0.1,4.3,10,14,Home,2025-08-24T15:30:00Z,1,1,0,0,0,0,0,0,0,0,0,0,0.0,0.0,0.0,0.0,0,0.0,0.0,0.0,0.0,False,a,,,,,2526
322,167074,2,17,Kenny Tete,Tete,2,0.3,4.5,10,14,Home,2025-08-24T15:30:00Z,1,1,90,0,0,0,1,0,0,0,15,2,0.0,0.37,0.37,1.63,4,4.5,17.6,17.7,10.0,False,a,,,,,2526
323,591385,2,17,Samuel Amissah,Amissah,2,0.1,3.8,10,14,Home,2025-08-24T15:30:00Z,1,1,0,0,0,0,0,0,0,0,0,0,0.0,0.0,0.0,0.0,0,0.0,0.0,0.0,0.0,False,a,,,,,2526
324,153133,2,17,Alex Iwobi,Iwobi,3,0.8,6.3,10,14,Home,2025-08-24T15:30:00Z,1,1,90,0,1,0,1,0,0,2,23,7,0.07,0.25,0.32,1.63,4,6.4,24.8,21.9,17.0,False,a,,2.0,,,2526
325,209289,2,17,Emile Smith Rowe,Smith Rowe,3,0.5,5.6,10,14,Home,2025-08-24T15:30:00Z,1,1,19,1,0,0,0,0,0,0,21,6,0.7,0.02,0.72,0.11,0,7.4,32.8,3.6,38.0,False,a,,,,,2526
326,159533,2,17,Adama Traoré Diarra,Adama,3,0.2,5.1,19,10,Away,2025-08-24T15:30:00Z,1,1,0,0,0,0,0,0,0,0,0,0,0.0,0.0,0.0,0.0,0,0.0,0.0,0.0,0.0,False,a,,,,,2526
327,156689,2,17,Andreas Hoelgebaum Pereira,Andreas,3,0.1,5.3,10,14,Home,2025-08-24T15:30:00Z,1,1,0,0,0,0,0,0,0,0,0,0,0.0,0.0,0.0,0.0,0,0.0,0.0,0.0,0.0,False,u,has joined Palmeiras permanently.,,,,2526
328,184349,2,17,Ryan Sessegnon,Sessegnon,3,0.2,5.4,10,14,Home,2025-08-24T15:30:00Z,1,1,61,0,0,0,1,0,0,0,14,2,0.0,0.16,0.16,1.52,5,3.2,11.0,15.4,6.0,False,a,,,,,2526
329,153682,2,17,Harry Wilson,Wilson,3,20.6,5.9,10,14,Home,2025-08-24T15:30:00Z,1,1,28,0,0,0,0,0,0,0,5,1,0.0,0.09,0.09,0.11,1,1.1,3.2,1.9,6.0,False,a,,1.0,1.0,3.0,2526
330,207189,2,17,Sander Berge,Berge,3,0.1,4.9,10,14,Home,2025-08-24T15:30:00Z,1,1,90,0,0,0,1,0,0,0,10,2,0.0,0.04,0.04,1.63,3,1.4,7.4,4.8,2.0,False,a,,,,,2526
331,76357,2,17,Tom Cairney,Cairney,3,0.0,4.8,10,14,Home,2025-08-24T15:30:00Z,1,1,0,0,0,0,0,0,0,0,0,0,0.0,0.0,0.0,0.0,0,0.0,0.0,0.0,0.0,False,a,,,,,2526
332,212314,2,17,Saša Lukić,Lukić,3,0.1,4.9,10,14,Home,2025-08-24T15:30:00Z,1,1,90,0,0,0,1,1,0,0,19,3,0.0,0.44,0.44,1.63,12,8.0,11.8,65.9,2.0,False,d,Hamstring injury - 50% chance of playing,3.0,,,2526
333,573062,2,17,Martial Godo,Godo,3,0.0,4.5,10,14,Home,2025-08-24T15:30:00Z,1,1,0,0,0,0,0,0,0,0,0,0,0.0,0.0,0.0,0.0,0,0.0,0.0,0.0,0.0,False,u,has joined Strasbourg permanently.,,,,2526
334,515024,2,17,Luke Harris,Harris,3,0.0,4.5,10,14,Home,2025-08-24T15:30:00Z,1,1,0,0,0,0,0,0,0,0,0,0,0.0,0.0,0.0,0.0,0,0.0,0.0,0.0,0.0,False,u,Has joined Oxford United on loan for the rest of the season.,,,,2526
335,577725,2,17,Josh King,King,3,1.8,4.4,10,14,Home,2025-08-24T15:30:00Z,1,1,70,0,0,0,1,0,0,0,1,2,0.17,0.01,0.18,1.52,2,2.9,5.0,1.3,23.0,False,a,,,,,2526
336,153366,2,17,Harrison Reed,Reed,3,0.4,4.3,10,14,Home,2025-08-24T15:30:00Z,1,1,0,0,0,0,0,0,0,0,0,0,0.0,0.0,0.0,0.0,0,0.0,0.0,0.0,0.0,False,a,,,,,2526
337,102057,2,17,Raúl Jiménez Rodríguez,Raúl,4,2.1,6.1,10,14,Home,2025-08-24T15:30:00Z,1,1,19,0,0,0,0,0,0,0,0,1,0.0,0.0,0.0,0.11,2,0.5,1.0,2.3,2.0,False,a,,,2.0,1.0,2526
338,244042,2,17,Rodrigo Muniz Carvalho,Muniz,4,0.7,5.3,10,14,Home,2025-08-24T15:30:00Z,1,1,70,0,0,0,1,0,0,0,-3,0,0.37,0.0,0.37,1.52,6,3.1,0.0,10.3,24.0,False,a,,,,,2526
339,437495,2,11,Illan Meslier,Meslier,1,0.3,4.1,11,1,Away,2025-08-23T16:30:00Z,0,5,0,0,0,0,0,0,0,0,0,0,0.0,0.0,0.0,0.0,0,0.0,0.0,0.0,0.0,False,a,,,,,2526
340,97846,2,11,Alex Cairns,Cairns,1,0.2,3.9,11,1,Away,2025-08-23T16:30:00Z,0,5,0,0,0,0,0,0,0,0,0,0,0.0,0.0,0.0,0.0,0,0.0,0.0,0.0,0.0,False,a,,,,,2526
341,59735,2,11,Karl Darlow,Darlow,1,2.4,3.9,11,1,Away,2025-08-23T16:30:00Z,0,5,0,0,0,0,0,0,0,0,0,0,0.0,0.0,0.0,0.0,0,0.0,0.0,0.0,0.0,False,a,,,,,2526
342,226182,2,11,Jayden Bogle,Bogle,2,0.2,4.4,11,1,Away,2025-08-23T16:30:00Z,0,5,82,0,0,0,4,1,0,0,-9,-1,0.0,0.0,0.0,2.09,4,0.8,3.8,0.2,4.0,False,a,,,,,2526
343,222694,2,11,Pascal Struijk,Struijk,2,0.4,4.3,11,1,Away,2025-08-23T16:30:00Z,0,5,90,0,0,0,5,0,0,0,-1,0,0.1,0.0,0.1,2.88,6,3.4,16.6,0.3,17.0,False,a,,,,,2526
344,434752,2,11,Jaka Bijol,Bijol,2,0.4,3.9,11,1,Away,2025-08-23T16:30:00Z,0,5,0,0,0,0,0,0,0,0,0,0,0.0,0.0,0.0,0.0,0,0.0,0.0,0.0,0.0,False,a,,,,,2526
345,437738,2,11,Sebastiaan Bornauw,Bornauw,2,0.2,3.8,11,1,Away,2025-08-23T16:30:00Z,0,5,0,0,0,0,0,0,0,0,0,0,0.0,0.0,0.0,0.0,0,0.0,0.0,0.0,0.0,False,a,,,,,2526
346,113564,2,11,Sam Byram,Byram,2,0.2,3.8,11,1,Away,2025-08-23T16:30:00Z,0,5,7,0,0,0,1,0,0,0,-2,1,0.0,0.0,0.0,0.79,0,0.0,0.0,0.0,0.0,False,a,,,,,2526
347,243526,2,11,Gabriel Gudmundsson,Gudmundsson,2,3.8,3.8,11,1,Away,2025-08-23T16:30:00Z,0,5,90,0,0,0,5,1,0,0,-19,-1,0.0,0.0,0.0,2.88,8,1.0,9.4,0.5,0.0,False,a,,,,,2526
348,214225,2,11,Joe Rodon,Rodon,2,3.9,3.9,11,1,Away,2025-08-23T16:30:00Z,0,5,90,0,0,0,5,0,0,0,-2,2,0.0,0.0,0.0,2.88,14,2.9,29.0,0.1,0.0,False,a,,,,,2526
349,492368,2,11,Isaac Schmidt,Schmidt,2,0.1,4.0,11,1,Away,2025-08-23T16:30:00Z,0,5,0,0,0,0,0,0,0,0,0,0,0.0,0.0,0.0,0.0,0,0.0,0.0,0.0,0.0,False,u,has joined Werder Bremen on loan for the rest of the season.,,,,2526
350,427637,2,11,Brenden Aaronson,Aaronson,3,0.7,5.4,11,1,Away,2025-08-23T16:30:00Z,0,5,24,0,0,0,1,0,0,0,6,1,0.0,0.04,0.04,0.87,3,0.3,2.2,0.4,0.0,False,a,,,,,2526
351,492859,2,11,Wilfried Gnonto,Gnonto,3,0.1,5.2,11,1,Away,2025-08-23T16:30:00Z,0,5,65,0,0,0,4,0,0,0,10,2,0.0,0.0,0.0,2.01,6,1.1,7.2,1.5,2.0,False,a,,,,,2526
352,221399,2,11,Jack Harrison,Harrison,3,0.0,5.1,11,1,Away,2025-08-23T16:30:00Z,0,5,0,0,0,0,0,0,0,0,0,0,0.0,0.0,0.0,0.0,0,0.0,0.0,0.0,0.0,False,u,has joined ACF Fiorentina on loan for the rest of the season.,,,,2526
353,200617,2,11,Daniel James,James,3,0.1,5.2,11,1,Away,2025-08-23T16:30:00Z,0,5,65,0,0,0,4,0,0,0,9,2,0.07,0.0,0.07,2.01,4,1.1,1.6,0.3,9.0,False,a,,,,,2526
354,199598,2,11,Ethan Ampadu,Ampadu,3,0.2,4.9,11,1,Away,2025-08-23T16:30:00Z,0,5,0,0,0,0,0,0,0,0,0,0,0.0,0.0,0.0,0.0,0,0.0,0.0,0.0,0.0,False,a,,,,,2526
355,248937,2,11,Sam Greenwood,Greenwood,3,0.0,4.9,11,1,Away,2025-08-23T16:30:00Z,0,5,0,0,0,0,0,0,0,0,0,0,0.0,0.0,0.0,0.0,0,0.0,0.0,0.0,0.0,False,u,has joined Pogon Szczecin permanently.,,,,2526
356,486520,2,11,Ilia Gruev,Gruev,3,0.1,4.7,11,1,Away,2025-08-23T16:30:00Z,0,5,90,0,0,0,5,0,0,0,15,2,0.0,0.0,0.0,2.88,6,1.0,9.4,0.7,0.0,False,a,,4.0,,,2526
357,433952,2,11,Largie Ramazani,Ramazani,3,0.0,4.9,11,1,Away,2025-08-23T16:30:00Z,0,5,0,0,0,0,0,0,0,0,0,0,0.0,0.0,0.0,0.0,0,0.0,0.0,0.0,0.0,False,u,has joined Valencia on loan for the rest of the season.,,,,2526
358,248056,2,11,Tanaka Ao,Tanaka,3,0.2,4.8,11,1,Away,2025-08-23T16:30:00Z,0,5,57,0,0,0,4,0,0,0,2,1,0.0,0.0,0.0,1.85,2,0.3,0.0,3.3,0.0,False,a,,,,,2526
359,536119,2,11,Charlie Crew,Crew,3,0.0,4.5,11,1,Away,2025-08-23T16:30:00Z,0,5,0,0,0,0,0,0,0,0,0,0,0.0,0.0,0.0,0.0,0,0.0,0.0,0.0,0.0,False,u,Has joined Doncaster Rovers on loan for the rest of the season.,,,,2526
360,462635,2,11,Joe Gelhardt,Gelhardt,3,0.0,4.5,11,1,Away,2025-08-23T16:30:00Z,0,5,0,0,0,0,0,0,0,0,0,0,0.0,0.0,0.0,0.0,0,0.0,0.0,0.0,0.0,False,u,Has joined Hull City on loan for the rest of the season.,,,,2526
361,470294,2,11,Darko Gyabi,Gyabi,3,0.0,4.5,11,1,Away,2025-08-23T16:30:00Z,0,5,0,0,0,0,0,0,0,0,0,0,0.0,0.0,0.0,0.0,0,0.0,0.0,0.0,0.0,False,u,has joined Hull City permanently.,,,,2526
362,235826,2,11,Joël Piroe,Piroe,4,0.3,4.9,11,1,Away,2025-08-23T16:30:00Z,0,5,57,0,0,0,4,0,0,0,3,1,0.0,0.0,0.0,1.85,1,0.1,0.0,1.3,0.0,False,a,,,,3.0,2526
363,106617,2,11,Patrick Bamford,Bamford,4,0.3,4.9,11,1,Away,2025-08-23T16:30:00Z,0,5,0,0,0,0,0,0,0,0,0,0,0.0,0.0,0.0,0.0,0,0.0,0.0,0.0,0.0,False,u,has departed the club as a free agent.,,,,2526
364,565297,2,11,Mateo Joseph Fernández-Regatillo,Mateo Joseph,4,0.0,5.0,11,1,Away,2025-08-23T16:30:00Z,0,5,0,0,0,0,0,0,0,0,0,0,0.0,0.0,0.0,0.0,0,0.0,0.0,0.0,0.0,False,u,Has joined RCD Mallorca on loan for the rest of the season.,,,,2526
365,174594,2,11,Lukas Nmecha,Nmecha,4,0.6,5.0,11,1,Away,2025-08-23T16:30:00Z,0,5,32,0,0,0,1,0,0,0,3,1,0.0,0.0,0.0,1.03,0,0.0,0.0,0.1,0.0,False,a,,,,2.0,2526
366,116535,2,19,Alisson Becker,A.Becker,1,6.1,5.4,12,15,Away,2025-08-25T19:00:00Z,3,2,90,0,0,0,2,0,0,0,7,1,0.0,0.0,0.0,0.93,0,1.4,14.4,0.0,0.0,False,a,,,,,2526
367,449027,2,19,Giorgi Mamardashvili,Mamardashvili,1,0.5,4.1,12,15,Away,2025-08-25T19:00:00Z,3,2,0,0,0,0,0,0,0,0,0,0,0.0,0.0,0.0,0.0,0,0.0,0.0,0.0,0.0,False,a,,,,,2526
368,586268,2,19,Ármin Pécsi,Pécsi,1,0.8,3.8,12,15,Away,2025-08-25T19:00:00Z,3,2,0,0,0,0,0,0,0,0,0,0,0.0,0.0,0.0,0.0,0,0.0,0.0,0.0,0.0,False,a,,,,,2526
369,155503,2,19,Freddie Woodman,Woodman,1,0.2,3.9,12,15,Away,2025-08-25T19:00:00Z,3,2,0,0,0,0,0,0,0,0,0,0,0.0,0.0,0.0,0.0,0,0.0,0.0,0.0,0.0,False,a,,,,,2526
370,216094,2,19,Jeremie Frimpong,Frimpong,2,4.6,5.7,12,15,Away,2025-08-25T19:00:00Z,3,2,0,0,0,0,0,0,0,0,0,0,0.0,0.0,0.0,0.0,0,0.0,0.0,0.0,0.0,False,d,Groin Injury - 50% chance of playing,,,,2526
371,544877,2,19,Milos Kerkez,Kerkez,2,3.0,5.6,12,15,Away,2025-08-25T19:00:00Z,3,2,90,0,0,0,2,0,0,0,7,1,0.0,0.0,0.0,0.93,9,1.9,17.6,1.1,0.0,False,a,,,,,2526
372,122798,2,19,Andrew Robertson,Robertson,2,1.0,5.7,12,15,Away,2025-08-25T19:00:00Z,3,2,0,0,0,0,0,0,0,0,0,0,0.0,0.0,0.0,0.0,0,0.0,0.0,0.0,0.0,False,a,,,,,2526
373,97032,2,19,Virgil van Dijk,Virgil,2,26.2,6.0,12,15,Away,2025-08-25T19:00:00Z,3,2,90,0,0,0,2,0,0,0,10,3,0.0,0.0,0.0,0.93,15,3.9,38.6,0.3,0.0,False,a,,,,,2526
374,204716,2,19,Ibrahima Konaté,Konaté,2,3.7,5.4,12,15,Away,2025-08-25T19:00:00Z,3,2,90,0,0,0,2,1,0,0,5,0,0.0,0.01,0.01,0.93,6,1.4,13.2,1.0,0.0,False,a,,,,,2526
375,492777,2,19,Conor Bradley,Bradley,2,0.2,4.9,12,15,Away,2025-08-25T19:00:00Z,3,2,10,0,0,0,1,1,0,0,-7,0,0.0,0.01,0.01,0.16,1,0.7,4.0,1.3,2.0,False,i,Knee injury - Expected back 01 Jun,,,,2526
376,171287,2,19,Joe Gomez,Gomez,2,0.1,4.9,12,15,Away,2025-08-25T19:00:00Z,3,2,0,0,0,0,0,0,0,0,0,0,0.0,0.0,0.0,0.0,0,0.0,0.0,0.0,0.0,False,a,,,,,2526
377,214285,2,19,Konstantinos Tsimikas,Tsimikas,2,0.0,4.8,12,15,Away,2025-08-25T19:00:00Z,3,2,0,0,0,0,0,0,0,0,0,0,0.0,0.0,0.0,0.0,0,0.0,0.0,0.0,0.0,False,u,has joined AS Roma on loan for the rest of the season.,,,,2526
378,611926,2,19,Amara Nallo,Nallo,2,1.2,3.7,12,15,Away,2025-08-25T19:00:00Z,3,2,0,0,0,0,0,0,0,0,0,0,0.0,0.0,0.0,0.0,0,0.0,0.0,0.0,0.0,False,a,,,,,2526
379,219937,2,19,Rhys Williams,R.Williams,2,0.6,3.7,12,15,Away,2025-08-25T19:00:00Z,3,2,0,0,0,0,0,0,0,0,0,0,0.0,0.0,0.0,0.0,0,0.0,0.0,0.0,0.0,False,a,,,,,2526
380,489580,2,19,Calvin Ramsay,Ramsay,2,0.2,3.8,12,15,Away,2025-08-25T19:00:00Z,3,2,0,0,0,0,0,0,0,0,0,0,0.0,0.0,0.0,0.0,0,0.0,0.0,0.0,0.0,False,a,,,,,2526
381,118748,2,19,Mohamed Salah,M.Salah,3,14.2,14.0,12,15,Away,2025-08-25T19:00:00Z,3,2,90,0,1,0,2,0,0,0,24,5,0.0,0.21,0.21,0.93,2,5.5,21.0,28.3,6.0,False,a,,2.0,4.0,1.0,2526
382,494595,2,19,Florian Wirtz,Wirtz,3,13.3,8.4,12,15,Away,2025-08-25T19:00:00Z,3,2,79,0,0,0,1,0,0,0,9,2,0.05,0.1,0.14,0.78,3,3.1,1.8,10.2,19.0,False,d,Back injury - 75% chance of playing,4.0,5.0,,2526
383,244731,2,19,Luis Díaz Marulanda,Luis Díaz,3,0.0,8.0,12,15,Away,2025-08-25T19:00:00Z,3,2,0,0,0,0,0,0,0,0,0,0,0.0,0.0,0.0,0.0,0,0.0,0.0,0.0,0.0,False,u,Has joined Bayern Munch permanently.,,,,2526
384,243298,2,19,Cody Gakpo,Gakpo,3,5.3,7.3,12,15,Away,2025-08-25T19:00:00Z,3,2,90,0,2,0,2,0,0,2,29,10,0.06,0.07,0.13,0.93,9,7.0,39.4,22.3,8.0,False,a,,3.0,,3.0,2526
385,223541,2,19,Federico Chiesa,Chiesa,3,0.3,6.3,12,15,Away,2025-08-25T19:00:00Z,3,2,10,0,0,0,1,0,0,0,2,1,0.0,0.0,0.0,0.16,1,0.2,1.2,0.3,0.0,False,a,,,,,2526
386,243016,2,19,Alexis Mac Allister,Mac Allister,3,1.3,6.2,12,15,Away,2025-08-25T19:00:00Z,3,2,0,0,0,0,0,0,0,0,0,0,0.0,0.0,0.0,0.0,0,0.0,0.0,0.0,0.0,False,a,,,,4.0,2526
387,424876,2,19,Dominik Szoboszlai,Szoboszlai,3,8.0,6.8,12,15,Away,2025-08-25T19:00:00Z,3,2,90,0,0,0,2,0,0,0,13,2,0.0,0.01,0.01,0.93,9,1.4,9.6,2.4,2.0,False,a,,1.0,2.0,2.0,2526
388,206915,2,19,Curtis Jones,C.Jones,3,0.1,5.4,12,15,Away,2025-08-25T19:00:00Z,3,2,90,0,0,0,2,0,0,0,16,2,0.0,0.02,0.02,0.93,10,2.0,12.4,7.8,0.0,False,a,,,,,2526
389,444884,2,19,Harvey Elliott,Elliott,3,0.2,5.1,2,15,Away,2025-08-25T19:00:00Z,3,2,1,0,0,0,0,0,0,0,2,1,0.0,0.0,0.0,0.0,0,0.1,0.2,0.8,0.0,False,i,Knock - Unknown return date,,,,2526
390,441266,2,19,Ryan Gravenberch,Gravenberch,3,4.9,5.5,12,15,Away,2025-08-25T19:00:00Z,3,2,90,1,0,0,2,1,0,1,28,7,0.02,0.01,0.03,0.93,8,5.4,40.6,6.3,7.0,False,a,,,,,2526
391,496208,2,12,Ben Gannon-Doak,Gannon-Doak,3,0.0,4.8,4,20,Home,2025-08-23T14:00:00Z,1,0,0,0,0,0,0,0,0,0,0,0,0.0,0.0,0.0,0.0,0,0.0,0.0,0.0,0.0,False,i,Hamstring injury - Unknown return date,,,,2526
392,158983,2,19,Endo Wataru,Endo,3,0.1,4.9,12,15,Away,2025-08-25T19:00:00Z,3,2,1,0,0,0,0,0,0,0,3,1,0.0,0.0,0.0,0.0,0,0.0,0.0,0.0,0.0,False,i,Foot injury - Unknown return date,,,,2526
393,535928,2,19,Stefan Bajčetić Maquieira,Bajcetic,3,0.0,4.3,12,15,Away,2025-08-25T19:00:00Z,3,2,0,0,0,0,0,0,0,0,0,0,0.0,0.0,0.0,0.0,0,0.0,0.0,0.0,0.0,False,i,Hamstring injury - Unknown return date,,,,2526
394,491501,2,19,James McConnell,McConnell,3,0.0,4.4,12,15,Away,2025-08-25T19:00:00Z,3,2,0,0,0,0,0,0,0,0,0,0,0.0,0.0,0.0,0.0,0,0.0,0.0,0.0,0.0,False,u,has joined Ajax on loan for the rest of the season.,,,,2526
395,440148,2,19,Tyler Morton,Morton,3,0.0,4.5,12,15,Away,2025-08-25T19:00:00Z,3,2,0,0,0,0,0,0,0,0,0,0,0.0,0.0,0.0,0.0,0,0.0,0.0,0.0,0.0,False,u,Has joined Lyon permanently.,,,,2526
396,591386,2,19,Trey Nyoni,Nyoni,3,0.3,4.3,12,15,Away,2025-08-25T19:00:00Z,3,2,0,0,0,0,0,0,0,0,0,0,0.0,0.0,0.0,0.0,0,0.0,0.0,0.0,0.0,False,a,,,,,2526
397,447203,2,19,Darwin Núñez Ribeiro,Darwin,4,0.1,6.5,12,15,Away,2025-08-25T19:00:00Z,3,2,0,0,0,0,0,0,0,0,0,0,0.0,0.0,0.0,0.0,0,0.0,0.0,0.0,0.0,False,u,Has joined Al-Hilal permanently.,,,,2526
398,500058,2,19,Jayden Danns,Danns,4,0.1,4.3,12,15,Away,2025-08-25T19:00:00Z,3,2,0,0,0,0,0,0,0,0,0,0,0.0,0.0,0.0,0.0,0,0.0,0.0,0.0,0.0,False,i,Hamstring injury - Unknown return date,,,,2526
399,121160,2,18,Ederson Santana de Moraes,Ederson M.,1,0.8,5.3,13,18,Home,2025-08-23T11:30:00Z,0,2,0,0,0,0,0,0,0,0,0,0,0.0,0.0,0.0,0.0,0,0.0,0.0,0.0,0.0,False,u,has joined Fenerbache permanently.,,,,2526
400,88248,2,18,Stefan Ortega Moreno,Ortega Moreno,1,0.2,4.7,16,13,Away,2025-08-23T11:30:00Z,2,0,0,0,0,0,0,0,0,0,0,0,0.0,0.0,0.0,0.0,0,0.0,0.0,0.0,0.0,False,a,,,,,2526
401,122074,2,18,Marcus Bettinelli,Bettinelli,1,0.4,3.8,13,18,Home,2025-08-23T11:30:00Z,0,2,0,0,0,0,0,0,0,0,0,0,0.0,0.0,0.0,0.0,0,0.0,0.0,0.0,0.0,False,a,,,,,2526
402,448514,2,18,Rayan Aït-Nouri,Aït-Nouri,2,3.9,5.7,13,18,Home,2025-08-23T11:30:00Z,0,2,22,0,0,0,0,0,0,0,2,1,0.0,0.0,0.0,0.08,0,0.0,0.0,0.4,0.0,False,a,,,,,2526
403,477424,2,18,Joško Gvardiol,Gvardiol,2,3.4,5.9,13,18,Home,2025-08-23T11:30:00Z,0,2,0,0,0,0,0,0,0,0,0,0,0.0,0.0,0.0,0.0,0,0.0,0.0,0.0,0.0,False,i,Leg injury - Unknown return date,,,,2526
404,211975,2,18,Manuel Akanji,Akanji,2,0.3,5.4,13,18,Home,2025-08-23T11:30:00Z,0,2,0,0,0,0,0,0,0,0,0,0,0.0,0.0,0.0,0.0,0,0.0,0.0,0.0,0.0,False,u,has joined Inter Milan on loan for the rest of the season.,,,,2526
405,126184,2,18,Nathan Aké,Aké,2,0.6,5.3,13,18,Home,2025-08-23T11:30:00Z,0,2,67,0,0,0,2,0,0,0,9,1,0.14,0.12,0.26,1.03,5,3.0,15.2,9.8,5.0,False,a,,,,,2526
406,578153,2,18,Abdukodir Khusanov,Khusanov,2,0.4,5.4,13,18,Home,2025-08-23T11:30:00Z,0,2,0,0,0,0,0,0,0,0,0,0,0.0,0.0,0.0,0.0,0,0.0,0.0,0.0,0.0,False,a,,,,,2526
407,465351,2,18,Matheus Nunes,Matheus N.,2,3.2,5.4,13,18,Home,2025-08-23T11:30:00Z,0,2,0,0,0,0,0,0,0,0,0,0,0.0,0.0,0.0,0.0,0,0.0,0.0,0.0,0.0,False,a,,,,4.0,2526
408,171314,2,18,Rúben dos Santos Gato Alves Dias,Rúben,2,3.3,5.5,13,18,Home,2025-08-23T11:30:00Z,0,2,90,0,0,0,2,0,0,0,5,1,0.0,0.01,0.01,1.11,7,2.0,18.2,1.6,0.0,False,a,,,,,2526
409,97299,2,18,John Stones,Stones,2,0.6,5.4,13,18,Home,2025-08-23T11:30:00Z,0,2,90,0,0,0,2,0,0,0,9,1,0.0,0.02,0.02,1.11,8,2.6,23.8,1.8,0.0,False,a,,,,,2526
410,477064,2,18,Rico Lewis,Lewis,2,1.2,4.6,13,18,Home,2025-08-23T11:30:00Z,0,2,90,0,0,0,2,0,0,0,3,1,0.02,0.08,0.1,1.11,6,3.6,16.4,14.8,5.0,False,a,,,,,2526
411,472769,2,18,Nico O'Reilly,O'Reilly,2,8.0,5.0,13,18,Home,2025-08-23T11:30:00Z,0,2,0,0,0,0,0,0,0,0,0,0,0.0,0.0,0.0,0.0,0,0.0,0.0,0.0,0.0,False,a,,,,,2526
412,616222,2,18,Vitor de Oliveira Nunes dos Reis,Vitor Reis,2,0.0,5.0,13,18,Home,2025-08-23T11:30:00Z,0,2,0,0,0,0,0,0,0,0,0,0,0.0,0.0,0.0,0.0,0,0.0,0.0,0.0,0.0,False,u,Has joined Girona on loan for the rest of the season.,,,,2526
413,438234,2,18,Omar Marmoush,Marmoush,3,2.5,8.3,13,18,Home,2025-08-23T11:30:00Z,0,2,53,0,0,0,2,0,0,0,7,1,0.65,0.01,0.66,0.62,4,5.2,13.0,2.8,36.0,False,a,,,4.0,2.0,2526
414,209244,2,18,Phil Foden,Foden,3,9.2,8.1,13,18,Home,2025-08-23T11:30:00Z,0,2,15,0,0,0,0,0,0,0,8,1,0.18,0.02,0.2,0.36,3,3.2,5.6,14.3,12.0,False,a,,2.0,3.0,,2526
415,510281,2,18,Sávio Moreira de Oliveira,Savinho,3,0.4,6.9,13,18,Home,2025-08-23T11:30:00Z,0,2,0,0,0,0,0,0,0,0,0,0,0.0,0.0,0.0,0.0,0,0.0,0.0,0.0,0.0,False,a,,,,,2526
416,165809,2,18,Bernardo Mota Veiga de Carvalho e Silva,Bernardo,3,0.6,6.2,13,18,Home,2025-08-23T11:30:00Z,0,2,36,0,0,0,0,0,0,0,2,1,0.0,0.02,0.02,0.49,3,1.0,3.2,2.9,4.0,False,a,,1.0,,,2526
417,466052,2,18,Rayan Cherki,Cherki,3,8.2,6.4,13,18,Home,2025-08-23T11:30:00Z,0,2,53,0,0,0,2,0,0,0,10,1,0.0,0.44,0.44,0.62,8,4.8,14.4,25.5,8.0,False,a,,3.0,2.0,,2526
418,248875,2,18,Jérémy Doku,Doku,3,2.3,6.4,13,18,Home,2025-08-23T11:30:00Z,0,2,36,0,0,0,0,0,0,0,1,1,0.0,0.25,0.25,0.49,1,2.2,2.2,12.0,8.0,False,d,Calf injury - 50% chance of playing,,,3.0,2526
419,114283,2,16,Jack Grealish,Grealish,3,6.0,6.3,9,6,Home,2025-08-24T13:00:00Z,2,0,90,0,2,1,0,0,0,2,37,11,0.01,0.7,0.71,2.43,11,9.6,48.2,35.3,12.0,True,i,Foot injury - Expected back 01 Jun,,,,2526
420,59859,2,18,İlkay Gündoğan,Gündoğan,3,0.1,6.3,13,18,Home,2025-08-23T11:30:00Z,0,2,0,0,0,0,0,0,0,0,0,0,0.0,0.0,0.0,0.0,0,0.0,0.0,0.0,0.0,False,u,has joined Galatasaray permanently.,,,,2526
421,220566,2,18,Rodrigo 'Rodri' Hernandez Cascante,Rodrigo,3,0.5,6.3,13,18,Home,2025-08-23T11:30:00Z,0,2,15,0,0,0,0,0,0,0,7,1,0.05,0.02,0.07,0.36,5,3.4,5.4,11.4,17.0,False,a,,,,,2526
422,91651,2,18,Mateo Kovačić,Kovačić,3,0.0,5.8,13,18,Home,2025-08-23T11:30:00Z,0,2,0,0,0,0,0,0,0,0,0,0,0.0,0.0,0.0,0.0,0,0.0,0.0,0.0,0.0,False,i,Ankle injury - Unknown return date,,,,2526
423,465694,2,18,Nico González Iglesias,N.Gonzalez,3,0.1,5.9,13,18,Home,2025-08-23T11:30:00Z,0,2,74,0,0,0,2,1,0,0,15,1,0.0,0.02,0.02,0.75,6,1.7,10.4,6.7,0.0,False,a,,,,,2526
424,477555,2,18,Oscar Bobb,Bobb,3,0.2,5.1,10,13,Away,2025-08-23T11:30:00Z,2,0,74,0,0,0,2,0,0,0,12,2,0.0,0.21,0.21,0.75,5,5.6,11.8,30.1,14.0,False,a,,,,,2526
425,575204,2,18,Claudio Echeverri,Echeverri,3,0.0,5.4,13,18,Home,2025-08-23T11:30:00Z,0,2,0,0,0,0,0,0,0,0,0,0,0.0,0.0,0.0,0.0,0,0.0,0.0,0.0,0.0,False,u,has joined Girona on loan for the rest of the season.,,,,2526
426,432714,2,15,James McAtee,McAtee,3,0.1,5.0,16,8,Away,2025-08-24T13:00:00Z,1,1,18,0,0,0,0,0,0,0,4,1,0.0,0.03,0.03,0.0,0,1.5,1.4,11.3,2.0,False,a,,,,5.0,2526
427,433036,2,18,Tijjani Reijnders,Reijnders,3,10.0,5.0,13,18,Home,2025-08-23T11:30:00Z,0,2,90,0,0,0,2,0,0,0,12,2,0.04,0.04,0.08,1.11,5,1.5,5.4,5.1,4.0,False,a,,4.0,,,2526
428,566164,2,18,Sverre Nypan,Nypan,3,0.0,5.0,13,18,Home,2025-08-23T11:30:00Z,0,2,0,0,0,0,0,0,0,0,0,0,0.0,0.0,0.0,0.0,0,0.0,0.0,0.0,0.0,False,a,,,,,2526
429,155405,2,18,Kalvin Phillips,Phillips,3,0.1,4.7,13,18,Home,2025-08-23T11:30:00Z,0,2,0,0,0,0,0,0,0,0,0,0,0.0,0.0,0.0,0.0,0,0.0,0.0,0.0,0.0,False,u,has joined Sheffield United on loan for the rest of the season.,,,,2526
430,223094,2,18,Erling Haaland,Haaland,4,67.3,14.8,13,18,Home,2025-08-23T11:30:00Z,0,2,90,0,0,0,2,0,0,0,6,2,0.47,0.3,0.77,1.11,4,3.2,1.4,15.2,15.0,False,a,,,,1.0,2526
431,451302,2,17,Altay Bayındır,Bayindir,1,0.3,4.7,14,10,Away,2025-08-24T15:30:00Z,1,1,90,0,0,0,1,0,0,0,13,2,0.0,0.03,0.03,1.76,0,2.6,16.0,10.0,0.0,False,a,,,,,2526
432,202641,2,17,André Onana,Onana,1,0.1,4.9,14,10,Away,2025-08-24T15:30:00Z,1,1,0,0,0,0,0,0,0,0,0,0,0.0,0.0,0.0,0.0,0,0.0,0.0,0.0,0.0,False,u,has joined Trabzonspor on loan for the rest of the season.,,,,2526
433,588555,2,17,Elyh Harrison,Harrison,1,0.0,4.0,14,10,Away,2025-08-24T15:30:00Z,1,1,0,0,0,0,0,0,0,0,0,0,0.0,0.0,0.0,0.0,0,0.0,0.0,0.0,0.0,False,u,On loan to Shrewsbury Town,,,,2526
434,21205,2,17,Tom Heaton,Heaton,1,0.3,3.9,14,10,Away,2025-08-24T15:30:00Z,1,1,0,0,0,0,0,0,0,0,0,0,0.0,0.0,0.0,0.0,0,0.0,0.0,0.0,0.0,False,a,,,,,2526
435,461537,2,17,Dermot Mee,Mee,1,0.1,3.9,14,10,Away,2025-08-24T15:30:00Z,1,1,0,0,0,0,0,0,0,0,0,0,0.0,0.0,0.0,0.0,0,0.0,0.0,0.0,0.0,False,a,,,,,2526
436,209365,2,17,Matthijs de Ligt,De Ligt,2,1.8,4.9,14,10,Away,2025-08-24T15:30:00Z,1,1,90,0,0,0,1,0,0,3,24,7,0.0,0.01,0.01,1.76,11,2.9,29.0,0.2,0.0,False,d,Back injury - 25% chance of playing,,,,2526
437,221820,2,17,Lisandro Martínez,Martinez,2,0.9,4.8,14,10,Away,2025-08-24T15:30:00Z,1,1,0,0,0,0,0,0,0,0,0,0,0.0,0.0,0.0,0.0,0,0.0,0.0,0.0,0.0,False,d,Calf injury - 50% chance of playing,,,,2526
438,230001,2,17,Noussair Mazraoui,Mazraoui,2,0.2,4.9,14,10,Away,2025-08-24T15:30:00Z,1,1,0,0,0,0,0,0,0,0,0,0,0.0,0.0,0.0,0.0,0,0.0,0.0,0.0,0.0,False,a,,,,,2526
439,661712,2,17,Diego León Blanco,D.Leon,2,0.1,4.2,14,10,Away,2025-08-24T15:30:00Z,1,1,0,0,0,0,0,0,0,0,0,0,0.0,0.0,0.0,0.0,0,0.0,0.0,0.0,0.0,False,a,,,,,2526
440,216051,2,17,Diogo Dalot Teixeira,Dalot,2,4.7,4.5,14,10,Away,2025-08-24T15:30:00Z,1,1,38,0,0,0,1,0,0,0,-4,1,0.01,0.01,0.02,0.86,2,1.4,0.0,4.8,10.0,False,a,,,,,2526
441,596777,2,17,Patrick Dorgu,Dorgu,2,4.0,4.2,14,10,Away,2025-08-24T15:30:00Z,1,1,90,0,0,0,1,0,0,0,4,2,0.0,0.04,0.04,1.76,4,1.5,4.8,4.5,6.0,False,i,Hamstring injury - Unknown return date,,,,2526
442,95658,2,17,Harry Maguire,Maguire,2,1.7,4.3,14,10,Away,2025-08-24T15:30:00Z,1,1,3,0,0,0,0,0,0,0,2,1,0.1,0.0,0.1,0.03,1,0.4,0.2,0.0,4.0,False,a,,,,,2526
443,106760,2,17,Luke Shaw,Shaw,2,0.8,4.5,14,10,Away,2025-08-24T15:30:00Z,1,1,86,0,0,0,1,0,0,0,5,2,0.0,0.01,0.01,1.73,5,1.2,9.6,2.8,0.0,False,a,,,,,2526
444,550864,2,17,Leny Yoro,Yoro,2,1.2,4.1,14,10,Away,2025-08-24T15:30:00Z,1,1,86,0,1,0,1,0,0,1,22,6,0.18,0.01,0.19,1.73,8,3.5,15.0,11.3,9.0,False,a,,,,,2526
445,577974,2,17,Harry Amass,Amass,2,0.1,4.0,14,10,Away,2025-08-24T15:30:00Z,1,1,0,0,0,0,0,0,0,0,0,0,0.0,0.0,0.0,0.0,0,0.0,0.0,0.0,0.0,False,u,has joined Norwich City on loan for the rest of the season.,,,,2526
446,547676,2,17,Tyler Fredricson,Fredricson,2,0.1,3.8,14,10,Away,2025-08-24T15:30:00Z,1,1,0,0,0,0,0,0,0,0,0,0,0.0,0.0,0.0,0.0,0,0.0,0.0,0.0,0.0,False,a,,,,,2526
447,606745,2,17,Ayden Heaven,Heaven,2,2.2,3.7,14,10,Away,2025-08-24T15:30:00Z,1,1,3,0,0,0,0,0,0,0,3,1,0.0,0.0,0.0,0.03,1,0.2,2.0,0.0,0.0,False,a,,,,,2526
448,222690,2,17,Tyrell Malacia,Malacia,2,0.4,3.8,14,10,Away,2025-08-24T15:30:00Z,1,1,0,0,0,0,0,0,0,0,0,0,0.0,0.0,0.0,0.0,0,0.0,0.0,0.0,0.0,False,a,,,,,2526
449,141746,2,17,Bruno Borges Fernandes,B.Fernandes,3,37.3,9.9,14,10,Away,2025-08-24T15:30:00Z,1,1,90,0,0,0,1,0,0,0,12,2,0.82,0.04,0.86,1.76,13,5.1,21.0,17.3,13.0,False,a,,1.0,1.0,1.0,2526
450,430871,2,17,Matheus Santos Carneiro da Cunha,Cunha,3,8.0,8.0,14,10,Away,2025-08-24T15:30:00Z,1,1,90,0,0,0,1,0,0,0,5,2,0.39,0.02,0.41,1.76,4,4.6,8.6,14.9,22.0,False,a,,,,,2526
451,176297,2,17,Marcus Rashford,Rashford,3,0.0,7.0,14,10,Away,2025-08-24T15:30:00Z,1,1,0,0,0,0,0,0,0,0,0,0,0.0,0.0,0.0,0.0,0,0.0,0.0,0.0,0.0,False,u,Has joined Barcelona on loan for the rest of the season,,,,2526
452,493250,2,17,Amad Diallo,Amad,3,1.7,6.2,14,10,Away,2025-08-24T15:30:00Z,1,1,51,0,0,0,0,0,0,0,7,1,0.14,0.02,0.16,0.9,6,3.7,11.4,3.4,22.0,False,a,,,,,2526
453,493105,2,17,Alejandro Garnacho Ferreyra,Garnacho,3,0.5,6.4,7,10,Away,2025-08-24T15:30:00Z,1,1,0,0,0,0,0,0,0,0,0,0,0.0,0.0,0.0,0.0,0,0.0,0.0,0.0,0.0,False,a,,,,,2526
454,467169,2,17,Antony dos Santos,Antony,3,0.1,5.9,14,10,Away,2025-08-24T15:30:00Z,1,1,0,0,0,0,0,0,0,0,0,0,0.0,0.0,0.0,0.0,0,0.0,0.0,0.0,0.0,False,u,has joined Real Betis permanently.,,,,2526
455,184341,2,17,Mason Mount,Mount,3,0.3,5.9,14,10,Away,2025-08-24T15:30:00Z,1,1,68,0,0,1,0,0,0,0,10,3,0.0,0.19,0.19,1.06,3,4.1,6.4,28.5,6.0,False,d,Knock - 50% chance of playing,,,,2526
456,209243,2,17,Jadon Sancho,Sancho,3,0.2,5.8,2,10,Away,2025-08-24T15:30:00Z,1,1,0,0,0,0,0,0,0,0,0,0,0.0,0.0,0.0,0.0,0,0.0,0.0,0.0,0.0,False,a,,4.0,,,2526
457,61256,2,17,Carlos Henrique Casimiro,Casemiro,3,2.5,5.6,14,10,Away,2025-08-24T15:30:00Z,1,1,52,0,0,0,0,1,0,0,4,0,0.0,0.0,0.0,0.9,7,1.0,7.8,0.5,2.0,False,a,,,,,2526
458,516895,2,17,Kobbie Mainoo,Mainoo,3,1.4,4.6,14,10,Away,2025-08-24T15:30:00Z,1,1,0,0,0,0,0,0,0,0,0,0,0.0,0.0,0.0,0.0,0,0.0,0.0,0.0,0.0,False,a,,,,,2526
459,232112,2,17,Manuel Ugarte Ribeiro,Ugarte,3,0.2,4.7,14,10,Away,2025-08-24T15:30:00Z,1,1,21,0,0,0,1,0,0,0,7,1,0.0,0.0,0.0,0.7,5,0.9,8.6,0.8,0.0,False,a,,,,,2526
460,490881,2,17,Toby Collyer,Collyer,3,0.0,4.5,14,10,Away,2025-08-24T15:30:00Z,1,1,0,0,0,0,0,0,0,0,0,0,0.0,0.0,0.0,0.0,0,0.0,0.0,0.0,0.0,False,u,has joined Hull City on loan for the rest of the season.,,,,2526
461,556639,2,17,Jayce Fitzgerald,Fitzgerald,3,0.0,4.3,14,10,Away,2025-08-24T15:30:00Z,1,1,0,0,0,0,0,0,0,0,0,0,0.0,0.0,0.0,0.0,0,0.0,0.0,0.0,0.0,False,a,,,,,2526
462,547037,2,17,Jack Fletcher,J.Fletcher,3,0.1,4.3,14,10,Away,2025-08-24T15:30:00Z,1,1,0,0,0,0,0,0,0,0,0,0,0.0,0.0,0.0,0.0,0,0.0,0.0,0.0,0.0,False,a,,,,,2526
463,618873,2,17,Sékou Koné,Kone,3,0.1,4.3,14,10,Away,2025-08-24T15:30:00Z,1,1,0,0,0,0,0,0,0,0,0,0,0.0,0.0,0.0,0.0,0,0.0,0.0,0.0,0.0,False,u,has joined Lausanne-Sport on loan for the rest of the season.,,,,2526
464,559684,2,17,Jack Moorhouse,Moorhouse,3,0.0,4.5,14,10,Away,2025-08-24T15:30:00Z,1,1,0,0,0,0,0,0,0,0,0,0,0.0,0.0,0.0,0.0,0,0.0,0.0,0.0,0.0,False,u,has joined Leyton Orient on loan for the rest of the season.,,,,2526
465,497894,2,17,Rasmus Højlund,Højlund,4,0.3,6.3,14,10,Away,2025-08-24T15:30:00Z,1,1,0,0,0,0,0,0,0,0,0,0,0.0,0.0,0.0,0.0,0,0.0,0.0,0.0,0.0,False,u,has joined Napoli on loan for the rest of the season.,,,,2526
466,458249,2,17,Joshua Zirkzee,Zirkzee,4,0.4,5.8,14,10,Away,2025-08-24T15:30:00Z,1,1,0,0,0,0,0,0,0,0,0,0,0.0,0.0,0.0,0.0,0,0.0,0.0,0.0,0.0,False,a,,,,,2526
467,596047,2,17,Chido Obi,Obi,4,1.6,4.2,14,10,Away,2025-08-24T15:30:00Z,1,1,0,0,0,0,0,0,0,0,0,0,0.0,0.0,0.0,0.0,0,0.0,0.0,0.0,0.0,False,a,,,,,2526
468,575034,2,17,Ethan Wheatley,Wheatley,4,0.1,4.5,14,10,Away,2025-08-24T15:30:00Z,1,1,0,0,0,0,0,0,0,0,0,0,0.0,0.0,0.0,0.0,0,0.0,0.0,0.0,0.0,False,u,has joined Bradford City on loan for the rest of the season.,,,,2526
469,98747,2,19,Nick Pope,Pope,1,4.6,5.1,15,12,Home,2025-08-25T19:00:00Z,2,3,90,0,1,0,3,0,0,0,7,4,0.0,0.0,0.0,0.7,0,1.0,10.0,0.0,0.0,False,a,,,,,2526
470,67089,2,14,Martin Dúbravka,Dúbravka,1,32.5,4.0,3,17,Home,2025-08-23T14:00:00Z,2,0,90,0,0,1,0,0,0,0,25,6,0.0,0.0,0.0,0.77,0,1.1,10.8,0.0,0.0,False,a,,,,,2526
471,81441,2,19,Mark Gillespie,Gillespie,1,0.1,3.9,15,12,Home,2025-08-25T19:00:00Z,2,3,0,0,0,0,0,0,0,0,0,0,0.0,0.0,0.0,0.0,0,0.0,0.0,0.0,0.0,False,a,,,,,2526
472,111452,2,19,Odysseas Vlachodimos,Odysseas,1,0.0,4.0,15,12,Home,2025-08-25T19:00:00Z,2,3,0,0,0,0,0,0,0,0,0,0,0.0,0.0,0.0,0.0,0,0.0,0.0,0.0,0.0,False,u,Has joined Sevilla on loan for the rest of the season.,,,,2526
473,487838,2,19,Lewis Hall,Hall,2,2.5,5.3,15,12,Home,2025-08-25T19:00:00Z,2,3,14,0,0,0,1,0,0,0,1,1,0.0,0.0,0.0,0.37,5,0.8,7.4,0.5,0.0,False,a,,2.0,4.0,,2526
474,119471,2,19,Fabian Schär,Schär,2,1.2,5.2,15,12,Home,2025-08-25T19:00:00Z,2,3,80,0,0,0,2,0,0,0,5,1,0.0,0.0,0.0,0.33,8,2.2,15.2,0.3,6.0,False,i,Ankle injury - Expected back 18 Apr,,1.0,,2526
475,220237,2,19,Sven Botman,Botman,2,0.4,4.9,15,12,Home,2025-08-25T19:00:00Z,2,3,0,0,0,0,0,0,0,0,0,0,0.0,0.0,0.0,0.0,0,0.0,0.0,0.0,0.0,False,a,,,,,2526
476,78916,2,19,Dan Burn,Burn,2,3.3,5.0,15,12,Home,2025-08-25T19:00:00Z,2,3,90,0,0,0,3,1,0,0,-2,2,0.01,0.07,0.08,0.7,12,4.7,20.4,14.3,12.0,False,a,,,,,2526
477,441191,2,19,Tino Livramento,Livramento,2,1.9,4.9,15,12,Home,2025-08-25T19:00:00Z,2,3,90,0,1,0,3,0,0,0,12,4,0.0,0.2,0.2,0.7,1,4.4,24.8,15.3,4.0,False,i,Hamstring injury - Expected back 04 Mar,,,,2526
478,77794,2,19,Kieran Trippier,Trippier,2,1.3,4.9,15,12,Home,2025-08-25T19:00:00Z,2,3,75,0,0,0,2,0,0,0,-2,1,0.0,0.08,0.08,0.33,0,1.1,0.0,11.6,0.0,False,a,,4.0,2.0,,2526
479,111773,2,19,Emil Krafth,Krafth,2,0.0,4.3,15,12,Home,2025-08-25T19:00:00Z,2,3,0,0,0,0,0,0,0,0,0,0,0.0,0.0,0.0,0.0,0,0.0,0.0,0.0,0.0,False,i,Knee injury - Unknown return date,,,,2526
480,101148,2,19,Jamaal Lascelles,Lascelles,2,0.0,4.3,15,12,Home,2025-08-25T19:00:00Z,2,3,0,0,0,0,0,0,0,0,0,0,0.0,0.0,0.0,0.0,0,0.0,0.0,0.0,0.0,False,u,has joined Leicester City permanently.,,,,2526
481,545477,2,19,Alex Murphy,A.Murphy,2,0.7,3.8,15,12,Home,2025-08-25T19:00:00Z,2,3,0,0,0,0,0,0,0,0,0,0,0.0,0.0,0.0,0.0,0,0.0,0.0,0.0,0.0,False,a,,,,,2526
482,441024,2,19,Harrison Ashby,Ashby,2,0.1,3.9,15,12,Home,2025-08-25T19:00:00Z,2,3,0,0,0,0,0,0,0,0,0,0,0.0,0.0,0.0,0.0,0,0.0,0.0,0.0,0.0,False,u,has joined Bradford City on loan for the rest of the season.,,,,2526
483,578512,2,19,Miodrag Pivaš,Pivas,2,0.4,3.8,15,12,Home,2025-08-25T19:00:00Z,2,3,0,0,0,0,0,0,0,0,0,0,0.0,0.0,0.0,0.0,0,0.0,0.0,0.0,0.0,False,a,,,,,2526
484,169359,2,19,Matt Targett,Targett,2,0.1,4.0,15,12,Home,2025-08-25T19:00:00Z,2,3,0,0,0,0,0,0,0,0,0,0,0.0,0.0,0.0,0.0,0,0.0,0.0,0.0,0.0,False,u,has joined Middlesbrough on loan for the rest of the season.,,,,2526
485,232826,2,19,Anthony Gordon,Gordon,3,2.5,7.2,15,12,Home,2025-08-25T19:00:00Z,2,3,47,0,0,0,3,0,1,0,-6,-2,0.48,0.02,0.5,0.07,3,5.4,0.0,11.2,45.0,False,a,,,,1.0,2526
486,449434,2,19,Anthony Elanga,Elanga,3,2.6,6.5,15,12,Home,2025-08-25T19:00:00Z,2,3,90,0,0,0,3,0,0,0,7,2,0.0,0.06,0.06,0.7,1,3.1,6.6,14.8,10.0,False,a,,5.0,,,2526
487,201666,2,19,Harvey Barnes,Barnes,3,1.2,6.1,15,12,Home,2025-08-25T19:00:00Z,2,3,75,0,0,0,2,0,0,0,10,2,0.0,0.36,0.36,0.33,2,2.2,4.2,15.8,2.0,False,a,,,,,2526
488,208706,2,19,Bruno Guimarães Rodriguez Moura,Bruno G.,3,6.8,6.9,15,12,Home,2025-08-25T19:00:00Z,2,3,90,1,0,0,3,1,0,0,22,6,0.17,0.02,0.19,0.7,11,6.2,37.0,8.3,17.0,False,i,Hamstring injury - Expected back 11 Apr,3.0,5.0,2.0,2526
489,114243,2,19,Jacob Murphy,J.Murphy,3,0.6,5.9,15,12,Home,2025-08-25T19:00:00Z,2,3,0,0,0,0,0,0,0,0,0,0,0.0,0.0,0.0,0.0,0,0.0,0.0,0.0,0.0,False,a,,,,,2526
490,180974,2,19,Joelinton Cássio Apolinário de Lira,Joelinton,3,0.3,5.9,15,12,Home,2025-08-25T19:00:00Z,2,3,75,0,0,0,2,0,0,0,7,2,0.03,0.0,0.03,0.33,7,1.4,6.6,0.4,7.0,False,a,,,,,2526
491,432422,2,19,Sandro Tonali,Tonali,3,1.0,5.3,15,12,Home,2025-08-25T19:00:00Z,2,3,65,0,0,0,2,0,0,0,7,2,0.09,0.01,0.1,0.33,5,1.0,0.4,1.3,8.0,False,a,,1.0,1.0,,2526
492,640108,2,19,Antoñito Cordero Campillo,Antoñito C.,3,0.0,4.9,15,12,Home,2025-08-25T19:00:00Z,2,3,0,0,0,0,0,0,0,0,0,0,0.0,0.0,0.0,0.0,0,0.0,0.0,0.0,0.0,False,u,has joined Cadiz on loan for the rest of the season.,,,,2526
493,180135,2,11,Sean Longstaff,Longstaff,3,0.2,4.8,11,1,Away,2025-08-23T16:30:00Z,0,5,32,0,0,0,1,0,0,0,2,1,0.0,0.0,0.0,1.03,2,0.2,1.4,0.4,0.0,False,a,,2.0,2.0,,2526
494,200089,2,19,Joe Willock,Willock,3,0.1,5.0,15,12,Home,2025-08-25T19:00:00Z,2,3,0,0,0,0,0,0,0,0,0,0,0.0,0.0,0.0,0.0,0,0.0,0.0,0.0,0.0,False,a,,,,,2526
495,153127,2,19,Isaac Hayden,Hayden,3,0.0,4.5,15,12,Home,2025-08-25T19:00:00Z,2,3,0,0,0,0,0,0,0,0,0,0,0.0,0.0,0.0,0.0,0,0.0,0.0,0.0,0.0,False,u,Has departed the club as a free agent.,,,,2526
496,564510,2,19,Garang Kuol,Kuol,3,0.0,4.4,15,12,Home,2025-08-25T19:00:00Z,2,3,0,0,0,0,0,0,0,0,0,0,0.0,0.0,0.0,0.0,0,0.0,0.0,0.0,0.0,False,u,has joined Sparta Prague permanently.,,,,2526
497,547719,2,19,Lewis Miley,L.Miley,3,2.6,4.5,15,12,Home,2025-08-25T19:00:00Z,2,3,24,0,0,0,1,0,0,0,3,1,0.03,0.0,0.03,0.37,2,0.5,2.2,0.3,2.0,False,i,Dead leg - Expected back 04 Mar,,,,2526
498,461484,2,19,Joe White,White,3,0.0,4.5,15,12,Home,2025-08-25T19:00:00Z,2,3,0,0,0,0,0,0,0,0,0,0,0.0,0.0,0.0,0.0,0,0.0,0.0,0.0,0.0,False,u,has joined Bradford City on loan for the rest of the season.,,,,2526
499,219168,2,19,Alexander Isak,Isak,4,3.5,10.3,12,15,Away,2025-08-25T19:00:00Z,3,2,0,0,0,0,0,0,0,0,0,0,0.0,0.0,0.0,0.0,0,0.0,0.0,0.0,0.0,False,i,Ankle injury - Expected back 11 Apr,,,,2526
500,538207,2,19,William Osula,Osula,4,0.2,5.4,15,12,Home,2025-08-25T19:00:00Z,2,3,14,1,0,0,1,0,0,0,27,5,0.13,0.0,0.13,0.37,0,4.8,31.0,0.3,17.0,False,a,,,,,2526
501,599303,2,19,Sean Neave,Neave,4,0.3,4.3,15,12,Home,2025-08-25T19:00:00Z,2,3,0,0,0,0,0,0,0,0,0,0,0.0,0.0,0.0,0.0,0,0.0,0.0,0.0,0.0,False,a,,,,,2526
502,85633,2,15,Matz Sels,Sels,1,4.8,4.6,16,8,Away,2025-08-24T13:00:00Z,1,1,90,0,0,0,1,1,0,0,11,2,0.0,0.0,0.0,1.1,0,2.2,21.6,0.0,0.0,False,i,Groin Injury - Expected back 04 Mar,,,,2526
503,475123,2,15,Carlos Miguel dos Santos Pereira,C.Miguel,1,0.1,4.0,16,8,Away,2025-08-24T13:00:00Z,1,1,0,0,0,0,0,0,0,0,0,0,0.0,0.0,0.0,0.0,0,0.0,0.0,0.0,0.0,False,u,Has joined Palmeiras permanently.,,,,2526
504,224068,2,15,Matt Turner,Turner,1,0.1,4.0,16,8,Away,2025-08-24T13:00:00Z,1,1,0,0,0,0,0,0,0,0,0,0,0.0,0.0,0.0,0.0,0,0.0,0.0,0.0,0.0,False,u,Has joined Lyon permanently.,,,,2526
505,227444,2,15,Nikola Milenković,Milenković,2,3.2,5.1,16,8,Away,2025-08-24T13:00:00Z,1,1,90,0,0,0,1,0,0,0,14,2,0.0,0.02,0.02,1.1,7,1.9,15.8,0.8,2.0,False,a,,,,,2526
506,575476,2,15,Murillo Costa dos Santos,Murillo,2,1.9,5.2,16,8,Away,2025-08-24T13:00:00Z,1,1,90,0,0,0,1,1,0,0,3,1,0.0,0.16,0.16,1.1,6,2.0,14.4,5.3,0.0,False,a,,,2.0,,2526
507,159506,2,15,Ola Aina,Aina,2,2.3,4.7,16,8,Away,2025-08-24T13:00:00Z,1,1,90,0,0,0,1,1,0,0,5,1,0.0,0.01,0.01,1.1,6,1.4,12.4,1.9,0.0,False,a,,,,,2526
508,215136,2,15,Neco Williams,N.Williams,2,2.9,4.7,16,8,Away,2025-08-24T13:00:00Z,1,1,90,0,0,0,1,0,0,0,18,2,0.0,0.02,0.02,1.1,3,1.7,7.8,3.5,6.0,False,a,,,,,2526
509,451432,2,15,David Mota Veiga Teixeira do Carmo,David Carmo,2,0.0,4.5,16,8,Away,2025-08-24T13:00:00Z,1,1,0,0,0,0,0,0,0,0,0,0,0.0,0.0,0.0,0.0,0,0.0,0.0,0.0,0.0,False,u,has joined Real Oviedo on loan for the rest of the season.,,,,2526
510,575458,2,15,Jair Paula da Cunha Filho,Jair Cunha,2,0.1,4.2,16,8,Away,2025-08-24T13:00:00Z,1,1,0,0,0,0,0,0,0,0,0,0,0.0,0.0,0.0,0.0,0,0.0,0.0,0.0,0.0,False,a,,,,,2526
511,485047,2,15,Felipe Rodrigues da Silva,Morato,2,0.1,4.3,16,8,Away,2025-08-24T13:00:00Z,1,1,0,0,0,0,0,0,0,0,0,0,0.0,0.0,0.0,0.0,0,0.0,0.0,0.0,0.0,False,a,,,,,2526
512,204822,2,15,Omar Richards,O.Richards,2,0.0,4.5,16,8,Away,2025-08-24T13:00:00Z,1,1,0,0,0,0,0,0,0,0,0,0,0.0,0.0,0.0,0.0,0,0.0,0.0,0.0,0.0,False,u,has joined Rio Ave on loan for the rest of the season.,,,,2526
513,549067,2,15,Zach Abbott,Abbott,2,0.3,3.8,16,8,Away,2025-08-24T13:00:00Z,1,1,0,0,0,0,0,0,0,0,0,0,0.0,0.0,0.0,0.0,0,0.0,0.0,0.0,0.0,False,a,,,,,2526
514,90585,2,15,Willy Boly,Boly,2,0.4,3.8,16,8,Away,2025-08-24T13:00:00Z,1,1,0,0,0,0,0,0,0,0,0,0,0.0,0.0,0.0,0.0,0,0.0,0.0,0.0,0.0,False,i,Knee injury - Unknown return date,,,,2526
515,222531,2,15,Morgan Gibbs-White,Gibbs-White,3,3.4,7.3,16,8,Away,2025-08-24T13:00:00Z,1,1,81,0,0,0,1,0,0,0,7,2,0.11,0.1,0.21,1.1,1,2.2,0.0,20.5,4.0,False,a,,,3.0,2.0,2526
516,209046,2,15,Callum Hudson-Odoi,Hudson-Odoi,3,0.7,5.7,16,8,Away,2025-08-24T13:00:00Z,1,1,71,1,0,0,1,0,0,3,26,10,0.31,0.02,0.33,1.1,3,6.3,35.6,3.3,24.0,False,a,,,,,2526
517,215379,2,15,Elliot Anderson,Anderson,3,6.2,5.4,16,8,Away,2025-08-24T13:00:00Z,1,1,90,0,0,0,1,0,0,0,13,2,0.0,0.03,0.03,1.1,11,3.9,17.2,21.5,0.0,False,a,,1.0,1.0,4.0,2526
518,510500,2,15,João Pedro Ferreira da Silva,Jota,3,0.0,5.4,16,8,Away,2025-08-24T13:00:00Z,1,1,0,0,0,0,0,0,0,0,0,0,0.0,0.0,0.0,0.0,0,0.0,0.0,0.0,0.0,False,u,has joined Besiktas on loan for the rest of the season.,,,,2526
519,250199,2,15,Nicolás Domínguez,Dominguez,3,0.0,5.0,16,8,Away,2025-08-24T13:00:00Z,1,1,0,0,0,0,0,0,0,0,0,0,0.0,0.0,0.0,0.0,0,0.0,0.0,0.0,0.0,False,a,,,,,2526
520,243345,2,15,Lewis O'Brien,O'Brien,3,0.0,5.0,16,8,Away,2025-08-24T13:00:00Z,1,1,0,0,0,0,0,0,0,0,0,0,0.0,0.0,0.0,0.0,0,0.0,0.0,0.0,0.0,False,u,Has joined Wrexham permanently.,,,,2526
521,210462,2,15,Ibrahim Sangaré,Sangaré,3,0.1,4.9,16,8,Away,2025-08-24T13:00:00Z,1,1,87,0,0,0,1,0,0,0,14,2,0.01,0.01,0.02,1.1,8,1.4,9.4,3.3,1.0,False,a,,,,,2526
522,204968,2,15,Ryan Yates,Yates,3,0.1,4.7,16,8,Away,2025-08-24T13:00:00Z,1,1,2,0,0,0,0,0,0,0,3,1,0.0,0.0,0.0,0.0,1,0.4,2.6,1.8,0.0,False,a,,,,,2526
523,569014,2,15,Eric da Silva Moreira,Da Silva Moreira,3,0.1,4.5,16,8,Away,2025-08-24T13:00:00Z,1,1,0,0,0,0,0,0,0,0,0,0,0.0,0.0,0.0,0.0,0,0.0,0.0,0.0,0.0,False,a,,,,,2526
524,495161,2,15,Marko Stamenić,Stamenic,3,0.0,4.5,16,8,Away,2025-08-24T13:00:00Z,1,1,0,0,0,0,0,0,0,0,0,0,0.0,0.0,0.0,0.0,0,0.0,0.0,0.0,0.0,False,u,Has joined Swansea City permanently.,,,,2526
525,60689,2,15,Chris Wood,Wood,4,4.6,7.2,16,8,Away,2025-08-24T13:00:00Z,1,1,87,0,0,0,1,0,0,0,3,2,0.23,0.06,0.29,1.1,0,2.0,0.0,11.0,13.0,False,i,Knee injury - Unknown return date,,,1.0,2526
526,482973,2,15,Igor Jesus Maciel da Cruz,Igor Jesus,4,1.2,5.8,16,8,Away,2025-08-24T13:00:00Z,1,1,2,0,0,0,0,0,0,0,1,1,0.07,0.0,0.07,0.0,0,0.4,0.0,0.3,6.0,False,a,,,,3.0,2526
527,210156,2,15,Taiwo Awoniyi,Awoniyi,4,0.3,5.2,16,8,Away,2025-08-24T13:00:00Z,1,1,0,0,0,0,0,0,0,0,0,0,0.0,0.0,0.0,0.0,0,0.0,0.0,0.0,0.0,False,a,,,,,2526
528,232571,2,14,Anthony Patterson,Patterson,1,0.2,4.2,17,3,Away,2025-08-23T14:00:00Z,0,2,0,0,0,0,0,0,0,0,0,0,0.0,0.0,0.0,0.0,0,0.0,0.0,0.0,0.0,False,u,has joined Millwall on loan for the rest of the season.,,,,2526
529,74854,2,14,Simon Moore,Moore,1,0.4,3.9,17,3,Away,2025-08-23T14:00:00Z,0,2,0,0,0,0,0,0,0,0,0,0,0.0,0.0,0.0,0.0,0,0.0,0.0,0.0,0.0,False,a,,,,,2526
530,490000,2,14,Blondy Nna Noukeu,Nna Noukeu,1,0.1,3.9,17,3,Away,2025-08-23T14:00:00Z,0,2,0,0,0,0,0,0,0,0,0,0,0.0,0.0,0.0,0.0,0,0.0,0.0,0.0,0.0,False,u,has joined US Boulogne CO permanently.,,,,2526
531,223827,2,14,Daniel Ballard,Ballard,2,3.1,4.6,17,3,Away,2025-08-23T14:00:00Z,0,2,8,0,0,0,0,0,0,0,8,1,0.0,0.17,0.17,0.0,2,1.8,5.2,10.3,2.0,False,a,,,,,2526
532,487676,2,14,Trai Hume,Hume,2,0.3,4.5,17,3,Away,2025-08-23T14:00:00Z,0,2,90,0,0,0,2,0,0,0,5,1,0.03,0.03,0.06,1.0,3,2.7,10.6,14.0,2.0,False,a,,2.0,,,2526
533,220684,2,14,Aji Alese,Alese,2,0.0,4.0,17,3,Away,2025-08-23T14:00:00Z,0,2,0,0,0,0,0,0,0,0,0,0,0.0,0.0,0.0,0.0,0,0.0,0.0,0.0,0.0,False,u,has joined Portsmouth on loan for the rest of the season.,,,,2526
534,232820,2,14,Joe Anderson,Anderson,2,0.3,3.8,17,3,Away,2025-08-23T14:00:00Z,0,2,0,0,0,0,0,0,0,0,0,0,0.0,0.0,0.0,0.0,0,0.0,0.0,0.0,0.0,False,u,has joined Barrow FC permanently.,,,,2526
535,461195,2,14,Dennis Cirkin,Cirkin,2,0.1,4.0,17,3,Away,2025-08-23T14:00:00Z,0,2,0,0,0,0,0,0,0,0,0,0,0.0,0.0,0.0,0.0,0,0.0,0.0,0.0,0.0,False,d,Knock - 75% chance of playing,,,,2526
536,477547,2,14,Leo Fuhr Hjelde,Hjelde,2,0.0,4.0,17,3,Away,2025-08-23T14:00:00Z,0,2,0,0,0,0,0,0,0,0,0,0,0.0,0.0,0.0,0.0,0,0.0,0.0,0.0,0.0,False,u,has joined Sheffield United on loan for the rest of the season.,,,,2526
537,492066,2,14,Niall Huggins,Huggins,2,0.1,4.0,17,3,Away,2025-08-23T14:00:00Z,0,2,0,0,0,0,0,0,0,0,0,0,0.0,0.0,0.0,0.0,0,0.0,0.0,0.0,0.0,False,u,has joined Wycombe Wanderers on loan for the rest of the season.,,,,2526
538,514613,2,14,Zak Johnson,Johnson,2,0.2,3.8,17,3,Away,2025-08-23T14:00:00Z,0,2,0,0,0,0,0,0,0,0,0,0,0.0,0.0,0.0,0.0,0,0.0,0.0,0.0,0.0,False,u,has joined York City on loan for the rest of the season.,,,,2526
539,167512,2,14,Luke O'Nien,O'Nien,2,0.1,4.0,17,3,Away,2025-08-23T14:00:00Z,0,2,0,0,0,0,0,0,0,0,0,0,0.0,0.0,0.0,0.0,0,0.0,0.0,0.0,0.0,False,a,,,,,2526
540,465702,2,14,Timothée Pembélé,Pembele,2,0.3,3.9,17,3,Away,2025-08-23T14:00:00Z,0,2,0,0,0,0,0,0,0,0,0,0,0.0,0.0,0.0,0.0,0,0.0,0.0,0.0,0.0,False,u,has joined Le Havre AC on loan for the rest of the season.,,,,2526
541,434399,2,14,Reinildo Mandava,Reinildo,2,3.1,3.8,17,3,Away,2025-08-23T14:00:00Z,0,2,90,0,0,0,2,0,0,0,14,3,0.0,0.02,0.02,1.0,12,4.0,29.4,10.4,0.0,False,i,Knee injury - Expected back 22 Mar,,,,2526
542,519634,2,14,Jenson Seelt,Seelt,2,0.1,4.0,17,3,Away,2025-08-23T14:00:00Z,0,2,81,0,0,0,2,0,0,0,5,1,0.0,0.01,0.01,1.0,6,2.0,18.4,1.8,0.0,False,u,has joined Wolfsburg on loan for the rest of the season.,,,,2526
543,535818,2,14,Simon Adingra,Adingra,3,0.4,4.9,17,3,Away,2025-08-23T14:00:00Z,0,2,62,0,0,0,1,1,0,0,7,1,0.0,0.09,0.09,0.34,5,2.8,8.2,19.5,0.0,False,u,has joined AS Monaco on loan for the rest of the season.,,,,2526
544,547027,2,14,Habib Diarra,Diarra,3,0.1,5.3,17,3,Away,2025-08-23T14:00:00Z,0,2,79,0,0,0,1,0,0,0,7,2,0.0,0.04,0.04,0.34,3,2.4,3.6,16.6,4.0,False,a,,,,1.0,2526
545,124165,2,14,Patrick Roberts,Roberts,3,0.0,5.4,17,3,Away,2025-08-23T14:00:00Z,0,2,27,0,0,0,1,0,0,0,4,1,0.03,0.02,0.05,0.66,1,1.4,1.8,7.3,5.0,False,u,has joined Birmingham City permanently.,,,,2526
546,626844,2,14,Milan Aleksić,Aleksić,3,0.0,4.9,17,3,Away,2025-08-23T14:00:00Z,0,2,0,0,0,0,0,0,0,0,0,0,0.0,0.0,0.0,0.0,0,0.0,0.0,0.0,0.0,False,a,,,,,2526
547,484420,2,14,Enzo Le Fée,E.Le Fée,3,1.3,4.9,17,3,Away,2025-08-23T14:00:00Z,0,2,27,0,0,0,1,0,0,0,15,1,0.04,0.05,0.09,0.66,8,3.6,9.0,23.4,4.0,False,a,,3.0,2.0,2.0,2526
548,461199,2,14,Romaine Mundle,Mundle,3,0.0,4.9,17,3,Away,2025-08-23T14:00:00Z,0,2,0,0,0,0,0,0,0,0,0,0,0.0,0.0,0.0,0.0,0,0.0,0.0,0.0,0.0,False,d,Knock - 75% chance of playing,,,,2526
549,223336,2,14,Dan Neil,Neil,3,0.0,4.8,17,3,Away,2025-08-23T14:00:00Z,0,2,0,0,0,0,0,0,0,0,0,0,0.0,0.0,0.0,0.0,0,0.0,0.0,0.0,0.0,False,u,has joined Ipswich Town on loan for the rest of the season.,,,,2526
550,215460,2,14,Ian Poveda-Ocampo,Poveda,3,0.0,4.8,17,3,Away,2025-08-23T14:00:00Z,0,2,0,0,0,0,0,0,0,0,0,0,0.0,0.0,0.0,0.0,0,0.0,0.0,0.0,0.0,False,a,,,,,2526
551,554197,2,14,Chris Rigg,Rigg,3,0.0,4.7,17,3,Away,2025-08-23T14:00:00Z,0,2,0,0,0,0,0,0,0,0,0,0,0.0,0.0,0.0,0.0,0,0.0,0.0,0.0,0.0,False,a,,,,,2526
552,577669,2,14,Noah Sadiki,Sadiki,3,0.1,4.9,17,3,Away,2025-08-23T14:00:00Z,0,2,90,0,0,0,2,0,0,0,13,2,0.0,0.08,0.08,1.0,4,2.3,9.4,9.5,4.0,False,a,,,,,2526
553,549912,2,14,Chemsdine Talbi,Talbi,3,0.2,4.9,17,3,Away,2025-08-23T14:00:00Z,0,2,62,0,0,0,1,0,0,0,3,2,0.23,0.01,0.24,0.34,2,2.2,1.8,16.3,4.0,False,a,,,,,2526
554,477851,2,14,Abdoullah Ba,Ba,3,0.3,4.3,17,3,Away,2025-08-23T14:00:00Z,0,2,0,0,0,0,0,0,0,0,0,0,0.0,0.0,0.0,0.0,0,0.0,0.0,0.0,0.0,False,a,,,,,2526
555,171422,2,14,Alan Browne,Browne,3,0.0,4.5,17,3,Away,2025-08-23T14:00:00Z,0,2,0,0,0,0,0,0,0,0,0,0,0.0,0.0,0.0,0.0,0,0.0,0.0,0.0,0.0,False,u,has joined Middlesbrough on loan for the rest of the season.,,,,2526
556,458297,2,14,Pierre Ekwah Elimby,Ekwah,3,0.0,4.5,17,3,Away,2025-08-23T14:00:00Z,0,2,0,0,0,0,0,0,0,0,0,0,0.0,0.0,0.0,0.0,0,0.0,0.0,0.0,0.0,False,u,Has joined AS Saint-Etienne permanently.,,,,2526
557,547410,2,14,Harrison Jones,H.Jones,3,0.1,4.3,17,3,Away,2025-08-23T14:00:00Z,0,2,0,0,0,0,0,0,0,0,0,0,0.0,0.0,0.0,0.0,0,0.0,0.0,0.0,0.0,False,a,,,,,2526
558,493837,2,14,Jay Matete,Matete,3,0.2,4.3,17,3,Away,2025-08-23T14:00:00Z,0,2,0,0,0,0,0,0,0,0,0,0,0.0,0.0,0.0,0.0,0,0.0,0.0,0.0,0.0,False,u,has joined MK Dons permanently.,,,,2526
559,500696,2,14,Nectarios Triantis,Triantis,3,0.0,4.4,17,3,Away,2025-08-23T14:00:00Z,0,2,0,0,0,0,0,0,0,0,0,0,0.0,0.0,0.0,0.0,0,0.0,0.0,0.0,0.0,False,u,has joined Minnesota United permanently.,,,,2526
560,437505,2,14,Wilson Isidor,Isidor,4,1.4,5.1,17,3,Away,2025-08-23T14:00:00Z,0,2,27,0,0,0,1,0,0,0,0,1,0.0,0.0,0.0,0.66,0,0.4,0.0,0.0,4.0,False,a,,,,,2526
561,564406,2,14,Eliezer Mayenda Dossou,Mayenda,4,0.5,5.2,17,3,Away,2025-08-23T14:00:00Z,0,2,62,0,0,0,1,0,0,0,3,2,0.3,0.0,0.3,0.34,5,3.1,11.2,0.3,19.0,False,a,,,,,2526
562,611975,2,14,Ahmed Abdullahi,Abdullahi,4,0.5,4.2,17,3,Away,2025-08-23T14:00:00Z,0,2,0,0,0,0,0,0,0,0,0,0,0.0,0.0,0.0,0.0,0,0.0,0.0,0.0,0.0,False,a,,,,,2526
563,551153,2,14,Luís Hemir Silva Semedo,Luís Hemir,4,0.1,4.4,17,3,Away,2025-08-23T14:00:00Z,0,2,0,0,0,0,0,0,0,0,0,0,0.0,0.0,0.0,0.0,0,0.0,0.0,0.0,0.0,False,u,has joined Moreirense on loan for the rest of the season.,,,,2526
564,440955,2,14,Nazarii Rusyn,Rusyn,4,0.1,4.4,17,3,Away,2025-08-23T14:00:00Z,0,2,0,0,0,0,0,0,0,0,0,0,0.0,0.0,0.0,0.0,0,0.0,0.0,0.0,0.0,False,u,has joined Arka on loan for the rest of the season.,,,,2526
565,184254,2,18,Guglielmo Vicario,Vicario,1,5.8,4.7,18,13,Away,2025-08-23T11:30:00Z,2,0,90,0,0,1,0,0,0,2,30,9,0.0,0.01,0.01,1.55,0,2.8,28.4,0.0,0.0,False,a,,,,,2526
566,214572,2,18,Brandon Austin,Austin,1,0.3,3.9,18,13,Away,2025-08-23T11:30:00Z,2,0,0,0,0,0,0,0,0,0,0,0,0.0,0.0,0.0,0.0,0,0.0,0.0,0.0,0.0,False,a,,,,,2526
567,485055,2,18,Antonín Kinský,Kinsky,1,1.6,3.9,18,13,Away,2025-08-23T11:30:00Z,2,0,0,0,0,0,0,0,0,0,0,0,0.0,0.0,0.0,0.0,0,0.0,0.0,0.0,0.0,False,a,,,,,2526
568,441164,2,18,Pedro Porro Sauceda,Pedro Porro,2,9.3,5.1,18,13,Away,2025-08-23T11:30:00Z,2,0,90,0,0,1,0,1,0,0,20,5,0.08,0.13,0.21,1.55,6,5.7,15.2,33.4,8.0,False,d,Hamstring injury - 50% chance of playing,2.0,2.0,,2526
569,221632,2,18,Cristian Romero,Romero,2,3.3,5.0,18,13,Away,2025-08-23T11:30:00Z,2,0,90,0,0,1,0,1,0,0,28,7,0.0,0.0,0.0,1.55,10,2.3,20.6,0.3,2.0,False,s,Suspended until 15 Mar,,,,2526
570,135720,2,18,Kevin Danso,Danso,2,0.1,4.2,18,13,Away,2025-08-23T11:30:00Z,2,0,1,0,0,0,0,0,0,0,4,1,0.0,0.0,0.0,0.0,2,0.4,4.2,0.0,0.0,False,i,Toe Injury - Unknown return date,,,,2526
571,115556,2,18,Ben Davies,Davies,2,0.1,4.3,18,13,Away,2025-08-23T11:30:00Z,2,0,0,0,0,0,0,0,0,0,0,0,0.0,0.0,0.0,0.0,0,0.0,0.0,0.0,0.0,False,i,Ankle injury - Unknown return date,,,,2526
572,493125,2,18,Radu Drăgușin,Dragusin,2,0.0,4.5,18,13,Away,2025-08-23T11:30:00Z,2,0,0,0,0,0,0,0,0,0,0,0,0.0,0.0,0.0,0.0,0,0.0,0.0,0.0,0.0,False,a,,,,,2526
573,232859,2,18,Djed Spence,Spence,2,1.0,4.2,18,13,Away,2025-08-23T11:30:00Z,2,0,90,0,0,1,0,0,0,0,19,6,0.0,0.02,0.02,1.55,6,1.5,10.4,2.6,2.0,False,a,,,,,2526
574,487053,2,18,Destiny Udogie,Udogie,2,0.3,4.3,18,13,Away,2025-08-23T11:30:00Z,2,0,0,0,0,0,0,0,0,0,0,0,0.0,0.0,0.0,0.0,0,0.0,0.0,0.0,0.0,False,i,Hamstring injury - Expected back 15 Mar,,,,2526
575,491279,2,18,Micky van de Ven,Van de Ven,2,23.0,4.5,18,13,Away,2025-08-23T11:30:00Z,2,0,90,0,0,1,0,0,0,0,26,6,0.0,0.0,0.0,1.55,4,1.3,12.6,0.7,0.0,False,a,,,,,2526
576,548308,2,18,Ashley Phillips,Phillips,2,0.0,4.0,18,13,Away,2025-08-23T11:30:00Z,2,0,0,0,0,0,0,0,0,0,0,0,0.0,0.0,0.0,0.0,0,0.0,0.0,0.0,0.0,False,u,Has joined Stoke City on loan for the rest of the season.,,,,2526
577,553299,2,18,Takai Kōta,Takai,2,0.0,4.0,18,13,Away,2025-08-23T11:30:00Z,2,0,0,0,0,0,0,0,0,0,0,0,0.0,0.0,0.0,0.0,0,0.0,0.0,0.0,0.0,False,u,has joined Borussia Mönchengladbach on loan for the rest of the season.,,,,2526
578,610799,2,18,Luka Vušković,Vuskovic,2,0.3,3.9,18,13,Away,2025-08-23T11:30:00Z,2,0,0,0,0,0,0,0,0,0,0,0,0.0,0.0,0.0,0.0,0,0.0,0.0,0.0,0.0,False,u,has joined Hamburger SV on loan for the rest of the season.,,,,2526
579,85971,2,18,Son Heung-min,Son,3,0.1,8.5,18,13,Away,2025-08-23T11:30:00Z,2,0,0,0,0,0,0,0,0,0,0,0,0.0,0.0,0.0,0.0,0,0.0,0.0,0.0,0.0,False,u,has joined Los Angeles FC permanently.,,,,2526
580,242898,2,18,Brennan Johnson,Johnson,3,2.4,6.5,8,13,Away,2025-08-23T11:30:00Z,2,0,77,1,0,1,0,1,0,2,30,9,0.4,0.03,0.43,1.37,6,8.0,42.6,15.8,22.0,False,a,,4.0,,,2526
581,172780,2,18,James Maddison,Maddison,3,0.1,6.8,18,13,Away,2025-08-23T11:30:00Z,2,0,0,0,0,0,0,0,0,0,0,0,0.0,0.0,0.0,0.0,0,0.0,0.0,0.0,0.0,False,i,Anterior cruciate ligament - Unknown return date,,,,2526
582,460842,2,18,Mohammed Kudus,Kudus,3,9.6,6.4,18,13,Away,2025-08-23T11:30:00Z,2,0,85,0,0,1,0,0,0,0,14,3,0.0,0.09,0.09,1.55,9,3.2,11.4,18.9,2.0,False,i,Thigh injury - Expected back 11 Apr,3.0,4.0,3.0,2526
583,445044,2,18,Dejan Kulusevski,Kulusevski,3,0.0,6.4,18,13,Away,2025-08-23T11:30:00Z,2,0,0,0,0,0,0,0,0,0,0,0,0.0,0.0,0.0,0.0,0,0.0,0.0,0.0,0.0,False,i,Knee injury - Unknown return date,,,,2526
584,511499,2,18,Mathys Tel,Tel,3,0.1,6.2,18,13,Away,2025-08-23T11:30:00Z,2,0,0,0,0,0,0,0,0,0,0,0,0.0,0.0,0.0,0.0,0,0.0,0.0,0.0,0.0,False,a,,4.0,,,2526
585,202993,2,18,Rodrigo Bentancur,Bentancur,3,0.2,5.3,18,13,Away,2025-08-23T11:30:00Z,2,0,90,0,0,1,0,0,0,0,14,3,0.0,0.0,0.0,1.55,11,2.6,11.4,12.2,2.0,False,i,Hamstring injury - Unknown return date,,,,2526
586,570526,2,18,Lucas Bergvall,Bergvall,3,0.2,5.2,18,13,Away,2025-08-23T11:30:00Z,2,0,4,0,0,0,0,0,0,0,5,1,0.0,0.05,0.05,0.0,3,2.1,8.0,10.5,2.0,False,i,Ankle injury - Unknown return date,,,,2526
587,227127,2,18,Yves Bissouma,Bissouma,3,0.0,5.2,18,13,Away,2025-08-23T11:30:00Z,2,0,0,0,0,0,0,0,0,0,0,0,0.0,0.0,0.0,0.0,0,0.0,0.0,0.0,0.0,False,a,,,,,2526
588,550839,2,18,Wilson Odobert,Odobert,3,0.1,5.3,18,13,Away,2025-08-23T11:30:00Z,2,0,12,0,0,0,0,0,0,0,1,1,0.25,0.0,0.25,0.18,2,2.4,2.4,0.3,21.0,False,i,Knee injury - Unknown return date,,,,2526
589,235674,2,18,Manor Solomon,Solomon,3,0.0,5.4,18,13,Away,2025-08-23T11:30:00Z,2,0,0,0,0,0,0,0,0,0,0,0,0.0,0.0,0.0,0.0,0,0.0,0.0,0.0,0.0,False,u,has joined Fiorentina on loan for the rest of the season.,,,,2526
590,436234,2,18,Bryan Gil Salvatierra,Bryan,3,0.0,4.9,18,13,Away,2025-08-23T11:30:00Z,2,0,0,0,0,0,0,0,0,0,0,0,0.0,0.0,0.0,0.0,0,0.0,0.0,0.0,0.0,False,u,has joined Girona permanently.,,,,2526
591,547701,2,18,Archie Gray,Gray,3,0.1,4.8,18,13,Away,2025-08-23T11:30:00Z,2,0,0,0,0,0,0,0,0,0,0,0,0.0,0.0,0.0,0.0,0,0.0,0.0,0.0,0.0,False,a,,,,,2526
592,499721,2,18,Mikey Moore,Moore,3,0.0,5.0,18,13,Away,2025-08-23T11:30:00Z,2,0,0,0,0,0,0,0,0,0,0,0,0.0,0.0,0.0,0.0,0,0.0,0.0,0.0,0.0,False,u,Has joined Rangers on loan for the rest of the season.,,,,2526
593,482442,2,18,Pape Matar Sarr,P.M.Sarr,3,1.1,4.5,18,13,Away,2025-08-23T11:30:00Z,2,0,90,0,0,1,0,0,0,0,7,3,0.03,0.01,0.04,1.55,9,2.7,6.2,1.5,19.0,False,a,,,,,2526
594,623095,2,18,Yang Min-hyeok,Min-hyeok,3,0.0,4.5,18,13,Away,2025-08-23T11:30:00Z,2,0,0,0,0,0,0,0,0,0,0,0,0.0,0.0,0.0,0.0,0,0.0,0.0,0.0,0.0,False,u,has joined Coventry City on loan for the rest of the season.,,,,2526
595,499726,2,18,Callum Olusesi,Olusesi,3,0.2,4.3,18,13,Away,2025-08-23T11:30:00Z,2,0,0,0,0,0,0,0,0,0,0,0,0.0,0.0,0.0,0.0,0,0.0,0.0,0.0,0.0,False,a,,,,,2526
596,154566,2,18,Dominic Solanke-Mitchell,Solanke,4,1.3,7.2,18,13,Away,2025-08-23T11:30:00Z,2,0,12,0,0,0,0,0,0,0,5,1,0.12,0.0,0.12,0.18,1,2.3,4.0,0.0,19.0,False,a,,,,2.0,2526
597,212319,2,18,Richarlison de Andrade,Richarlison,4,5.4,6.3,18,13,Away,2025-08-23T11:30:00Z,2,0,77,0,1,1,0,1,0,0,18,4,0.1,0.11,0.21,1.37,8,5.1,17.0,10.8,23.0,False,a,,,,5.0,2526
598,552427,2,18,Will Lankshear,Lankshear,4,0.0,4.5,18,13,Away,2025-08-23T11:30:00Z,2,0,0,0,0,0,0,0,0,0,0,0,0.0,0.0,0.0,0.0,0,0.0,0.0,0.0,0.0,False,u,has joined Oxford United on loan for the rest of the season.,,,,2526
599,490145,2,18,Dane Scarlett,Scarlett,4,0.6,4.3,18,13,Away,2025-08-23T11:30:00Z,2,0,0,0,0,0,0,0,0,0,0,0,0.0,0.0,0.0,0.0,0,0.0,0.0,0.0,0.0,False,u,has joined Hibernian on loan for the rest of the season.,,,,2526
600,84182,2,20,Alphonse Areola,Areola,1,2.1,4.3,19,7,Home,2025-08-22T19:00:00Z,1,5,0,0,0,0,0,0,0,0,0,0,0.0,0.0,0.0,0.0,0,0.0,0.0,0.0,0.0,False,a,,,,,2526
601,82143,2,20,Wes Foderingham,Foderingham,1,0.2,4.0,19,7,Home,2025-08-22T19:00:00Z,1,5,0,0,0,0,0,0,0,0,0,0,0.0,0.0,0.0,0.0,0,0.0,0.0,0.0,0.0,False,u,has joined Aris Limassol permanently.,,,,2526
602,483364,2,20,Krisztián Hegyi,Hegyi,1,0.2,3.9,19,7,Home,2025-08-22T19:00:00Z,1,5,0,0,0,0,0,0,0,0,0,0,0.0,0.0,0.0,0.0,0,0.0,0.0,0.0,0.0,False,u,has joined MTK Budapest on loan for the rest of the season.,,,,2526
603,613804,2,20,El Hadji Malick Diouf,Diouf,2,1.7,4.0,19,7,Home,2025-08-22T19:00:00Z,1,5,90,0,1,0,5,0,0,0,-1,3,0.0,0.01,0.01,2.74,4,3.5,20.6,12.7,2.0,False,a,,,,,2526
604,109533,2,20,Emerson Palmieri dos Santos,Emerson,2,0.1,4.4,19,7,Home,2025-08-22T19:00:00Z,1,5,0,0,0,0,0,0,0,0,0,0,0.0,0.0,0.0,0.0,0,0.0,0.0,0.0,0.0,False,u,has joined Marseille permanently.,,,,2526
605,214048,2,20,Maximilian Kilman,Kilman,2,0.1,4.2,19,7,Home,2025-08-22T19:00:00Z,1,5,90,0,0,0,5,0,0,0,-18,0,0.19,0.0,0.19,2.74,5,1.1,4.0,0.3,7.0,False,a,,,,,2526
606,233963,2,20,Konstantinos Mavropanos,Mavropanos,2,0.1,4.4,19,7,Home,2025-08-22T19:00:00Z,1,5,0,0,0,0,0,0,0,0,0,0,0.0,0.0,0.0,0.0,0,0.0,0.0,0.0,0.0,False,a,,,,,2526
607,210494,2,20,Nayef Aguerd,N.Aguerd,2,0.0,4.4,19,7,Home,2025-08-22T19:00:00Z,1,5,90,0,0,0,5,0,0,0,-2,2,0.1,0.01,0.11,2.74,13,3.3,24.4,0.9,8.0,False,u,has joined Marseille permanently.,,,,2526
608,536109,2,20,Ollie Scarles,Scarles,2,0.0,4.3,19,7,Home,2025-08-22T19:00:00Z,1,5,0,0,0,0,0,0,0,0,0,0,0.0,0.0,0.0,0.0,0,0.0,0.0,0.0,0.0,False,a,,5.0,,,2526
609,462116,2,20,Jean-Clair Todibo,Todibo,2,0.1,4.3,19,7,Home,2025-08-22T19:00:00Z,1,5,45,0,0,0,3,0,0,0,-9,0,0.0,0.0,0.0,1.62,3,0.6,5.4,0.3,0.0,False,a,,,,,2526
610,214590,2,20,Aaron Wan-Bissaka,Wan-Bissaka,2,4.6,4.1,19,7,Home,2025-08-22T19:00:00Z,1,5,90,0,0,0,5,0,0,0,-8,0,0.0,0.06,0.06,2.74,5,3.7,17.0,19.8,0.0,False,a,,,,,2526
611,518438,2,20,Kaelan Casey,Casey,2,0.1,4.0,19,7,Home,2025-08-22T19:00:00Z,1,5,0,0,0,0,0,0,0,0,0,0,0.0,0.0,0.0,0.0,0,0.0,0.0,0.0,0.0,False,u,has joined Leyton Orient on loan for the rest of the season.,,,,2526
612,224024,2,20,Lucas Tolentino Coelho de Lima,L.Paquetá,3,1.1,5.9,19,7,Home,2025-08-22T19:00:00Z,1,5,90,1,0,0,5,0,0,2,39,9,0.07,0.09,0.16,2.74,11,8.7,54.4,18.3,14.0,False,u,has joined Flamengo permanently.,,,,2526
613,215439,2,20,Tomáš Souček,Souček,3,0.3,5.7,19,7,Home,2025-08-22T19:00:00Z,1,5,69,0,0,0,5,0,0,0,8,2,0.09,0.0,0.09,2.43,6,2.9,6.0,0.7,22.0,False,a,,,,,2526
614,101178,2,20,James Ward-Prowse,Ward-Prowse,3,0.2,5.6,3,19,Away,2025-08-22T19:00:00Z,5,1,90,0,0,0,5,0,0,0,23,2,0.11,0.31,0.42,2.74,6,7.8,17.6,58.6,2.0,False,a,,1.0,1.0,,2526
615,450070,2,20,Crysencio Summerville,Summerville,3,3.2,5.7,19,7,Home,2025-08-22T19:00:00Z,1,5,0,0,0,0,0,0,0,0,0,0,0.0,0.0,0.0,0.0,0,0.0,0.0,0.0,0.0,False,a,,2.0,,,2526
616,213999,2,20,Edson Álvarez Velázquez,Álvarez,3,0.0,4.9,19,7,Home,2025-08-22T19:00:00Z,1,5,0,0,0,0,0,0,0,0,0,0,0.0,0.0,0.0,0.0,0,0.0,0.0,0.0,0.0,False,u,Has joined Fenerbahçe on loan for the rest of the season.,,,,2526
617,149519,2,20,Maxwel Cornet,Cornet,3,0.0,4.9,19,7,Home,2025-08-22T19:00:00Z,1,5,0,0,0,0,0,0,0,0,0,0,0.0,0.0,0.0,0.0,0,0.0,0.0,0.0,0.0,False,u,has joined Genoa on loan for the rest of the season.,,,,2526
618,197024,2,20,Guido Rodríguez,G.Rodriguez,3,0.0,4.8,19,7,Home,2025-08-22T19:00:00Z,1,5,0,0,0,0,0,0,0,0,0,0,0.0,0.0,0.0,0.0,0,0.0,0.0,0.0,0.0,False,u,has joined Valencia on loan for the rest of the season.,,,,2526
619,577114,2,20,Luis Guilherme Lira dos Santos,L.Guilherme,3,0.0,4.9,19,7,Home,2025-08-22T19:00:00Z,1,5,0,0,0,0,0,0,0,0,0,0,0.0,0.0,0.0,0.0,0,0.0,0.0,0.0,0.0,False,u,has joined Sporting CP permanently.,,,,2526
620,490885,2,20,George Earthy,Earthy,3,0.0,4.5,19,7,Home,2025-08-22T19:00:00Z,1,5,0,0,0,0,0,0,0,0,0,0,0.0,0.0,0.0,0.0,0,0.0,0.0,0.0,0.0,False,u,has joined Bristol City on loan for the rest of the season.,,,,2526
621,229384,2,20,Andy Irving,Irving,3,0.2,4.3,19,7,Home,2025-08-22T19:00:00Z,1,5,0,0,0,0,0,0,0,0,0,0,0.0,0.0,0.0,0.0,0,0.0,0.0,0.0,0.0,False,u,has joined Sparta Prague permanently.,,,,2526
622,518442,2,20,Lewis Orford,Orford,3,0.1,4.4,19,7,Home,2025-08-22T19:00:00Z,1,5,0,0,0,0,0,0,0,0,0,0,0.0,0.0,0.0,0.0,0,0.0,0.0,0.0,0.0,False,u,has joined Stevenage on loan for the rest of the season.,,,,2526
623,490142,2,20,Freddie Potts,Potts,3,0.6,4.4,19,7,Home,2025-08-22T19:00:00Z,1,5,45,0,0,0,2,0,0,0,2,1,0.0,0.0,0.0,1.12,4,1.0,6.2,2.2,2.0,False,s,Suspended until 14 Mar,,,,2526
624,178186,2,20,Jarrod Bowen,Bowen,4,8.2,7.6,19,7,Home,2025-08-22T19:00:00Z,1,5,90,0,0,0,5,0,0,0,10,2,0.09,0.11,0.2,2.74,1,6.1,9.8,21.2,30.0,False,a,,1.0,1.0,2.0,2526
625,91889,2,20,Niclas Füllkrug,Füllkrug,4,0.6,5.6,19,7,Home,2025-08-22T19:00:00Z,1,5,45,0,0,0,3,0,0,0,3,1,0.0,0.02,0.02,1.62,1,1.4,1.2,10.5,2.0,False,u,has joined AC Milan on loan for the rest of the season.,,,,2526
626,565431,2,20,Callum Marshall,Marshall,4,0.5,4.3,19,7,Home,2025-08-22T19:00:00Z,1,5,0,0,0,0,0,0,0,0,0,0,0.0,0.0,0.0,0.0,0,0.0,0.0,0.0,0.0,False,u,has joined VfL Bochum 1848 on loan for the rest of the season.,,,,2526
627,101982,2,12,Sam Johnstone,Johnstone,1,0.1,4.4,20,4,Away,2025-08-23T14:00:00Z,0,1,0,0,0,0,0,0,0,0,0,0,0.0,0.0,0.0,0.0,0,0.0,0.0,0.0,0.0,False,a,,,,,2526
628,149065,2,12,José Malheiro de Sá,José Sá,1,1.2,4.2,20,4,Away,2025-08-23T14:00:00Z,0,1,90,0,0,0,1,0,0,0,14,3,0.0,0.03,0.03,1.29,0,3.1,21.0,10.0,0.0,False,a,,,,,2526
629,79602,2,12,Daniel Bentley,Bentley,1,0.5,3.9,20,4,Away,2025-08-23T14:00:00Z,0,1,0,0,0,0,0,0,0,0,0,0,0.0,0.0,0.0,0.0,0,0.0,0.0,0.0,0.0,False,a,,,,,2526
630,138001,2,16,Tom King,King,1,1.3,3.9,9,6,Home,2025-08-24T13:00:00Z,2,0,0,0,0,0,0,0,0,0,0,0,0.0,0.0,0.0,0.0,0,0.0,0.0,0.0,0.0,False,a,,,,,2526
631,516939,2,12,Emmanuel Agbadou,Agbadou,2,0.1,4.2,20,4,Away,2025-08-23T14:00:00Z,0,1,90,0,0,0,1,0,0,0,17,4,0.1,0.03,0.13,1.29,14,4.1,36.0,0.7,4.0,False,u,has joined Besiktas permanently.,,,,2526
632,87835,2,12,Matt Doherty,Doherty,2,0.1,4.4,20,4,Away,2025-08-23T14:00:00Z,0,1,90,0,0,0,1,1,0,0,5,1,0.0,0.02,0.02,1.29,9,2.1,19.2,1.8,0.0,False,a,,,,,2526
633,490721,2,12,Hugo Bueno López,H.Bueno,2,0.2,4.3,20,4,Away,2025-08-23T14:00:00Z,0,1,45,0,0,0,0,1,0,0,3,0,0.06,0.1,0.16,0.57,3,2.9,5.6,18.7,5.0,False,a,,1.0,,,2526
634,501837,2,12,Yerson Mosquera Valdelamar,Mosquera,2,0.1,4.3,20,4,Away,2025-08-23T14:00:00Z,0,1,0,0,0,0,0,0,0,0,0,0,0.0,0.0,0.0,0.0,0,0.0,0.0,0.0,0.0,False,a,,,,,2526
635,483081,2,12,Rodrigo Martins Gomes,R.Gomes,2,0.1,4.4,20,4,Away,2025-08-23T14:00:00Z,0,1,0,0,0,0,0,0,0,0,0,0,0.0,0.0,0.0,0.0,0,0.0,0.0,0.0,0.0,False,a,,,,,2526
636,231480,2,12,Santiago Ignacio Bueno,S.Bueno,2,0.1,4.4,20,4,Away,2025-08-23T14:00:00Z,0,1,34,0,0,0,0,0,0,0,6,1,0.0,0.0,0.0,0.46,4,1.2,12.0,0.2,0.0,False,a,,,,,2526
637,510362,2,12,Toti Gomes,Toti,2,0.1,4.2,20,4,Away,2025-08-23T14:00:00Z,0,1,48,0,0,0,1,0,1,0,-9,-2,0.0,0.0,0.0,0.72,6,0.8,7.6,0.6,0.0,False,a,,,,,2526
638,441271,2,12,Ki-Jana Hoever,Hoever,2,1.0,3.8,20,4,Away,2025-08-23T14:00:00Z,0,1,34,0,0,0,1,0,0,0,1,1,0.0,0.1,0.1,0.63,1,2.2,5.2,14.4,2.0,False,u,has joined Sheffield United on loan for the rest of the season.,,,,2526
639,560248,2,12,Bastien Meupiyou Menadjou,Meupiyou,2,0.0,4.0,20,4,Away,2025-08-23T14:00:00Z,0,1,0,0,0,0,0,0,0,0,0,0,0.0,0.0,0.0,0.0,0,0.0,0.0,0.0,0.0,False,u,On loan to FC Alverca,,,,2526
640,641221,2,12,Pedro Cardoso de Lima,Pedro Lima,2,0.4,4.0,20,4,Away,2025-08-23T14:00:00Z,0,1,0,0,0,0,0,0,0,0,0,0,0.0,0.0,0.0,0.0,0,0.0,0.0,0.0,0.0,False,a,,,,,2526
641,517179,2,12,Alfie Pond,Pond,2,1.0,3.9,20,4,Away,2025-08-23T14:00:00Z,0,1,0,0,0,0,0,0,0,0,0,0,0.0,0.0,0.0,0.0,0,0.0,0.0,0.0,0.0,False,u,has joined Crewe Alexandra on loan for the rest of the season.,,,,2526
642,184754,2,12,Hwang Hee-chan,Hee Chan,3,0.1,5.6,20,4,Away,2025-08-23T14:00:00Z,0,1,12,0,0,0,0,0,0,0,0,1,0.0,0.0,0.0,0.16,0,0.0,0.0,0.0,0.0,False,i,Calf injury - Unknown return date,,1.0,3.0,2526
643,509291,2,12,André Trindade da Costa Neto,André,3,0.1,5.2,20,4,Away,2025-08-23T14:00:00Z,0,1,45,0,0,0,0,0,0,0,8,1,0.0,0.01,0.01,0.57,5,1.0,8.0,1.8,0.0,False,a,,,,,2526
644,231057,2,12,Jean-Ricner Bellegarde,Bellegarde,3,0.0,5.1,20,4,Away,2025-08-23T14:00:00Z,0,1,45,0,0,0,1,0,0,0,6,1,0.01,0.01,0.02,0.72,4,1.0,2.8,5.2,2.0,False,a,,3.0,2.0,,2526
645,643135,2,12,Fer López González,Fer López,3,0.0,5.1,20,4,Away,2025-08-23T14:00:00Z,0,1,0,0,0,0,0,0,0,0,0,0,0.0,0.0,0.0,0.0,0,0.0,0.0,0.0,0.0,False,u,has joined Celta Vigo on loan for the rest of the season.,,,,2526
646,448089,2,12,João Victor Gomes da Silva,J.Gomes,3,0.3,5.3,20,4,Away,2025-08-23T14:00:00Z,0,1,90,0,0,0,1,1,0,0,13,1,0.0,0.02,0.02,1.29,11,1.4,8.6,3.0,2.0,False,a,,,1.0,,2526
647,181284,2,12,Gonçalo Manuel Ganchinho Guedes,Guedes,3,0.0,5.5,20,4,Away,2025-08-23T14:00:00Z,0,1,0,0,0,0,0,0,0,0,0,0,0.0,0.0,0.0,0.0,0,0.0,0.0,0.0,0.0,False,u,Has joined Real Sociedad permanently.,,,,2526
648,433312,2,12,Marshall Munetsi,Munetsi,3,0.0,5.3,20,4,Away,2025-08-23T14:00:00Z,0,1,90,0,0,0,1,0,0,0,7,2,0.06,0.01,0.07,1.29,6,0.9,4.2,1.2,4.0,False,u,has joined Paris FC on loan for the rest of the season.,,,,2526
649,476502,2,12,Boubacar Traoré,B.Traore,3,0.0,5.0,20,4,Away,2025-08-23T14:00:00Z,0,1,0,0,0,0,0,0,0,0,0,0,0.0,0.0,0.0,0.0,0,0.0,0.0,0.0,0.0,False,u,Has joined FC Metz on loan for the rest of the season.,,,,2526
650,497606,2,12,Tawanda Chirewa,Chirewa,3,0.2,4.3,20,4,Away,2025-08-23T14:00:00Z,0,1,0,0,0,0,0,0,0,0,0,0,0.0,0.0,0.0,0.0,0,0.0,0.0,0.0,0.0,False,u,has joined Barnsley on loan for the rest of the season.,,,,2526
651,596054,2,12,Tom Edozie,Edozie,3,0.4,4.3,20,4,Away,2025-08-23T14:00:00Z,0,1,0,0,0,0,0,0,0,0,0,0,0.0,0.0,0.0,0.0,0,0.0,0.0,0.0,0.0,False,a,,,,,2526
652,593001,2,12,Enso González Medina,Gonzalez,3,1.3,4.3,20,4,Away,2025-08-23T14:00:00Z,0,1,0,0,0,0,0,0,0,0,0,0,0.0,0.0,0.0,0.0,0,0.0,0.0,0.0,0.0,False,a,,,,,2526
653,240299,2,12,Joe Hodge,Hodge,3,0.0,4.5,20,4,Away,2025-08-23T14:00:00Z,0,1,0,0,0,0,0,0,0,0,0,0,0.0,0.0,0.0,0.0,0,0.0,0.0,0.0,0.0,False,u,Signed by CD Tondela,,,,2526
654,247412,2,12,Jørgen Strand Larsen,Strand Larsen,4,2.4,6.2,8,4,Away,2025-08-23T14:00:00Z,0,1,77,0,0,0,1,0,0,0,4,2,0.1,0.01,0.11,1.13,1,3.0,3.2,3.8,23.0,False,a,,,,,2526
655,449988,2,12,Fábio Soares Silva,Fábio Silva,4,0.2,4.9,20,4,Away,2025-08-23T14:00:00Z,0,1,0,0,0,0,0,0,0,0,0,0,0.0,0.0,0.0,0.0,0,0.0,0.0,0.0,0.0,False,u,has joined Borussia Dortmund permanently.,,,,2526
656,429414,2,12,Saša Kalajdžić,Kalajdžić,4,0.0,4.9,20,4,Away,2025-08-23T14:00:00Z,0,1,0,0,0,0,0,0,0,0,0,0,0.0,0.0,0.0,0.0,0,0.0,0.0,0.0,0.0,False,u,has joined LASK on loan for the rest of the season.,,,,2526
657,589507,2,12,Leon Chiwome,Chiwome,4,0.0,4.4,20,4,Away,2025-08-23T14:00:00Z,0,1,0,0,0,0,0,0,0,0,0,0,0.0,0.0,0.0,0.0,0,0.0,0.0,0.0,0.0,False,i,Knee injury - Unknown return date,,,,2526
658,531363,2,12,Nathan Fraser,Fraser,4,2.0,4.2,20,4,Away,2025-08-23T14:00:00Z,0,1,0,0,0,0,0,0,0,0,0,0,0.0,0.0,0.0,0.0,0,0.0,0.0,0.0,0.0,False,a,,,,,2526
659,158534,2,20,Kyle Walker-Peters,Walker-Peters,2,0.2,4.2,19,7,Home,2025-08-22T19:00:00Z,1,5,20,0,0,0,0,0,0,0,3,1,0.04,0.0,0.04,0.31,0,0.7,0.0,1.6,6.0,False,a,,,,,2526
660,466525,2,11,Anton Stach,Stach,3,2.0,4.7,11,1,Away,2025-08-23T16:30:00Z,0,5,90,0,0,0,5,0,0,0,6,2,0.0,0.07,0.07,2.88,4,3.8,2.4,35.7,0.0,False,a,,1.0,1.0,,2526
661,510663,2,19,Hugo Ekitiké,Ekitiké,4,26.6,8.9,12,15,Away,2025-08-25T19:00:00Z,3,2,79,1,0,0,1,0,0,3,33,9,0.21,0.06,0.27,0.78,5,8.5,39.8,22.4,23.0,False,a,,,,,2526
662,500040,2,11,Cristhian Mosquera,Mosquera,2,0.1,5.3,1,11,Home,2025-08-23T16:30:00Z,5,0,26,0,0,0,0,0,0,0,7,1,0.0,0.0,0.0,0.0,2,0.5,4.8,0.0,0.0,False,a,,,,,2526
663,230376,2,12,Jhon Arias,J.Arias,3,0.1,4.9,20,4,Away,2025-08-23T14:00:00Z,0,1,55,0,0,0,1,0,0,0,4,1,0.13,0.01,0.14,0.83,7,1.1,5.6,1.6,4.0,False,u,has joined Palmeiras permanently.,,,,2526
664,86873,2,17,Benjamin Lecomte,Lecomte,1,0.7,3.9,10,14,Home,2025-08-24T15:30:00Z,1,1,0,0,0,0,0,0,0,0,0,0,0.0,0.0,0.0,0.0,0,0.0,0.0,0.0,0.0,False,a,,,,,2526
665,201595,2,11,Lucas Estella Perri,Perri,1,0.2,4.5,11,1,Away,2025-08-23T16:30:00Z,0,5,90,0,0,0,5,0,0,0,-13,0,0.0,0.0,0.0,2.88,0,0.3,2.8,0.0,0.0,False,a,,,,,2526
666,224117,2,11,Viktor Gyökeres,Gyökeres,4,12.1,8.8,1,11,Home,2025-08-23T16:30:00Z,5,0,90,2,0,1,0,0,0,2,44,12,1.28,0.03,1.31,0.17,5,11.3,67.0,1.6,44.0,True,a,,,,2.0,2526
667,499300,2,16,Adam Aznou,Aznou,2,0.1,4.2,9,6,Home,2025-08-24T13:00:00Z,2,0,0,0,0,0,0,0,0,0,0,0,0.0,0.0,0.0,0.0,0,0.0,0.0,0.0,0.0,False,a,,,,,2526
668,84450,2,14,Granit Xhaka,Xhaka,3,3.4,5.1,17,3,Away,2025-08-23T14:00:00Z,0,2,90,0,0,0,2,0,0,0,14,4,0.05,0.06,0.11,1.0,13,4.5,19.6,22.1,3.0,False,a,,1.0,1.0,,2526
669,456512,2,15,Dan Ndoye,Ndoye,3,0.7,5.5,16,8,Away,2025-08-24T13:00:00Z,1,1,70,0,1,0,1,0,0,2,21,7,0.0,0.35,0.35,1.1,5,6.1,23.8,29.2,8.0,False,a,,4.0,,,2526
670,498016,2,14,Robin Roefs,Roefs,1,11.6,4.9,17,3,Away,2025-08-23T14:00:00Z,0,2,90,0,0,0,2,0,0,0,0,1,0.0,0.0,0.0,1.0,0,0.4,4.2,0.0,0.0,False,a,,,,,2526
671,75115,2,20,Callum Wilson,Wilson,4,0.6,5.8,19,7,Home,2025-08-22T19:00:00Z,1,5,45,0,0,0,2,0,0,0,1,1,0.03,0.04,0.07,1.12,1,2.2,2.4,11.8,8.0,False,a,,,,,2526
672,551210,2,20,Jorrel Hato,Hato,2,0.2,4.6,7,19,Away,2025-08-22T19:00:00Z,5,1,21,0,0,0,0,1,0,0,-2,0,0.0,0.0,0.0,0.44,1,0.2,1.2,1.0,0.0,False,a,,,,,2526
673,154296,2,18,João Maria Lobo Alves Palhares Costa Palhinha Gonçalves,J.Palhinha,3,0.8,5.5,18,13,Away,2025-08-23T11:30:00Z,2,0,90,1,0,1,0,0,0,3,31,11,0.14,0.0,0.14,1.55,9,7.0,49.8,0.7,19.0,False,a,,,,,2526
674,225321,2,19,Aaron Ramsdale,Ramsdale,1,0.7,4.8,15,12,Home,2025-08-25T19:00:00Z,2,3,0,0,0,0,0,0,0,0,0,0,0.0,0.0,0.0,0.0,0,0.0,0.0,0.0,0.0,False,a,,,,,2526
675,107265,2,15,Angus Gunn,Gunn,1,1.1,4.0,16,8,Away,2025-08-24T13:00:00Z,1,1,0,0,0,0,0,0,0,0,0,0,0.0,0.0,0.0,0.0,0,0.0,0.0,0.0,0.0,False,a,,,,,2526
676,503714,2,14,Lesley Ugochukwu,Ugochukwu,3,0.1,5.0,3,17,Home,2025-08-23T14:00:00Z,2,0,68,0,0,1,0,0,0,0,11,3,0.02,0.02,0.04,0.61,4,2.8,7.8,16.7,3.0,False,a,,,,,2526
677,485337,2,13,Evann Guessand,Guessand,3,0.0,6.2,8,5,Away,2025-08-23T14:00:00Z,0,1,15,0,0,0,0,0,0,0,1,1,0.0,0.01,0.01,0.11,2,0.5,2.4,1.0,2.0,False,a,,,,,2526
678,105717,2,14,Arthur Masuaku,Masuaku,2,0.5,3.9,17,3,Away,2025-08-23T14:00:00Z,0,2,0,0,0,0,0,0,0,0,0,0,0.0,0.0,0.0,0.0,0,0.0,0.0,0.0,0.0,False,u,has joined RC Lens on loan for the rest of the season.,,,,2526
679,467189,2,20,Mads Hermansen,Hermansen,1,0.3,4.2,19,7,Home,2025-08-22T19:00:00Z,1,5,90,0,0,0,5,0,0,0,-8,0,0.0,0.0,0.0,2.74,0,1.7,16.8,0.0,0.0,False,a,,,,,2526
680,440323,2,14,Armando Broja,Broja,4,0.2,5.2,3,17,Home,2025-08-23T14:00:00Z,2,0,0,0,0,0,0,0,0,0,0,0,0.0,0.0,0.0,0.0,0,0.0,0.0,0.0,0.0,False,i,Knock - Expected back 14 Mar,,,,2526
681,485711,2,17,Benjamin Sesko,Šeško,4,3.9,7.2,14,10,Away,2025-08-24T15:30:00Z,1,1,37,0,0,0,1,0,0,0,2,1,0.0,0.04,0.04,0.86,1,0.5,0.4,2.3,2.0,False,a,,,,,2526
682,497949,2,12,David Møller Wolfe,Møller Wolfe,2,0.1,4.2,20,4,Away,2025-08-23T14:00:00Z,0,1,45,0,0,0,1,0,0,0,3,1,0.0,0.0,0.0,0.72,1,0.5,2.2,0.3,2.0,False,a,,,,,2526
683,201895,2,14,Omar Alderete,Alderete,2,6.4,4.1,17,3,Away,2025-08-23T14:00:00Z,0,2,90,0,0,0,2,0,0,0,9,1,0.06,0.02,0.08,1.0,9,4.1,25.0,5.7,10.0,False,a,,,,,2526
684,465642,2,19,Malick Thiaw,Thiaw,2,4.4,5.0,15,12,Home,2025-08-25T19:00:00Z,2,3,9,0,0,0,1,0,0,0,-1,1,0.0,0.0,0.0,0.37,1,0.2,1.8,0.1,0.0,False,a,,,,,2526
685,242882,2,12,Bafodé Diakité,Diakité,2,0.3,4.2,4,20,Home,2025-08-23T14:00:00Z,1,0,90,0,0,1,0,0,0,2,34,10,0.0,0.0,0.0,0.46,10,2.2,20.8,0.9,0.0,True,a,,,,,2526
686,611922,2,19,Rio Ngumoha,Ngumoha,3,0.8,4.3,12,15,Away,2025-08-25T19:00:00Z,3,2,1,1,0,0,0,0,0,0,27,6,0.37,0.0,0.37,0.0,0,5.1,34.0,0.1,17.0,False,a,,,,,2526
687,606774,2,12,Remy Rees-Dottin,Rees-Dottin,3,0.2,4.3,4,20,Home,2025-08-23T14:00:00Z,1,0,0,0,0,0,0,0,0,0,0,0,0.0,0.0,0.0,0.0,0,0.0,0.0,0.0,0.0,False,a,,,,,2526
688,481283,2,13,James Wright,Wright,1,0.6,3.9,2,5,Away,2025-08-23T14:00:00Z,0,1,0,0,0,0,0,0,0,0,0,0,0.0,0.0,0.0,0.0,0,0.0,0.0,0.0,0.0,False,a,,,,,2526
689,623110,2,19,Seung-Soo Park,Seung soo,3,0.5,4.3,15,12,Home,2025-08-25T19:00:00Z,2,3,0,0,0,0,0,0,0,0,0,0,0.0,0.0,0.0,0.0,0,0.0,0.0,0.0,0.0,False,a,,,,,2526
690,590014,2,15,Rio Cardines,Cardines,3,0.3,4.4,8,16,Home,2025-08-24T13:00:00Z,1,1,0,0,0,0,0,0,0,0,0,0,0.0,0.0,0.0,0.0,0,0.0,0.0,0.0,0.0,False,a,,,,,2526
691,177815,2,11,Dominic Calvert-Lewin,Calvert-Lewin,4,9.8,5.8,11,1,Away,2025-08-23T16:30:00Z,0,5,0,0,0,0,0,0,0,0,0,0,0.0,0.0,0.0,0.0,0,0.0,0.0,0.0,0.0,False,a,,,,1.0,2526
692,647681,2,19,Giovanni Leoni,Leoni,2,0.0,4.9,12,15,Away,2025-08-25T19:00:00Z,3,2,0,0,0,0,0,0,0,0,0,0,0.0,0.0,0.0,0.0,0,0.0,0.0,0.0,0.0,False,i,Knee injury - Expected back 01 Sep,,,,2526
693,503301,2,15,Omari Hutchinson,Hutchinson,3,0.1,5.4,16,8,Away,2025-08-24T13:00:00Z,1,1,8,0,0,0,0,0,0,0,-2,1,0.2,0.0,0.2,0.0,0,0.5,0.0,0.6,8.0,False,a,,2.0,,,2526
694,200834,2,14,Nordi Mukiele,Mukiele,2,13.5,4.6,17,3,Away,2025-08-23T14:00:00Z,0,2,0,0,0,0,0,0,0,0,0,0,0.0,0.0,0.0,0.0,0,0.0,0.0,0.0,0.0,False,d,Calf injury - 75% chance of playing,,,,2526
695,523705,2,12,Jackson Tchatchoua,Tchatchoua,2,0.0,4.4,20,4,Away,2025-08-23T14:00:00Z,0,1,55,0,0,0,0,0,0,0,7,1,0.0,0.02,0.02,0.66,4,2.9,8.6,16.8,4.0,False,a,,,,,2526
696,465680,2,15,Arnaud Kalimuendo,Kalimuendo,4,0.1,6.0,16,8,Away,2025-08-24T13:00:00Z,1,1,19,0,0,0,0,0,0,0,2,1,0.0,0.0,0.0,0.0,2,0.3,1.0,1.6,0.0,False,u,has joined Eintracht Frankfurt on loan for the rest of the season.,,,,2526
697,489888,2,12,Amine Adli,Adli,3,0.7,5.4,4,20,Home,2025-08-23T14:00:00Z,1,0,24,0,0,0,0,0,0,0,9,1,0.0,0.02,0.02,0.06,6,2.7,10.4,15.0,2.0,False,a,,3.0,,,2526
698,435997,2,11,Noah Okafor,Okafor,3,0.1,5.5,11,1,Away,2025-08-23T16:30:00Z,0,5,24,0,0,0,1,0,0,0,3,1,0.0,0.0,0.0,0.87,4,0.5,4.6,0.3,0.0,False,i,Hamstring injury - Expected back 14 Mar,,,,2526
699,230046,2,15,Douglas Luiz Soares de Paulo,Douglas Luiz,3,0.1,4.9,2,8,Away,2025-08-24T13:00:00Z,1,1,0,0,0,0,0,0,0,0,0,0,0.0,0.0,0.0,0.0,0,0.0,0.0,0.0,0.0,False,a,,1.0,,,2526
700,616077,2,11,Max Dowman,Dowman,3,0.5,4.2,1,11,Home,2025-08-23T16:30:00Z,5,0,26,0,1,0,0,0,0,0,13,4,0.08,0.02,0.1,0.0,3,1.7,1.0,0.5,15.0,False,i,Ankle injury - Unknown return date,,,,2526
701,569577,2,13,Triston Rowe,Rowe,2,0.1,4.0,2,5,Away,2025-08-23T14:00:00Z,0,1,0,0,0,0,0,0,0,0,0,0,0.0,0.0,0.0,0.0,0,0.0,0.0,0.0,0.0,False,u,has joined Annecy on loan for the rest of the season.,,,,2526
702,645618,2,13,Bradley Burrowes,Burrowes,3,0.1,4.4,2,5,Away,2025-08-23T14:00:00Z,0,1,0,0,0,0,0,0,0,0,0,0,0.0,0.0,0.0,0.0,0,0.0,0.0,0.0,0.0,False,a,,,,,2526
703,564505,2,13,Sam Proctor,Proctor,1,0.6,3.9,2,5,Away,2025-08-23T14:00:00Z,0,1,0,0,0,0,0,0,0,0,0,0,0.0,0.0,0.0,0.0,0,0.0,0.0,0.0,0.0,False,a,,,,,2526
704,461446,2,16,Tyler Onyango,Onyango,3,0.0,4.5,9,6,Home,2025-08-24T13:00:00Z,2,0,0,0,0,0,0,0,0,0,0,0,0.0,0.0,0.0,0.0,0,0.0,0.0,0.0,0.0,False,u,has joined Stockport County on loan for the rest of the season.,,,,2526
705,491745,2,16,Elijah Campbell,Campbell,2,0.2,3.9,9,6,Home,2025-08-24T13:00:00Z,2,0,0,0,0,0,0,0,0,0,0,0,0.0,0.0,0.0,0.0,0,0.0,0.0,0.0,0.0,False,u,has joined Port Vale on loan for the rest of the season.,,,,2526
