player_id,player_code,gameweek,fixture_id,name,web_name,position_id,selected_by_percent,value,team_id,opponent_id,h_a,kickoff_time,team_score,opponent_score,minutes,goals_scored,assists,clean_sheets,goals_conceded,yellow_cards,red_cards,bonus,bps,total_points,xG,xA,xGI,xGC,DefCon,ict_index,influence,creativity,threat,in_dreamteam,status,news,corners_indirect_freekicks_order,direct_freekicks_order,penalties_order,season
1,154561,4,31,David Raya Martín,Raya,1,34.4,6.0,1,16,Home,2025-09-13T11:30:00Z,3,0,90,0,0,1,0,0,0,0,24,6,0.0,0.0,0.0,0.2,0,1.3,12.8,0.0,0.0,False,a,,,,,2526
2,109745,4,31,Kepa Arrizabalaga Revuelta,Arrizabalaga,1,0.4,4.1,1,16,Home,2025-09-13T11:30:00Z,3,0,0,0,0,0,0,0,0,0,0,0,0.0,0.0,0.0,0.0,0,0.0,0.0,0.0,0.0,False,a,,,,,2526
3,463748,4,31,Karl Hein,Hein,1,0.2,4.0,1,16,Home,2025-09-13T11:30:00Z,3,0,0,0,0,0,0,0,0,0,0,0,0.0,0.0,0.0,0.0,0,0.0,0.0,0.0,0.0,False,u,Has joined Werder Bremen on loan for the rest of the season.,,,,2526
4,551221,4,31,Tommy Setford,Setford,1,0.2,3.9,1,16,Home,2025-09-13T11:30:00Z,3,0,0,0,0,0,0,0,0,0,0,0,0.0,0.0,0.0,0.0,0,0.0,0.0,0.0,0.0,False,a,,,,,2526
5,226597,4,31,Gabriel dos Santos Magalhães,Gabriel,2,42.7,7.1,1,16,Home,2025-09-13T11:30:00Z,3,0,90,0,0,1,0,0,0,1,32,9,0.2,0.01,0.21,0.2,10,3.8,28.0,1.3,9.0,False,a,,,,,2526
6,462424,4,31,William Saliba,Saliba,2,13.7,6.1,1,16,Home,2025-09-13T11:30:00Z,3,0,0,0,0,0,0,0,0,0,0,0,0.0,0.0,0.0,0.0,0,0.0,0.0,0.0,0.0,False,a,,,,,2526
7,466075,4,31,Riccardo Calafiori,Calafiori,2,6.3,5.6,1,16,Home,2025-09-13T11:30:00Z,3,0,67,0,0,1,0,1,0,0,16,5,0.0,0.01,0.01,0.1,3,2.0,5.4,12.6,2.0,False,a,,,,,2526
8,445122,4,31,Jurriën Timber,J.Timber,2,28.7,6.4,1,16,Home,2025-09-13T11:30:00Z,3,0,90,0,0,1,0,0,0,2,37,8,0.3,0.02,0.32,0.2,6,6.8,19.8,13.0,35.0,False,a,,,,,2526
9,440854,4,31,Jakub Kiwior,Kiwior,2,0.0,5.4,1,16,Home,2025-09-13T11:30:00Z,3,0,0,0,0,0,0,0,0,0,0,0,0.0,0.0,0.0,0.0,0,0.0,0.0,0.0,0.0,False,u,has joined Porto on loan for the rest of the season.,,,,2526
10,499169,4,31,Myles Lewis-Skelly,Lewis-Skelly,2,1.4,5.1,1,16,Home,2025-09-13T11:30:00Z,3,0,22,0,0,0,0,0,0,0,3,1,0.0,0.0,0.0,0.1,0,0.1,0.0,2.0,0.0,False,a,,,,,2526
11,198869,4,31,Benjamin White,White,2,0.5,5.1,1,16,Home,2025-09-13T11:30:00Z,3,0,0,0,0,0,0,0,0,0,0,0,0.0,0.0,0.0,0.0,0,0.0,0.0,0.0,0.0,False,d,Knock - 75% chance of playing,,,,2526
12,206325,4,31,Oleksandr Zinchenko,Zinchenko,2,0.2,4.9,16,1,Away,2025-09-13T11:30:00Z,0,3,0,0,0,0,0,0,0,0,0,0,0.0,0.0,0.0,0.0,0,0.0,0.0,0.0,0.0,False,u,has joined Ajax permanently.,,,,2526
13,563324,4,31,Brayden Clarke,Clarke,2,0.4,3.8,1,16,Home,2025-09-13T11:30:00Z,3,0,0,0,0,0,0,0,0,0,0,0,0.0,0.0,0.0,0.0,0,0.0,0.0,0.0,0.0,False,a,,,,,2526
14,588793,4,31,Maldini Kacurri,Kacurri,2,0.1,3.9,1,16,Home,2025-09-13T11:30:00Z,3,0,0,0,0,0,0,0,0,0,0,0,0.0,0.0,0.0,0.0,0,0.0,0.0,0.0,0.0,False,u,has joined Morecambe on loan for the rest of the season.,,,,2526
15,499167,4,31,Josh Nichols,Nichols,2,0.2,3.7,1,16,Home,2025-09-13T11:30:00Z,3,0,0,0,0,0,0,0,0,0,0,0,0.0,0.0,0.0,0.0,0,0.0,0.0,0.0,0.0,False,a,,,,,2526
16,223340,4,31,Bukayo Saka,Saka,3,7.6,9.8,1,16,Home,2025-09-13T11:30:00Z,3,0,0,0,0,0,0,0,0,0,0,0,0.0,0.0,0.0,0.0,0,0.0,0.0,0.0,0.0,False,d,Knock - 75% chance of playing,2.0,2.0,1.0,2526
17,184029,4,31,Martin Ødegaard,Ødegaard,3,1.6,7.8,1,16,Home,2025-09-13T11:30:00Z,3,0,17,0,0,0,0,0,0,0,3,1,0.0,0.0,0.0,0.0,0,0.5,0.0,5.2,0.0,False,a,,4.0,,3.0,2526
18,248857,4,31,Noni Madueke,Madueke,3,1.3,6.8,1,16,Home,2025-09-13T11:30:00Z,3,0,78,0,0,1,0,0,0,0,24,3,0.0,0.71,0.71,0.1,7,11.9,22.6,70.8,26.0,False,a,,3.0,,,2526
19,444145,4,31,Gabriel Martinelli Silva,Martinelli,3,1.0,6.8,1,16,Home,2025-09-13T11:30:00Z,3,0,12,0,0,0,0,0,0,0,4,1,0.0,0.0,0.0,0.1,1,0.6,2.0,4.3,0.0,False,a,,,,,2526
20,116216,4,31,Leandro Trossard,Trossard,3,1.1,6.7,1,16,Home,2025-09-13T11:30:00Z,3,0,11,0,1,0,0,0,0,0,12,4,0.0,0.26,0.26,0.1,0,3.2,17.2,10.5,4.0,False,a,,,,4.0,2526
21,204480,4,31,Declan Rice,Rice,3,33.8,7.6,1,16,Home,2025-09-13T11:30:00Z,3,0,22,0,0,0,0,0,0,0,1,1,0.0,0.03,0.03,0.1,3,0.7,3.4,1.3,2.0,False,a,,1.0,1.0,,2526
22,195384,4,31,Mikel Merino Zazón,Merino,3,0.9,5.4,1,16,Home,2025-09-13T11:30:00Z,3,0,90,0,0,1,0,0,0,0,15,3,0.13,0.07,0.2,0.2,10,6.7,13.2,20.3,33.0,False,i,Foot injury - Unknown return date,,,,2526
23,438098,4,31,Fábio Ferreira Vieira,Fábio Vieira,3,0.0,5.4,1,16,Home,2025-09-13T11:30:00Z,3,0,0,0,0,0,0,0,0,0,0,0,0.0,0.0,0.0,0.0,0,0.0,0.0,0.0,0.0,False,u,has joined Hamburger on loan for the rest of the season.,,,,2526
24,128295,4,31,Christian Nørgaard,Nørgaard,3,0.1,5.1,1,16,Home,2025-09-13T11:30:00Z,3,0,0,0,0,0,0,0,0,0,0,0,0.0,0.0,0.0,0.0,0,0.0,0.0,0.0,0.0,False,a,,,,,2526
25,499175,4,31,Ethan Nwaneri,Nwaneri,3,0.1,5.0,1,16,Home,2025-09-13T11:30:00Z,3,0,72,0,0,1,0,0,0,0,8,3,0.15,0.03,0.18,0.2,4,3.6,2.4,18.7,15.0,False,u,has joined Marseille on loan for the rest of the season.,,,,2526
26,481655,4,31,Martín Zubimendi Ibáñez,Zubimendi,3,5.3,5.3,1,16,Home,2025-09-13T11:30:00Z,3,0,90,2,0,1,0,0,0,3,52,16,0.16,0.03,0.19,0.2,2,10.8,68.6,14.5,25.0,True,a,,,,,2526
27,200641,4,33,Reiss Nelson,Nelson,3,0.1,4.8,5,7,Home,2025-09-13T19:00:00Z,2,2,0,0,0,0,0,0,0,0,0,0,0.0,0.0,0.0,0.0,0,0.0,0.0,0.0,0.0,False,a,,,,,2526
28,588796,4,31,Ismeal Kabia,Kabia,3,0.1,4.5,1,16,Home,2025-09-13T11:30:00Z,3,0,0,0,0,0,0,0,0,0,0,0,0.0,0.0,0.0,0.0,0,0.0,0.0,0.0,0.0,False,u,has joined Shrewsbury Town on loan for the rest of the season.,,,,2526
29,437742,4,31,Albert Sambi Lokonga,Sambi,3,0.0,4.5,1,16,Home,2025-09-13T11:30:00Z,3,0,0,0,0,0,0,0,0,0,0,0,0.0,0.0,0.0,0.0,0,0.0,0.0,0.0,0.0,False,u,has joined Hamburger permanently.,,,,2526
30,219847,4,31,Kai Havertz,Havertz,4,0.6,7.3,1,16,Home,2025-09-13T11:30:00Z,3,0,0,0,0,0,0,0,0,0,0,0,0.0,0.0,0.0,0.0,0,0.0,0.0,0.0,0.0,False,d,Muscle injury - 75% chance of playing,,,,2526
31,205651,4,31,Gabriel Fernando de Jesus,G.Jesus,4,0.5,6.4,1,16,Home,2025-09-13T11:30:00Z,3,0,0,0,0,0,0,0,0,0,0,0,0.0,0.0,0.0,0.0,0,0.0,0.0,0.0,0.0,False,a,,,,,2526
32,98980,4,36,Emiliano Martínez Romero,Martinez,1,4.8,5.1,2,9,Away,2025-09-13T14:00:00Z,0,0,90,0,0,1,0,0,0,0,27,6,0.0,0.0,0.0,2.08,0,2.0,20.2,0.0,0.0,False,a,,,,,2526
33,72147,4,36,Marco Bizot,M.Bizot,1,0.4,4.2,2,9,Away,2025-09-13T14:00:00Z,0,0,0,0,0,0,0,0,0,0,0,0,0.0,0.0,0.0,0.0,0,0.0,0.0,0.0,0.0,False,a,,,,,2526
34,462492,4,36,Joe Gauci,Gauci,1,0.1,4.0,2,9,Away,2025-09-13T14:00:00Z,0,0,0,0,0,0,0,0,0,0,0,0,0.0,0.0,0.0,0.0,0,0.0,0.0,0.0,0.0,False,u,Has joined Port Vale on loan for the rest of the season.,,,,2526
35,462381,4,36,Filip Marschall,Marschall,1,0.0,4.0,2,9,Away,2025-09-13T14:00:00Z,0,0,0,0,0,0,0,0,0,0,0,0,0.0,0.0,0.0,0.0,0,0.0,0.0,0.0,0.0,False,u,Has joined Stevenage permanently.,,,,2526
36,199796,4,36,Matty Cash,Cash,2,11.1,4.9,2,9,Away,2025-09-13T14:00:00Z,0,0,90,0,0,1,0,1,0,0,13,5,0.0,0.14,0.14,2.08,4,3.2,13.2,16.6,2.0,False,a,,5.0,,,2526
37,101188,4,36,Lucas Digne,Digne,2,1.5,4.5,2,9,Away,2025-09-13T14:00:00Z,0,0,90,0,0,1,0,1,0,0,18,5,0.08,0.01,0.09,2.08,4,2.3,7.4,6.8,9.0,False,a,,,2.0,,2526
38,199798,4,36,Ezri Konsa Ngoyo,Konsa,2,8.2,4.4,2,9,Away,2025-09-13T14:00:00Z,0,0,90,0,0,1,0,0,0,0,28,6,0.0,0.01,0.01,2.08,4,1.6,15.4,1.0,0.0,False,a,,,,,2526
39,441302,4,36,Ian Maatsen,Maatsen,2,0.6,4.2,2,9,Away,2025-09-13T14:00:00Z,0,0,0,0,0,0,0,0,0,0,0,0,0.0,0.0,0.0,0.0,0,0.0,0.0,0.0,0.0,False,a,,,,,2526
40,149484,4,36,Tyrone Mings,Mings,2,0.7,4.3,2,9,Away,2025-09-13T14:00:00Z,0,0,90,0,0,1,0,0,0,1,30,9,0.22,0.01,0.23,2.08,13,4.5,36.0,1.3,8.0,False,a,,,,,2526
41,244954,4,36,Pau Torres,Pau,2,0.3,4.3,2,9,Away,2025-09-13T14:00:00Z,0,0,0,0,0,0,0,0,0,0,0,0,0.0,0.0,0.0,0.0,0,0.0,0.0,0.0,0.0,False,a,,,,,2526
42,606798,4,36,Andrés García,A.García,2,0.2,3.9,2,9,Away,2025-09-13T14:00:00Z,0,0,0,0,0,0,0,0,0,0,0,0,0.0,0.0,0.0,0.0,0,0.0,0.0,0.0,0.0,False,a,,,,,2526
43,106468,4,36,Álex Moreno Lopera,Alex Moreno,2,1.6,4.0,2,9,Away,2025-09-13T14:00:00Z,0,0,0,0,0,0,0,0,0,0,0,0,0.0,0.0,0.0,0.0,0,0.0,0.0,0.0,0.0,False,u,Has joined Girona permanently.,,,,2526
44,515597,4,36,Lamare Bogarde,Bogarde,2,0.6,4.0,2,9,Away,2025-09-13T14:00:00Z,0,0,82,0,0,1,0,0,0,3,35,9,0.0,0.02,0.02,1.6,7,1.5,13.0,2.0,0.0,False,a,,,,,2526
45,514315,4,36,Lino da Cruz Sousa,Sousa,2,0.3,3.8,2,9,Away,2025-09-13T14:00:00Z,0,0,0,0,0,0,0,0,0,0,0,0,0.0,0.0,0.0,0.0,0,0.0,0.0,0.0,0.0,False,u,has joined Rotherham on loan for the rest of the season.,,,,2526
46,587178,4,36,Yasin Özcan,Yasin,2,0.1,4.0,2,9,Away,2025-09-13T14:00:00Z,0,0,0,0,0,0,0,0,0,0,0,0,0.0,0.0,0.0,0.0,0,0.0,0.0,0.0,0.0,False,u,has joined Anderlecht on loan for the rest of the season.,,,,2526
47,244850,4,36,Morgan Rogers,Rogers,3,31.5,7.7,2,9,Away,2025-09-13T14:00:00Z,0,0,90,0,0,1,0,0,0,0,4,3,0.08,0.02,0.1,2.08,6,1.7,6.4,4.0,7.0,False,a,,,1.0,,2526
48,166989,4,36,Youri Tielemans,Tielemans,3,0.6,5.9,2,9,Away,2025-09-13T14:00:00Z,0,0,45,0,0,0,0,0,0,0,10,1,0.0,0.02,0.02,1.17,4,0.6,3.4,2.3,0.0,False,i,Ankle injury - Expected back 11 Apr,3.0,,,2526
49,215711,4,36,Leon Bailey,Bailey,3,0.1,5.5,2,9,Away,2025-09-13T14:00:00Z,0,0,0,0,0,0,0,0,0,0,0,0,0.0,0.0,0.0,0.0,0,0.0,0.0,0.0,0.0,False,a,,2.0,,,2526
50,195546,4,36,Emiliano Buendía Stati,Buendía,3,0.6,5.3,2,9,Away,2025-09-13T14:00:00Z,0,0,70,0,0,1,0,1,0,0,6,2,0.16,0.06,0.22,1.53,8,3.5,8.6,13.2,13.0,False,a,,,6.0,2.0,2526
51,469247,4,36,Samuel Iling-Junior,Iling Jr,3,0.0,5.5,2,9,Away,2025-09-13T14:00:00Z,0,0,0,0,0,0,0,0,0,0,0,0,0.0,0.0,0.0,0.0,0,0.0,0.0,0.0,0.0,False,u,has joined Pisa on loan for the rest of the season.,,,,2526
52,232653,4,39,Jacob Ramsey,J.Ramsey,3,0.2,5.3,15,20,Home,2025-09-13T14:00:00Z,1,0,0,0,0,0,0,0,0,0,0,0,0.0,0.0,0.0,0.0,0,0.0,0.0,0.0,0.0,False,d,Hamstring injury - 75% chance of playing,,,,2526
53,204646,4,36,Donyell Malen,Malen,3,0.4,5.1,2,9,Away,2025-09-13T14:00:00Z,0,0,7,0,0,0,0,0,0,0,2,1,0.0,0.0,0.0,0.48,0,0.1,1.0,0.3,0.0,False,u,has joined Roma on loan for the rest of the season.,,,,2526
54,122806,4,36,John McGinn,McGinn,3,0.5,5.4,2,9,Away,2025-09-13T14:00:00Z,0,0,90,0,0,1,0,0,0,0,12,3,0.0,0.03,0.03,2.08,8,2.4,10.4,13.4,0.0,False,i,Knee injury - Expected back 21 Mar,,,,2526
55,88894,4,36,Ross Barkley,Barkley,3,0.0,4.8,2,9,Away,2025-09-13T14:00:00Z,0,0,0,0,0,0,0,0,0,0,0,0,0.0,0.0,0.0,0.0,0,0.0,0.0,0.0,0.0,False,a,,,,,2526
56,491287,4,36,Enzo Barrenechea,Barrenechea,3,0.0,5.0,2,9,Away,2025-09-13T14:00:00Z,0,0,0,0,0,0,0,0,0,0,0,0,0.0,0.0,0.0,0.0,0,0.0,0.0,0.0,0.0,False,u,Season-long loan to Benfica,,,,2526
57,461421,4,36,Lewis Dobbin,Dobbin,3,0.0,5.0,2,9,Away,2025-09-13T14:00:00Z,0,0,0,0,0,0,0,0,0,0,0,0,0.0,0.0,0.0,0.0,0,0.0,0.0,0.0,0.0,False,u,Has joined Preston North End on loan for the rest of the season.,,,,2526
58,226944,4,36,Boubacar Kamara,Kamara,3,0.2,4.9,2,9,Away,2025-09-13T14:00:00Z,0,0,0,0,0,0,0,0,0,0,0,0,0.0,0.0,0.0,0.0,0,0.0,0.0,0.0,0.0,False,i,Knee injury - Expected back 01 Jun,,,,2526
59,449871,4,36,Amadou Onana,Onana,3,0.7,4.8,2,9,Away,2025-09-13T14:00:00Z,0,0,0,0,0,0,0,0,0,0,0,0,0.0,0.0,0.0,0.0,0,0.0,0.0,0.0,0.0,False,a,,,,,2526
60,577731,4,36,Ben Broggio,Broggio,3,0.3,4.4,2,9,Away,2025-09-13T14:00:00Z,0,0,0,0,0,0,0,0,0,0,0,0,0.0,0.0,0.0,0.0,0,0.0,0.0,0.0,0.0,False,u,has joined Falkirk on loan for the rest of the season.,,,,2526
61,151589,4,36,Leander Dendoncker,Dendoncker,3,0.1,4.5,2,9,Away,2025-09-13T14:00:00Z,0,0,0,0,0,0,0,0,0,0,0,0,0.0,0.0,0.0,0.0,0,0.0,0.0,0.0,0.0,False,u,Has joined Real Oviedo permanently.,,,,2526
62,559962,4,36,Jamaldeen Jimoh-Aloba,Jimoh-Aloba,3,0.1,4.5,2,9,Away,2025-09-13T14:00:00Z,0,0,0,0,0,0,0,0,0,0,0,0,0.0,0.0,0.0,0.0,0,0.0,0.0,0.0,0.0,False,u,has joined West Brom on loan for the rest of the season.,,,,2526
63,537403,4,36,Kadan Young,Young,3,0.6,4.3,2,9,Away,2025-09-13T14:00:00Z,0,0,0,0,0,0,0,0,0,0,0,0,0.0,0.0,0.0,0.0,0,0.0,0.0,0.0,0.0,False,u,has joined Reading on loan for the rest of the season.,,,,2526
64,178301,4,36,Ollie Watkins,Watkins,4,9.0,8.6,2,9,Away,2025-09-13T14:00:00Z,0,0,82,0,0,1,0,0,0,0,6,2,0.0,0.04,0.04,1.6,2,2.1,2.0,17.3,2.0,False,a,,,,3.0,2526
65,576756,4,36,Zépiqueno Redmond,Redmond,4,0.3,4.5,2,9,Away,2025-09-13T14:00:00Z,0,0,0,0,0,0,0,0,0,0,0,0,0.0,0.0,0.0,0.0,0,0.0,0.0,0.0,0.0,False,u,has joined Huddersfield Town on loan for the rest of the season.,,,,2526
66,69752,4,32,Norberto Murara Neto,Neto,1,0.1,4.5,4,6,Home,2025-09-13T14:00:00Z,2,1,0,0,0,0,0,0,0,0,0,0,0.0,0.0,0.0,0.0,0,0.0,0.0,0.0,0.0,False,u,Has joined Botafogo permanently.,,,,2526
67,457569,4,32,Đorđe Petrović,Petrović,1,4.5,4.5,4,6,Home,2025-09-13T14:00:00Z,2,1,90,0,0,0,1,0,0,0,5,2,0.0,0.0,0.0,0.62,0,0.9,8.6,0.0,0.0,False,a,,,,,2526
68,444172,4,32,Will Dennis,Dennis,1,0.7,4.0,4,6,Home,2025-09-13T14:00:00Z,2,1,0,0,0,0,0,0,0,0,0,0,0.0,0.0,0.0,0.0,0,0.0,0.0,0.0,0.0,False,u,has joined Leyton Orient on loan for the rest of the season.,,,,2526
69,568791,4,32,Callan McKenna,McKenna,1,0.3,3.9,4,6,Home,2025-09-13T14:00:00Z,2,1,0,0,0,0,0,0,0,0,0,0,0.0,0.0,0.0,0.0,0,0.0,0.0,0.0,0.0,False,a,,,,,2526
70,495145,4,32,Alex Paulsen,Paulsen,1,0.1,4.0,4,6,Home,2025-09-13T14:00:00Z,2,1,0,0,0,0,0,0,0,0,0,0,0.0,0.0,0.0,0.0,0,0.0,0.0,0.0,0.0,False,u,Has joined Lechia Gdansk on loan for the rest of the season.,,,,2526
71,477580,4,32,Illia Zabarnyi,Zabarnyi,2,0.0,5.0,4,6,Home,2025-09-13T14:00:00Z,2,1,0,0,0,0,0,0,0,0,0,0,0.0,0.0,0.0,0.0,0,0.0,0.0,0.0,0.0,False,u,Has joined Paris Saint-Germain permanently.,,,,2526
72,221466,4,32,Marcos Senesi Barón,Senesi,2,15.9,4.9,4,6,Home,2025-09-13T14:00:00Z,2,1,90,0,0,0,1,1,0,0,9,3,0.0,0.03,0.03,0.62,12,3.7,30.0,4.7,2.0,False,a,,,,,2526
73,54469,4,32,Adam Smith,Smith,2,0.2,4.4,4,6,Home,2025-09-13T14:00:00Z,2,1,0,0,0,0,0,0,0,0,0,0,0.0,0.0,0.0,0.0,0,0.0,0.0,0.0,0.0,False,a,,,,,2526
74,494521,4,32,Adrien Truffert,Truffert,2,2.0,4.5,4,6,Home,2025-09-13T14:00:00Z,2,1,90,0,0,0,1,0,0,0,2,2,0.0,0.1,0.1,0.62,4,4.5,15.4,29.7,0.0,False,a,,,,,2526
75,541462,4,32,Matai Akinmboni,Akinmboni,2,0.2,3.8,4,6,Home,2025-09-13T14:00:00Z,2,1,0,0,0,0,0,0,0,0,0,0,0.0,0.0,0.0,0.0,0,0.0,0.0,0.0,0.0,False,d,Lack of match fitness - 75% chance of playing,,,,2526
76,518906,4,32,Owen Bevan,Bevan,2,0.2,3.8,4,6,Home,2025-09-13T14:00:00Z,2,1,0,0,0,0,0,0,0,0,0,0,0.0,0.0,0.0,0.0,0,0.0,0.0,0.0,0.0,False,a,,,,,2526
77,463981,4,32,James Hill,Hill,2,5.5,4.1,4,6,Home,2025-09-13T14:00:00Z,2,1,86,0,0,0,1,0,0,0,7,2,0.12,0.03,0.15,0.62,3,4.3,8.2,1.3,33.0,False,a,,,,,2526
78,436893,4,32,Julián Araujo Zúñiga,J.Araujo,2,0.5,3.8,4,6,Home,2025-09-13T14:00:00Z,2,1,0,0,0,0,0,0,0,0,0,0,0.0,0.0,0.0,0.0,0,0.0,0.0,0.0,0.0,False,u,has joined Celtic on loan for the rest of the season.,,,,2526
79,223911,4,32,Chris Mepham,Mepham,2,0.1,4.0,4,6,Home,2025-09-13T14:00:00Z,2,1,0,0,0,0,0,0,0,0,0,0,0.0,0.0,0.0,0.0,0,0.0,0.0,0.0,0.0,False,u,has joined West Bromwich Albion permanently.,,,,2526
80,575901,4,32,Julio Soler Barreto,Soler,2,0.2,4.0,4,6,Home,2025-09-13T14:00:00Z,2,1,1,0,0,0,0,0,0,0,2,1,0.0,0.0,0.0,0.0,0,0.0,0.0,0.0,0.0,False,i,Hamstring injury - Expected back 01 Jun,,,,2526
81,222683,4,32,Justin Kluivert,Kluivert,3,0.6,7.0,4,6,Home,2025-09-13T14:00:00Z,2,1,23,0,0,0,0,0,0,0,6,1,0.09,0.32,0.41,0.05,3,2.9,6.6,14.4,8.0,False,i,Knee injury - Expected back 09 May,,3.0,1.0,2526
82,437730,4,32,Antoine Semenyo,Semenyo,3,52.6,8.1,13,4,Away,2025-09-13T14:00:00Z,1,2,90,1,1,0,1,0,0,3,39,13,0.87,0.06,0.93,0.62,8,11.7,63.2,24.7,29.0,True,a,,,,,2526
83,533463,4,33,Dango Ouattara,O.Dango,3,1.7,5.9,5,7,Home,2025-09-13T19:00:00Z,2,2,17,0,0,0,1,0,0,0,2,1,0.0,0.0,0.0,0.49,1,0.5,1.0,0.4,4.0,False,a,,3.0,,,2526
84,201658,4,32,Marcus Tavernier,Tavernier,3,1.1,5.3,4,6,Home,2025-09-13T14:00:00Z,2,1,85,0,0,0,1,0,0,0,9,2,0.04,0.11,0.15,0.62,8,2.4,1.8,14.9,7.0,False,a,,2.0,2.0,4.0,2526
85,200785,4,32,Tyler Adams,Adams,3,0.3,4.9,4,6,Home,2025-09-13T14:00:00Z,2,1,90,0,0,0,1,1,0,0,15,1,0.0,0.01,0.01,0.62,11,2.5,11.4,13.3,0.0,False,a,,,,,2526
86,111317,4,32,David Brooks,Brooks,3,0.2,5.0,4,6,Home,2025-09-13T14:00:00Z,2,1,66,0,0,0,1,1,0,0,0,1,0.09,0.02,0.11,0.57,6,0.6,0.0,2.9,8.0,False,a,,,4.0,,2526
87,158499,4,32,Ryan Christie,Christie,3,0.1,4.9,4,6,Home,2025-09-13T14:00:00Z,2,1,0,0,0,0,0,0,0,0,0,0,0.0,0.0,0.0,0.0,0,0.0,0.0,0.0,0.0,False,a,,,,,2526
88,155408,4,32,Lewis Cook,Cook,3,0.1,4.9,4,6,Home,2025-09-13T14:00:00Z,2,1,4,0,0,0,0,0,0,0,2,1,0.0,0.0,0.0,0.0,1,0.2,2.0,0.1,0.0,False,d,Hamstring injury - 25% chance of playing,1.0,,,2526
89,168991,4,32,Philip Billing,Philip,3,0.0,4.9,4,6,Home,2025-09-13T14:00:00Z,2,1,0,0,0,0,0,0,0,0,0,0,0.0,0.0,0.0,0.0,0,0.0,0.0,0.0,0.0,False,u,has joined Midtjylland permanently.,,,,2526
90,503139,4,32,Alex Scott,Scott,3,1.1,5.0,4,6,Home,2025-09-13T14:00:00Z,2,1,66,1,0,0,1,0,0,2,35,9,0.06,0.02,0.08,0.57,10,6.9,47.6,12.8,9.0,False,a,,4.0,6.0,,2526
91,224995,4,32,Luis Sinisterra Lucumí,Sinisterra,3,0.0,5.0,4,6,Home,2025-09-13T14:00:00Z,2,1,0,0,0,0,0,0,0,0,0,0,0.0,0.0,0.0,0.0,0,0.0,0.0,0.0,0.0,False,u,has joined Cruzeiro on loan for the rest of the season.,,,,2526
92,441240,4,32,Romain Faivre,Faivre,3,0.1,4.5,4,6,Home,2025-09-13T14:00:00Z,2,1,0,0,0,0,0,0,0,0,0,0,0.0,0.0,0.0,0.0,0,0.0,0.0,0.0,0.0,False,u,has joined Auxerre permanently.,,,,2526
93,424044,4,32,Hamed Traorè,H.Traorè,3,0.3,4.5,4,6,Home,2025-09-13T14:00:00Z,2,1,0,0,0,0,0,0,0,0,0,0,0.0,0.0,0.0,0.0,0,0.0,0.0,0.0,0.0,False,u,has joined Marseille on loan for the rest of the season.,,,,2526
94,550596,4,32,Dominic Sadi,Sadi,3,0.0,4.5,4,6,Home,2025-09-13T14:00:00Z,2,1,0,0,0,0,0,0,0,0,0,0,0.0,0.0,0.0,0.0,0,0.0,0.0,0.0,0.0,False,u,has joined Novi Pazar on loan for the rest of the season.,,,,2526
95,530121,4,32,Zain Silcott-Duberry,Silcott-Duberry,3,0.1,4.4,4,6,Home,2025-09-13T14:00:00Z,2,1,0,0,0,0,0,0,0,0,0,0,0.0,0.0,0.0,0.0,0,0.0,0.0,0.0,0.0,False,u,has joined Olympiakos permanently.,,,,2526
96,606775,4,32,Ben Winterburn,Winterburn,3,0.0,4.5,4,6,Home,2025-09-13T14:00:00Z,2,1,0,0,0,0,0,0,0,0,0,0,0.0,0.0,0.0,0.0,0,0.0,0.0,0.0,0.0,False,u,has joined Barnet on loan for the rest of the season.,,,,2526
97,444102,4,32,Francisco Evanilson de Lima Barbosa,Evanilson,4,2.6,6.9,4,6,Home,2025-09-13T14:00:00Z,2,1,90,0,1,0,1,0,0,0,19,5,0.14,0.04,0.18,0.62,7,4.6,3.4,2.2,40.0,False,a,,,,,2526
98,168636,4,32,Enes Ünal,Enes Ünal,4,0.0,5.4,4,6,Home,2025-09-13T14:00:00Z,2,1,0,0,0,0,0,0,0,0,0,0,0.0,0.0,0.0,0.0,0,0.0,0.0,0.0,0.0,False,a,,,1.0,,2526
99,590760,4,32,Daniel Adu-Adjei,Adu-Adjei,4,0.1,4.4,4,6,Home,2025-09-13T14:00:00Z,2,1,0,0,0,0,0,0,0,0,0,0,0.0,0.0,0.0,0.0,0,0.0,0.0,0.0,0.0,False,u,has joined HNK Rijeka permanently.,,,,2526
100,560262,4,32,Junior Kroupi,Kroupi.Jr,4,7.3,4.7,4,6,Home,2025-09-13T14:00:00Z,2,1,0,0,0,0,0,0,0,0,0,0,0.0,0.0,0.0,0.0,0,0.0,0.0,0.0,0.0,False,a,,,,,2526
101,200720,4,33,Caoimhín Kelleher,Kelleher,1,11.3,4.7,5,7,Home,2025-09-13T19:00:00Z,2,2,90,0,0,0,2,0,0,0,12,2,0.0,0.0,0.0,1.25,0,3.3,33.0,0.0,0.0,False,a,,,,,2526
102,235448,4,33,Ellery Balcombe,Balcombe,1,0.3,3.9,5,7,Home,2025-09-13T19:00:00Z,2,2,0,0,0,0,0,0,0,0,0,0,0.0,0.0,0.0,0.0,0,0.0,0.0,0.0,0.0,False,a,,,,,2526
103,503300,4,33,Matthew Cox,Cox,1,0.1,3.9,5,7,Home,2025-09-13T19:00:00Z,2,2,0,0,0,0,0,0,0,0,0,0,0.0,0.0,0.0,0.0,0,0.0,0.0,0.0,0.0,False,u,has joined Shrewsbury Town on loan for the rest of the season.,,,,2526
104,535017,4,33,Julian Eyestone,Eyestone,1,0.1,3.9,5,7,Home,2025-09-13T19:00:00Z,2,2,0,0,0,0,0,0,0,0,0,0,0.0,0.0,0.0,0.0,0,0.0,0.0,0.0,0.0,False,a,,,,,2526
105,507433,4,33,Hákon Rafn Valdimarsson,Valdimarsson,1,0.6,3.9,5,7,Home,2025-09-13T19:00:00Z,2,2,0,0,0,0,0,0,0,0,0,0,0.0,0.0,0.0,0.0,0,0.0,0.0,0.0,0.0,False,a,,,,,2526
106,432830,4,33,Nathan Collins,Collins,2,2.9,5.0,5,7,Home,2025-09-13T19:00:00Z,2,2,90,0,0,0,2,0,0,0,7,3,0.0,0.04,0.04,1.25,11,3.9,24.8,10.4,4.0,False,a,,,,,2526
107,249231,4,33,Keane Lewis-Potter,Lewis-Potter,2,1.7,4.8,5,7,Home,2025-09-13T19:00:00Z,2,2,89,0,0,0,2,0,0,0,1,1,0.0,0.05,0.05,1.16,2,2.4,4.2,15.5,4.0,False,a,,,1.0,,2526
108,191866,4,33,Kristoffer Ajer,Ajer,2,0.2,4.4,5,7,Home,2025-09-13T19:00:00Z,2,2,7,0,1,0,1,0,0,0,13,4,0.04,0.41,0.45,0.16,0,5.0,20.2,10.3,19.0,False,a,,,,,2526
109,194010,4,33,Rico Henry,Henry,2,0.2,4.3,5,7,Home,2025-09-13T19:00:00Z,2,2,18,0,0,0,1,0,0,0,2,1,0.1,0.0,0.1,0.49,1,0.3,0.0,0.1,4.0,False,a,,,,,2526
110,607464,4,33,Michael Kayode,Kayode,2,0.7,4.5,5,7,Home,2025-09-13T19:00:00Z,2,2,82,0,0,0,1,0,0,0,10,2,0.0,0.0,0.0,1.1,8,1.8,16.8,1.4,0.0,False,d,Knock - 75% chance of playing,,,,2526
111,231065,4,33,Ethan Pinnock,Pinnock,2,0.1,4.2,5,7,Home,2025-09-13T19:00:00Z,2,2,82,0,0,0,1,1,0,0,5,1,0.0,0.04,0.04,1.1,8,2.7,18.0,0.7,8.0,False,a,,,,,2526
112,226956,4,33,Mads Roerslev Rasmussen,Roerslev,2,0.0,4.5,5,7,Home,2025-09-13T19:00:00Z,2,2,0,0,0,0,0,0,0,0,0,0,0.0,0.0,0.0,0.0,0,0.0,0.0,0.0,0.0,False,u,Has joined Southampton permanently.,,,,2526
113,444765,4,33,Sepp van den Berg,Van den Berg,2,0.8,4.5,5,7,Home,2025-09-13T19:00:00Z,2,2,90,0,0,0,2,0,0,0,7,1,0.0,0.0,0.0,1.25,7,1.3,12.4,0.3,0.0,False,a,,,,,2526
114,622536,4,33,Benjamin Arthur,Arthur,2,0.2,3.8,5,7,Home,2025-09-13T19:00:00Z,2,2,0,0,0,0,0,0,0,0,0,0,0.0,0.0,0.0,0.0,0,0.0,0.0,0.0,0.0,False,u,has joined Celtic on loan for the rest of the season.,,,,2526
115,612534,4,33,Benjamin Fredrick,Fredrick,2,0.1,4.0,5,7,Home,2025-09-13T19:00:00Z,2,2,0,0,0,0,0,0,0,0,0,0,0.0,0.0,0.0,0.0,0,0.0,0.0,0.0,0.0,False,u,has joined Dender on loan for the rest of the season.,,,,2526
116,472713,4,33,Aaron Hickey,Hickey,2,0.4,4.0,5,7,Home,2025-09-13T19:00:00Z,2,2,7,0,0,0,1,0,0,0,-1,1,0.0,0.0,0.0,0.16,0,0.1,0.2,0.3,0.0,False,d,Knock - 75% chance of playing,,,,2526
117,570241,4,33,Kim Ji-soo,Ji-soo,2,0.1,3.9,5,7,Home,2025-09-13T19:00:00Z,2,2,0,0,0,0,0,0,0,0,0,0,0.0,0.0,0.0,0.0,0,0.0,0.0,0.0,0.0,False,u,has joined Kaiserslautern on loan for the rest of the season.,,,,2526
118,499717,4,33,Jayden Meghoma,Meghoma,2,0.0,4.0,5,7,Home,2025-09-13T19:00:00Z,2,2,0,0,0,0,0,0,0,0,0,0,0.0,0.0,0.0,0.0,0,0.0,0.0,0.0,0.0,False,u,Has joined Rangers on loan for the rest of the season.,,,,2526
119,446008,4,38,Bryan Mbeumo,Mbeumo,3,23.3,8.7,14,13,Away,2025-09-14T15:30:00Z,0,3,90,0,0,0,3,0,0,0,1,2,0.68,0.17,0.85,2.52,2,5.9,2.2,15.7,41.0,False,a,,2.0,2.0,,2526
120,513418,4,33,Kevin Schade,Schade,3,1.2,6.9,5,7,Home,2025-09-13T19:00:00Z,2,2,90,1,0,0,2,0,0,0,21,7,0.61,0.03,0.64,1.25,4,8.0,35.4,1.6,43.0,False,a,,,,3.0,2526
121,440089,4,33,Mikkel Damsgaard,Damsgaard,3,0.4,5.6,5,7,Home,2025-09-13T19:00:00Z,2,2,0,0,0,0,0,0,0,0,0,0,0.0,0.0,0.0,0.0,0,0.0,0.0,0.0,0.0,False,a,,,3.0,,2526
122,543295,4,33,Antoni Milambo,Milambo,3,0.0,5.2,5,7,Home,2025-09-13T19:00:00Z,2,2,0,0,0,0,0,0,0,0,0,0,0.0,0.0,0.0,0.0,0,0.0,0.0,0.0,0.0,False,i,Knee injury - Expected back 01 Jun,,,,2526
123,244858,4,33,Fábio Freitas Gouveia Carvalho,Carvalho,3,0.1,4.7,5,7,Home,2025-09-13T19:00:00Z,2,2,1,1,0,0,0,0,0,1,23,7,0.67,0.0,0.67,0.09,0,6.6,33.2,0.1,33.0,False,i,Knee injury - Expected back 01 Jun,,,4.0,2526
124,56979,4,33,Jordan Henderson,Henderson,3,0.3,5.0,5,7,Home,2025-09-13T19:00:00Z,2,2,90,0,1,0,2,0,0,1,23,6,0.0,0.03,0.03,1.25,9,5.2,32.4,20.0,0.0,False,a,,,,,2526
125,204580,4,33,Vitaly Janelt,Janelt,3,0.3,4.9,5,7,Home,2025-09-13T19:00:00Z,2,2,0,0,0,0,0,0,0,0,0,0,0.0,0.0,0.0,0.0,0,0.0,0.0,0.0,0.0,False,a,,2.0,,,2526
126,207283,4,33,Mathias Jensen,Jensen,3,0.1,4.9,5,7,Home,2025-09-13T19:00:00Z,2,2,72,0,0,0,1,0,0,0,17,2,0.0,0.06,0.06,0.77,10,3.9,14.4,22.3,2.0,False,a,,1.0,2.0,5.0,2526
127,626464,4,33,Gustavo Nunes Fernandes Gomes,Nunes,3,0.0,4.9,5,7,Home,2025-09-13T19:00:00Z,2,2,0,0,0,0,0,0,0,0,0,0,0.0,0.0,0.0,0.0,0,0.0,0.0,0.0,0.0,False,u,has joined Swansea City on loan for the rest of the season.,,,,2526
128,428580,4,33,Frank Onyeka,Onyeka,3,0.0,4.8,5,7,Home,2025-09-13T19:00:00Z,2,2,0,0,0,0,0,0,0,0,0,0,0.0,0.0,0.0,0.0,0,0.0,0.0,0.0,0.0,False,u,has joined Coventry City on loan for the rest of the season.,,,,2526
129,508395,4,33,Yehor Yarmoliuk,Yarmoliuk,3,0.1,5.0,5,7,Home,2025-09-13T19:00:00Z,2,2,90,0,0,0,2,1,0,0,11,3,0.0,0.11,0.11,1.25,12,3.0,15.0,12.9,2.0,False,a,,,,,2526
130,606689,4,33,Romelle Donovan,Donovan,3,0.1,4.4,5,7,Home,2025-09-13T19:00:00Z,2,2,0,0,0,0,0,0,0,0,0,0,0.0,0.0,0.0,0.0,0,0.0,0.0,0.0,0.0,False,a,,,,,2526
131,628204,4,33,Yunus Emre Konak,Konak,3,0.2,4.3,5,7,Home,2025-09-13T19:00:00Z,2,2,0,0,0,0,0,0,0,0,0,0,0.0,0.0,0.0,0.0,0,0.0,0.0,0.0,0.0,False,u,has joined Oxford United on loan for the rest of the season.,,,,2526
132,220695,4,33,Paris Maghoma,Maghoma,3,0.0,4.5,5,7,Home,2025-09-13T19:00:00Z,2,2,0,0,0,0,0,0,0,0,0,0,0.0,0.0,0.0,0.0,0,0.0,0.0,0.0,0.0,False,u,has joined Norwich City permanently.,,,,2526
133,450539,4,33,Myles Peart-Harris,Peart-Harris,3,0.0,4.4,5,7,Home,2025-09-13T19:00:00Z,2,2,0,0,0,0,0,0,0,0,0,0,0.0,0.0,0.0,0.0,0,0.0,0.0,0.0,0.0,False,u,has joined Oxford United permanently.,,,,2526
134,591357,4,33,Ryan Trevitt,Trevitt,3,0.0,4.5,5,7,Home,2025-09-13T19:00:00Z,2,2,0,0,0,0,0,0,0,0,0,0,0.0,0.0,0.0,0.0,0,0.0,0.0,0.0,0.0,False,u,Has joined Wigan on loan for the rest of the season,,,,2526
135,216646,4,39,Yoane Wissa,Wissa,4,0.6,7.3,15,20,Home,2025-09-13T14:00:00Z,1,0,0,0,0,0,0,0,0,0,0,0,0.0,0.0,0.0,0.0,0,0.0,0.0,0.0,0.0,False,a,,,,,2526
136,502500,4,33,Igor Thiago Nascimento Rodrigues,Thiago,4,32.4,7.1,5,7,Home,2025-09-13T19:00:00Z,2,2,71,0,0,0,1,1,0,0,7,1,0.0,0.03,0.03,0.77,4,2.5,10.0,14.5,0.0,False,a,,,,2.0,2526
137,533710,4,33,Iwan Morgan,Morgan,4,0.3,4.4,5,7,Home,2025-09-13T19:00:00Z,2,2,0,0,0,0,0,0,0,0,0,0,0.0,0.0,0.0,0.0,0,0.0,0.0,0.0,0.0,False,u,has joined Shrewsbury on loan for the rest of the season.,,,,2526
138,49262,4,32,Jason Steele,Steele,1,0.2,4.2,6,4,Away,2025-09-13T14:00:00Z,1,2,0,0,0,0,0,0,0,0,0,0,0.0,0.0,0.0,0.0,0,0.0,0.0,0.0,0.0,False,a,,,,,2526
139,489639,4,32,Bart Verbruggen,Verbruggen,1,5.5,4.5,6,4,Away,2025-09-13T14:00:00Z,1,2,90,0,0,0,2,0,0,0,15,2,0.0,0.01,0.01,1.45,0,2.6,26.2,0.0,0.0,False,a,,,,,2526
140,209288,4,32,Tom McGill,McGill,1,0.3,3.9,6,4,Away,2025-09-13T14:00:00Z,1,2,0,0,0,0,0,0,0,0,0,0,0.0,0.0,0.0,0.0,0,0.0,0.0,0.0,0.0,False,a,,,,,2526
141,472739,4,32,Carl Rushworth,Rushworth,1,0.0,4.0,6,4,Away,2025-09-13T14:00:00Z,1,2,0,0,0,0,0,0,0,0,0,0,0.0,0.0,0.0,0.0,0,0.0,0.0,0.0,0.0,False,u,Has joined Coventry City on loan for the rest of the season.,,,,2526
142,240514,4,32,Kjell Scherpen,Scherpen,1,0.0,4.0,6,4,Away,2025-09-13T14:00:00Z,1,2,0,0,0,0,0,0,0,0,0,0,0.0,0.0,0.0,0.0,0,0.0,0.0,0.0,0.0,False,u,Has joined Union SG permanently,,,,2526
143,204120,4,32,Olivier Boscagli,Boscagli,2,0.1,4.2,6,4,Away,2025-09-13T14:00:00Z,1,2,0,0,0,0,0,0,0,0,0,0,0.0,0.0,0.0,0.0,0,0.0,0.0,0.0,0.0,False,a,,,,,2526
144,550090,4,32,Diego Coppola,Coppola,2,0.0,4.2,6,4,Away,2025-09-13T14:00:00Z,1,2,0,0,0,0,0,0,0,0,0,0,0.0,0.0,0.0,0.0,0,0.0,0.0,0.0,0.0,False,u,has joined Paris FC on loan for the rest of the season.,,,,2526
145,465730,4,32,Maxim De Cuyper,De Cuyper,2,1.8,4.3,6,4,Away,2025-09-13T14:00:00Z,1,2,23,0,0,0,1,0,0,0,2,1,0.0,0.0,0.0,0.06,2,0.6,3.8,0.2,2.0,False,a,,3.0,1.0,,2526
146,83299,4,32,Lewis Dunk,Dunk,2,1.0,4.5,6,4,Away,2025-09-13T14:00:00Z,1,2,90,0,0,0,2,1,0,0,4,2,0.0,0.01,0.01,1.45,11,4.3,23.2,11.3,8.0,False,a,,,3.0,,2526
147,204214,4,32,Pervis Estupiñán Tenorio,Estupiñan,2,0.0,4.5,6,4,Away,2025-09-13T14:00:00Z,1,2,0,0,0,0,0,0,0,0,0,0,0.0,0.0,0.0,0.0,0,0.0,0.0,0.0,0.0,False,u,Has joined AC Milan permanently,,,,2526
148,231416,4,32,Ferdi Kadıoğlu,F.Kadıoğlu,2,0.3,4.4,6,4,Away,2025-09-13T14:00:00Z,1,2,66,0,0,0,1,0,0,0,13,4,0.0,0.04,0.04,1.39,10,2.8,21.2,6.4,0.0,False,a,,,,,2526
149,223434,4,40,Igor Julio dos Santos de Paulo,Igor,2,0.1,4.5,6,19,Away,2025-09-13T16:30:00Z,3,0,0,0,0,0,0,0,0,0,0,0,0.0,0.0,0.0,0.0,0,0.0,0.0,0.0,0.0,False,a,,,,,2526
150,232792,4,32,Tariq Lamptey,Lamptey,2,0.1,4.4,6,4,Away,2025-09-13T14:00:00Z,1,2,0,0,0,0,0,0,0,0,0,0,0.0,0.0,0.0,0.0,0,0.0,0.0,0.0,0.0,False,u,has joined Fiorentina permanently.,,,,2526
151,469142,4,32,Jan Paul van Hecke,Van Hecke,2,3.7,4.4,6,4,Away,2025-09-13T14:00:00Z,1,2,90,0,0,0,2,0,0,0,5,3,0.0,0.02,0.02,1.45,10,2.7,24.0,0.8,2.0,False,a,,,,,2526
152,111478,4,32,Joël Veltman,Veltman,2,0.1,4.3,6,4,Away,2025-09-13T14:00:00Z,1,2,90,0,0,0,2,0,0,0,13,3,0.0,0.01,0.01,1.45,10,3.8,22.4,11.3,4.0,False,a,,,,,2526
153,110735,4,32,Adam Webster,Webster,2,0.0,4.4,6,4,Away,2025-09-13T14:00:00Z,1,2,0,0,0,0,0,0,0,0,0,0,0.0,0.0,0.0,0.0,0,0.0,0.0,0.0,0.0,False,i,Knee injury - Unknown return date,,,,2526
154,439135,4,32,Eiran Cashin,Cashin,2,0.0,4.0,6,4,Away,2025-09-13T14:00:00Z,1,2,0,0,0,0,0,0,0,0,0,0,0.0,0.0,0.0,0.0,0,0.0,0.0,0.0,0.0,False,u,has joined Blackburn Rovers on loan for the rest of the season.,,,,2526
155,589100,4,32,Jacob Slater,Slater,2,0.1,4.0,6,4,Away,2025-09-13T14:00:00Z,1,2,0,0,0,0,0,0,0,0,0,0,0.0,0.0,0.0,0.0,0,0.0,0.0,0.0,0.0,False,u,has joined Harrogate Town on loan until January.,,,,2526
156,547720,4,32,Charlie Tasker,Tasker,2,0.2,3.8,6,4,Away,2025-09-13T14:00:00Z,1,2,0,0,0,0,0,0,0,0,0,0,0.0,0.0,0.0,0.0,0,0.0,0.0,0.0,0.0,False,a,,,,,2526
157,451340,4,32,Mitoma Kaoru,Mitoma,3,2.0,6.1,6,4,Away,2025-09-13T14:00:00Z,1,2,90,1,0,0,2,0,0,0,24,7,0.37,0.03,0.4,1.45,0,7.4,35.6,3.0,35.0,False,a,,,,,2526
158,463067,4,32,Georginio Rutter,Georginio,3,0.3,5.6,6,4,Away,2025-09-13T14:00:00Z,1,2,66,0,0,0,2,1,0,0,10,1,0.0,0.01,0.01,1.2,5,2.5,6.8,12.2,6.0,False,a,,,,,2526
159,109345,4,32,Solly March,March,3,0.0,5.8,6,4,Away,2025-09-13T14:00:00Z,1,2,0,0,0,0,0,0,0,0,0,0,0.0,0.0,0.0,0.0,0,0.0,0.0,0.0,0.0,False,d,Lack of match fitness - 75% chance of playing,,,,2526
160,592031,4,32,Yankuba Minteh,Minteh,3,2.0,5.6,6,4,Away,2025-09-13T14:00:00Z,1,2,90,0,1,0,2,0,0,1,28,6,0.14,0.15,0.29,1.45,6,8.3,29.0,16.9,37.0,False,a,,,,,2526
161,474120,4,32,Julio Enciso Espínola,Enciso,3,0.0,5.4,6,4,Away,2025-09-13T14:00:00Z,1,2,0,0,0,0,0,0,0,0,0,0,0.0,0.0,0.0,0.0,0,0.0,0.0,0.0,0.0,False,u,has joined Strasbourg permanently.,,,,2526
162,513433,4,32,Brajan Gruda,Gruda,3,0.0,5.4,6,4,Away,2025-09-13T14:00:00Z,1,2,23,0,0,0,0,0,0,0,2,1,0.0,0.01,0.01,0.25,2,0.1,0.6,0.7,0.0,False,u,has joined Leipzig on loan for the rest of the season.,,,,2526
163,532529,4,32,Jack Hinshelwood,Hinshelwood,3,0.0,5.1,6,4,Away,2025-09-13T14:00:00Z,1,2,2,0,0,0,0,0,0,0,2,1,0.0,0.0,0.0,0.0,0,0.0,0.0,0.0,0.0,False,a,,,,,2526
164,219249,4,32,Matt O'Riley,O'Riley,3,0.3,5.5,6,4,Away,2025-09-13T14:00:00Z,1,2,0,0,0,0,0,0,0,0,0,0,0.0,0.0,0.0,0.0,0,0.0,0.0,0.0,0.0,False,a,,5.0,,3.0,2526
165,516211,4,32,Abdallah Sima,Sima,3,0.0,5.4,6,4,Away,2025-09-13T14:00:00Z,1,2,0,0,0,0,0,0,0,0,0,0,0.0,0.0,0.0,0.0,0,0.0,0.0,0.0,0.0,False,u,has joined Lens permanently.,,,,2526
166,509416,4,32,Yasin Ayari,Ayari,3,0.5,4.8,6,4,Away,2025-09-13T14:00:00Z,1,2,87,0,0,0,2,0,0,0,20,2,0.0,0.07,0.07,1.45,10,1.8,15.4,2.4,0.0,False,d,Shoulder injury - 50% chance of playing,,2.0,,2526
167,535301,4,32,Carlos Baleba,Baleba,3,1.5,4.5,6,4,Away,2025-09-13T14:00:00Z,1,2,24,0,0,0,0,1,0,0,0,0,0.02,0.0,0.02,0.25,6,0.3,0.6,1.0,1.0,False,a,,,,,2526
168,536916,4,33,Facundo Buonanotte,Buonanotte,3,0.1,4.6,11,5,Away,2025-09-13T19:00:00Z,2,2,45,0,0,0,1,0,0,0,4,1,0.0,0.09,0.09,0.55,3,3.9,5.6,25.1,8.0,False,a,,,,,2526
169,514254,4,32,Diego Gómez Amarilla,Gomez,3,0.2,4.9,6,4,Away,2025-09-13T14:00:00Z,1,2,0,0,0,0,0,0,0,0,0,0,0.0,0.0,0.0,0.0,0,0.0,0.0,0.0,0.0,False,a,,,5.0,,2526
170,15157,4,32,James Milner,Milner,3,0.1,4.9,6,4,Away,2025-09-13T14:00:00Z,1,2,65,0,0,0,2,1,0,0,8,1,0.0,0.02,0.02,1.2,6,1.3,8.0,5.0,0.0,False,a,,,,1.0,2526
171,441192,4,32,Jeremy Sarmiento Morante,Sarmiento,3,0.0,4.9,6,4,Away,2025-09-13T14:00:00Z,1,2,0,0,0,0,0,0,0,0,0,0,0.0,0.0,0.0,0.0,0,0.0,0.0,0.0,0.0,False,u,has joined Middlesbrough on loan for the rest of the season.,,,,2526
172,549074,4,32,Tom Watson,Watson,3,0.0,4.8,6,4,Away,2025-09-13T14:00:00Z,1,2,0,0,0,0,0,0,0,0,0,0,0.0,0.0,0.0,0.0,0,0.0,0.0,0.0,0.0,False,u,has joined Millwall on loan for the rest of the season.,,,,2526
173,467779,4,32,Mats Wieffer,Wieffer,3,0.1,4.9,6,4,Away,2025-09-13T14:00:00Z,1,2,0,0,0,0,0,0,0,0,0,0,0.0,0.0,0.0,0.0,0,0.0,0.0,0.0,0.0,False,a,,,,,2526
174,611695,4,32,Malick Yalcouyé,Yalcouye,3,0.0,5.0,6,4,Away,2025-09-13T14:00:00Z,1,2,0,0,0,0,0,0,0,0,0,0,0.0,0.0,0.0,0.0,0,0.0,0.0,0.0,0.0,False,u,Has joined Swansea City on loan for the rest of the season.,,,,2526
175,567121,4,32,Joe Knight,Knight,3,0.1,4.4,6,4,Away,2025-09-13T14:00:00Z,1,2,0,0,0,0,0,0,0,0,0,0,0.0,0.0,0.0,0.0,0,0.0,0.0,0.0,0.0,False,u,has joined Stevenage permanently.,,,,2526
176,550141,4,32,Adrian Mazilu,Mazilu,3,0.0,4.5,6,4,Away,2025-09-13T14:00:00Z,1,2,0,0,0,0,0,0,0,0,0,0,0.0,0.0,0.0,0.0,0,0.0,0.0,0.0,0.0,False,u,has joined Dinamo Bucharest permanently.,,,,2526
177,513834,4,32,Andrew Moran,Moran,3,0.0,4.5,6,4,Away,2025-09-13T14:00:00Z,1,2,0,0,0,0,0,0,0,0,0,0,0.0,0.0,0.0,0.0,0,0.0,0.0,0.0,0.0,False,u,Has joined Los Angeles FC on loan for the rest of the season.,,,,2526
178,50175,4,32,Danny Welbeck,Welbeck,4,3.7,6.1,6,4,Away,2025-09-13T14:00:00Z,1,2,66,0,0,0,2,0,0,0,7,2,0.09,0.02,0.11,1.2,4,1.3,1.8,2.9,8.0,False,a,,,4.0,2.0,2526
179,487117,4,32,Evan Ferguson,Ferguson,4,0.0,5.5,6,4,Away,2025-09-13T14:00:00Z,1,2,0,0,0,0,0,0,0,0,0,0,0.0,0.0,0.0,0.0,0,0.0,0.0,0.0,0.0,False,u,Has joined AS Roma on loan for the rest of the season,,,,2526
180,608181,4,32,Stefanos Tzimas,Tzimas,4,0.1,5.2,6,4,Away,2025-09-13T14:00:00Z,1,2,23,0,0,0,0,0,0,0,0,1,0.0,0.0,0.0,0.25,2,0.0,0.0,0.1,0.0,False,i,Knee injury - Expected back 01 Jun,,,,2526
181,647850,4,32,Charalampos Kostoulas,Kostoulas,4,0.4,4.8,6,4,Away,2025-09-13T14:00:00Z,1,2,0,0,0,0,0,0,0,0,0,0,0.0,0.0,0.0,0.0,0,0.0,0.0,0.0,0.0,False,a,,,,,2526
182,432720,4,38,James Trafford,Trafford,1,0.9,4.5,13,14,Home,2025-09-14T15:30:00Z,3,0,0,0,0,0,0,0,0,0,0,0,0.0,0.0,0.0,0.0,0,0.0,0.0,0.0,0.0,False,a,,,,,2526
183,518030,4,34,Max Weiß,Weiss,1,0.1,4.3,3,12,Home,2025-09-14T13:00:00Z,0,1,0,0,0,0,0,0,0,0,0,0,0.0,0.0,0.0,0.0,0,0.0,0.0,0.0,0.0,False,a,,,,,2526
184,489571,4,34,Etienne Green,Green,1,0.2,4.0,3,12,Home,2025-09-14T13:00:00Z,0,1,0,0,0,0,0,0,0,0,0,0,0.0,0.0,0.0,0.0,0,0.0,0.0,0.0,0.0,False,u,has joined FC Fredericia permanently.,,,,2526
185,51943,4,34,Václav Hladký,Hladký,1,0.2,3.9,3,12,Home,2025-09-14T13:00:00Z,0,1,0,0,0,0,0,0,0,0,0,0,0.0,0.0,0.0,0.0,0,0.0,0.0,0.0,0.0,False,a,,,,,2526
186,192290,4,34,Connor Roberts,Roberts,2,0.0,4.4,3,12,Home,2025-09-14T13:00:00Z,0,1,0,0,0,0,0,0,0,0,0,0,0.0,0.0,0.0,0.0,0,0.0,0.0,0.0,0.0,False,i,Achilles injury - Unknown return date,,,,2526
187,58621,4,34,Kyle Walker,Walker,2,1.1,4.4,3,12,Home,2025-09-14T13:00:00Z,0,1,90,0,0,0,1,0,0,0,6,2,0.0,0.0,0.0,2.45,4,0.9,8.6,0.8,0.0,False,a,,,,,2526
188,247245,4,34,Hannes Delcroix,Delcroix,2,0.2,3.8,3,12,Home,2025-09-14T13:00:00Z,0,1,0,0,0,0,0,0,0,0,0,0,0.0,0.0,0.0,0.0,0,0.0,0.0,0.0,0.0,False,u,has joined Lugano permanently.,,,,2526
189,461567,4,34,Owen Dodgson,Dodgson,2,0.0,4.0,3,12,Home,2025-09-14T13:00:00Z,0,1,0,0,0,0,0,0,0,0,0,0,0.0,0.0,0.0,0.0,0,0.0,0.0,0.0,0.0,False,u,Has joined Stockport County on loan for the rest of the season.,,,,2526
190,478969,4,34,Hjalmar Ekdal,Ekdal,2,0.8,3.9,3,12,Home,2025-09-14T13:00:00Z,0,1,90,0,0,0,1,0,0,0,8,4,0.01,0.0,0.01,2.45,12,3.2,27.6,0.3,4.0,False,a,,,,,2526
191,477717,4,34,Maxime Estève,Estève,2,7.9,3.9,3,12,Home,2025-09-14T13:00:00Z,0,1,90,0,0,0,1,0,0,0,10,4,0.0,0.0,0.0,2.45,15,3.7,36.8,0.1,0.0,False,a,,,,,2526
192,494960,4,34,Quilindschy Hartman,Hartman,2,0.6,4.0,3,12,Home,2025-09-14T13:00:00Z,0,1,90,0,0,0,1,0,0,0,14,4,0.0,0.01,0.01,2.45,17,3.6,25.4,10.2,0.0,False,a,,,,,2526
193,461188,4,34,Bashir Humphreys,Humphreys,2,0.1,3.9,3,12,Home,2025-09-14T13:00:00Z,0,1,0,0,0,0,0,0,0,0,0,0,0.0,0.0,0.0,0.0,0,0.0,0.0,0.0,0.0,False,a,,,,,2526
194,241231,4,34,Jordan Beyer,Jordan,2,0.1,3.9,3,12,Home,2025-09-14T13:00:00Z,0,1,0,0,0,0,0,0,0,0,0,0,0.0,0.0,0.0,0.0,0,0.0,0.0,0.0,0.0,False,i,Hamstring injury - Unknown return date,,,,2526
195,549329,4,34,Lucas Pires Silva,Lucas Pires,2,0.3,3.8,3,12,Home,2025-09-14T13:00:00Z,0,1,0,0,0,0,0,0,0,0,0,0,0.0,0.0,0.0,0.0,0,0.0,0.0,0.0,0.0,False,a,,3.0,,,2526
196,450072,4,34,Shurandy Sambo,Sambo,2,0.0,4.0,3,12,Home,2025-09-14T13:00:00Z,0,1,0,0,0,0,0,0,0,0,0,0,0.0,0.0,0.0,0.0,0,0.0,0.0,0.0,0.0,False,u,has joined Sparta Rotterdam on loan for the rest of the season.,,,,2526
197,519895,4,34,Oliver Sonne,Sonne,2,0.2,3.8,3,12,Home,2025-09-14T13:00:00Z,0,1,0,0,0,0,0,0,0,0,0,0,0.0,0.0,0.0,0.0,0,0.0,0.0,0.0,0.0,False,u,has joined Sparta Prague on loan for the rest of the season.,,,,2526
198,180804,4,34,Axel Tuanzebe,Tuanzebe,2,1.0,3.9,3,12,Home,2025-09-14T13:00:00Z,0,1,0,0,0,0,0,0,0,0,0,0,0.0,0.0,0.0,0.0,0,0.0,0.0,0.0,0.0,False,i,Achilles injury - Expected back 14 Mar,,,,2526
199,208912,4,34,Joe Worrall,Worrall,2,0.2,3.8,3,12,Home,2025-09-14T13:00:00Z,0,1,4,0,0,0,1,0,0,0,-1,1,0.0,0.0,0.0,1.0,1,0.2,2.0,0.0,0.0,False,a,,,,,2526
200,444180,4,34,Jaidon Anthony,Anthony,3,1.8,5.0,3,12,Home,2025-09-14T13:00:00Z,0,1,88,0,0,1,0,0,0,0,6,3,0.11,0.0,0.11,1.51,11,1.1,9.4,0.5,1.0,False,a,,2.0,,,2526
201,183751,4,34,Manuel Benson Hedilazio,Benson,3,0.0,5.4,3,12,Home,2025-09-14T13:00:00Z,0,1,0,0,0,0,0,0,0,0,0,0,0.0,0.0,0.0,0.0,0,0.0,0.0,0.0,0.0,False,u,has joined Maccabi Haifa permanently.,,,,2526
202,179458,4,34,Jacob Bruun Larsen,Bruun Larsen,3,0.0,5.3,3,12,Home,2025-09-14T13:00:00Z,0,1,0,0,0,0,0,0,0,0,0,0,0.0,0.0,0.0,0.0,0,0.0,0.0,0.0,0.0,False,a,,,2.0,3.0,2526
203,578614,4,34,Enock Agyei,Boateng,3,0.0,4.7,3,12,Home,2025-09-14T13:00:00Z,0,1,0,0,0,0,0,0,0,0,0,0,0.0,0.0,0.0,0.0,0,0.0,0.0,0.0,0.0,False,a,,,,,2526
204,250735,4,34,Darko Churlinov,Churlinov,3,0.0,4.9,3,12,Home,2025-09-14T13:00:00Z,0,1,0,0,0,0,0,0,0,0,0,0,0.0,0.0,0.0,0.0,0,0.0,0.0,0.0,0.0,False,u,has joined Kocaelispor  permanently.,,,,2526
205,172567,4,34,Josh Cullen,Cullen,3,0.9,4.9,3,12,Home,2025-09-14T13:00:00Z,0,1,62,0,0,1,0,0,0,0,12,3,0.0,0.0,0.0,1.21,7,1.8,16.6,1.5,0.0,False,i,Knee injury - Expected back 30 Sep,,,,2526
206,174592,4,34,Marcus Edwards,Edwards,3,0.1,4.7,3,12,Home,2025-09-14T13:00:00Z,0,1,0,0,0,0,0,0,0,0,0,0,0.0,0.0,0.0,0.0,0,0.0,0.0,0.0,0.0,False,a,,,3.0,,2526
207,465527,4,34,Hannibal Mejbri,Hannibal,3,0.1,4.7,3,12,Home,2025-09-14T13:00:00Z,0,1,27,0,0,0,1,0,0,0,-2,1,0.0,0.0,0.0,1.24,2,0.0,0.0,0.3,0.0,False,a,,4.0,,,2526
208,487702,4,34,Luca Koleosho,Koleosho,3,0.0,5.0,3,12,Home,2025-09-14T13:00:00Z,0,1,0,0,0,0,0,0,0,0,0,0,0.0,0.0,0.0,0.0,0,0.0,0.0,0.0,0.0,False,u,has joined Paris FC on loan for the rest of the season.,,,,2526
209,167887,4,34,Josh Laurent,Laurent,3,0.0,4.8,3,12,Home,2025-09-14T13:00:00Z,0,1,90,0,0,0,1,0,0,0,4,2,0.01,0.0,0.01,2.45,6,0.8,6.2,0.3,1.0,False,a,,,,,2526
210,469272,4,34,Loum Tchaouna,Tchaouna,3,0.0,4.9,3,12,Home,2025-09-14T13:00:00Z,0,1,62,0,0,1,0,0,0,0,6,3,0.0,0.01,0.01,1.21,3,1.5,3.8,10.7,0.0,False,a,,,4.0,,2526
211,447715,4,34,Aaron Ramsey,A.Ramsey,3,1.4,4.4,3,12,Home,2025-09-14T13:00:00Z,0,1,0,0,0,0,0,0,0,0,0,0,0.0,0.0,0.0,0.0,0,0.0,0.0,0.0,0.0,False,u,has joined Leicester City on loan for the rest of the season.,,,,2526
212,576323,4,34,Oluwaseun Adewumi,Adewumi,3,0.0,4.5,3,12,Home,2025-09-14T13:00:00Z,0,1,0,0,0,0,0,0,0,0,0,0,0.0,0.0,0.0,0.0,0,0.0,0.0,0.0,0.0,False,u,Has joined Cercle Brugge on loan for the rest of the season.,,,,2526
213,551206,4,34,Jaydon Banel,Banel,3,0.0,4.5,3,12,Home,2025-09-14T13:00:00Z,0,1,0,0,0,0,0,0,0,0,0,0,0.0,0.0,0.0,0.0,0,0.0,0.0,0.0,0.0,False,u,has joined Derby County on loan for the rest of the season.,,,,2526
214,437748,4,34,Mike Trésor Ndayishimiye,Trésor,3,0.1,4.4,3,12,Home,2025-09-14T13:00:00Z,0,1,0,0,0,0,0,0,0,0,0,0,0.0,0.0,0.0,0.0,0,0.0,0.0,0.0,0.0,False,i,Ankle injury - Unknown return date,,,,2526
215,431639,4,34,Zian Flemming,Flemming,4,0.3,5.3,3,12,Home,2025-09-14T13:00:00Z,0,1,0,0,0,0,0,0,0,0,0,0,0.0,0.0,0.0,0.0,0,0.0,0.0,0.0,0.0,False,a,,,5.0,1.0,2526
216,492831,4,34,Zeki Amdouni,Amdouni,4,0.0,4.8,3,12,Home,2025-09-14T13:00:00Z,0,1,0,0,0,0,0,0,0,0,0,0,0.0,0.0,0.0,0.0,0,0.0,0.0,0.0,0.0,False,i,Knee injury - Expected back 25 Apr,,,,2526
217,435973,4,34,Lyle Foster,Foster,4,0.8,4.9,3,12,Home,2025-09-14T13:00:00Z,0,1,85,0,0,1,0,0,0,0,11,2,0.0,0.0,0.0,1.45,9,1.2,8.2,1.3,2.0,False,a,,,,,2526
218,44699,4,34,Ashley Barnes,Barnes,4,1.5,4.2,3,12,Home,2025-09-14T13:00:00Z,0,1,0,0,0,0,0,0,0,0,0,0,0.0,0.0,0.0,0.0,0,0.0,0.0,0.0,0.0,False,a,,,,2.0,2526
219,220598,4,34,Michael Obafemi,Obafemi,4,0.1,4.4,3,12,Home,2025-09-14T13:00:00Z,0,1,0,0,0,0,0,0,0,0,0,0,0.0,0.0,0.0,0.0,0,0.0,0.0,0.0,0.0,False,u,has joined Blackpool on loan for the rest of the season.,,,,2526
220,215059,4,33,Robert Lynch Sánchez,Sánchez,1,14.5,4.9,7,5,Away,2025-09-13T19:00:00Z,2,2,90,0,0,0,2,0,0,0,7,2,0.0,0.0,0.0,1.43,0,2.4,23.6,0.0,0.0,False,a,,,,,2526
221,508479,4,33,Filip Jörgensen,Jörgensen,1,0.2,4.3,7,5,Away,2025-09-13T19:00:00Z,2,2,0,0,0,0,0,0,0,0,0,0,0.0,0.0,0.0,0.0,0,0.0,0.0,0.0,0.0,False,d,Knock - 50% chance of playing,,,,2526
222,549939,4,33,Mike Penders,Penders,1,0.0,4.0,7,5,Away,2025-09-13T19:00:00Z,2,2,0,0,0,0,0,0,0,0,0,0,0.0,0.0,0.0,0.0,0,0.0,0.0,0.0,0.0,False,u,Has joined RC Strasbourg on loan for the rest of the season.,,,,2526
223,471798,4,33,Gabriel Słonina,Slonina,1,0.1,3.9,7,5,Away,2025-09-13T19:00:00Z,2,2,0,0,0,0,0,0,0,0,0,0,0.0,0.0,0.0,0.0,0,0.0,0.0,0.0,0.0,False,a,,,,,2526
224,179268,4,33,Marc Cucurella Saseta,Cucurella,2,14.7,6.1,7,5,Away,2025-09-13T19:00:00Z,2,2,45,0,0,0,1,0,0,0,6,1,0.06,0.02,0.08,0.87,5,5.8,15.4,23.5,19.0,False,i,Hamstring injury - Unknown return date,,,,2526
225,225796,4,33,Reece James,James,2,8.2,5.6,7,5,Away,2025-09-13T19:00:00Z,2,2,45,0,0,0,1,0,0,0,8,1,0.04,0.02,0.06,0.87,2,1.2,6.6,3.3,2.0,False,a,,2.0,2.0,,2526
226,180736,4,33,Trevoh Chalobah,Chalobah,2,22.0,5.7,7,5,Away,2025-09-13T19:00:00Z,2,2,90,0,0,0,2,0,0,0,12,3,0.03,0.29,0.32,1.43,16,5.3,31.0,17.1,5.0,False,a,,,,,2526
227,460028,4,33,Levi Samuels Colwill,Colwill,2,0.1,4.7,7,5,Away,2025-09-13T19:00:00Z,2,2,0,0,0,0,0,0,0,0,0,0,0.0,0.0,0.0,0.0,0,0.0,0.0,0.0,0.0,False,i,Anterior cruciate ligament - Unknown return date,,,,2526
228,482609,4,33,Malo Gusto,Gusto,2,2.0,4.9,7,5,Away,2025-09-13T19:00:00Z,2,2,0,0,0,0,0,0,0,0,0,0,0.0,0.0,0.0,0.0,0,0.0,0.0,0.0,0.0,False,a,,,,,2526
229,242880,4,33,Benoît Badiashile Mukinayi,B.Badiashile,2,0.0,4.4,7,5,Away,2025-09-13T19:00:00Z,2,2,0,0,0,0,0,0,0,0,0,0,0.0,0.0,0.0,0.0,0,0.0,0.0,0.0,0.0,False,a,,,,,2526
230,444463,4,33,Wesley Fofana,Fofana,2,0.4,4.4,7,5,Away,2025-09-13T19:00:00Z,2,2,45,0,0,0,1,0,0,0,7,1,0.0,0.01,0.01,0.55,2,0.9,6.2,2.8,0.0,False,s,Suspended until 04 Mar,,,,2526
231,574458,4,33,Mamadou Sarr,M.Sarr,2,0.0,4.5,7,5,Away,2025-09-13T19:00:00Z,2,2,0,0,0,0,0,0,0,0,0,0,0.0,0.0,0.0,0.0,0,0.0,0.0,0.0,0.0,False,a,,,,,2526
232,109646,4,33,Tosin Adarabioyo,Tosin,2,0.2,4.0,7,5,Away,2025-09-13T19:00:00Z,2,2,90,0,0,0,2,0,0,0,7,1,0.0,0.02,0.02,1.43,9,2.9,27.0,1.7,0.0,False,a,,,,,2526
233,577016,4,33,Josh Acheampong,Acheampong,2,1.6,3.7,7,5,Away,2025-09-13T19:00:00Z,2,2,0,0,0,0,0,0,0,0,0,0,0.0,0.0,0.0,0.0,0,0.0,0.0,0.0,0.0,False,a,,,,,2526
234,622758,4,33,Aarón Anselmino,Anselmino,2,0.1,4.0,7,5,Away,2025-09-13T19:00:00Z,2,2,0,0,0,0,0,0,0,0,0,0,0.0,0.0,0.0,0.0,0,0.0,0.0,0.0,0.0,False,u,has joined Strasbourg on loan for the rest of the season.,,,,2526
235,244851,4,33,Cole Palmer,Palmer,3,16.8,10.6,7,5,Away,2025-09-13T19:00:00Z,2,2,34,1,0,0,1,0,0,1,23,7,0.63,0.09,0.72,0.87,2,8.4,39.6,2.3,42.0,False,a,,,3.0,1.0,2526
236,247632,4,33,Pedro Lomba Neto,Neto,3,4.9,7.0,7,5,Away,2025-09-13T19:00:00Z,2,2,90,0,0,0,2,0,0,0,13,2,0.12,0.21,0.33,1.43,6,7.0,11.4,35.0,24.0,False,a,,1.0,4.0,,2526
237,448047,4,33,Enzo Fernández,Enzo,3,20.5,6.8,7,5,Away,2025-09-13T19:00:00Z,2,2,90,0,0,0,2,0,0,0,18,4,0.11,0.06,0.17,1.43,13,6.9,24.2,29.5,15.0,False,a,,3.0,1.0,2.0,2526
238,624773,4,33,Estêvão Almeida de Oliveira Gonçalves,Estêvão,3,2.2,6.4,7,5,Away,2025-09-13T19:00:00Z,2,2,0,0,0,0,0,0,0,0,0,0,0.0,0.0,0.0,0.0,0,0.0,0.0,0.0,0.0,False,d,Hamstring injury - 75% chance of playing,,,3.0,2526
239,463936,4,33,Jamie Bynoe-Gittens,Gittens,3,0.1,6.0,7,5,Away,2025-09-13T19:00:00Z,2,2,55,0,0,0,1,0,0,0,3,1,0.01,0.03,0.04,0.55,1,2.9,2.0,12.2,15.0,False,i,Hamstring injury - Unknown return date,,,,2526
240,213198,4,33,Christopher Nkunku,Nkunku,3,0.1,5.9,7,5,Away,2025-09-13T19:00:00Z,2,2,0,0,0,0,0,0,0,0,0,0,0.0,0.0,0.0,0.0,0,0.0,0.0,0.0,0.0,False,u,has joined AC Milan permanently.,,,,2526
241,486672,4,33,Moisés Caicedo Corozo,Caicedo,3,7.8,5.7,7,5,Away,2025-09-13T19:00:00Z,2,2,90,1,0,0,2,0,0,3,40,12,0.07,0.07,0.14,1.43,17,7.6,54.0,15.3,7.0,True,a,,,,,2526
242,215413,4,36,Kiernan Dewsbury-Hall,Dewsbury-Hall,3,3.3,5.0,9,2,Home,2025-09-13T14:00:00Z,0,0,90,0,0,1,0,1,0,0,11,2,0.06,0.26,0.32,0.54,8,4.9,9.4,28.3,11.0,False,a,,2.0,,,2526
243,550615,4,33,Tyrique George,George,3,0.1,4.8,9,5,Away,2025-09-13T19:00:00Z,2,2,45,0,0,0,1,1,0,0,1,0,0.04,0.06,0.1,0.87,1,2.9,4.6,4.9,19.0,False,a,,,,,2526
244,514356,4,33,Roméo Lavia,Lavia,3,0.0,4.9,7,5,Away,2025-09-13T19:00:00Z,2,2,0,0,0,0,0,0,0,0,0,0,0.0,0.0,0.0,0.0,0,0.0,0.0,0.0,0.0,False,a,,,,,2526
245,465920,4,33,Mykhailo Mudryk,Mudryk,3,0.0,4.9,7,5,Away,2025-09-13T19:00:00Z,2,2,0,0,0,0,0,0,0,0,0,0,0.0,0.0,0.0,0.0,0,0.0,0.0,0.0,0.0,False,s,Suspended - unknown return date,,,,2526
246,532605,4,33,Andrey Nascimento dos Santos,Andrey Santos,3,0.3,4.5,7,5,Away,2025-09-13T19:00:00Z,2,2,0,0,0,0,0,0,0,0,0,0,0.0,0.0,0.0,0.0,0,0.0,0.0,0.0,0.0,False,a,,,,,2526
247,491007,4,33,Dário Luís Essugo,D.Essugo,3,0.1,4.3,7,5,Away,2025-09-13T19:00:00Z,2,2,0,0,0,0,0,0,0,0,0,0,0.0,0.0,0.0,0.0,0,0.0,0.0,0.0,0.0,False,i,Knock - Expected back 04 Mar,,,,2526
248,611134,4,33,Kendry Páez Andrade,Paez,3,0.0,4.5,7,5,Away,2025-09-13T19:00:00Z,2,2,0,0,0,0,0,0,0,0,0,0,0.0,0.0,0.0,0.0,0,0.0,0.0,0.0,0.0,False,u,has joined River Plate on loan for the rest of the season.,,,,2526
249,475168,4,33,João Pedro Junqueira de Jesus,João Pedro,4,47.2,7.7,7,5,Away,2025-09-13T19:00:00Z,2,2,78,0,1,0,1,0,0,2,25,7,0.15,0.02,0.17,0.71,3,5.0,21.0,18.2,11.0,False,a,,,,,2526
250,463034,4,33,Liam Delap,Delap,4,0.9,6.2,7,5,Away,2025-09-13T19:00:00Z,2,2,0,0,0,0,0,0,0,0,0,0,0.0,0.0,0.0,0.0,0,0.0,0.0,0.0,0.0,False,a,,,,,2526
251,517052,4,33,Nicolas Jackson,N.Jackson,4,0.1,6.5,7,5,Away,2025-09-13T19:00:00Z,2,2,0,0,0,0,0,0,0,0,0,0,0.0,0.0,0.0,0.0,0,0.0,0.0,0.0,0.0,False,u,has joined Bayern Munich on loan for the rest of the season.,,,,2526
252,499309,4,33,Marc Guiu Paz,Marc Guiu,4,5.9,4.1,7,5,Away,2025-09-13T19:00:00Z,2,2,0,0,0,0,0,0,0,0,0,0,0.0,0.0,0.0,0.0,0,0.0,0.0,0.0,0.0,False,a,,,,,2526
253,172649,4,35,Dean Henderson,Henderson,1,7.5,5.0,8,17,Home,2025-09-13T14:00:00Z,0,0,90,0,0,1,0,0,0,0,22,6,0.0,0.0,0.0,0.36,0,0.4,4.4,0.0,0.0,False,a,,,,,2526
254,121709,4,35,Walter Benítez,Benitez,1,0.3,4.0,8,17,Home,2025-09-13T14:00:00Z,0,0,0,0,0,0,0,0,0,0,0,0,0.0,0.0,0.0,0.0,0,0.0,0.0,0.0,0.0,False,a,,,,,2526
255,169593,4,35,Remi Matthews,Matthews,1,0.1,3.9,8,17,Home,2025-09-13T14:00:00Z,0,0,0,0,0,0,0,0,0,0,0,0,0.0,0.0,0.0,0.0,0,0.0,0.0,0.0,0.0,False,a,,,,,2526
256,247348,4,35,Daniel Muñoz Mejía,Muñoz,2,8.4,5.9,8,17,Home,2025-09-13T14:00:00Z,0,0,90,0,0,1,0,1,0,0,21,5,0.12,0.22,0.34,0.36,4,5.9,11.2,7.2,41.0,False,a,,,,,2526
257,437499,4,35,Maxence Lacroix,Lacroix,2,5.1,5.1,8,17,Home,2025-09-13T14:00:00Z,0,0,90,0,0,1,0,0,0,0,30,6,0.0,0.02,0.02,0.36,6,2.5,19.2,4.1,2.0,False,d,Thigh injury - 75% chance of playing,,,,2526
258,244723,4,35,Tyrick Mitchell,Mitchell,2,2.1,5.0,8,17,Home,2025-09-13T14:00:00Z,0,0,90,0,0,1,0,0,0,0,27,6,0.0,0.13,0.13,0.36,8,4.2,20.8,21.2,0.0,False,a,,,,,2526
259,218364,4,35,Borna Sosa,Sosa,2,0.1,4.8,8,17,Home,2025-09-13T14:00:00Z,0,0,0,0,0,0,0,0,0,0,0,0,0.0,0.0,0.0,0.0,0,0.0,0.0,0.0,0.0,False,a,,,,,2526
260,209036,4,35,Marc Guéhi,Guéhi,2,36.9,5.2,13,8,Away,2025-09-13T14:00:00Z,0,0,90,0,0,1,0,0,0,0,27,6,0.03,0.01,0.04,0.36,6,3.3,17.4,11.8,4.0,False,a,,,,,2526
261,427623,4,35,Chris Richards,Richards,2,2.7,4.4,8,17,Home,2025-09-13T14:00:00Z,0,0,90,0,0,1,0,0,0,0,29,6,0.19,0.03,0.22,0.36,4,4.7,17.8,15.3,14.0,False,a,,,,,2526
262,515621,4,35,Chadi Riad Dnanou,Chadi Riad,2,0.0,4.0,8,17,Home,2025-09-13T14:00:00Z,0,0,0,0,0,0,0,0,0,0,0,0,0.0,0.0,0.0,0.0,0,0.0,0.0,0.0,0.0,False,a,,,,,2526
263,57328,4,35,Nathaniel Clyne,Clyne,2,0.6,3.8,8,17,Home,2025-09-13T14:00:00Z,0,0,0,0,0,0,0,0,0,0,0,0,0.0,0.0,0.0,0.0,0,0.0,0.0,0.0,0.0,False,a,,,,,2526
264,156074,4,35,Rob Holding,Holding,2,0.0,4.0,8,17,Home,2025-09-13T14:00:00Z,0,0,0,0,0,0,0,0,0,0,0,0,0.0,0.0,0.0,0.0,0,0.0,0.0,0.0,0.0,False,u,Has joined Colorado Rapids permanently.,,,,2526
265,590012,4,35,Caleb Kporha,Kporha,2,0.0,4.0,8,17,Home,2025-09-13T14:00:00Z,0,0,0,0,0,0,0,0,0,0,0,0,0.0,0.0,0.0,0.0,0,0.0,0.0,0.0,0.0,False,a,,,,,2526
266,232413,4,31,Eberechi Eze,Eze,3,7.9,7.2,1,16,Home,2025-09-13T11:30:00Z,3,0,78,0,1,1,0,0,0,0,19,6,0.06,0.44,0.5,0.1,2,4.8,20.4,16.3,11.0,False,a,,,,,2526
267,232185,4,35,Ismaïla Sarr,Sarr,3,3.9,6.4,8,17,Home,2025-09-13T14:00:00Z,0,0,0,0,0,0,0,0,0,0,0,0,0.0,0.0,0.0,0.0,0,0.0,0.0,0.0,0.0,False,a,,,,3.0,2526
268,438464,4,35,Cheick Doucouré,Doucouré,3,0.0,4.9,8,17,Home,2025-09-13T14:00:00Z,0,0,0,0,0,0,0,0,0,0,0,0,0.0,0.0,0.0,0.0,0,0.0,0.0,0.0,0.0,False,i,Knee injury - Unknown return date,,,,2526
269,606921,4,35,Romain Esse,Esse,3,0.1,4.7,8,17,Home,2025-09-13T14:00:00Z,0,0,0,0,0,0,0,0,0,0,0,0,0.0,0.0,0.0,0.0,0,0.0,0.0,0.0,0.0,False,u,has joined Coventry City on loan for the rest of the season.,,,,2526
270,108413,4,35,Will Hughes,Hughes,3,0.1,4.7,8,17,Home,2025-09-13T14:00:00Z,0,0,90,0,0,1,0,0,0,0,8,3,0.03,0.21,0.24,0.36,5,3.8,9.4,26.8,2.0,False,a,,1.0,,,2526
271,209400,4,35,Daichi Kamada,Kamada,3,0.1,5.0,8,17,Home,2025-09-13T14:00:00Z,0,0,90,0,0,1,0,0,0,0,16,3,0.07,0.22,0.29,0.36,3,4.7,13.8,15.2,18.0,False,a,,,,,2526
272,152551,4,35,Jefferson Lerma Solís,Lerma,3,0.1,4.9,8,17,Home,2025-09-13T14:00:00Z,0,0,68,0,0,1,0,0,0,0,7,3,0.03,0.01,0.04,0.34,4,0.6,2.2,2.8,1.0,False,i,Hamstring injury - Expected back 14 Mar,,,,2526
273,496221,4,35,Adam Wharton,Wharton,3,0.6,5.0,8,17,Home,2025-09-13T14:00:00Z,0,0,0,0,0,0,0,0,0,0,0,0,0.0,0.0,0.0,0.0,0,0.0,0.0,0.0,0.0,False,a,,3.0,,,2526
274,579075,4,35,Asher Agbinone,Agbinone,3,0.1,4.3,8,17,Home,2025-09-13T14:00:00Z,0,0,0,0,0,0,0,0,0,0,0,0,0.0,0.0,0.0,0.0,0,0.0,0.0,0.0,0.0,False,a,,,,,2526
275,466117,4,35,Naouirou Ahamada,Ahamada,3,0.0,4.3,8,17,Home,2025-09-13T14:00:00Z,0,0,0,0,0,0,0,0,0,0,0,0,0.0,0.0,0.0,0.0,0,0.0,0.0,0.0,0.0,False,u,has joined AJ Auxerre permanently.,,,,2526
276,489706,4,35,Justin Devenny,Devenny,3,1.3,4.3,8,17,Home,2025-09-13T14:00:00Z,0,0,21,0,0,0,0,0,0,0,6,1,0.0,0.12,0.12,0.02,1,3.3,5.2,21.3,6.0,False,a,,,2.0,4.0,2526
277,450535,4,35,Malcolm Ebiowei,Ebiowei,3,0.0,4.5,8,17,Home,2025-09-13T14:00:00Z,0,0,0,0,0,0,0,0,0,0,0,0,0.0,0.0,0.0,0.0,0,0.0,0.0,0.0,0.0,False,u,Has joined Blackpool permanently.,,,,2526
278,450542,4,35,Jesurun Rak-Sakyi,J.Rak-Sakyi,3,0.0,4.4,8,17,Home,2025-09-13T14:00:00Z,0,0,0,0,0,0,0,0,0,0,0,0,0.0,0.0,0.0,0.0,0,0.0,0.0,0.0,0.0,False,u,has joined Stoke City on loan for the rest of the season.,,,,2526
279,536694,4,35,Matheus França de Oliveira,M.França,3,0.0,4.5,8,17,Home,2025-09-13T14:00:00Z,0,0,0,0,0,0,0,0,0,0,0,0,0.0,0.0,0.0,0.0,0,0.0,0.0,0.0,0.0,False,u,Has joined CR Vasco da Gama on loan for the rest of the season.,,,,2526
280,531989,4,35,David Ozoh,Ozoh,3,0.0,4.5,8,17,Home,2025-09-13T14:00:00Z,0,0,0,0,0,0,0,0,0,0,0,0,0.0,0.0,0.0,0.0,0,0.0,0.0,0.0,0.0,False,u,Has joined Derby County on loan for the rest of the season.,,,,2526
281,530318,4,35,Kaden Rodney,Rodney,3,0.0,4.4,8,17,Home,2025-09-13T14:00:00Z,0,0,0,0,0,0,0,0,0,0,0,0,0.0,0.0,0.0,0.0,0,0.0,0.0,0.0,0.0,False,a,,,,,2526
282,574398,4,35,Franco Umeh-Chibueze,Umeh,3,0.0,4.5,8,17,Home,2025-09-13T14:00:00Z,0,0,0,0,0,0,0,0,0,0,0,0,0.0,0.0,0.0,0.0,0,0.0,0.0,0.0,0.0,False,u,has joined Portsmouth permanently.,,,,2526
283,231747,4,35,Jean-Philippe Mateta,Mateta,4,6.8,7.5,8,17,Home,2025-09-13T14:00:00Z,0,0,90,0,0,1,0,0,0,0,4,2,0.59,0.01,0.6,0.36,9,6.3,11.6,1.3,50.0,False,i,Knee injury - Expected back 14 Mar,,,2.0,2526
284,205533,4,35,Eddie Nketiah,Nketiah,4,0.3,5.4,8,17,Home,2025-09-13T14:00:00Z,0,0,0,0,0,0,0,0,0,0,0,0,0.0,0.0,0.0,0.0,0,0.0,0.0,0.0,0.0,False,i,Hamstring injury - Expected back 11 Apr,,,,2526
285,199670,4,35,Odsonne Édouard,Édouard,4,0.2,5.0,8,17,Home,2025-09-13T14:00:00Z,0,0,0,0,0,0,0,0,0,0,0,0,0.0,0.0,0.0,0.0,0,0.0,0.0,0.0,0.0,False,u,has joined RC Lens permanently.,,,,2526
286,576980,4,35,Zach Marsh,Marsh,4,0.3,4.4,8,17,Home,2025-09-13T14:00:00Z,0,0,0,0,0,0,0,0,0,0,0,0,0.0,0.0,0.0,0.0,0,0.0,0.0,0.0,0.0,False,a,,,,,2526
287,111234,4,36,Jordan Pickford,Pickford,1,13.1,5.6,9,2,Home,2025-09-13T14:00:00Z,0,0,90,0,0,1,0,0,0,0,24,6,0.0,0.0,0.0,0.54,0,0.9,8.6,0.0,0.0,False,a,,,,,2526
288,229600,4,36,Mark Travers,Travers,1,0.1,4.3,9,2,Home,2025-09-13T14:00:00Z,0,0,0,0,0,0,0,0,0,0,0,0,0.0,0.0,0.0,0.0,0,0.0,0.0,0.0,0.0,False,d,Hand injury - 75% chance of playing,,,,2526
289,447325,4,36,Harry Tyrer,Tyrer,1,0.1,3.9,9,2,Home,2025-09-13T14:00:00Z,0,0,0,0,0,0,0,0,0,0,0,0,0.0,0.0,0.0,0.0,0,0.0,0.0,0.0,0.0,False,u,has joined Cardiff City permanently.,,,,2526
290,480455,4,36,Jarrad Branthwaite,Branthwaite,2,0.2,5.3,9,2,Home,2025-09-13T14:00:00Z,0,0,0,0,0,0,0,0,0,0,0,0,0.0,0.0,0.0,0.0,0,0.0,0.0,0.0,0.0,False,a,,,,,2526
291,17761,4,36,James Tarkowski,Tarkowski,2,11.0,5.7,9,2,Home,2025-09-13T14:00:00Z,0,0,90,0,0,1,0,0,0,0,27,8,0.0,0.04,0.04,0.54,11,4.6,29.2,10.8,6.0,False,a,,,,,2526
292,224967,4,36,Vitalii Mykolenko,Mykolenko,2,0.6,4.9,9,2,Home,2025-09-13T14:00:00Z,0,0,0,0,0,0,0,0,0,0,0,0,0.0,0.0,0.0,0.0,0,0.0,0.0,0.0,0.0,False,a,,,,,2526
293,512462,4,36,Jake O'Brien,O'Brien,2,0.7,4.9,9,2,Home,2025-09-13T14:00:00Z,0,0,90,0,0,1,0,0,0,0,26,6,0.05,0.06,0.11,0.54,6,3.7,16.2,15.4,5.0,False,a,,,,,2526
294,59949,4,36,Séamus Coleman,Coleman,2,0.1,4.2,9,2,Home,2025-09-13T14:00:00Z,0,0,0,0,0,0,0,0,0,0,0,0,0.0,0.0,0.0,0.0,0,0.0,0.0,0.0,0.0,False,a,,,,,2526
295,106611,4,36,Michael Keane,Keane,2,3.5,4.6,9,2,Home,2025-09-13T14:00:00Z,0,0,90,0,0,1,0,0,0,0,20,6,0.55,0.04,0.59,0.54,6,5.6,11.0,10.8,34.0,False,a,,,,,2526
296,243571,4,36,Nathan Patterson,Patterson,2,0.0,4.4,9,2,Home,2025-09-13T14:00:00Z,0,0,0,0,0,0,0,0,0,0,0,0,0.0,0.0,0.0,0.0,0,0.0,0.0,0.0,0.0,False,a,,,,,2526
297,496178,4,36,Roman Dixon,Dixon,2,0.2,3.8,9,2,Home,2025-09-13T14:00:00Z,0,0,0,0,0,0,0,0,0,0,0,0,0.0,0.0,0.0,0.0,0,0.0,0.0,0.0,0.0,False,u,has joined Stockport County on loan for the rest of the season.,,,,2526
298,474907,4,36,Reece Welch,Welch,2,0.1,3.8,9,2,Home,2025-09-13T14:00:00Z,0,0,0,0,0,0,0,0,0,0,0,0,0.0,0.0,0.0,0.0,0,0.0,0.0,0.0,0.0,False,a,,,,,2526
299,440993,4,36,Iliman Ndiaye,Ndiaye,3,3.9,6.2,9,2,Home,2025-09-13T14:00:00Z,0,0,90,0,0,1,0,0,0,0,18,5,0.02,0.19,0.21,0.54,14,5.5,15.2,27.8,12.0,False,a,,,,1.0,2526
300,433154,4,36,Dwight McNeil,McNeil,3,0.1,5.5,9,2,Home,2025-09-13T14:00:00Z,0,0,0,0,0,0,0,0,0,0,0,0,0.0,0.0,0.0,0.0,0,0.0,0.0,0.0,0.0,False,a,,,,,2526
301,502697,4,36,Carlos Alcaraz Durán,Alcaraz,3,0.1,5.2,9,2,Home,2025-09-13T14:00:00Z,0,0,0,0,0,0,0,0,0,0,0,0,0.0,0.0,0.0,0.0,0,0.0,0.0,0.0,0.0,False,d,Knock - 25% chance of playing,,,,2526
302,80801,4,36,Idrissa Gana Gueye,Gana,3,0.1,5.4,9,2,Home,2025-09-13T14:00:00Z,0,0,90,0,0,1,0,0,0,0,17,3,0.1,0.03,0.13,0.54,10,1.0,4.6,3.4,2.0,False,a,,,,,2526
303,232928,4,36,James Garner,Garner,3,3.8,5.2,9,2,Home,2025-09-13T14:00:00Z,0,0,90,0,0,1,0,0,0,2,31,5,0.08,0.31,0.39,0.54,9,8.8,29.6,56.7,2.0,False,a,,1.0,3.0,2.0,2526
304,490094,4,36,Tim Iroegbunam,Iroegbunam,3,0.0,4.8,9,2,Home,2025-09-13T14:00:00Z,0,0,65,0,0,1,0,1,0,0,4,2,0.04,0.0,0.04,0.54,6,0.9,5.4,1.3,2.0,False,a,,,,,2526
305,609873,4,36,Harrison Armstrong,Armstrong,3,0.1,4.5,9,2,Home,2025-09-13T14:00:00Z,0,0,0,0,0,0,0,0,0,0,0,0,0.0,0.0,0.0,0.0,0,0.0,0.0,0.0,0.0,False,a,,,,,2526
306,547801,4,36,Callum Bates,Bates,3,0.1,4.3,9,2,Home,2025-09-13T14:00:00Z,0,0,0,0,0,0,0,0,0,0,0,0,0.0,0.0,0.0,0.0,0,0.0,0.0,0.0,0.0,False,a,,,,,2526
307,504296,4,36,Coby Ebere,Ebere,3,0.0,4.4,9,2,Home,2025-09-13T14:00:00Z,0,0,0,0,0,0,0,0,0,0,0,0,0.0,0.0,0.0,0.0,0,0.0,0.0,0.0,0.0,False,a,,,,,2526
308,496279,4,36,Isaac Heath,Heath,3,0.0,4.5,9,2,Home,2025-09-13T14:00:00Z,0,0,0,0,0,0,0,0,0,0,0,0,0.0,0.0,0.0,0.0,0,0.0,0.0,0.0,0.0,False,u,has joined Accrington on loan for the rest of the season.,,,,2526
309,491557,4,36,Jenson Metcalfe,Metcalfe,3,0.0,4.5,9,2,Home,2025-09-13T14:00:00Z,0,0,0,0,0,0,0,0,0,0,0,0,0.0,0.0,0.0,0.0,0,0.0,0.0,0.0,0.0,False,u,Has joined Bradford City permanently.,,,,2526
310,586309,4,36,Thierno Barry,Barry,4,1.1,5.7,9,2,Home,2025-09-13T14:00:00Z,0,0,15,0,0,0,0,0,0,0,1,1,0.11,0.01,0.12,0.0,0,1.1,0.0,0.5,13.0,False,a,,,,,2526
311,486385,4,36,Norberto Bercique Gomes Betuncal,Beto,4,2.4,5.0,9,2,Home,2025-09-13T14:00:00Z,0,0,74,0,0,1,0,0,0,0,-4,2,0.97,0.0,0.97,0.54,1,2.5,0.0,0.7,29.0,False,a,,,,3.0,2526
312,491012,4,36,Youssef Ramalho Chermiti,Y.Chermiti,4,0.1,4.9,9,2,Home,2025-09-13T14:00:00Z,0,0,0,0,0,0,0,0,0,0,0,0,0.0,0.0,0.0,0.0,0,0.0,0.0,0.0,0.0,False,u,has joined Rangers permanently.,,,,2526
313,536241,4,36,Martin Sherif,Sherif,4,0.1,4.4,9,2,Home,2025-09-13T14:00:00Z,0,0,0,0,0,0,0,0,0,0,0,0,0.0,0.0,0.0,0.0,0,0.0,0.0,0.0,0.0,False,u,has joined Port Vale on loan for the rest of the season.,,,,2526
314,80201,4,37,Bernd Leno,Leno,1,1.5,4.9,10,11,Home,2025-09-13T14:00:00Z,1,0,90,0,0,1,0,0,0,1,28,8,0.0,0.0,0.0,0.79,0,2.4,24.0,0.0,0.0,False,a,,,,,2526
315,428971,4,37,Steven Benda,Benda,1,0.0,4.0,10,11,Home,2025-09-13T14:00:00Z,1,0,0,0,0,0,0,0,0,0,0,0,0.0,0.0,0.0,0.0,0,0.0,0.0,0.0,0.0,False,u,has joined Feyenoord on loan for the rest of the season.,,,,2526
316,169528,4,37,Antonee Robinson,Robinson,2,0.7,4.9,10,11,Home,2025-09-13T14:00:00Z,1,0,0,0,0,0,0,0,0,0,0,0,0.0,0.0,0.0,0.0,0,0.0,0.0,0.0,0.0,False,d,Ankle injury - 75% chance of playing,,,,2526
317,174874,4,37,Joachim Andersen,Andersen,2,4.6,4.5,10,11,Home,2025-09-13T14:00:00Z,1,0,90,0,0,1,0,0,0,2,32,10,0.0,0.05,0.05,0.79,12,3.2,29.0,3.0,0.0,True,a,,,,,2526
318,232892,4,37,Calvin Bassey,Bassey,2,0.4,4.4,10,11,Home,2025-09-13T14:00:00Z,1,0,90,0,0,1,0,0,0,3,34,9,0.0,0.03,0.03,0.79,8,2.7,24.0,3.0,0.0,False,a,,,,,2526
319,166477,4,37,Timothy Castagne,Castagne,2,0.1,4.3,10,11,Home,2025-09-13T14:00:00Z,1,0,0,0,0,0,0,0,0,0,0,0,0.0,0.0,0.0,0.0,0,0.0,0.0,0.0,0.0,False,a,,,,,2526
320,219924,4,37,Issa Diop,Diop,2,0.1,4.3,10,11,Home,2025-09-13T14:00:00Z,1,0,0,0,0,0,0,0,0,0,0,0,0.0,0.0,0.0,0.0,0,0.0,0.0,0.0,0.0,False,a,,,,,2526
321,246301,4,37,Jorge Cuenca Barreno,J.Cuenca,2,0.1,4.3,10,11,Home,2025-09-13T14:00:00Z,1,0,0,0,0,0,0,0,0,0,0,0,0.0,0.0,0.0,0.0,0,0.0,0.0,0.0,0.0,False,a,,,,,2526
322,167074,4,37,Kenny Tete,Tete,2,0.3,4.5,10,11,Home,2025-09-13T14:00:00Z,1,0,90,0,0,1,0,0,0,0,26,6,0.0,0.02,0.02,0.79,6,1.5,11.4,3.5,0.0,False,a,,,,,2526
323,591385,4,37,Samuel Amissah,Amissah,2,0.1,3.8,10,11,Home,2025-09-13T14:00:00Z,1,0,0,0,0,0,0,0,0,0,0,0,0.0,0.0,0.0,0.0,0,0.0,0.0,0.0,0.0,False,a,,,,,2526
324,153133,4,37,Alex Iwobi,Iwobi,3,0.8,6.3,10,11,Home,2025-09-13T14:00:00Z,1,0,75,0,0,1,0,0,0,0,6,3,0.0,0.02,0.02,0.76,4,0.6,2.4,3.3,0.0,False,a,,2.0,,,2526
325,209289,4,37,Emile Smith Rowe,Smith Rowe,3,0.5,5.6,10,11,Home,2025-09-13T14:00:00Z,1,0,30,0,0,0,0,0,0,0,2,1,0.0,0.0,0.0,0.05,1,0.6,1.0,4.8,0.0,False,a,,,,,2526
326,159533,4,37,Adama Traoré Diarra,Adama,3,0.2,5.1,19,10,Away,2025-09-13T14:00:00Z,0,1,30,0,0,0,0,0,0,0,0,1,0.04,0.01,0.05,0.05,1,0.4,0.0,0.6,6.0,False,a,,,,,2526
327,156689,4,37,Andreas Hoelgebaum Pereira,Andreas,3,0.1,5.3,10,11,Home,2025-09-13T14:00:00Z,1,0,0,0,0,0,0,0,0,0,0,0,0.0,0.0,0.0,0.0,0,0.0,0.0,0.0,0.0,False,u,has joined Palmeiras permanently.,,,,2526
328,184349,4,37,Ryan Sessegnon,Sessegnon,3,0.2,5.4,10,11,Home,2025-09-13T14:00:00Z,1,0,90,0,0,1,0,0,0,0,12,3,0.0,0.22,0.22,0.79,10,4.2,15.4,22.8,4.0,False,a,,,,,2526
329,153682,4,37,Harry Wilson,Wilson,3,20.6,5.9,10,11,Home,2025-09-13T14:00:00Z,1,0,59,0,0,0,0,0,0,0,9,1,0.12,0.02,0.14,0.74,2,2.1,7.0,2.8,11.0,False,a,,1.0,1.0,3.0,2526
330,207189,4,37,Sander Berge,Berge,3,0.1,4.9,10,11,Home,2025-09-13T14:00:00Z,1,0,83,0,0,1,0,1,0,0,18,4,0.0,0.15,0.15,0.79,14,3.8,19.4,18.6,0.0,False,a,,,,,2526
331,76357,4,37,Tom Cairney,Cairney,3,0.0,4.8,10,11,Home,2025-09-13T14:00:00Z,1,0,6,0,0,0,0,0,0,0,3,1,0.0,0.0,0.0,0.0,0,0.1,0.0,0.6,0.0,False,a,,,,,2526
332,212314,4,37,Saša Lukić,Lukić,3,0.1,4.9,10,11,Home,2025-09-13T14:00:00Z,1,0,90,0,1,1,0,0,0,0,25,6,0.5,0.01,0.51,0.79,9,2.2,11.4,4.0,7.0,False,d,Hamstring injury - 50% chance of playing,3.0,,,2526
333,573062,4,37,Martial Godo,Godo,3,0.0,4.5,10,11,Home,2025-09-13T14:00:00Z,1,0,0,0,0,0,0,0,0,0,0,0,0.0,0.0,0.0,0.0,0,0.0,0.0,0.0,0.0,False,u,has joined Strasbourg permanently.,,,,2526
334,515024,4,37,Luke Harris,Harris,3,0.0,4.5,10,11,Home,2025-09-13T14:00:00Z,1,0,0,0,0,0,0,0,0,0,0,0,0.0,0.0,0.0,0.0,0,0.0,0.0,0.0,0.0,False,u,Has joined Oxford United on loan for the rest of the season.,,,,2526
335,577725,4,37,Josh King,King,3,1.8,4.4,10,11,Home,2025-09-13T14:00:00Z,1,0,59,0,0,0,0,0,0,0,4,1,0.0,0.01,0.01,0.74,3,0.1,0.2,1.0,0.0,False,a,,,,,2526
336,153366,4,37,Harrison Reed,Reed,3,0.4,4.3,10,11,Home,2025-09-13T14:00:00Z,1,0,0,0,0,0,0,0,0,0,0,0,0.0,0.0,0.0,0.0,0,0.0,0.0,0.0,0.0,False,a,,,,,2526
337,102057,4,37,Raúl Jiménez Rodríguez,Raúl,4,2.1,6.1,10,11,Home,2025-09-13T14:00:00Z,1,0,6,0,0,0,0,0,0,0,4,1,0.0,0.0,0.0,0.0,2,0.3,3.0,0.0,0.0,False,a,,,2.0,1.0,2526
338,244042,4,37,Rodrigo Muniz Carvalho,Muniz,4,0.7,5.3,10,11,Home,2025-09-13T14:00:00Z,1,0,83,0,0,1,0,0,0,0,4,2,0.18,0.01,0.19,0.79,4,2.6,4.4,0.3,21.0,False,a,,,,,2526
339,437495,4,37,Illan Meslier,Meslier,1,0.3,4.1,11,10,Away,2025-09-13T14:00:00Z,0,1,0,0,0,0,0,0,0,0,0,0,0.0,0.0,0.0,0.0,0,0.0,0.0,0.0,0.0,False,a,,,,,2526
340,97846,4,37,Alex Cairns,Cairns,1,0.2,3.9,11,10,Away,2025-09-13T14:00:00Z,0,1,0,0,0,0,0,0,0,0,0,0,0.0,0.0,0.0,0.0,0,0.0,0.0,0.0,0.0,False,a,,,,,2526
341,59735,4,37,Karl Darlow,Darlow,1,2.4,3.9,11,10,Away,2025-09-13T14:00:00Z,0,1,90,0,0,0,1,0,0,0,15,3,0.0,0.0,0.0,0.85,0,2.0,19.6,0.0,0.0,False,a,,,,,2526
342,226182,4,37,Jayden Bogle,Bogle,2,0.2,4.4,11,10,Away,2025-09-13T14:00:00Z,0,1,90,0,0,0,1,0,0,0,11,2,0.05,0.01,0.06,0.85,7,3.1,15.6,1.8,14.0,False,a,,,,,2526
343,222694,4,37,Pascal Struijk,Struijk,2,0.4,4.3,11,10,Away,2025-09-13T14:00:00Z,0,1,90,0,0,0,1,0,0,0,8,2,0.0,0.01,0.01,0.85,8,1.7,16.0,0.6,0.0,False,a,,,,,2526
344,434752,4,37,Jaka Bijol,Bijol,2,0.4,3.9,11,10,Away,2025-09-13T14:00:00Z,0,1,0,0,0,0,0,0,0,0,0,0,0.0,0.0,0.0,0.0,0,0.0,0.0,0.0,0.0,False,a,,,,,2526
345,437738,4,37,Sebastiaan Bornauw,Bornauw,2,0.2,3.8,11,10,Away,2025-09-13T14:00:00Z,0,1,0,0,0,0,0,0,0,0,0,0,0.0,0.0,0.0,0.0,0,0.0,0.0,0.0,0.0,False,a,,,,,2526
346,113564,4,37,Sam Byram,Byram,2,0.2,3.8,11,10,Away,2025-09-13T14:00:00Z,0,1,0,0,0,0,0,0,0,0,0,0,0.0,0.0,0.0,0.0,0,0.0,0.0,0.0,0.0,False,a,,,,,2526
347,243526,4,37,Gabriel Gudmundsson,Gudmundsson,2,3.8,3.8,11,10,Away,2025-09-13T14:00:00Z,0,1,90,0,0,0,1,0,0,0,6,0,0.0,0.06,0.06,0.85,4,1.4,3.4,8.2,2.0,False,a,,,,,2526
348,214225,4,37,Joe Rodon,Rodon,2,3.9,3.9,11,10,Away,2025-09-13T14:00:00Z,0,1,90,0,0,0,1,0,0,0,12,4,0.0,0.0,0.0,0.85,10,2.2,19.0,0.7,2.0,False,a,,,,,2526
349,492368,4,37,Isaac Schmidt,Schmidt,2,0.1,4.0,11,10,Away,2025-09-13T14:00:00Z,0,1,0,0,0,0,0,0,0,0,0,0,0.0,0.0,0.0,0.0,0,0.0,0.0,0.0,0.0,False,u,has joined Werder Bremen on loan for the rest of the season.,,,,2526
350,427637,4,37,Brenden Aaronson,Aaronson,3,0.7,5.4,11,10,Away,2025-09-13T14:00:00Z,0,1,76,0,0,1,0,0,0,0,19,5,0.13,0.32,0.45,0.3,12,5.4,18.6,12.0,23.0,False,a,,,,,2526
351,492859,4,37,Wilfried Gnonto,Gnonto,3,0.1,5.2,11,10,Away,2025-09-13T14:00:00Z,0,1,1,0,0,0,1,0,0,0,5,1,0.0,0.0,0.0,0.01,1,0.2,2.0,0.0,0.0,False,a,,,,,2526
352,221399,4,37,Jack Harrison,Harrison,3,0.0,5.1,11,10,Away,2025-09-13T14:00:00Z,0,1,22,0,0,0,1,0,0,0,3,1,0.0,0.0,0.0,0.73,0,0.1,0.2,0.4,0.0,False,u,has joined ACF Fiorentina on loan for the rest of the season.,,,,2526
353,200617,4,37,Daniel James,James,3,0.1,5.2,11,10,Away,2025-09-13T14:00:00Z,0,1,11,0,0,0,0,0,0,0,3,1,0.0,0.0,0.0,0.54,0,0.0,0.0,0.0,0.0,False,a,,,,,2526
354,199598,4,37,Ethan Ampadu,Ampadu,3,0.2,4.9,11,10,Away,2025-09-13T14:00:00Z,0,1,90,0,0,0,1,0,0,0,15,4,0.0,0.01,0.01,0.85,12,1.5,13.6,1.4,0.0,False,a,,,,,2526
355,248937,4,37,Sam Greenwood,Greenwood,3,0.0,4.9,11,10,Away,2025-09-13T14:00:00Z,0,1,0,0,0,0,0,0,0,0,0,0,0.0,0.0,0.0,0.0,0,0.0,0.0,0.0,0.0,False,u,has joined Pogon Szczecin permanently.,,,,2526
356,486520,4,37,Ilia Gruev,Gruev,3,0.1,4.7,11,10,Away,2025-09-13T14:00:00Z,0,1,0,0,0,0,0,0,0,0,0,0,0.0,0.0,0.0,0.0,0,0.0,0.0,0.0,0.0,False,a,,4.0,,,2526
357,433952,4,37,Largie Ramazani,Ramazani,3,0.0,4.9,11,10,Away,2025-09-13T14:00:00Z,0,1,0,0,0,0,0,0,0,0,0,0,0.0,0.0,0.0,0.0,0,0.0,0.0,0.0,0.0,False,u,has joined Valencia on loan for the rest of the season.,,,,2526
358,248056,4,37,Tanaka Ao,Tanaka,3,0.2,4.8,11,10,Away,2025-09-13T14:00:00Z,0,1,0,0,0,0,0,0,0,0,0,0,0.0,0.0,0.0,0.0,0,0.0,0.0,0.0,0.0,False,a,,,,,2526
359,536119,4,37,Charlie Crew,Crew,3,0.0,4.5,11,10,Away,2025-09-13T14:00:00Z,0,1,0,0,0,0,0,0,0,0,0,0,0.0,0.0,0.0,0.0,0,0.0,0.0,0.0,0.0,False,u,Has joined Doncaster Rovers on loan for the rest of the season.,,,,2526
360,462635,4,37,Joe Gelhardt,Gelhardt,3,0.0,4.5,11,10,Away,2025-09-13T14:00:00Z,0,1,0,0,0,0,0,0,0,0,0,0,0.0,0.0,0.0,0.0,0,0.0,0.0,0.0,0.0,False,u,Has joined Hull City on loan for the rest of the season.,,,,2526
361,470294,4,37,Darko Gyabi,Gyabi,3,0.0,4.5,11,10,Away,2025-09-13T14:00:00Z,0,1,0,0,0,0,0,0,0,0,0,0,0.0,0.0,0.0,0.0,0,0.0,0.0,0.0,0.0,False,u,has joined Hull City permanently.,,,,2526
362,235826,4,37,Joël Piroe,Piroe,4,0.3,4.9,11,10,Away,2025-09-13T14:00:00Z,0,1,0,0,0,0,0,0,0,0,0,0,0.0,0.0,0.0,0.0,0,0.0,0.0,0.0,0.0,False,a,,,,3.0,2526
363,106617,4,37,Patrick Bamford,Bamford,4,0.3,4.9,11,10,Away,2025-09-13T14:00:00Z,0,1,0,0,0,0,0,0,0,0,0,0,0.0,0.0,0.0,0.0,0,0.0,0.0,0.0,0.0,False,u,has departed the club as a free agent.,,,,2526
364,565297,4,37,Mateo Joseph Fernández-Regatillo,Mateo Joseph,4,0.0,5.0,11,10,Away,2025-09-13T14:00:00Z,0,1,0,0,0,0,0,0,0,0,0,0,0.0,0.0,0.0,0.0,0,0.0,0.0,0.0,0.0,False,u,Has joined RCD Mallorca on loan for the rest of the season.,,,,2526
365,174594,4,37,Lukas Nmecha,Nmecha,4,0.6,5.0,11,10,Away,2025-09-13T14:00:00Z,0,1,21,0,0,0,1,0,0,0,1,1,0.0,0.0,0.0,0.73,0,0.0,0.0,1.3,0.0,False,a,,,,2.0,2526
366,116535,4,34,Alisson Becker,A.Becker,1,6.1,5.4,12,3,Away,2025-09-14T13:00:00Z,1,0,90,0,0,1,0,0,0,0,19,6,0.0,0.0,0.0,0.13,0,0.4,4.0,0.1,0.0,False,a,,,,,2526
367,449027,4,34,Giorgi Mamardashvili,Mamardashvili,1,0.5,4.1,12,3,Away,2025-09-14T13:00:00Z,1,0,0,0,0,0,0,0,0,0,0,0,0.0,0.0,0.0,0.0,0,0.0,0.0,0.0,0.0,False,a,,,,,2526
368,586268,4,34,Ármin Pécsi,Pécsi,1,0.8,3.8,12,3,Away,2025-09-14T13:00:00Z,1,0,0,0,0,0,0,0,0,0,0,0,0.0,0.0,0.0,0.0,0,0.0,0.0,0.0,0.0,False,a,,,,,2526
369,155503,4,34,Freddie Woodman,Woodman,1,0.2,3.9,12,3,Away,2025-09-14T13:00:00Z,1,0,0,0,0,0,0,0,0,0,0,0,0.0,0.0,0.0,0.0,0,0.0,0.0,0.0,0.0,False,a,,,,,2526
370,216094,4,34,Jeremie Frimpong,Frimpong,2,4.6,5.7,12,3,Away,2025-09-14T13:00:00Z,1,0,3,0,1,0,0,0,0,0,14,4,0.08,0.01,0.09,0.0,0,2.3,3.0,0.6,19.0,False,d,Groin Injury - 50% chance of playing,,,,2526
371,544877,4,34,Milos Kerkez,Kerkez,2,3.0,5.6,12,3,Away,2025-09-14T13:00:00Z,1,0,37,0,0,0,0,1,0,0,-1,0,0.08,0.02,0.1,0.12,0,2.7,0.0,16.9,10.0,False,a,,,,,2526
372,122798,4,34,Andrew Robertson,Robertson,2,1.0,5.7,12,3,Away,2025-09-14T13:00:00Z,1,0,52,0,0,0,0,0,0,0,20,1,0.1,0.37,0.47,0.01,0,11.6,24.6,68.0,23.0,False,a,,,,,2526
373,97032,4,34,Virgil van Dijk,Virgil,2,26.2,6.0,12,3,Away,2025-09-14T13:00:00Z,1,0,90,0,0,1,0,0,0,2,27,8,0.0,0.06,0.06,0.13,6,4.1,24.8,16.3,0.0,False,a,,,,,2526
374,204716,4,34,Ibrahima Konaté,Konaté,2,3.7,5.4,12,3,Away,2025-09-14T13:00:00Z,1,0,86,0,0,1,0,0,0,3,29,9,0.49,0.05,0.54,0.13,7,5.7,20.8,26.7,9.0,False,a,,,,,2526
375,492777,4,34,Conor Bradley,Bradley,2,0.2,4.9,12,3,Away,2025-09-14T13:00:00Z,1,0,45,0,0,0,0,1,0,0,6,0,0.02,0.08,0.1,0.01,2,2.7,7.8,8.5,11.0,False,i,Knee injury - Expected back 01 Jun,,,,2526
376,171287,4,34,Joe Gomez,Gomez,2,0.1,4.9,12,3,Away,2025-09-14T13:00:00Z,1,0,0,0,0,0,0,0,0,0,0,0,0.0,0.0,0.0,0.0,0,0.0,0.0,0.0,0.0,False,a,,,,,2526
377,214285,4,34,Konstantinos Tsimikas,Tsimikas,2,0.0,4.8,12,3,Away,2025-09-14T13:00:00Z,1,0,0,0,0,0,0,0,0,0,0,0,0.0,0.0,0.0,0.0,0,0.0,0.0,0.0,0.0,False,u,has joined AS Roma on loan for the rest of the season.,,,,2526
378,611926,4,34,Amara Nallo,Nallo,2,1.2,3.7,12,3,Away,2025-09-14T13:00:00Z,1,0,0,0,0,0,0,0,0,0,0,0,0.0,0.0,0.0,0.0,0,0.0,0.0,0.0,0.0,False,a,,,,,2526
379,219937,4,34,Rhys Williams,R.Williams,2,0.6,3.7,12,3,Away,2025-09-14T13:00:00Z,1,0,0,0,0,0,0,0,0,0,0,0,0.0,0.0,0.0,0.0,0,0.0,0.0,0.0,0.0,False,a,,,,,2526
380,489580,4,34,Calvin Ramsay,Ramsay,2,0.2,3.8,12,3,Away,2025-09-14T13:00:00Z,1,0,0,0,0,0,0,0,0,0,0,0,0.0,0.0,0.0,0.0,0,0.0,0.0,0.0,0.0,False,a,,,,,2526
381,118748,4,34,Mohamed Salah,M.Salah,3,14.2,14.0,12,3,Away,2025-09-14T13:00:00Z,1,0,90,1,0,1,0,0,0,1,26,9,0.79,0.15,0.94,0.13,3,8.3,35.0,20.6,27.0,False,a,,2.0,4.0,1.0,2526
382,494595,4,34,Florian Wirtz,Wirtz,3,13.3,8.4,12,3,Away,2025-09-14T13:00:00Z,1,0,86,0,0,1,0,0,0,0,8,3,0.15,0.26,0.41,0.13,4,9.0,9.2,59.0,22.0,False,d,Back injury - 75% chance of playing,4.0,5.0,,2526
383,244731,4,34,Luis Díaz Marulanda,Luis Díaz,3,0.0,8.0,12,3,Away,2025-09-14T13:00:00Z,1,0,0,0,0,0,0,0,0,0,0,0,0.0,0.0,0.0,0.0,0,0.0,0.0,0.0,0.0,False,u,Has joined Bayern Munch permanently.,,,,2526
384,243298,4,34,Cody Gakpo,Gakpo,3,5.3,7.3,12,3,Away,2025-09-14T13:00:00Z,1,0,90,0,0,1,0,0,0,0,14,3,0.21,0.32,0.53,0.13,1,7.2,4.2,35.8,32.0,False,a,,3.0,,3.0,2526
385,223541,4,34,Federico Chiesa,Chiesa,3,0.3,6.3,12,3,Away,2025-09-14T13:00:00Z,1,0,18,0,0,0,0,0,0,0,-1,1,0.08,0.03,0.11,0.01,0,0.7,0.0,0.6,8.0,False,a,,,,,2526
386,243016,4,34,Alexis Mac Allister,Mac Allister,3,1.3,6.2,12,3,Away,2025-09-14T13:00:00Z,1,0,45,0,0,0,0,0,0,0,10,1,0.0,0.03,0.03,0.12,3,0.8,3.4,4.7,0.0,False,a,,,,4.0,2526
387,424876,4,34,Dominik Szoboszlai,Szoboszlai,3,8.0,6.8,12,3,Away,2025-09-14T13:00:00Z,1,0,90,0,0,1,0,0,0,0,14,3,0.21,0.07,0.28,0.13,9,4.7,12.6,11.9,22.0,False,a,,1.0,2.0,2.0,2526
388,206915,4,34,Curtis Jones,C.Jones,3,0.1,5.4,12,3,Away,2025-09-14T13:00:00Z,1,0,0,0,0,0,0,0,0,0,0,0,0.0,0.0,0.0,0.0,0,0.0,0.0,0.0,0.0,False,a,,,,,2526
389,444884,4,36,Harvey Elliott,Elliott,3,0.2,5.1,2,9,Away,2025-09-13T14:00:00Z,0,0,19,0,0,0,0,0,0,0,4,1,0.0,0.0,0.0,0.55,2,0.3,1.4,2.0,0.0,False,i,Knock - Unknown return date,,,,2526
390,441266,4,34,Ryan Gravenberch,Gravenberch,3,4.9,5.5,12,3,Away,2025-09-14T13:00:00Z,1,0,90,0,0,1,0,0,0,0,19,3,0.12,0.11,0.23,0.13,6,8.5,21.2,51.8,12.0,False,a,,,,,2526
391,496208,4,32,Ben Gannon-Doak,Gannon-Doak,3,0.0,4.8,4,6,Home,2025-09-13T14:00:00Z,2,1,0,0,0,0,0,0,0,0,0,0,0.0,0.0,0.0,0.0,0,0.0,0.0,0.0,0.0,False,i,Hamstring injury - Unknown return date,,,,2526
392,158983,4,34,Endo Wataru,Endo,3,0.1,4.9,12,3,Away,2025-09-14T13:00:00Z,1,0,0,0,0,0,0,0,0,0,0,0,0.0,0.0,0.0,0.0,0,0.0,0.0,0.0,0.0,False,i,Foot injury - Unknown return date,,,,2526
393,535928,4,34,Stefan Bajčetić Maquieira,Bajcetic,3,0.0,4.3,12,3,Away,2025-09-14T13:00:00Z,1,0,0,0,0,0,0,0,0,0,0,0,0.0,0.0,0.0,0.0,0,0.0,0.0,0.0,0.0,False,i,Hamstring injury - Unknown return date,,,,2526
394,491501,4,34,James McConnell,McConnell,3,0.0,4.4,12,3,Away,2025-09-14T13:00:00Z,1,0,0,0,0,0,0,0,0,0,0,0,0.0,0.0,0.0,0.0,0,0.0,0.0,0.0,0.0,False,u,has joined Ajax on loan for the rest of the season.,,,,2526
395,440148,4,34,Tyler Morton,Morton,3,0.0,4.5,12,3,Away,2025-09-14T13:00:00Z,1,0,0,0,0,0,0,0,0,0,0,0,0.0,0.0,0.0,0.0,0,0.0,0.0,0.0,0.0,False,u,Has joined Lyon permanently.,,,,2526
396,591386,4,34,Trey Nyoni,Nyoni,3,0.3,4.3,12,3,Away,2025-09-14T13:00:00Z,1,0,0,0,0,0,0,0,0,0,0,0,0.0,0.0,0.0,0.0,0,0.0,0.0,0.0,0.0,False,a,,,,,2526
397,447203,4,34,Darwin Núñez Ribeiro,Darwin,4,0.1,6.5,12,3,Away,2025-09-14T13:00:00Z,1,0,0,0,0,0,0,0,0,0,0,0,0.0,0.0,0.0,0.0,0,0.0,0.0,0.0,0.0,False,u,Has joined Al-Hilal permanently.,,,,2526
398,500058,4,34,Jayden Danns,Danns,4,0.1,4.3,12,3,Away,2025-09-14T13:00:00Z,1,0,0,0,0,0,0,0,0,0,0,0,0.0,0.0,0.0,0.0,0,0.0,0.0,0.0,0.0,False,i,Hamstring injury - Unknown return date,,,,2526
399,121160,4,38,Ederson Santana de Moraes,Ederson M.,1,0.8,5.3,13,14,Home,2025-09-14T15:30:00Z,3,0,0,0,0,0,0,0,0,0,0,0,0.0,0.0,0.0,0.0,0,0.0,0.0,0.0,0.0,False,u,has joined Fenerbache permanently.,,,,2526
400,88248,4,38,Stefan Ortega Moreno,Ortega Moreno,1,0.2,4.7,16,13,Away,2025-09-14T15:30:00Z,0,3,0,0,0,0,0,0,0,0,0,0,0.0,0.0,0.0,0.0,0,0.0,0.0,0.0,0.0,False,a,,,,,2526
401,122074,4,38,Marcus Bettinelli,Bettinelli,1,0.4,3.8,13,14,Home,2025-09-14T15:30:00Z,3,0,0,0,0,0,0,0,0,0,0,0,0.0,0.0,0.0,0.0,0,0.0,0.0,0.0,0.0,False,a,,,,,2526
402,448514,4,38,Rayan Aït-Nouri,Aït-Nouri,2,3.9,5.7,13,14,Home,2025-09-14T15:30:00Z,3,0,0,0,0,0,0,0,0,0,0,0,0.0,0.0,0.0,0.0,0,0.0,0.0,0.0,0.0,False,a,,,,,2526
403,477424,4,38,Joško Gvardiol,Gvardiol,2,3.4,5.9,13,14,Home,2025-09-14T15:30:00Z,3,0,90,0,0,1,0,0,0,0,22,6,0.0,0.0,0.0,1.51,3,1.0,9.2,1.2,0.0,False,i,Leg injury - Unknown return date,,,,2526
404,211975,4,38,Manuel Akanji,Akanji,2,0.3,5.4,13,14,Home,2025-09-14T15:30:00Z,3,0,0,0,0,0,0,0,0,0,0,0,0.0,0.0,0.0,0.0,0,0.0,0.0,0.0,0.0,False,u,has joined Inter Milan on loan for the rest of the season.,,,,2526
405,126184,4,38,Nathan Aké,Aké,2,0.6,5.3,13,14,Home,2025-09-14T15:30:00Z,3,0,2,0,0,0,0,0,0,0,3,1,0.0,0.0,0.0,0.09,0,0.0,0.0,0.0,0.0,False,a,,,,,2526
406,578153,4,38,Abdukodir Khusanov,Khusanov,2,0.4,5.4,13,14,Home,2025-09-14T15:30:00Z,3,0,90,0,0,1,0,0,0,0,27,8,0.0,0.01,0.01,1.51,12,2.2,20.0,2.1,0.0,False,a,,,,,2526
407,465351,4,38,Matheus Nunes,Matheus N.,2,3.2,5.4,13,14,Home,2025-09-14T15:30:00Z,3,0,0,0,0,0,0,0,0,0,0,0,0.0,0.0,0.0,0.0,0,0.0,0.0,0.0,0.0,False,a,,,,4.0,2526
408,171314,4,38,Rúben dos Santos Gato Alves Dias,Rúben,2,3.3,5.5,13,14,Home,2025-09-14T15:30:00Z,3,0,90,0,0,1,0,0,0,0,25,6,0.0,0.01,0.01,1.51,7,1.5,14.0,0.9,0.0,False,a,,,,,2526
409,97299,4,38,John Stones,Stones,2,0.6,5.4,13,14,Home,2025-09-14T15:30:00Z,3,0,0,0,0,0,0,0,0,0,0,0,0.0,0.0,0.0,0.0,0,0.0,0.0,0.0,0.0,False,a,,,,,2526
410,477064,4,38,Rico Lewis,Lewis,2,1.2,4.6,13,14,Home,2025-09-14T15:30:00Z,3,0,0,0,0,0,0,0,0,0,0,0,0.0,0.0,0.0,0.0,0,0.0,0.0,0.0,0.0,False,a,,,,,2526
411,472769,4,38,Nico O'Reilly,O'Reilly,2,8.0,5.0,13,14,Home,2025-09-14T15:30:00Z,3,0,90,0,0,1,0,0,0,0,25,6,0.03,0.01,0.04,1.51,9,2.2,19.6,1.8,1.0,False,a,,,,,2526
412,616222,4,38,Vitor de Oliveira Nunes dos Reis,Vitor Reis,2,0.0,5.0,13,14,Home,2025-09-14T15:30:00Z,3,0,0,0,0,0,0,0,0,0,0,0,0.0,0.0,0.0,0.0,0,0.0,0.0,0.0,0.0,False,u,Has joined Girona on loan for the rest of the season.,,,,2526
413,438234,4,38,Omar Marmoush,Marmoush,3,2.5,8.3,13,14,Home,2025-09-14T15:30:00Z,3,0,0,0,0,0,0,0,0,0,0,0,0.0,0.0,0.0,0.0,0,0.0,0.0,0.0,0.0,False,a,,,4.0,2.0,2526
414,209244,4,38,Phil Foden,Foden,3,9.2,8.1,13,14,Home,2025-09-14T15:30:00Z,3,0,90,1,0,1,0,0,0,2,37,12,0.28,0.03,0.31,1.51,13,8.0,40.6,16.5,23.0,True,a,,2.0,3.0,,2526
415,510281,4,38,Sávio Moreira de Oliveira,Savinho,3,0.4,6.9,13,14,Home,2025-09-14T15:30:00Z,3,0,13,0,0,0,0,0,0,0,6,1,0.04,0.0,0.04,1.37,2,3.9,5.2,0.5,33.0,False,a,,,,,2526
416,165809,4,38,Bernardo Mota Veiga de Carvalho e Silva,Bernardo,3,0.6,6.2,13,14,Home,2025-09-14T15:30:00Z,3,0,87,0,1,1,0,0,0,0,16,6,0.1,0.55,0.65,1.42,8,6.1,19.0,33.8,8.0,False,a,,1.0,,,2526
417,466052,4,38,Rayan Cherki,Cherki,3,8.2,6.4,13,14,Home,2025-09-14T15:30:00Z,3,0,0,0,0,0,0,0,0,0,0,0,0.0,0.0,0.0,0.0,0,0.0,0.0,0.0,0.0,False,a,,3.0,2.0,,2526
418,248875,4,38,Jérémy Doku,Doku,3,2.3,6.4,13,14,Home,2025-09-14T15:30:00Z,3,0,76,0,2,1,0,0,0,1,33,10,0.0,0.75,0.75,0.14,4,10.5,40.6,54.0,10.0,False,d,Calf injury - 50% chance of playing,,,3.0,2526
419,114283,4,36,Jack Grealish,Grealish,3,6.0,6.3,9,2,Home,2025-09-13T14:00:00Z,0,0,90,0,0,1,0,1,0,0,20,2,0.09,0.3,0.39,0.54,6,14.8,28.0,64.3,56.0,False,i,Foot injury - Expected back 01 Jun,,,,2526
420,59859,4,38,İlkay Gündoğan,Gündoğan,3,0.1,6.3,13,14,Home,2025-09-14T15:30:00Z,3,0,0,0,0,0,0,0,0,0,0,0,0.0,0.0,0.0,0.0,0,0.0,0.0,0.0,0.0,False,u,has joined Galatasaray permanently.,,,,2526
421,220566,4,38,Rodrigo 'Rodri' Hernandez Cascante,Rodrigo,3,0.5,6.3,13,14,Home,2025-09-14T15:30:00Z,3,0,75,0,0,1,0,0,0,0,11,3,0.0,0.02,0.02,0.14,7,1.0,6.4,3.8,0.0,False,a,,,,,2526
422,91651,4,38,Mateo Kovačić,Kovačić,3,0.0,5.8,13,14,Home,2025-09-14T15:30:00Z,3,0,0,0,0,0,0,0,0,0,0,0,0.0,0.0,0.0,0.0,0,0.0,0.0,0.0,0.0,False,i,Ankle injury - Unknown return date,,,,2526
423,465694,4,38,Nico González Iglesias,N.Gonzalez,3,0.1,5.9,13,14,Home,2025-09-14T15:30:00Z,3,0,14,0,0,0,0,0,0,0,5,1,0.0,0.0,0.0,1.37,5,0.9,9.2,0.1,0.0,False,a,,,,,2526
424,477555,4,38,Oscar Bobb,Bobb,3,0.2,5.1,10,13,Away,2025-09-14T15:30:00Z,0,3,3,0,0,0,0,0,0,0,5,1,0.0,0.05,0.05,0.09,1,1.8,3.0,10.8,4.0,False,a,,,,,2526
425,575204,4,38,Claudio Echeverri,Echeverri,3,0.0,5.4,13,14,Home,2025-09-14T15:30:00Z,3,0,0,0,0,0,0,0,0,0,0,0,0.0,0.0,0.0,0.0,0,0.0,0.0,0.0,0.0,False,u,has joined Girona on loan for the rest of the season.,,,,2526
426,432714,4,31,James McAtee,McAtee,3,0.1,5.0,16,1,Away,2025-09-13T11:30:00Z,0,3,17,0,0,0,1,0,0,0,2,1,0.0,0.01,0.01,0.08,0,1.5,2.8,12.1,0.0,False,a,,,,5.0,2526
427,433036,4,38,Tijjani Reijnders,Reijnders,3,10.0,5.0,13,14,Home,2025-09-14T15:30:00Z,3,0,90,0,0,1,0,0,0,0,8,3,0.35,0.02,0.37,1.51,7,5.2,8.0,19.3,25.0,False,a,,4.0,,,2526
428,566164,4,38,Sverre Nypan,Nypan,3,0.0,5.0,13,14,Home,2025-09-14T15:30:00Z,3,0,0,0,0,0,0,0,0,0,0,0,0.0,0.0,0.0,0.0,0,0.0,0.0,0.0,0.0,False,a,,,,,2526
429,155405,4,38,Kalvin Phillips,Phillips,3,0.1,4.7,13,14,Home,2025-09-14T15:30:00Z,3,0,0,0,0,0,0,0,0,0,0,0,0.0,0.0,0.0,0.0,0,0.0,0.0,0.0,0.0,False,u,has joined Sheffield United on loan for the rest of the season.,,,,2526
430,223094,4,38,Erling Haaland,Haaland,4,67.3,14.8,13,14,Home,2025-09-14T15:30:00Z,3,0,86,2,0,1,0,0,0,3,63,13,1.8,0.01,1.81,1.42,8,16.2,78.8,12.9,70.0,True,a,,,,1.0,2526
431,451302,4,38,Altay Bayındır,Bayindir,1,0.3,4.7,14,13,Away,2025-09-14T15:30:00Z,0,3,90,0,0,0,3,0,0,0,5,2,0.0,0.0,0.0,2.52,0,2.9,29.2,0.0,0.0,False,a,,,,,2526
432,202641,4,38,André Onana,Onana,1,0.1,4.9,14,13,Away,2025-09-14T15:30:00Z,0,3,0,0,0,0,0,0,0,0,0,0,0.0,0.0,0.0,0.0,0,0.0,0.0,0.0,0.0,False,u,has joined Trabzonspor on loan for the rest of the season.,,,,2526
433,588555,4,38,Elyh Harrison,Harrison,1,0.0,4.0,14,13,Away,2025-09-14T15:30:00Z,0,3,0,0,0,0,0,0,0,0,0,0,0.0,0.0,0.0,0.0,0,0.0,0.0,0.0,0.0,False,u,On loan to Shrewsbury Town,,,,2526
434,21205,4,38,Tom Heaton,Heaton,1,0.3,3.9,14,13,Away,2025-09-14T15:30:00Z,0,3,0,0,0,0,0,0,0,0,0,0,0.0,0.0,0.0,0.0,0,0.0,0.0,0.0,0.0,False,a,,,,,2526
435,461537,4,38,Dermot Mee,Mee,1,0.1,3.9,14,13,Away,2025-09-14T15:30:00Z,0,3,0,0,0,0,0,0,0,0,0,0,0.0,0.0,0.0,0.0,0,0.0,0.0,0.0,0.0,False,a,,,,,2526
436,209365,4,38,Matthijs de Ligt,De Ligt,2,1.8,4.9,14,13,Away,2025-09-14T15:30:00Z,0,3,90,0,0,0,3,0,0,0,6,1,0.0,0.0,0.0,2.52,9,1.6,14.8,0.8,0.0,False,d,Back injury - 25% chance of playing,,,,2526
437,221820,4,38,Lisandro Martínez,Martinez,2,0.9,4.8,14,13,Away,2025-09-14T15:30:00Z,0,3,0,0,0,0,0,0,0,0,0,0,0.0,0.0,0.0,0.0,0,0.0,0.0,0.0,0.0,False,d,Calf injury - 50% chance of playing,,,,2526
438,230001,4,38,Noussair Mazraoui,Mazraoui,2,0.2,4.9,14,13,Away,2025-09-14T15:30:00Z,0,3,61,0,0,0,2,0,0,0,7,1,0.0,0.03,0.03,1.46,5,1.5,8.6,2.5,4.0,False,a,,,,,2526
439,661712,4,38,Diego León Blanco,D.Leon,2,0.1,4.2,14,13,Away,2025-09-14T15:30:00Z,0,3,0,0,0,0,0,0,0,0,0,0,0.0,0.0,0.0,0.0,0,0.0,0.0,0.0,0.0,False,a,,,,,2526
440,216051,4,38,Diogo Dalot Teixeira,Dalot,2,4.7,4.5,14,13,Away,2025-09-14T15:30:00Z,0,3,0,0,0,0,0,0,0,0,0,0,0.0,0.0,0.0,0.0,0,0.0,0.0,0.0,0.0,False,a,,,,,2526
441,596777,4,38,Patrick Dorgu,Dorgu,2,4.0,4.2,14,13,Away,2025-09-14T15:30:00Z,0,3,90,0,0,0,3,0,0,0,7,1,0.2,0.1,0.3,2.52,6,9.7,20.4,48.9,28.0,False,i,Hamstring injury - Unknown return date,,,,2526
442,95658,4,38,Harry Maguire,Maguire,2,1.7,4.3,14,13,Away,2025-09-14T15:30:00Z,0,3,28,0,0,0,1,0,0,0,-4,1,0.0,0.0,0.0,1.06,1,0.0,0.0,0.3,0.0,False,a,,,,,2526
443,106760,4,38,Luke Shaw,Shaw,2,0.8,4.5,14,13,Away,2025-09-14T15:30:00Z,0,3,90,0,0,0,3,0,0,0,1,1,0.0,0.05,0.05,2.52,2,1.2,8.6,3.7,0.0,False,a,,,,,2526
444,550864,4,38,Leny Yoro,Yoro,2,1.2,4.1,14,13,Away,2025-09-14T15:30:00Z,0,3,61,0,0,0,2,0,0,0,-3,1,0.0,0.0,0.0,1.46,3,0.3,0.6,0.8,2.0,False,a,,,,,2526
445,577974,4,38,Harry Amass,Amass,2,0.1,4.0,14,13,Away,2025-09-14T15:30:00Z,0,3,0,0,0,0,0,0,0,0,0,0,0.0,0.0,0.0,0.0,0,0.0,0.0,0.0,0.0,False,u,has joined Norwich City on loan for the rest of the season.,,,,2526
446,547676,4,38,Tyler Fredricson,Fredricson,2,0.1,3.8,14,13,Away,2025-09-14T15:30:00Z,0,3,0,0,0,0,0,0,0,0,0,0,0.0,0.0,0.0,0.0,0,0.0,0.0,0.0,0.0,False,a,,,,,2526
447,606745,4,38,Ayden Heaven,Heaven,2,2.2,3.7,14,13,Away,2025-09-14T15:30:00Z,0,3,0,0,0,0,0,0,0,0,0,0,0.0,0.0,0.0,0.0,0,0.0,0.0,0.0,0.0,False,a,,,,,2526
448,222690,4,38,Tyrell Malacia,Malacia,2,0.4,3.8,14,13,Away,2025-09-14T15:30:00Z,0,3,0,0,0,0,0,0,0,0,0,0,0.0,0.0,0.0,0.0,0,0.0,0.0,0.0,0.0,False,a,,,,,2526
449,141746,4,38,Bruno Borges Fernandes,B.Fernandes,3,37.3,9.9,14,13,Away,2025-09-14T15:30:00Z,0,3,90,0,0,0,3,0,0,0,21,2,0.02,0.32,0.34,2.52,5,5.3,16.0,35.7,1.0,False,a,,1.0,1.0,1.0,2526
450,430871,4,38,Matheus Santos Carneiro da Cunha,Cunha,3,8.0,8.0,14,13,Away,2025-09-14T15:30:00Z,0,3,0,0,0,0,0,0,0,0,0,0,0.0,0.0,0.0,0.0,0,0.0,0.0,0.0,0.0,False,a,,,,,2526
451,176297,4,38,Marcus Rashford,Rashford,3,0.0,7.0,14,13,Away,2025-09-14T15:30:00Z,0,3,0,0,0,0,0,0,0,0,0,0,0.0,0.0,0.0,0.0,0,0.0,0.0,0.0,0.0,False,u,Has joined Barcelona on loan for the rest of the season,,,,2526
452,493250,4,38,Amad Diallo,Amad,3,1.7,6.2,14,13,Away,2025-09-14T15:30:00Z,0,3,90,0,0,0,3,0,0,0,17,2,0.07,0.57,0.64,2.52,6,4.6,10.4,27.0,9.0,False,a,,,,,2526
453,493105,4,33,Alejandro Garnacho Ferreyra,Garnacho,3,0.5,6.4,7,5,Away,2025-09-13T19:00:00Z,2,2,11,0,0,0,1,0,0,0,4,1,0.0,0.05,0.05,0.71,1,1.9,2.0,10.5,6.0,False,a,,,,,2526
454,467169,4,38,Antony dos Santos,Antony,3,0.1,5.9,14,13,Away,2025-09-14T15:30:00Z,0,3,0,0,0,0,0,0,0,0,0,0,0.0,0.0,0.0,0.0,0,0.0,0.0,0.0,0.0,False,u,has joined Real Betis permanently.,,,,2526
455,184341,4,38,Mason Mount,Mount,3,0.3,5.9,14,13,Away,2025-09-14T15:30:00Z,0,3,0,0,0,0,0,0,0,0,0,0,0.0,0.0,0.0,0.0,0,0.0,0.0,0.0,0.0,False,d,Knock - 50% chance of playing,,,,2526
456,209243,4,36,Jadon Sancho,Sancho,3,0.2,5.8,2,9,Away,2025-09-13T14:00:00Z,0,0,0,0,0,0,0,0,0,0,0,0,0.0,0.0,0.0,0.0,0,0.0,0.0,0.0,0.0,False,a,,4.0,,,2526
457,61256,4,38,Carlos Henrique Casimiro,Casemiro,3,2.5,5.6,14,13,Away,2025-09-14T15:30:00Z,0,3,10,0,0,0,0,0,0,0,-1,1,0.49,0.02,0.51,0.18,2,1.1,0.2,1.4,9.0,False,a,,,,,2526
458,516895,4,38,Kobbie Mainoo,Mainoo,3,1.4,4.6,14,13,Away,2025-09-14T15:30:00Z,0,3,28,0,0,0,1,0,0,0,7,1,0.0,0.02,0.02,1.06,4,3.2,9.6,22.5,0.0,False,a,,,,,2526
459,232112,4,38,Manuel Ugarte Ribeiro,Ugarte,3,0.2,4.7,14,13,Away,2025-09-14T15:30:00Z,0,3,79,0,0,0,3,0,0,0,15,4,0.02,0.01,0.03,2.34,12,1.7,7.2,8.8,1.0,False,a,,,,,2526
460,490881,4,38,Toby Collyer,Collyer,3,0.0,4.5,14,13,Away,2025-09-14T15:30:00Z,0,3,0,0,0,0,0,0,0,0,0,0,0.0,0.0,0.0,0.0,0,0.0,0.0,0.0,0.0,False,u,has joined Hull City on loan for the rest of the season.,,,,2526
461,556639,4,38,Jayce Fitzgerald,Fitzgerald,3,0.0,4.3,14,13,Away,2025-09-14T15:30:00Z,0,3,0,0,0,0,0,0,0,0,0,0,0.0,0.0,0.0,0.0,0,0.0,0.0,0.0,0.0,False,a,,,,,2526
462,547037,4,38,Jack Fletcher,J.Fletcher,3,0.1,4.3,14,13,Away,2025-09-14T15:30:00Z,0,3,0,0,0,0,0,0,0,0,0,0,0.0,0.0,0.0,0.0,0,0.0,0.0,0.0,0.0,False,a,,,,,2526
463,618873,4,38,Sékou Koné,Kone,3,0.1,4.3,14,13,Away,2025-09-14T15:30:00Z,0,3,0,0,0,0,0,0,0,0,0,0,0.0,0.0,0.0,0.0,0,0.0,0.0,0.0,0.0,False,u,has joined Lausanne-Sport on loan for the rest of the season.,,,,2526
464,559684,4,38,Jack Moorhouse,Moorhouse,3,0.0,4.5,14,13,Away,2025-09-14T15:30:00Z,0,3,0,0,0,0,0,0,0,0,0,0,0.0,0.0,0.0,0.0,0,0.0,0.0,0.0,0.0,False,u,has joined Leyton Orient on loan for the rest of the season.,,,,2526
465,497894,4,38,Rasmus Højlund,Højlund,4,0.3,6.3,14,13,Away,2025-09-14T15:30:00Z,0,3,0,0,0,0,0,0,0,0,0,0,0.0,0.0,0.0,0.0,0,0.0,0.0,0.0,0.0,False,u,has joined Napoli on loan for the rest of the season.,,,,2526
466,458249,4,38,Joshua Zirkzee,Zirkzee,4,0.4,5.8,14,13,Away,2025-09-14T15:30:00Z,0,3,10,0,0,0,0,0,0,0,4,1,0.0,0.0,0.0,0.18,1,0.3,0.2,0.3,2.0,False,a,,,,,2526
467,596047,4,38,Chido Obi,Obi,4,1.6,4.2,14,13,Away,2025-09-14T15:30:00Z,0,3,0,0,0,0,0,0,0,0,0,0,0.0,0.0,0.0,0.0,0,0.0,0.0,0.0,0.0,False,a,,,,,2526
468,575034,4,38,Ethan Wheatley,Wheatley,4,0.1,4.5,14,13,Away,2025-09-14T15:30:00Z,0,3,0,0,0,0,0,0,0,0,0,0,0.0,0.0,0.0,0.0,0,0.0,0.0,0.0,0.0,False,u,has joined Bradford City on loan for the rest of the season.,,,,2526
469,98747,4,39,Nick Pope,Pope,1,4.6,5.1,15,20,Home,2025-09-13T14:00:00Z,1,0,90,0,0,1,0,0,0,1,29,8,0.0,0.0,0.0,0.5,0,2.6,26.4,0.0,0.0,False,a,,,,,2526
470,67089,4,34,Martin Dúbravka,Dúbravka,1,32.5,4.0,3,12,Home,2025-09-14T13:00:00Z,0,1,90,0,0,0,1,0,0,0,15,3,0.0,0.0,0.0,2.45,0,2.1,21.2,0.0,0.0,False,a,,,,,2526
471,81441,4,39,Mark Gillespie,Gillespie,1,0.1,3.9,15,20,Home,2025-09-13T14:00:00Z,1,0,0,0,0,0,0,0,0,0,0,0,0.0,0.0,0.0,0.0,0,0.0,0.0,0.0,0.0,False,a,,,,,2526
472,111452,4,39,Odysseas Vlachodimos,Odysseas,1,0.0,4.0,15,20,Home,2025-09-13T14:00:00Z,1,0,0,0,0,0,0,0,0,0,0,0,0.0,0.0,0.0,0.0,0,0.0,0.0,0.0,0.0,False,u,Has joined Sevilla on loan for the rest of the season.,,,,2526
473,487838,4,39,Lewis Hall,Hall,2,2.5,5.3,15,20,Home,2025-09-13T14:00:00Z,1,0,0,0,0,0,0,0,0,0,0,0,0.0,0.0,0.0,0.0,0,0.0,0.0,0.0,0.0,False,a,,2.0,4.0,,2526
474,119471,4,39,Fabian Schär,Schär,2,1.2,5.2,15,20,Home,2025-09-13T14:00:00Z,1,0,90,0,0,1,0,0,0,0,28,8,0.0,0.03,0.03,0.5,11,4.2,28.6,11.3,2.0,False,i,Ankle injury - Expected back 18 Apr,,1.0,,2526
475,220237,4,39,Sven Botman,Botman,2,0.4,4.9,15,20,Home,2025-09-13T14:00:00Z,1,0,1,0,0,0,0,0,0,0,3,1,0.0,0.0,0.0,0.0,0,0.0,0.0,0.0,0.0,False,a,,,,,2526
476,78916,4,39,Dan Burn,Burn,2,3.3,5.0,15,20,Home,2025-09-13T14:00:00Z,1,0,90,0,0,1,0,0,0,0,24,6,0.04,0.0,0.04,0.5,6,2.3,13.8,0.5,9.0,False,a,,,,,2526
477,441191,4,39,Tino Livramento,Livramento,2,1.9,4.9,15,20,Home,2025-09-13T14:00:00Z,1,0,90,0,0,1,0,0,0,0,22,6,0.0,0.04,0.04,0.5,4,1.8,10.0,5.7,2.0,False,i,Hamstring injury - Expected back 04 Mar,,,,2526
478,77794,4,39,Kieran Trippier,Trippier,2,1.3,4.9,15,20,Home,2025-09-13T14:00:00Z,1,0,90,0,0,1,0,0,0,2,32,8,0.0,0.19,0.19,0.5,3,10.6,22.2,82.1,2.0,False,a,,4.0,2.0,,2526
479,111773,4,39,Emil Krafth,Krafth,2,0.0,4.3,15,20,Home,2025-09-13T14:00:00Z,1,0,0,0,0,0,0,0,0,0,0,0,0.0,0.0,0.0,0.0,0,0.0,0.0,0.0,0.0,False,i,Knee injury - Unknown return date,,,,2526
480,101148,4,39,Jamaal Lascelles,Lascelles,2,0.0,4.3,15,20,Home,2025-09-13T14:00:00Z,1,0,0,0,0,0,0,0,0,0,0,0,0.0,0.0,0.0,0.0,0,0.0,0.0,0.0,0.0,False,u,has joined Leicester City permanently.,,,,2526
481,545477,4,39,Alex Murphy,A.Murphy,2,0.7,3.8,15,20,Home,2025-09-13T14:00:00Z,1,0,0,0,0,0,0,0,0,0,0,0,0.0,0.0,0.0,0.0,0,0.0,0.0,0.0,0.0,False,a,,,,,2526
482,441024,4,39,Harrison Ashby,Ashby,2,0.1,3.9,15,20,Home,2025-09-13T14:00:00Z,1,0,0,0,0,0,0,0,0,0,0,0,0.0,0.0,0.0,0.0,0,0.0,0.0,0.0,0.0,False,u,has joined Bradford City on loan for the rest of the season.,,,,2526
483,578512,4,39,Miodrag Pivaš,Pivas,2,0.4,3.8,15,20,Home,2025-09-13T14:00:00Z,1,0,0,0,0,0,0,0,0,0,0,0,0.0,0.0,0.0,0.0,0,0.0,0.0,0.0,0.0,False,a,,,,,2526
484,169359,4,39,Matt Targett,Targett,2,0.1,4.0,15,20,Home,2025-09-13T14:00:00Z,1,0,0,0,0,0,0,0,0,0,0,0,0.0,0.0,0.0,0.0,0,0.0,0.0,0.0,0.0,False,u,has joined Middlesbrough on loan for the rest of the season.,,,,2526
485,232826,4,39,Anthony Gordon,Gordon,3,2.5,7.2,15,20,Home,2025-09-13T14:00:00Z,1,0,0,0,0,0,0,0,0,0,0,0,0.0,0.0,0.0,0.0,0,0.0,0.0,0.0,0.0,False,a,,,,1.0,2526
486,449434,4,39,Anthony Elanga,Elanga,3,2.6,6.5,15,20,Home,2025-09-13T14:00:00Z,1,0,10,0,0,0,0,0,0,0,4,1,0.0,0.0,0.0,0.09,0,0.2,0.2,1.4,0.0,False,a,,5.0,,,2526
487,201666,4,39,Harvey Barnes,Barnes,3,1.2,6.1,15,20,Home,2025-09-13T14:00:00Z,1,0,79,0,0,1,0,0,0,0,4,3,0.11,0.09,0.2,0.41,4,1.8,0.0,4.1,14.0,False,a,,,,,2526
488,208706,4,39,Bruno Guimarães Rodriguez Moura,Bruno G.,3,6.8,6.9,15,20,Home,2025-09-13T14:00:00Z,1,0,90,0,0,1,0,1,0,0,9,2,0.08,0.05,0.13,0.5,11,4.6,7.2,32.3,6.0,False,i,Hamstring injury - Expected back 11 Apr,3.0,5.0,2.0,2526
489,114243,4,39,Jacob Murphy,J.Murphy,3,0.6,5.9,15,20,Home,2025-09-13T14:00:00Z,1,0,90,0,1,1,0,0,0,0,16,6,0.82,0.28,1.1,0.5,2,8.2,24.2,17.2,41.0,False,a,,,,,2526
490,180974,4,39,Joelinton Cássio Apolinário de Lira,Joelinton,3,0.3,5.9,15,20,Home,2025-09-13T14:00:00Z,1,0,64,0,0,1,0,0,0,0,11,3,0.0,0.31,0.31,0.41,2,2.8,3.2,16.6,8.0,False,a,,,,,2526
491,432422,4,39,Sandro Tonali,Tonali,3,1.0,5.3,15,20,Home,2025-09-13T14:00:00Z,1,0,90,0,0,1,0,0,0,0,18,3,0.14,0.02,0.16,0.5,5,5.4,14.2,5.0,35.0,False,a,,1.0,1.0,,2526
492,640108,4,39,Antoñito Cordero Campillo,Antoñito C.,3,0.0,4.9,15,20,Home,2025-09-13T14:00:00Z,1,0,0,0,0,0,0,0,0,0,0,0,0.0,0.0,0.0,0.0,0,0.0,0.0,0.0,0.0,False,u,has joined Cadiz on loan for the rest of the season.,,,,2526
493,180135,4,37,Sean Longstaff,Longstaff,3,0.2,4.8,11,10,Away,2025-09-13T14:00:00Z,0,1,90,0,0,0,1,0,0,0,10,2,0.04,0.02,0.06,0.85,7,1.3,5.8,2.2,5.0,False,a,,2.0,2.0,,2526
494,200089,4,39,Joe Willock,Willock,3,0.1,5.0,15,20,Home,2025-09-13T14:00:00Z,1,0,25,0,0,0,0,0,0,0,1,1,0.09,0.0,0.09,0.09,2,0.3,0.0,0.3,4.0,False,a,,,,,2526
495,153127,4,39,Isaac Hayden,Hayden,3,0.0,4.5,15,20,Home,2025-09-13T14:00:00Z,1,0,0,0,0,0,0,0,0,0,0,0,0.0,0.0,0.0,0.0,0,0.0,0.0,0.0,0.0,False,u,Has departed the club as a free agent.,,,,2526
496,564510,4,39,Garang Kuol,Kuol,3,0.0,4.4,15,20,Home,2025-09-13T14:00:00Z,1,0,0,0,0,0,0,0,0,0,0,0,0.0,0.0,0.0,0.0,0,0.0,0.0,0.0,0.0,False,u,has joined Sparta Prague permanently.,,,,2526
497,547719,4,39,Lewis Miley,L.Miley,3,2.6,4.5,15,20,Home,2025-09-13T14:00:00Z,1,0,0,0,0,0,0,0,0,0,0,0,0.0,0.0,0.0,0.0,0,0.0,0.0,0.0,0.0,False,i,Dead leg - Expected back 04 Mar,,,,2526
498,461484,4,39,Joe White,White,3,0.0,4.5,15,20,Home,2025-09-13T14:00:00Z,1,0,0,0,0,0,0,0,0,0,0,0,0.0,0.0,0.0,0.0,0,0.0,0.0,0.0,0.0,False,u,has joined Bradford City on loan for the rest of the season.,,,,2526
499,219168,4,34,Alexander Isak,Isak,4,3.5,10.3,12,3,Away,2025-09-14T13:00:00Z,1,0,0,0,0,0,0,0,0,0,0,0,0.0,0.0,0.0,0.0,0,0.0,0.0,0.0,0.0,False,i,Ankle injury - Expected back 11 Apr,,,,2526
500,538207,4,39,William Osula,Osula,4,0.2,5.4,15,20,Home,2025-09-13T14:00:00Z,1,0,25,0,0,0,0,0,0,0,3,1,0.0,0.0,0.0,0.09,2,1.6,6.0,10.0,0.0,False,a,,,,,2526
501,599303,4,39,Sean Neave,Neave,4,0.3,4.3,15,20,Home,2025-09-13T14:00:00Z,1,0,0,0,0,0,0,0,0,0,0,0,0.0,0.0,0.0,0.0,0,0.0,0.0,0.0,0.0,False,a,,,,,2526
502,85633,4,31,Matz Sels,Sels,1,4.8,4.6,16,1,Away,2025-09-13T11:30:00Z,0,3,90,0,0,0,3,0,0,0,2,1,0.0,0.0,0.0,1.84,0,2.1,20.6,0.0,0.0,False,i,Groin Injury - Expected back 04 Mar,,,,2526
503,475123,4,31,Carlos Miguel dos Santos Pereira,C.Miguel,1,0.1,4.0,16,1,Away,2025-09-13T11:30:00Z,0,3,0,0,0,0,0,0,0,0,0,0,0.0,0.0,0.0,0.0,0,0.0,0.0,0.0,0.0,False,u,Has joined Palmeiras permanently.,,,,2526
504,224068,4,31,Matt Turner,Turner,1,0.1,4.0,16,1,Away,2025-09-13T11:30:00Z,0,3,0,0,0,0,0,0,0,0,0,0,0.0,0.0,0.0,0.0,0,0.0,0.0,0.0,0.0,False,u,Has joined Lyon permanently.,,,,2526
505,227444,4,31,Nikola Milenković,Milenković,2,3.2,5.1,16,1,Away,2025-09-13T11:30:00Z,0,3,90,0,0,0,3,0,0,0,0,1,0.0,0.02,0.02,1.84,5,1.4,10.8,1.6,2.0,False,a,,,,,2526
506,575476,4,31,Murillo Costa dos Santos,Murillo,2,1.9,5.2,16,1,Away,2025-09-13T11:30:00Z,0,3,36,0,0,0,1,0,0,0,5,3,0.0,0.0,0.0,0.95,10,1.4,14.2,0.0,0.0,False,a,,,2.0,,2526
507,159506,4,31,Ola Aina,Aina,2,2.3,4.7,16,1,Away,2025-09-13T11:30:00Z,0,3,0,0,0,0,0,0,0,0,0,0,0.0,0.0,0.0,0.0,0,0.0,0.0,0.0,0.0,False,a,,,,,2526
508,215136,4,31,Neco Williams,N.Williams,2,2.9,4.7,16,1,Away,2025-09-13T11:30:00Z,0,3,90,0,0,0,3,1,0,0,-5,0,0.01,0.01,0.02,1.84,5,2.1,16.0,2.6,2.0,False,a,,,,,2526
509,451432,4,31,David Mota Veiga Teixeira do Carmo,David Carmo,2,0.0,4.5,16,1,Away,2025-09-13T11:30:00Z,0,3,0,0,0,0,0,0,0,0,0,0,0.0,0.0,0.0,0.0,0,0.0,0.0,0.0,0.0,False,u,has joined Real Oviedo on loan for the rest of the season.,,,,2526
510,575458,4,31,Jair Paula da Cunha Filho,Jair Cunha,2,0.1,4.2,16,1,Away,2025-09-13T11:30:00Z,0,3,0,0,0,0,0,0,0,0,0,0,0.0,0.0,0.0,0.0,0,0.0,0.0,0.0,0.0,False,a,,,,,2526
511,485047,4,31,Felipe Rodrigues da Silva,Morato,2,0.1,4.3,16,1,Away,2025-09-13T11:30:00Z,0,3,90,0,0,0,3,0,0,0,1,1,0.0,0.0,0.0,1.84,5,1.4,13.6,0.8,0.0,False,a,,,,,2526
512,204822,4,31,Omar Richards,O.Richards,2,0.0,4.5,16,1,Away,2025-09-13T11:30:00Z,0,3,0,0,0,0,0,0,0,0,0,0,0.0,0.0,0.0,0.0,0,0.0,0.0,0.0,0.0,False,u,has joined Rio Ave on loan for the rest of the season.,,,,2526
513,549067,4,31,Zach Abbott,Abbott,2,0.3,3.8,16,1,Away,2025-09-13T11:30:00Z,0,3,0,0,0,0,0,0,0,0,0,0,0.0,0.0,0.0,0.0,0,0.0,0.0,0.0,0.0,False,a,,,,,2526
514,90585,4,31,Willy Boly,Boly,2,0.4,3.8,16,1,Away,2025-09-13T11:30:00Z,0,3,0,0,0,0,0,0,0,0,0,0,0.0,0.0,0.0,0.0,0,0.0,0.0,0.0,0.0,False,i,Knee injury - Unknown return date,,,,2526
515,222531,4,31,Morgan Gibbs-White,Gibbs-White,3,3.4,7.3,16,1,Away,2025-09-13T11:30:00Z,0,3,72,0,0,0,2,0,0,0,4,2,0.04,0.01,0.05,1.75,4,1.2,0.0,6.8,6.0,False,a,,,3.0,2.0,2526
516,209046,4,31,Callum Hudson-Odoi,Hudson-Odoi,3,0.7,5.7,16,1,Away,2025-09-13T11:30:00Z,0,3,59,0,0,0,2,0,0,0,1,1,0.0,0.01,0.01,1.75,2,0.7,0.4,4.1,2.0,False,a,,,,,2526
517,215379,4,31,Elliot Anderson,Anderson,3,6.2,5.4,16,1,Away,2025-09-13T11:30:00Z,0,3,90,0,0,0,3,0,0,0,17,4,0.0,0.03,0.03,1.84,15,2.3,15.4,7.9,0.0,False,a,,1.0,1.0,4.0,2526
518,510500,4,31,João Pedro Ferreira da Silva,Jota,3,0.0,5.4,16,1,Away,2025-09-13T11:30:00Z,0,3,0,0,0,0,0,0,0,0,0,0,0.0,0.0,0.0,0.0,0,0.0,0.0,0.0,0.0,False,u,has joined Besiktas on loan for the rest of the season.,,,,2526
519,250199,4,31,Nicolás Domínguez,Dominguez,3,0.0,5.0,16,1,Away,2025-09-13T11:30:00Z,0,3,0,0,0,0,0,0,0,0,0,0,0.0,0.0,0.0,0.0,0,0.0,0.0,0.0,0.0,False,a,,,,,2526
520,243345,4,31,Lewis O'Brien,O'Brien,3,0.0,5.0,16,1,Away,2025-09-13T11:30:00Z,0,3,0,0,0,0,0,0,0,0,0,0,0.0,0.0,0.0,0.0,0,0.0,0.0,0.0,0.0,False,u,Has joined Wrexham permanently.,,,,2526
521,210462,4,31,Ibrahim Sangaré,Sangaré,3,0.1,4.9,16,1,Away,2025-09-13T11:30:00Z,0,3,72,0,0,0,2,0,0,0,16,2,0.0,0.01,0.01,1.75,7,1.2,7.8,4.5,0.0,False,a,,,,,2526
522,204968,4,31,Ryan Yates,Yates,3,0.1,4.7,16,1,Away,2025-09-13T11:30:00Z,0,3,17,0,0,0,1,0,0,0,1,1,0.0,0.0,0.0,0.08,1,0.0,0.0,0.6,0.0,False,a,,,,,2526
523,569014,4,31,Eric da Silva Moreira,Da Silva Moreira,3,0.1,4.5,16,1,Away,2025-09-13T11:30:00Z,0,3,0,0,0,0,0,0,0,0,0,0,0.0,0.0,0.0,0.0,0,0.0,0.0,0.0,0.0,False,a,,,,,2526
524,495161,4,31,Marko Stamenić,Stamenic,3,0.0,4.5,16,1,Away,2025-09-13T11:30:00Z,0,3,0,0,0,0,0,0,0,0,0,0,0.0,0.0,0.0,0.0,0,0.0,0.0,0.0,0.0,False,u,Has joined Swansea City permanently.,,,,2526
525,60689,4,31,Chris Wood,Wood,4,4.6,7.2,16,1,Away,2025-09-13T11:30:00Z,0,3,59,0,0,0,2,0,0,0,4,1,0.03,0.04,0.07,1.75,1,3.3,4.4,11.6,17.0,False,i,Knee injury - Unknown return date,,,1.0,2526
526,482973,4,31,Igor Jesus Maciel da Cruz,Igor Jesus,4,1.2,5.8,16,1,Away,2025-09-13T11:30:00Z,0,3,0,0,0,0,0,0,0,0,0,0,0.0,0.0,0.0,0.0,0,0.0,0.0,0.0,0.0,False,a,,,,3.0,2526
527,210156,4,31,Taiwo Awoniyi,Awoniyi,4,0.3,5.2,16,1,Away,2025-09-13T11:30:00Z,0,3,0,0,0,0,0,0,0,0,0,0,0.0,0.0,0.0,0.0,0,0.0,0.0,0.0,0.0,False,a,,,,,2526
528,232571,4,35,Anthony Patterson,Patterson,1,0.2,4.2,17,8,Away,2025-09-13T14:00:00Z,0,0,0,0,0,0,0,0,0,0,0,0,0.0,0.0,0.0,0.0,0,0.0,0.0,0.0,0.0,False,u,has joined Millwall on loan for the rest of the season.,,,,2526
529,74854,4,35,Simon Moore,Moore,1,0.4,3.9,17,8,Away,2025-09-13T14:00:00Z,0,0,0,0,0,0,0,0,0,0,0,0,0.0,0.0,0.0,0.0,0,0.0,0.0,0.0,0.0,False,a,,,,,2526
530,490000,4,35,Blondy Nna Noukeu,Nna Noukeu,1,0.1,3.9,17,8,Away,2025-09-13T14:00:00Z,0,0,0,0,0,0,0,0,0,0,0,0,0.0,0.0,0.0,0.0,0,0.0,0.0,0.0,0.0,False,u,has joined US Boulogne CO permanently.,,,,2526
531,223827,4,35,Daniel Ballard,Ballard,2,3.1,4.6,17,8,Away,2025-09-13T14:00:00Z,0,0,0,0,0,0,0,0,0,0,0,0,0.0,0.0,0.0,0.0,0,0.0,0.0,0.0,0.0,False,a,,,,,2526
532,487676,4,35,Trai Hume,Hume,2,0.3,4.5,17,8,Away,2025-09-13T14:00:00Z,0,0,90,0,0,1,0,0,0,0,26,6,0.0,0.05,0.05,1.77,7,4.7,21.4,25.8,0.0,False,a,,2.0,,,2526
533,220684,4,35,Aji Alese,Alese,2,0.0,4.0,17,8,Away,2025-09-13T14:00:00Z,0,0,0,0,0,0,0,0,0,0,0,0,0.0,0.0,0.0,0.0,0,0.0,0.0,0.0,0.0,False,u,has joined Portsmouth on loan for the rest of the season.,,,,2526
534,232820,4,35,Joe Anderson,Anderson,2,0.3,3.8,17,8,Away,2025-09-13T14:00:00Z,0,0,0,0,0,0,0,0,0,0,0,0,0.0,0.0,0.0,0.0,0,0.0,0.0,0.0,0.0,False,u,has joined Barrow FC permanently.,,,,2526
535,461195,4,35,Dennis Cirkin,Cirkin,2,0.1,4.0,17,8,Away,2025-09-13T14:00:00Z,0,0,0,0,0,0,0,0,0,0,0,0,0.0,0.0,0.0,0.0,0,0.0,0.0,0.0,0.0,False,d,Knock - 75% chance of playing,,,,2526
536,477547,4,35,Leo Fuhr Hjelde,Hjelde,2,0.0,4.0,17,8,Away,2025-09-13T14:00:00Z,0,0,0,0,0,0,0,0,0,0,0,0,0.0,0.0,0.0,0.0,0,0.0,0.0,0.0,0.0,False,u,has joined Sheffield United on loan for the rest of the season.,,,,2526
537,492066,4,35,Niall Huggins,Huggins,2,0.1,4.0,17,8,Away,2025-09-13T14:00:00Z,0,0,0,0,0,0,0,0,0,0,0,0,0.0,0.0,0.0,0.0,0,0.0,0.0,0.0,0.0,False,u,has joined Wycombe Wanderers on loan for the rest of the season.,,,,2526
538,514613,4,35,Zak Johnson,Johnson,2,0.2,3.8,17,8,Away,2025-09-13T14:00:00Z,0,0,0,0,0,0,0,0,0,0,0,0,0.0,0.0,0.0,0.0,0,0.0,0.0,0.0,0.0,False,u,has joined York City on loan for the rest of the season.,,,,2526
539,167512,4,35,Luke O'Nien,O'Nien,2,0.1,4.0,17,8,Away,2025-09-13T14:00:00Z,0,0,0,0,0,0,0,0,0,0,0,0,0.0,0.0,0.0,0.0,0,0.0,0.0,0.0,0.0,False,a,,,,,2526
540,465702,4,35,Timothée Pembélé,Pembele,2,0.3,3.9,17,8,Away,2025-09-13T14:00:00Z,0,0,0,0,0,0,0,0,0,0,0,0,0.0,0.0,0.0,0.0,0,0.0,0.0,0.0,0.0,False,u,has joined Le Havre AC on loan for the rest of the season.,,,,2526
541,434399,4,35,Reinildo Mandava,Reinildo,2,3.1,3.8,17,8,Away,2025-09-13T14:00:00Z,0,0,90,0,0,1,0,0,0,0,29,6,0.0,0.01,0.01,1.77,6,2.4,21.4,2.1,0.0,False,i,Knee injury - Expected back 22 Mar,,,,2526
542,519634,4,35,Jenson Seelt,Seelt,2,0.1,4.0,17,8,Away,2025-09-13T14:00:00Z,0,0,0,0,0,0,0,0,0,0,0,0,0.0,0.0,0.0,0.0,0,0.0,0.0,0.0,0.0,False,u,has joined Wolfsburg on loan for the rest of the season.,,,,2526
543,535818,4,35,Simon Adingra,Adingra,3,0.4,4.9,17,8,Away,2025-09-13T14:00:00Z,0,0,68,0,0,1,0,0,0,0,11,3,0.0,0.09,0.09,0.84,4,2.3,8.2,15.2,0.0,False,u,has joined AS Monaco on loan for the rest of the season.,,,,2526
544,547027,4,35,Habib Diarra,Diarra,3,0.1,5.3,17,8,Away,2025-09-13T14:00:00Z,0,0,90,0,0,1,0,0,0,0,1,3,0.02,0.01,0.03,1.77,4,1.1,0.0,6.1,7.0,False,a,,,,1.0,2526
545,124165,4,35,Patrick Roberts,Roberts,3,0.0,5.4,17,8,Away,2025-09-13T14:00:00Z,0,0,0,0,0,0,0,0,0,0,0,0,0.0,0.0,0.0,0.0,0,0.0,0.0,0.0,0.0,False,u,has joined Birmingham City permanently.,,,,2526
546,626844,4,35,Milan Aleksić,Aleksić,3,0.0,4.9,17,8,Away,2025-09-13T14:00:00Z,0,0,0,0,0,0,0,0,0,0,0,0,0.0,0.0,0.0,0.0,0,0.0,0.0,0.0,0.0,False,a,,,,,2526
547,484420,4,35,Enzo Le Fée,E.Le Fée,3,1.3,4.9,17,8,Away,2025-09-13T14:00:00Z,0,0,0,0,0,0,0,0,0,0,0,0,0.0,0.0,0.0,0.0,0,0.0,0.0,0.0,0.0,False,a,,3.0,2.0,2.0,2526
548,461199,4,35,Romaine Mundle,Mundle,3,0.0,4.9,17,8,Away,2025-09-13T14:00:00Z,0,0,0,0,0,0,0,0,0,0,0,0,0.0,0.0,0.0,0.0,0,0.0,0.0,0.0,0.0,False,d,Knock - 75% chance of playing,,,,2526
549,223336,4,35,Dan Neil,Neil,3,0.0,4.8,17,8,Away,2025-09-13T14:00:00Z,0,0,0,0,0,0,0,0,0,0,0,0,0.0,0.0,0.0,0.0,0,0.0,0.0,0.0,0.0,False,u,has joined Ipswich Town on loan for the rest of the season.,,,,2526
550,215460,4,35,Ian Poveda-Ocampo,Poveda,3,0.0,4.8,17,8,Away,2025-09-13T14:00:00Z,0,0,0,0,0,0,0,0,0,0,0,0,0.0,0.0,0.0,0.0,0,0.0,0.0,0.0,0.0,False,a,,,,,2526
551,554197,4,35,Chris Rigg,Rigg,3,0.0,4.7,17,8,Away,2025-09-13T14:00:00Z,0,0,1,0,0,0,0,0,0,0,3,1,0.0,0.0,0.0,0.1,0,0.0,0.0,0.0,0.0,False,a,,,,,2526
552,577669,4,35,Noah Sadiki,Sadiki,3,0.1,4.9,17,8,Away,2025-09-13T14:00:00Z,0,0,83,0,0,1,0,0,0,0,11,3,0.02,0.01,0.03,1.39,7,1.9,8.4,6.7,4.0,False,a,,,,,2526
553,549912,4,35,Chemsdine Talbi,Talbi,3,0.2,4.9,17,8,Away,2025-09-13T14:00:00Z,0,0,90,0,0,1,0,0,0,0,8,3,0.21,0.16,0.37,1.77,4,3.9,7.2,16.4,15.0,False,a,,,,,2526
554,477851,4,35,Abdoullah Ba,Ba,3,0.3,4.3,17,8,Away,2025-09-13T14:00:00Z,0,0,0,0,0,0,0,0,0,0,0,0,0.0,0.0,0.0,0.0,0,0.0,0.0,0.0,0.0,False,a,,,,,2526
555,171422,4,35,Alan Browne,Browne,3,0.0,4.5,17,8,Away,2025-09-13T14:00:00Z,0,0,0,0,0,0,0,0,0,0,0,0,0.0,0.0,0.0,0.0,0,0.0,0.0,0.0,0.0,False,u,has joined Middlesbrough on loan for the rest of the season.,,,,2526
556,458297,4,35,Pierre Ekwah Elimby,Ekwah,3,0.0,4.5,17,8,Away,2025-09-13T14:00:00Z,0,0,0,0,0,0,0,0,0,0,0,0,0.0,0.0,0.0,0.0,0,0.0,0.0,0.0,0.0,False,u,Has joined AS Saint-Etienne permanently.,,,,2526
557,547410,4,35,Harrison Jones,H.Jones,3,0.1,4.3,17,8,Away,2025-09-13T14:00:00Z,0,0,0,0,0,0,0,0,0,0,0,0,0.0,0.0,0.0,0.0,0,0.0,0.0,0.0,0.0,False,a,,,,,2526
558,493837,4,35,Jay Matete,Matete,3,0.2,4.3,17,8,Away,2025-09-13T14:00:00Z,0,0,0,0,0,0,0,0,0,0,0,0,0.0,0.0,0.0,0.0,0,0.0,0.0,0.0,0.0,False,u,has joined MK Dons permanently.,,,,2526
559,500696,4,35,Nectarios Triantis,Triantis,3,0.0,4.4,17,8,Away,2025-09-13T14:00:00Z,0,0,0,0,0,0,0,0,0,0,0,0,0.0,0.0,0.0,0.0,0,0.0,0.0,0.0,0.0,False,u,has joined Minnesota United permanently.,,,,2526
560,437505,4,35,Wilson Isidor,Isidor,4,1.4,5.1,17,8,Away,2025-09-13T14:00:00Z,0,0,90,0,0,1,0,0,0,0,1,2,0.11,0.0,0.11,1.67,3,1.8,0.6,0.6,17.0,False,a,,,,,2526
561,564406,4,35,Eliezer Mayenda Dossou,Mayenda,4,0.5,5.2,17,8,Away,2025-09-13T14:00:00Z,0,0,0,0,0,0,0,0,0,0,0,0,0.0,0.0,0.0,0.0,0,0.0,0.0,0.0,0.0,False,a,,,,,2526
562,611975,4,35,Ahmed Abdullahi,Abdullahi,4,0.5,4.2,17,8,Away,2025-09-13T14:00:00Z,0,0,0,0,0,0,0,0,0,0,0,0,0.0,0.0,0.0,0.0,0,0.0,0.0,0.0,0.0,False,a,,,,,2526
563,551153,4,35,Luís Hemir Silva Semedo,Luís Hemir,4,0.1,4.4,17,8,Away,2025-09-13T14:00:00Z,0,0,0,0,0,0,0,0,0,0,0,0,0.0,0.0,0.0,0.0,0,0.0,0.0,0.0,0.0,False,u,has joined Moreirense on loan for the rest of the season.,,,,2526
564,440955,4,35,Nazarii Rusyn,Rusyn,4,0.1,4.4,17,8,Away,2025-09-13T14:00:00Z,0,0,0,0,0,0,0,0,0,0,0,0,0.0,0.0,0.0,0.0,0,0.0,0.0,0.0,0.0,False,u,has joined Arka on loan for the rest of the season.,,,,2526
565,184254,4,40,Guglielmo Vicario,Vicario,1,5.8,4.7,18,19,Away,2025-09-13T16:30:00Z,3,0,90,0,0,1,0,0,0,1,39,8,0.0,0.0,0.0,0.6,0,3.9,38.6,0.0,0.0,False,a,,,,,2526
566,214572,4,40,Brandon Austin,Austin,1,0.3,3.9,18,19,Away,2025-09-13T16:30:00Z,3,0,0,0,0,0,0,0,0,0,0,0,0.0,0.0,0.0,0.0,0,0.0,0.0,0.0,0.0,False,a,,,,,2526
567,485055,4,40,Antonín Kinský,Kinsky,1,1.6,3.9,18,19,Away,2025-09-13T16:30:00Z,3,0,0,0,0,0,0,0,0,0,0,0,0.0,0.0,0.0,0.0,0,0.0,0.0,0.0,0.0,False,a,,,,,2526
568,441164,4,40,Pedro Porro Sauceda,Pedro Porro,2,9.3,5.1,18,19,Away,2025-09-13T16:30:00Z,3,0,90,0,0,1,0,0,0,0,32,6,0.0,0.37,0.37,0.6,5,5.7,18.6,31.9,6.0,False,d,Hamstring injury - 50% chance of playing,2.0,2.0,,2526
569,221632,4,40,Cristian Romero,Romero,2,3.3,5.0,18,19,Away,2025-09-13T16:30:00Z,3,0,90,0,1,1,0,0,0,3,44,12,0.07,0.14,0.21,0.6,3,9.1,34.2,21.8,35.0,True,s,Suspended until 15 Mar,,,,2526
570,135720,4,40,Kevin Danso,Danso,2,0.1,4.2,18,19,Away,2025-09-13T16:30:00Z,3,0,10,0,0,0,0,0,0,0,3,1,0.0,0.0,0.0,0.0,0,0.3,2.0,0.8,0.0,False,i,Toe Injury - Unknown return date,,,,2526
571,115556,4,40,Ben Davies,Davies,2,0.1,4.3,18,19,Away,2025-09-13T16:30:00Z,3,0,0,0,0,0,0,0,0,0,0,0,0.0,0.0,0.0,0.0,0,0.0,0.0,0.0,0.0,False,i,Ankle injury - Unknown return date,,,,2526
572,493125,4,40,Radu Drăgușin,Dragusin,2,0.0,4.5,18,19,Away,2025-09-13T16:30:00Z,3,0,0,0,0,0,0,0,0,0,0,0,0.0,0.0,0.0,0.0,0,0.0,0.0,0.0,0.0,False,a,,,,,2526
573,232859,4,40,Djed Spence,Spence,2,1.0,4.2,18,19,Away,2025-09-13T16:30:00Z,3,0,70,0,0,1,0,1,0,0,14,5,0.0,0.01,0.01,0.6,0,0.7,2.8,2.4,2.0,False,a,,,,,2526
574,487053,4,40,Destiny Udogie,Udogie,2,0.3,4.3,18,19,Away,2025-09-13T16:30:00Z,3,0,19,0,0,0,0,0,0,0,6,1,0.0,0.01,0.01,0.0,1,2.2,4.2,11.5,6.0,False,i,Hamstring injury - Expected back 15 Mar,,,,2526
575,491279,4,40,Micky van de Ven,Van de Ven,2,23.0,4.5,18,19,Away,2025-09-13T16:30:00Z,3,0,79,1,0,1,0,0,0,2,43,14,0.09,0.0,0.09,0.6,5,8.0,46.0,10.9,23.0,True,a,,,,,2526
576,548308,4,40,Ashley Phillips,Phillips,2,0.0,4.0,18,19,Away,2025-09-13T16:30:00Z,3,0,0,0,0,0,0,0,0,0,0,0,0.0,0.0,0.0,0.0,0,0.0,0.0,0.0,0.0,False,u,Has joined Stoke City on loan for the rest of the season.,,,,2526
577,553299,4,40,Takai Kōta,Takai,2,0.0,4.0,18,19,Away,2025-09-13T16:30:00Z,3,0,0,0,0,0,0,0,0,0,0,0,0.0,0.0,0.0,0.0,0,0.0,0.0,0.0,0.0,False,u,has joined Borussia Mönchengladbach on loan for the rest of the season.,,,,2526
578,610799,4,40,Luka Vušković,Vuskovic,2,0.3,3.9,18,19,Away,2025-09-13T16:30:00Z,3,0,0,0,0,0,0,0,0,0,0,0,0.0,0.0,0.0,0.0,0,0.0,0.0,0.0,0.0,False,u,has joined Hamburger SV on loan for the rest of the season.,,,,2526
579,85971,4,40,Son Heung-min,Son,3,0.1,8.5,18,19,Away,2025-09-13T16:30:00Z,3,0,0,0,0,0,0,0,0,0,0,0,0.0,0.0,0.0,0.0,0,0.0,0.0,0.0,0.0,False,u,has joined Los Angeles FC permanently.,,,,2526
580,242898,4,40,Brennan Johnson,Johnson,3,2.4,6.5,8,19,Away,2025-09-13T16:30:00Z,3,0,10,0,0,0,0,0,0,0,3,1,0.0,0.05,0.05,0.0,2,0.6,1.0,0.6,4.0,False,a,,4.0,,,2526
581,172780,4,40,James Maddison,Maddison,3,0.1,6.8,18,19,Away,2025-09-13T16:30:00Z,3,0,0,0,0,0,0,0,0,0,0,0,0.0,0.0,0.0,0.0,0,0.0,0.0,0.0,0.0,False,i,Anterior cruciate ligament - Unknown return date,,,,2526
582,460842,4,40,Mohammed Kudus,Kudus,3,9.6,6.4,18,19,Away,2025-09-13T16:30:00Z,3,0,90,0,0,1,0,0,0,0,4,3,0.47,0.11,0.58,0.6,3,7.8,10.2,31.8,36.0,False,i,Thigh injury - Expected back 11 Apr,3.0,4.0,3.0,2526
583,445044,4,40,Dejan Kulusevski,Kulusevski,3,0.0,6.4,18,19,Away,2025-09-13T16:30:00Z,3,0,0,0,0,0,0,0,0,0,0,0,0.0,0.0,0.0,0.0,0,0.0,0.0,0.0,0.0,False,i,Knee injury - Unknown return date,,,,2526
584,511499,4,40,Mathys Tel,Tel,3,0.1,6.2,18,19,Away,2025-09-13T16:30:00Z,3,0,78,0,0,1,0,0,0,0,7,3,0.02,0.0,0.02,0.6,1,1.2,0.8,3.0,8.0,False,a,,4.0,,,2526
585,202993,4,40,Rodrigo Bentancur,Bentancur,3,0.2,5.3,18,19,Away,2025-09-13T16:30:00Z,3,0,0,0,0,0,0,0,0,0,0,0,0.0,0.0,0.0,0.0,0,0.0,0.0,0.0,0.0,False,i,Hamstring injury - Unknown return date,,,,2526
586,570526,4,40,Lucas Bergvall,Bergvall,3,0.2,5.2,18,19,Away,2025-09-13T16:30:00Z,3,0,79,1,1,1,0,0,0,0,38,11,0.12,0.06,0.18,0.6,5,9.2,55.2,13.8,23.0,True,i,Ankle injury - Unknown return date,,,,2526
587,227127,4,40,Yves Bissouma,Bissouma,3,0.0,5.2,18,19,Away,2025-09-13T16:30:00Z,3,0,0,0,0,0,0,0,0,0,0,0,0.0,0.0,0.0,0.0,0,0.0,0.0,0.0,0.0,False,a,,,,,2526
588,550839,4,40,Wilson Odobert,Odobert,3,0.1,5.3,18,19,Away,2025-09-13T16:30:00Z,3,0,11,0,0,0,0,0,0,0,5,1,0.0,0.01,0.01,0.0,1,0.5,2.4,2.6,0.0,False,i,Knee injury - Unknown return date,,,,2526
589,235674,4,40,Manor Solomon,Solomon,3,0.0,5.4,18,19,Away,2025-09-13T16:30:00Z,3,0,0,0,0,0,0,0,0,0,0,0,0.0,0.0,0.0,0.0,0,0.0,0.0,0.0,0.0,False,u,has joined Fiorentina on loan for the rest of the season.,,,,2526
590,436234,4,40,Bryan Gil Salvatierra,Bryan,3,0.0,4.9,18,19,Away,2025-09-13T16:30:00Z,3,0,0,0,0,0,0,0,0,0,0,0,0.0,0.0,0.0,0.0,0,0.0,0.0,0.0,0.0,False,u,has joined Girona permanently.,,,,2526
591,547701,4,40,Archie Gray,Gray,3,0.1,4.8,18,19,Away,2025-09-13T16:30:00Z,3,0,0,0,0,0,0,0,0,0,0,0,0.0,0.0,0.0,0.0,0,0.0,0.0,0.0,0.0,False,a,,,,,2526
592,499721,4,40,Mikey Moore,Moore,3,0.0,5.0,18,19,Away,2025-09-13T16:30:00Z,3,0,0,0,0,0,0,0,0,0,0,0,0.0,0.0,0.0,0.0,0,0.0,0.0,0.0,0.0,False,u,Has joined Rangers on loan for the rest of the season.,,,,2526
593,482442,4,40,Pape Matar Sarr,P.M.Sarr,3,1.1,4.5,18,19,Away,2025-09-13T16:30:00Z,3,0,90,1,0,1,0,0,0,0,33,8,0.28,0.03,0.31,0.6,7,8.7,37.6,4.3,45.0,False,a,,,,,2526
594,623095,4,40,Yang Min-hyeok,Min-hyeok,3,0.0,4.5,18,19,Away,2025-09-13T16:30:00Z,3,0,0,0,0,0,0,0,0,0,0,0,0.0,0.0,0.0,0.0,0,0.0,0.0,0.0,0.0,False,u,has joined Coventry City on loan for the rest of the season.,,,,2526
595,499726,4,40,Callum Olusesi,Olusesi,3,0.2,4.3,18,19,Away,2025-09-13T16:30:00Z,3,0,0,0,0,0,0,0,0,0,0,0,0.0,0.0,0.0,0.0,0,0.0,0.0,0.0,0.0,False,a,,,,,2526
596,154566,4,40,Dominic Solanke-Mitchell,Solanke,4,1.3,7.2,18,19,Away,2025-09-13T16:30:00Z,3,0,0,0,0,0,0,0,0,0,0,0,0.0,0.0,0.0,0.0,0,0.0,0.0,0.0,0.0,False,a,,,,2.0,2526
597,212319,4,40,Richarlison de Andrade,Richarlison,4,5.4,6.3,18,19,Away,2025-09-13T16:30:00Z,3,0,19,0,0,0,0,0,0,0,4,1,0.0,0.0,0.0,0.0,0,1.4,2.0,10.3,2.0,False,a,,,,5.0,2526
598,552427,4,40,Will Lankshear,Lankshear,4,0.0,4.5,18,19,Away,2025-09-13T16:30:00Z,3,0,0,0,0,0,0,0,0,0,0,0,0.0,0.0,0.0,0.0,0,0.0,0.0,0.0,0.0,False,u,has joined Oxford United on loan for the rest of the season.,,,,2526
599,490145,4,40,Dane Scarlett,Scarlett,4,0.6,4.3,18,19,Away,2025-09-13T16:30:00Z,3,0,0,0,0,0,0,0,0,0,0,0,0.0,0.0,0.0,0.0,0,0.0,0.0,0.0,0.0,False,u,has joined Hibernian on loan for the rest of the season.,,,,2526
600,84182,4,40,Alphonse Areola,Areola,1,2.1,4.3,19,18,Home,2025-09-13T16:30:00Z,0,3,0,0,0,0,0,0,0,0,0,0,0.0,0.0,0.0,0.0,0,0.0,0.0,0.0,0.0,False,a,,,,,2526
601,82143,4,40,Wes Foderingham,Foderingham,1,0.2,4.0,19,18,Home,2025-09-13T16:30:00Z,0,3,0,0,0,0,0,0,0,0,0,0,0.0,0.0,0.0,0.0,0,0.0,0.0,0.0,0.0,False,u,has joined Aris Limassol permanently.,,,,2526
602,483364,4,40,Krisztián Hegyi,Hegyi,1,0.2,3.9,19,18,Home,2025-09-13T16:30:00Z,0,3,0,0,0,0,0,0,0,0,0,0,0.0,0.0,0.0,0.0,0,0.0,0.0,0.0,0.0,False,u,has joined MTK Budapest on loan for the rest of the season.,,,,2526
603,613804,4,40,El Hadji Malick Diouf,Diouf,2,1.7,4.0,19,18,Home,2025-09-13T16:30:00Z,0,3,90,0,0,0,3,0,0,0,0,1,0.01,0.04,0.05,1.29,8,4.3,20.6,5.4,17.0,False,a,,,,,2526
604,109533,4,40,Emerson Palmieri dos Santos,Emerson,2,0.1,4.4,19,18,Home,2025-09-13T16:30:00Z,0,3,0,0,0,0,0,0,0,0,0,0,0.0,0.0,0.0,0.0,0,0.0,0.0,0.0,0.0,False,u,has joined Marseille permanently.,,,,2526
605,214048,4,40,Maximilian Kilman,Kilman,2,0.1,4.2,19,18,Home,2025-09-13T16:30:00Z,0,3,90,0,0,0,3,0,0,0,-3,1,0.2,0.0,0.2,1.29,9,2.8,21.0,0.3,7.0,False,a,,,,,2526
606,233963,4,40,Konstantinos Mavropanos,Mavropanos,2,0.1,4.4,19,18,Home,2025-09-13T16:30:00Z,0,3,90,0,0,0,3,0,0,0,2,3,0.0,0.01,0.01,1.29,11,2.7,26.8,0.6,0.0,False,a,,,,,2526
607,210494,4,40,Nayef Aguerd,N.Aguerd,2,0.0,4.4,19,18,Home,2025-09-13T16:30:00Z,0,3,0,0,0,0,0,0,0,0,0,0,0.0,0.0,0.0,0.0,0,0.0,0.0,0.0,0.0,False,u,has joined Marseille permanently.,,,,2526
608,536109,4,40,Ollie Scarles,Scarles,2,0.0,4.3,19,18,Home,2025-09-13T16:30:00Z,0,3,0,0,0,0,0,0,0,0,0,0,0.0,0.0,0.0,0.0,0,0.0,0.0,0.0,0.0,False,a,,5.0,,,2526
609,462116,4,40,Jean-Clair Todibo,Todibo,2,0.1,4.3,19,18,Home,2025-09-13T16:30:00Z,0,3,0,0,0,0,0,0,0,0,0,0,0.0,0.0,0.0,0.0,0,0.0,0.0,0.0,0.0,False,a,,,,,2526
610,214590,4,40,Aaron Wan-Bissaka,Wan-Bissaka,2,4.6,4.1,19,18,Home,2025-09-13T16:30:00Z,0,3,0,0,0,0,0,0,0,0,0,0,0.0,0.0,0.0,0.0,0,0.0,0.0,0.0,0.0,False,a,,,,,2526
611,518438,4,40,Kaelan Casey,Casey,2,0.1,4.0,19,18,Home,2025-09-13T16:30:00Z,0,3,0,0,0,0,0,0,0,0,0,0,0.0,0.0,0.0,0.0,0,0.0,0.0,0.0,0.0,False,u,has joined Leyton Orient on loan for the rest of the season.,,,,2526
612,224024,4,40,Lucas Tolentino Coelho de Lima,L.Paquetá,3,1.1,5.9,19,18,Home,2025-09-13T16:30:00Z,0,3,67,0,0,0,3,0,0,0,4,2,0.25,0.01,0.26,0.78,2,1.9,0.0,14.7,4.0,False,u,has joined Flamengo permanently.,,,,2526
613,215439,4,40,Tomáš Souček,Souček,3,0.3,5.7,19,18,Home,2025-09-13T16:30:00Z,0,3,53,0,0,0,3,0,1,0,-2,-2,0.01,0.0,0.01,0.42,11,3.3,14.6,0.9,17.0,False,a,,,,,2526
614,101178,4,40,James Ward-Prowse,Ward-Prowse,3,0.2,5.6,3,19,Away,2025-09-13T16:30:00Z,3,0,90,0,0,0,3,0,0,0,20,2,0.0,0.24,0.24,0.92,3,4.4,13.6,30.7,0.0,False,a,,1.0,1.0,,2526
615,450070,4,40,Crysencio Summerville,Summerville,3,3.2,5.7,19,18,Home,2025-09-13T16:30:00Z,0,3,60,0,0,0,2,0,0,0,11,2,0.0,0.01,0.01,0.63,5,1.2,9.8,2.1,0.0,False,a,,2.0,,,2526
616,213999,4,40,Edson Álvarez Velázquez,Álvarez,3,0.0,4.9,19,18,Home,2025-09-13T16:30:00Z,0,3,0,0,0,0,0,0,0,0,0,0,0.0,0.0,0.0,0.0,0,0.0,0.0,0.0,0.0,False,u,Has joined Fenerbahçe on loan for the rest of the season.,,,,2526
617,149519,4,40,Maxwel Cornet,Cornet,3,0.0,4.9,19,18,Home,2025-09-13T16:30:00Z,0,3,0,0,0,0,0,0,0,0,0,0,0.0,0.0,0.0,0.0,0,0.0,0.0,0.0,0.0,False,u,has joined Genoa on loan for the rest of the season.,,,,2526
618,197024,4,40,Guido Rodríguez,G.Rodriguez,3,0.0,4.8,19,18,Home,2025-09-13T16:30:00Z,0,3,0,0,0,0,0,0,0,0,0,0,0.0,0.0,0.0,0.0,0,0.0,0.0,0.0,0.0,False,u,has joined Valencia on loan for the rest of the season.,,,,2526
619,577114,4,40,Luis Guilherme Lira dos Santos,L.Guilherme,3,0.0,4.9,19,18,Home,2025-09-13T16:30:00Z,0,3,29,0,0,0,1,0,0,0,2,1,0.0,0.0,0.0,0.65,3,0.1,1.4,0.0,0.0,False,u,has joined Sporting CP permanently.,,,,2526
620,490885,4,40,George Earthy,Earthy,3,0.0,4.5,19,18,Home,2025-09-13T16:30:00Z,0,3,0,0,0,0,0,0,0,0,0,0,0.0,0.0,0.0,0.0,0,0.0,0.0,0.0,0.0,False,u,has joined Bristol City on loan for the rest of the season.,,,,2526
621,229384,4,40,Andy Irving,Irving,3,0.2,4.3,19,18,Home,2025-09-13T16:30:00Z,0,3,1,0,0,0,0,0,0,0,3,1,0.0,0.0,0.0,0.37,1,0.5,5.0,0.0,0.0,False,u,has joined Sparta Prague permanently.,,,,2526
622,518442,4,40,Lewis Orford,Orford,3,0.1,4.4,19,18,Home,2025-09-13T16:30:00Z,0,3,0,0,0,0,0,0,0,0,0,0,0.0,0.0,0.0,0.0,0,0.0,0.0,0.0,0.0,False,u,has joined Stevenage on loan for the rest of the season.,,,,2526
623,490142,4,40,Freddie Potts,Potts,3,0.6,4.4,19,18,Home,2025-09-13T16:30:00Z,0,3,0,0,0,0,0,0,0,0,0,0,0.0,0.0,0.0,0.0,0,0.0,0.0,0.0,0.0,False,s,Suspended until 14 Mar,,,,2526
624,178186,4,40,Jarrod Bowen,Bowen,4,8.2,7.6,19,18,Home,2025-09-13T16:30:00Z,0,3,90,0,0,0,3,0,0,0,12,2,0.12,0.02,0.14,1.29,9,5.6,12.4,4.4,39.0,False,a,,1.0,1.0,2.0,2526
625,91889,4,40,Niclas Füllkrug,Füllkrug,4,0.6,5.6,19,18,Home,2025-09-13T16:30:00Z,0,3,0,0,0,0,0,0,0,0,0,0,0.0,0.0,0.0,0.0,0,0.0,0.0,0.0,0.0,False,u,has joined AC Milan on loan for the rest of the season.,,,,2526
626,565431,4,40,Callum Marshall,Marshall,4,0.5,4.3,19,18,Home,2025-09-13T16:30:00Z,0,3,0,0,0,0,0,0,0,0,0,0,0.0,0.0,0.0,0.0,0,0.0,0.0,0.0,0.0,False,u,has joined VfL Bochum 1848 on loan for the rest of the season.,,,,2526
627,101982,4,39,Sam Johnstone,Johnstone,1,0.1,4.4,20,15,Away,2025-09-13T14:00:00Z,0,1,90,0,0,0,1,0,0,0,17,3,0.0,0.0,0.0,1.55,0,3.1,31.2,0.0,0.0,False,a,,,,,2526
628,149065,4,39,José Malheiro de Sá,José Sá,1,1.2,4.2,20,15,Away,2025-09-13T14:00:00Z,0,1,0,0,0,0,0,0,0,0,0,0,0.0,0.0,0.0,0.0,0,0.0,0.0,0.0,0.0,False,a,,,,,2526
629,79602,4,39,Daniel Bentley,Bentley,1,0.5,3.9,20,15,Away,2025-09-13T14:00:00Z,0,1,0,0,0,0,0,0,0,0,0,0,0.0,0.0,0.0,0.0,0,0.0,0.0,0.0,0.0,False,a,,,,,2526
630,138001,4,36,Tom King,King,1,1.3,3.9,9,2,Home,2025-09-13T14:00:00Z,0,0,0,0,0,0,0,0,0,0,0,0,0.0,0.0,0.0,0.0,0,0.0,0.0,0.0,0.0,False,a,,,,,2526
631,516939,4,39,Emmanuel Agbadou,Agbadou,2,0.1,4.2,20,15,Away,2025-09-13T14:00:00Z,0,1,90,0,0,0,1,0,0,0,10,4,0.0,0.1,0.1,1.55,14,4.2,37.0,4.6,0.0,False,u,has joined Besiktas permanently.,,,,2526
632,87835,4,39,Matt Doherty,Doherty,2,0.1,4.4,20,15,Away,2025-09-13T14:00:00Z,0,1,0,0,0,0,0,0,0,0,0,0,0.0,0.0,0.0,0.0,0,0.0,0.0,0.0,0.0,False,a,,,,,2526
633,490721,4,39,Hugo Bueno López,H.Bueno,2,0.2,4.3,20,15,Away,2025-09-13T14:00:00Z,0,1,90,0,0,0,1,0,0,0,11,4,0.0,0.11,0.11,1.55,11,6.7,29.6,29.8,8.0,False,a,,1.0,,,2526
634,501837,4,39,Yerson Mosquera Valdelamar,Mosquera,2,0.1,4.3,20,15,Away,2025-09-13T14:00:00Z,0,1,65,0,0,0,1,0,0,0,4,2,0.0,0.0,0.0,1.35,6,1.2,11.8,0.2,0.0,False,a,,,,,2526
635,483081,4,39,Rodrigo Martins Gomes,R.Gomes,2,0.1,4.4,20,15,Away,2025-09-13T14:00:00Z,0,1,76,0,0,0,1,0,0,0,9,2,0.26,0.0,0.26,1.38,7,3.9,10.2,1.3,27.0,False,a,,,,,2526
636,231480,4,39,Santiago Ignacio Bueno,S.Bueno,2,0.1,4.4,20,15,Away,2025-09-13T14:00:00Z,0,1,0,0,0,0,0,0,0,0,0,0,0.0,0.0,0.0,0.0,0,0.0,0.0,0.0,0.0,False,a,,,,,2526
637,510362,4,39,Toti Gomes,Toti,2,0.1,4.2,20,15,Away,2025-09-13T14:00:00Z,0,1,90,0,0,0,1,0,0,0,11,2,0.01,0.01,0.02,1.55,4,3.6,15.4,2.0,19.0,False,a,,,,,2526
638,441271,4,39,Ki-Jana Hoever,Hoever,2,1.0,3.8,20,15,Away,2025-09-13T14:00:00Z,0,1,0,0,0,0,0,0,0,0,0,0,0.0,0.0,0.0,0.0,0,0.0,0.0,0.0,0.0,False,u,has joined Sheffield United on loan for the rest of the season.,,,,2526
639,560248,4,39,Bastien Meupiyou Menadjou,Meupiyou,2,0.0,4.0,20,15,Away,2025-09-13T14:00:00Z,0,1,0,0,0,0,0,0,0,0,0,0,0.0,0.0,0.0,0.0,0,0.0,0.0,0.0,0.0,False,u,On loan to FC Alverca,,,,2526
640,641221,4,39,Pedro Cardoso de Lima,Pedro Lima,2,0.4,4.0,20,15,Away,2025-09-13T14:00:00Z,0,1,0,0,0,0,0,0,0,0,0,0,0.0,0.0,0.0,0.0,0,0.0,0.0,0.0,0.0,False,a,,,,,2526
641,517179,4,39,Alfie Pond,Pond,2,1.0,3.9,20,15,Away,2025-09-13T14:00:00Z,0,1,0,0,0,0,0,0,0,0,0,0,0.0,0.0,0.0,0.0,0,0.0,0.0,0.0,0.0,False,u,has joined Crewe Alexandra on loan for the rest of the season.,,,,2526
642,184754,4,39,Hwang Hee-chan,Hee Chan,3,0.1,5.6,20,15,Away,2025-09-13T14:00:00Z,0,1,76,0,0,0,1,0,0,0,6,2,0.14,0.01,0.15,1.38,1,2.9,0.6,0.7,28.0,False,i,Calf injury - Unknown return date,,1.0,3.0,2526
643,509291,4,39,André Trindade da Costa Neto,André,3,0.1,5.2,20,15,Away,2025-09-13T14:00:00Z,0,1,65,0,0,0,1,1,0,0,7,1,0.0,0.0,0.0,1.35,7,0.3,2.4,0.9,0.0,False,a,,,,,2526
644,231057,4,39,Jean-Ricner Bellegarde,Bellegarde,3,0.0,5.1,20,15,Away,2025-09-13T14:00:00Z,0,1,24,0,0,0,0,0,0,0,4,1,0.05,0.02,0.07,0.2,2,0.8,1.6,4.6,2.0,False,a,,3.0,2.0,,2526
645,643135,4,39,Fer López González,Fer López,3,0.0,5.1,20,15,Away,2025-09-13T14:00:00Z,0,1,13,0,0,0,0,0,0,0,5,1,0.0,0.07,0.07,0.17,0,1.7,3.6,11.6,2.0,False,u,has joined Celta Vigo on loan for the rest of the season.,,,,2526
646,448089,4,39,João Victor Gomes da Silva,J.Gomes,3,0.3,5.3,20,15,Away,2025-09-13T14:00:00Z,0,1,90,0,0,0,1,1,0,0,14,3,0.0,0.09,0.09,1.55,18,3.7,18.2,16.7,2.0,False,a,,,1.0,,2526
647,181284,4,39,Gonçalo Manuel Ganchinho Guedes,Guedes,3,0.0,5.5,20,15,Away,2025-09-13T14:00:00Z,0,1,0,0,0,0,0,0,0,0,0,0,0.0,0.0,0.0,0.0,0,0.0,0.0,0.0,0.0,False,u,Has joined Real Sociedad permanently.,,,,2526
648,433312,4,39,Marshall Munetsi,Munetsi,3,0.0,5.3,20,15,Away,2025-09-13T14:00:00Z,0,1,24,0,0,0,0,1,0,0,-1,0,0.0,0.0,0.0,0.2,0,0.2,0.0,1.6,2.0,False,u,has joined Paris FC on loan for the rest of the season.,,,,2526
649,476502,4,39,Boubacar Traoré,B.Traore,3,0.0,5.0,20,15,Away,2025-09-13T14:00:00Z,0,1,0,0,0,0,0,0,0,0,0,0,0.0,0.0,0.0,0.0,0,0.0,0.0,0.0,0.0,False,u,Has joined FC Metz on loan for the rest of the season.,,,,2526
650,497606,4,39,Tawanda Chirewa,Chirewa,3,0.2,4.3,20,15,Away,2025-09-13T14:00:00Z,0,1,0,0,0,0,0,0,0,0,0,0,0.0,0.0,0.0,0.0,0,0.0,0.0,0.0,0.0,False,u,has joined Barnsley on loan for the rest of the season.,,,,2526
651,596054,4,39,Tom Edozie,Edozie,3,0.4,4.3,20,15,Away,2025-09-13T14:00:00Z,0,1,0,0,0,0,0,0,0,0,0,0,0.0,0.0,0.0,0.0,0,0.0,0.0,0.0,0.0,False,a,,,,,2526
652,593001,4,39,Enso González Medina,Gonzalez,3,1.3,4.3,20,15,Away,2025-09-13T14:00:00Z,0,1,0,0,0,0,0,0,0,0,0,0,0.0,0.0,0.0,0.0,0,0.0,0.0,0.0,0.0,False,a,,,,,2526
653,240299,4,39,Joe Hodge,Hodge,3,0.0,4.5,20,15,Away,2025-09-13T14:00:00Z,0,1,0,0,0,0,0,0,0,0,0,0,0.0,0.0,0.0,0.0,0,0.0,0.0,0.0,0.0,False,u,Signed by CD Tondela,,,,2526
654,247412,4,39,Jørgen Strand Larsen,Strand Larsen,4,2.4,6.2,8,15,Away,2025-09-13T14:00:00Z,0,1,0,0,0,0,0,0,0,0,0,0,0.0,0.0,0.0,0.0,0,0.0,0.0,0.0,0.0,False,a,,,,,2526
655,449988,4,39,Fábio Soares Silva,Fábio Silva,4,0.2,4.9,20,15,Away,2025-09-13T14:00:00Z,0,1,0,0,0,0,0,0,0,0,0,0,0.0,0.0,0.0,0.0,0,0.0,0.0,0.0,0.0,False,u,has joined Borussia Dortmund permanently.,,,,2526
656,429414,4,39,Saša Kalajdžić,Kalajdžić,4,0.0,4.9,20,15,Away,2025-09-13T14:00:00Z,0,1,0,0,0,0,0,0,0,0,0,0,0.0,0.0,0.0,0.0,0,0.0,0.0,0.0,0.0,False,u,has joined LASK on loan for the rest of the season.,,,,2526
657,589507,4,39,Leon Chiwome,Chiwome,4,0.0,4.4,20,15,Away,2025-09-13T14:00:00Z,0,1,0,0,0,0,0,0,0,0,0,0,0.0,0.0,0.0,0.0,0,0.0,0.0,0.0,0.0,False,i,Knee injury - Unknown return date,,,,2526
658,531363,4,39,Nathan Fraser,Fraser,4,2.0,4.2,20,15,Away,2025-09-13T14:00:00Z,0,1,0,0,0,0,0,0,0,0,0,0,0.0,0.0,0.0,0.0,0,0.0,0.0,0.0,0.0,False,a,,,,,2526
659,158534,4,40,Kyle Walker-Peters,Walker-Peters,2,0.2,4.2,19,18,Home,2025-09-13T16:30:00Z,0,3,90,0,0,0,3,0,0,0,2,1,0.0,0.01,0.01,1.29,5,2.8,14.6,13.0,0.0,False,a,,,,,2526
660,466525,4,37,Anton Stach,Stach,3,2.0,4.7,11,10,Away,2025-09-13T14:00:00Z,0,1,90,0,0,0,1,1,0,0,2,1,0.08,0.11,0.19,0.85,5,3.3,4.4,16.0,13.0,False,a,,1.0,1.0,,2526
661,510663,4,34,Hugo Ekitiké,Ekitiké,4,26.6,8.9,12,3,Away,2025-09-14T13:00:00Z,1,0,71,0,0,1,0,0,0,0,8,2,0.1,0.06,0.16,0.12,4,1.5,2.6,2.7,10.0,False,a,,,,,2526
662,500040,4,31,Cristhian Mosquera,Mosquera,2,0.1,5.3,1,16,Home,2025-09-13T11:30:00Z,3,0,90,0,0,1,0,0,0,1,32,7,0.0,0.04,0.04,0.2,8,2.5,21.4,1.6,2.0,False,a,,,,,2526
663,230376,4,39,Jhon Arias,J.Arias,3,0.1,4.9,20,15,Away,2025-09-13T14:00:00Z,0,1,24,0,0,0,0,0,0,0,1,1,0.04,0.0,0.04,0.2,2,0.7,0.0,0.8,7.0,False,u,has joined Palmeiras permanently.,,,,2526
664,86873,4,37,Benjamin Lecomte,Lecomte,1,0.7,3.9,10,11,Home,2025-09-13T14:00:00Z,1,0,0,0,0,0,0,0,0,0,0,0,0.0,0.0,0.0,0.0,0,0.0,0.0,0.0,0.0,False,a,,,,,2526
665,201595,4,37,Lucas Estella Perri,Perri,1,0.2,4.5,11,10,Away,2025-09-13T14:00:00Z,0,1,0,0,0,0,0,0,0,0,0,0,0.0,0.0,0.0,0.0,0,0.0,0.0,0.0,0.0,False,a,,,,,2526
666,224117,4,31,Viktor Gyökeres,Gyökeres,4,12.1,8.8,1,16,Home,2025-09-13T11:30:00Z,3,0,67,1,0,1,0,0,0,0,30,6,0.84,0.02,0.86,0.1,3,9.0,34.6,11.3,44.0,False,a,,,,2.0,2526
667,499300,4,36,Adam Aznou,Aznou,2,0.1,4.2,9,2,Home,2025-09-13T14:00:00Z,0,0,0,0,0,0,0,0,0,0,0,0,0.0,0.0,0.0,0.0,0,0.0,0.0,0.0,0.0,False,a,,,,,2526
668,84450,4,35,Granit Xhaka,Xhaka,3,3.4,5.1,17,8,Away,2025-09-13T14:00:00Z,0,0,90,0,0,1,0,0,0,0,20,5,0.0,0.11,0.11,1.77,18,4.3,25.2,15.8,2.0,False,a,,1.0,1.0,,2526
669,456512,4,31,Dan Ndoye,Ndoye,3,0.7,5.5,16,1,Away,2025-09-13T11:30:00Z,0,3,90,0,0,0,3,0,0,0,10,2,0.0,0.03,0.03,1.84,5,4.2,16.6,21.1,4.0,False,a,,4.0,,,2526
670,498016,4,35,Robin Roefs,Roefs,1,11.6,4.9,17,8,Away,2025-09-13T14:00:00Z,0,0,90,0,0,1,0,1,0,3,39,10,0.0,0.0,0.0,1.77,0,4.3,43.2,0.0,0.0,True,a,,,,,2526
671,75115,4,40,Callum Wilson,Wilson,4,0.6,5.8,19,18,Home,2025-09-13T16:30:00Z,0,3,22,0,0,0,0,0,0,0,3,1,0.0,0.0,0.0,0.51,2,0.0,0.2,0.1,0.0,False,a,,,,,2526
672,551210,4,33,Jorrel Hato,Hato,2,0.2,4.6,7,5,Away,2025-09-13T19:00:00Z,2,2,45,0,0,0,1,1,0,0,-6,0,0.0,0.01,0.01,0.55,1,0.3,0.0,1.5,2.0,False,a,,,,,2526
673,154296,4,40,João Maria Lobo Alves Palhares Costa Palhinha Gonçalves,J.Palhinha,3,0.8,5.5,18,19,Away,2025-09-13T16:30:00Z,3,0,90,0,0,1,0,0,0,0,18,3,0.22,0.03,0.25,0.6,7,3.6,14.2,4.2,18.0,False,a,,,,,2526
674,225321,4,39,Aaron Ramsdale,Ramsdale,1,0.7,4.8,15,20,Home,2025-09-13T14:00:00Z,1,0,0,0,0,0,0,0,0,0,0,0,0.0,0.0,0.0,0.0,0,0.0,0.0,0.0,0.0,False,a,,,,,2526
675,107265,4,31,Angus Gunn,Gunn,1,1.1,4.0,16,1,Away,2025-09-13T11:30:00Z,0,3,0,0,0,0,0,0,0,0,0,0,0.0,0.0,0.0,0.0,0,0.0,0.0,0.0,0.0,False,a,,,,,2526
676,503714,4,34,Lesley Ugochukwu,Ugochukwu,3,0.1,5.0,3,12,Home,2025-09-14T13:00:00Z,0,1,83,0,0,0,1,0,1,0,0,-1,0.0,0.0,0.0,1.45,9,0.8,7.4,0.1,0.0,False,a,,,,,2526
677,485337,4,36,Evann Guessand,Guessand,3,0.0,6.2,8,9,Away,2025-09-13T14:00:00Z,0,0,45,0,0,0,0,0,0,0,2,1,0.0,0.0,0.0,0.91,5,0.7,6.2,0.8,0.0,False,a,,,,,2526
678,105717,4,35,Arthur Masuaku,Masuaku,2,0.5,3.9,17,8,Away,2025-09-13T14:00:00Z,0,0,0,0,0,0,0,0,0,0,0,0,0.0,0.0,0.0,0.0,0,0.0,0.0,0.0,0.0,False,u,has joined RC Lens on loan for the rest of the season.,,,,2526
679,467189,4,40,Mads Hermansen,Hermansen,1,0.3,4.2,19,18,Home,2025-09-13T16:30:00Z,0,3,90,0,0,0,3,0,0,0,2,1,0.0,0.0,0.0,1.29,0,1.9,19.2,0.0,0.0,False,a,,,,,2526
680,440323,4,34,Armando Broja,Broja,4,0.2,5.2,3,12,Home,2025-09-14T13:00:00Z,0,1,1,0,0,0,1,0,0,0,3,1,0.0,0.0,0.0,0.94,1,0.2,2.0,0.1,0.0,False,i,Knock - Expected back 14 Mar,,,,2526
681,485711,4,38,Benjamin Sesko,Šeško,4,3.9,7.2,14,13,Away,2025-09-14T15:30:00Z,0,3,79,0,0,0,3,0,0,0,6,2,0.03,0.0,0.03,2.34,1,1.5,1.0,6.8,7.0,False,a,,,,,2526
682,497949,4,39,David Møller Wolfe,Møller Wolfe,2,0.1,4.2,20,15,Away,2025-09-13T14:00:00Z,0,1,0,0,0,0,0,0,0,0,0,0,0.0,0.0,0.0,0.0,0,0.0,0.0,0.0,0.0,False,a,,,,,2526
683,201895,4,35,Omar Alderete,Alderete,2,6.4,4.1,17,8,Away,2025-09-13T14:00:00Z,0,0,90,0,0,1,0,0,0,1,31,9,0.0,0.02,0.02,1.77,10,3.3,30.2,0.5,2.0,False,a,,,,,2526
684,465642,4,39,Malick Thiaw,Thiaw,2,4.4,5.0,15,20,Home,2025-09-13T14:00:00Z,1,0,0,0,0,0,0,0,0,0,0,0,0.0,0.0,0.0,0.0,0,0.0,0.0,0.0,0.0,False,a,,,,,2526
685,242882,4,32,Bafodé Diakité,Diakité,2,0.3,4.2,4,6,Home,2025-09-13T14:00:00Z,2,1,0,0,0,0,0,0,0,0,0,0,0.0,0.0,0.0,0.0,0,0.0,0.0,0.0,0.0,False,a,,,,,2526
686,611922,4,34,Rio Ngumoha,Ngumoha,3,0.8,4.3,12,3,Away,2025-09-14T13:00:00Z,1,0,3,0,0,0,0,0,0,0,4,1,0.0,0.1,0.1,0.0,0,2.0,2.2,11.3,6.0,False,a,,,,,2526
687,606774,4,32,Remy Rees-Dottin,Rees-Dottin,3,0.2,4.3,4,6,Home,2025-09-13T14:00:00Z,2,1,0,0,0,0,0,0,0,0,0,0,0.0,0.0,0.0,0.0,0,0.0,0.0,0.0,0.0,False,a,,,,,2526
688,481283,4,36,James Wright,Wright,1,0.6,3.9,2,9,Away,2025-09-13T14:00:00Z,0,0,0,0,0,0,0,0,0,0,0,0,0.0,0.0,0.0,0.0,0,0.0,0.0,0.0,0.0,False,a,,,,,2526
689,623110,4,39,Seung-Soo Park,Seung soo,3,0.5,4.3,15,20,Home,2025-09-13T14:00:00Z,1,0,0,0,0,0,0,0,0,0,0,0,0.0,0.0,0.0,0.0,0,0.0,0.0,0.0,0.0,False,a,,,,,2526
690,590014,4,35,Rio Cardines,Cardines,3,0.3,4.4,8,17,Home,2025-09-13T14:00:00Z,0,0,0,0,0,0,0,0,0,0,0,0,0.0,0.0,0.0,0.0,0,0.0,0.0,0.0,0.0,False,a,,,,,2526
691,177815,4,37,Dominic Calvert-Lewin,Calvert-Lewin,4,9.8,5.8,11,10,Away,2025-09-13T14:00:00Z,0,1,68,0,0,1,0,0,0,0,7,2,0.3,0.05,0.35,0.12,1,3.7,5.2,12.3,19.0,False,a,,,,1.0,2526
692,647681,4,34,Giovanni Leoni,Leoni,2,0.0,4.9,12,3,Away,2025-09-14T13:00:00Z,1,0,0,0,0,0,0,0,0,0,0,0,0.0,0.0,0.0,0.0,0,0.0,0.0,0.0,0.0,False,i,Knee injury - Expected back 01 Sep,,,,2526
693,503301,4,31,Omari Hutchinson,Hutchinson,3,0.1,5.4,16,1,Away,2025-09-13T11:30:00Z,0,3,0,0,0,0,0,0,0,0,0,0,0.0,0.0,0.0,0.0,0,0.0,0.0,0.0,0.0,False,a,,2.0,,,2526
694,200834,4,35,Nordi Mukiele,Mukiele,2,13.5,4.6,17,8,Away,2025-09-13T14:00:00Z,0,0,90,0,0,1,0,0,0,2,32,10,0.0,0.05,0.05,1.77,12,3.5,24.4,10.9,0.0,True,d,Calf injury - 75% chance of playing,,,,2526
695,523705,4,39,Jackson Tchatchoua,Tchatchoua,2,0.0,4.4,20,15,Away,2025-09-13T14:00:00Z,0,1,13,0,0,0,0,0,0,0,3,1,0.0,0.0,0.0,0.17,0,0.3,0.2,1.2,2.0,False,a,,,,,2526
696,465680,4,31,Arnaud Kalimuendo,Kalimuendo,4,0.1,6.0,16,1,Away,2025-09-13T11:30:00Z,0,3,30,0,0,0,1,0,0,0,3,1,0.11,0.01,0.12,0.08,0,2.6,1.2,12.2,13.0,False,u,has joined Eintracht Frankfurt on loan for the rest of the season.,,,,2526
697,489888,4,32,Amine Adli,Adli,3,0.7,5.4,4,6,Home,2025-09-13T14:00:00Z,2,1,23,0,0,0,0,0,0,0,5,1,0.04,0.0,0.04,0.05,3,1.5,6.6,1.3,7.0,False,a,,3.0,,,2526
698,435997,4,37,Noah Okafor,Okafor,3,0.1,5.5,11,10,Away,2025-09-13T14:00:00Z,0,1,67,0,0,1,0,1,0,0,2,2,0.18,0.02,0.2,0.12,11,3.4,4.2,12.3,17.0,False,i,Hamstring injury - Expected back 14 Mar,,,,2526
699,230046,4,31,Douglas Luiz Soares de Paulo,Douglas Luiz,3,0.1,4.9,2,1,Away,2025-09-13T11:30:00Z,0,3,0,0,0,0,0,0,0,0,0,0,0.0,0.0,0.0,0.0,0,0.0,0.0,0.0,0.0,False,a,,1.0,,,2526
700,616077,4,31,Max Dowman,Dowman,3,0.5,4.2,1,16,Home,2025-09-13T11:30:00Z,3,0,0,0,0,0,0,0,0,0,0,0,0.0,0.0,0.0,0.0,0,0.0,0.0,0.0,0.0,False,i,Ankle injury - Unknown return date,,,,2526
701,569577,4,36,Triston Rowe,Rowe,2,0.1,4.0,2,9,Away,2025-09-13T14:00:00Z,0,0,0,0,0,0,0,0,0,0,0,0,0.0,0.0,0.0,0.0,0,0.0,0.0,0.0,0.0,False,u,has joined Annecy on loan for the rest of the season.,,,,2526
702,645618,4,36,Bradley Burrowes,Burrowes,3,0.1,4.4,2,9,Away,2025-09-13T14:00:00Z,0,0,0,0,0,0,0,0,0,0,0,0,0.0,0.0,0.0,0.0,0,0.0,0.0,0.0,0.0,False,a,,,,,2526
703,564505,4,36,Sam Proctor,Proctor,1,0.6,3.9,2,9,Away,2025-09-13T14:00:00Z,0,0,0,0,0,0,0,0,0,0,0,0,0.0,0.0,0.0,0.0,0,0.0,0.0,0.0,0.0,False,a,,,,,2526
704,461446,4,36,Tyler Onyango,Onyango,3,0.0,4.5,9,2,Home,2025-09-13T14:00:00Z,0,0,0,0,0,0,0,0,0,0,0,0,0.0,0.0,0.0,0.0,0,0.0,0.0,0.0,0.0,False,u,has joined Stockport County on loan for the rest of the season.,,,,2526
705,491745,4,36,Elijah Campbell,Campbell,2,0.2,3.9,9,2,Home,2025-09-13T14:00:00Z,0,0,0,0,0,0,0,0,0,0,0,0,0.0,0.0,0.0,0.0,0,0.0,0.0,0.0,0.0,False,u,has joined Port Vale on loan for the rest of the season.,,,,2526
706,220627,4,37,James Justin,Justin,2,1.0,3.9,11,10,Away,2025-09-13T14:00:00Z,0,1,0,0,0,0,0,0,0,0,0,0,0.0,0.0,0.0,0.0,0,0.0,0.0,0.0,0.0,False,a,,3.0,,,2526
707,496661,4,36,Tyler Dibling,Dibling,3,0.0,5.3,9,2,Home,2025-09-13T14:00:00Z,0,0,0,0,0,0,0,0,0,0,0,0,0.0,0.0,0.0,0.0,0,0.0,0.0,0.0,0.0,False,a,,,,,2526
708,551226,4,40,Mateus Gonçalo Espanha Fernandes,M.Fernandes,3,0.5,5.5,19,18,Home,2025-09-13T16:30:00Z,0,3,60,0,0,0,2,0,0,0,10,2,0.0,0.15,0.15,0.63,3,3.9,6.4,28.3,4.0,False,a,,4.0,,,2526
709,431248,4,39,Ladislav Krejcí,Krejčí,2,0.1,4.5,20,15,Away,2025-09-13T14:00:00Z,0,1,90,0,0,0,1,1,0,0,8,1,0.0,0.16,0.16,1.55,4,2.4,8.2,15.6,0.0,False,s,Suspended until 03 Mar,,,,2526
710,534836,4,36,Travis Patterson,Patterson,2,0.2,3.9,2,9,Away,2025-09-13T14:00:00Z,0,0,0,0,0,0,0,0,0,0,0,0,0.0,0.0,0.0,0.0,0,0.0,0.0,0.0,0.0,False,a,,,,,2526
711,646243,4,31,Andre Harriman-Annous,Harriman-Annous,3,0.0,4.4,1,16,Home,2025-09-13T11:30:00Z,3,0,0,0,0,0,0,0,0,0,0,0,0.0,0.0,0.0,0.0,0,0.0,0.0,0.0,0.0,False,a,,,,,2526
712,488024,4,35,Yéremy Pino Santos,Yeremy,3,0.2,5.8,8,17,Home,2025-09-13T14:00:00Z,0,0,83,0,0,1,0,0,0,0,-1,3,0.73,0.03,0.76,0.36,5,2.3,0.0,15.2,10.0,False,a,,2.0,1.0,,2526
713,551483,4,32,Álex Jiménez Sánchez,A.Jimenez,2,0.2,4.5,4,6,Home,2025-09-13T14:00:00Z,2,1,3,0,0,0,0,1,0,0,2,0,0.0,0.0,0.0,0.0,2,0.2,2.2,0.1,0.0,False,a,,,,,2526
714,470313,4,39,Nick Woltemade,Woltemade,4,7.7,6.8,15,20,Home,2025-09-13T14:00:00Z,1,0,64,1,0,1,0,0,0,3,40,9,0.27,0.01,0.28,0.41,6,9.6,37.2,12.3,46.0,False,a,,,,3.0,2526
715,221389,4,31,John Victor Maciel Furtado,John,1,0.3,4.0,16,1,Away,2025-09-13T11:30:00Z,0,3,0,0,0,0,0,0,0,0,0,0,0.0,0.0,0.0,0.0,0,0.0,0.0,0.0,0.0,False,i,Knee injury - Expected back 01 Jun,,,,2526
716,500151,4,31,Nicolò Savona,Savona,2,0.1,4.5,16,1,Away,2025-09-13T11:30:00Z,0,3,53,0,0,0,2,0,0,0,4,0,0.0,0.0,0.0,0.88,5,2.6,11.0,11.1,4.0,False,i,Knee injury - Unknown return date,,,,2526
717,493362,4,40,Xavi Simons,Xavi,3,1.2,6.5,18,19,Away,2025-09-13T16:30:00Z,3,0,70,0,1,1,0,0,0,0,23,6,0.03,0.08,0.11,0.6,3,3.9,18.4,19.7,1.0,False,a,,1.0,3.0,4.0,2526
718,564940,4,40,Soungoutou Magassa,S.Magassa,3,0.0,5.0,19,18,Home,2025-09-13T16:30:00Z,0,3,29,0,0,0,1,0,0,0,6,1,0.0,0.0,0.0,0.65,3,1.1,9.6,1.3,0.0,False,a,,,,,2526
719,184667,4,36,Victor Lindelöf,Lindelöf,2,0.1,4.5,2,9,Away,2025-09-13T14:00:00Z,0,0,7,0,0,0,0,0,0,0,3,1,0.0,0.0,0.0,0.48,0,0.1,0.4,0.3,0.0,False,a,,,,,2526
720,488213,4,39,Tolu Arokodare,Tolu,4,0.2,5.4,20,15,Away,2025-09-13T14:00:00Z,0,1,65,0,0,0,1,0,0,0,7,2,0.0,0.0,0.0,1.35,4,1.0,4.4,1.8,4.0,False,a,,,,5.0,2526
721,620487,4,32,Veljko Milosavljevic,Milosavljević,2,0.0,4.4,4,6,Home,2025-09-13T14:00:00Z,2,1,90,0,0,0,1,0,0,0,15,4,0.0,0.18,0.18,0.62,11,4.1,23.4,11.3,6.0,False,a,,,,,2526
722,216055,4,34,Florentino Ibrain Morris Luís,Florentino,3,0.0,5.0,3,12,Home,2025-09-14T13:00:00Z,0,1,27,0,0,0,1,0,0,0,5,1,0.0,0.0,0.0,1.24,7,1.3,13.0,0.2,0.0,False,a,,,,,2526
723,651426,4,35,Jaydee Canvot,Canvot,2,0.0,4.5,8,17,Home,2025-09-13T14:00:00Z,0,0,0,0,0,0,0,0,0,0,0,0,0.0,0.0,0.0,0.0,0,0.0,0.0,0.0,0.0,False,a,,,,,2526
724,247955,4,35,Lutsharel Geertruida,Geertruida,2,0.0,4.5,17,8,Away,2025-09-13T14:00:00Z,0,0,6,0,0,0,0,0,0,0,4,1,0.0,0.0,0.0,0.38,0,0.1,1.0,0.0,0.0,False,a,,,,,2526
725,448104,4,31,Piero Hincapié,Hincapie,2,0.7,5.1,1,16,Home,2025-09-13T11:30:00Z,3,0,0,0,0,0,0,0,0,0,0,0,0.0,0.0,0.0,0.0,0,0.0,0.0,0.0,0.0,False,a,,,,,2526
726,247693,4,40,Randal Kolo Muani,Kolo Muani,4,0.4,6.9,18,19,Away,2025-09-13T16:30:00Z,3,0,0,0,0,0,0,0,0,0,0,0,0.0,0.0,0.0,0.0,0,0.0,0.0,0.0,0.0,False,a,,,,,2526
727,218328,4,37,Samuel Chukwueze,Chukwueze,3,0.1,5.3,10,11,Home,2025-09-13T14:00:00Z,1,0,0,0,0,0,0,0,0,0,0,0,0.0,0.0,0.0,0.0,0,0.0,0.0,0.0,0.0,False,d,Calf injury - 50% chance of playing,,,,2526
728,513466,4,36,Merlin Röhl,Röhl,3,0.0,5.0,9,2,Home,2025-09-13T14:00:00Z,0,0,24,0,0,0,0,0,0,0,5,1,0.03,0.0,0.03,0.0,3,1.5,3.0,10.7,1.0,False,a,,,,,2526
729,560441,4,31,Luis Eduardo Soares da Silva,Cuiabano,2,0.0,4.5,16,1,Away,2025-09-13T11:30:00Z,0,3,0,0,0,0,0,0,0,0,0,0,0.0,0.0,0.0,0.0,0,0.0,0.0,0.0,0.0,False,u,has joined Vasco de Gama on loan for the rest of the season.,,,,2526
730,441264,4,35,Brian Brobbey,Brobbey,4,1.2,5.5,17,8,Away,2025-09-13T14:00:00Z,0,0,21,0,0,0,0,0,0,0,4,1,0.0,0.0,0.0,0.93,2,0.1,1.0,0.1,0.0,False,d,Knock - 75% chance of playing,,,,2526
731,560552,4,37,Kevin Santos Lopes de Macedo,Kevin,3,0.1,5.8,10,11,Home,2025-09-13T14:00:00Z,1,0,14,0,0,0,0,0,0,0,6,1,0.01,0.07,0.08,0.03,0,3.7,11.4,18.6,7.0,False,d,Knock - 75% chance of playing,,,,2526
732,660392,4,35,Christantus Uche,Uche,4,0.1,5.5,8,17,Home,2025-09-13T14:00:00Z,0,0,6,0,0,0,0,0,0,0,6,1,0.01,0.0,0.01,0.0,1,2.3,3.4,0.8,19.0,False,a,,,,,2526
733,465247,4,38,Senne Lammens,Lammens,1,2.2,5.0,14,13,Away,2025-09-14T15:30:00Z,0,3,0,0,0,0,0,0,0,0,0,0,0.0,0.0,0.0,0.0,0,0.0,0.0,0.0,0.0,False,a,,,,,2526
734,476887,4,31,Dilane Bakwa,Bakwa,3,0.0,5.9,16,1,Away,2025-09-13T11:30:00Z,0,3,30,0,0,0,1,0,0,0,4,1,0.0,0.0,0.0,0.08,2,0.4,0.6,0.9,2.0,False,a,,3.0,,,2526
735,110504,4,35,Bertrand Traoré,Traoré,3,0.0,5.5,17,8,Away,2025-09-13T14:00:00Z,0,0,0,0,0,0,0,0,0,0,0,0,0.0,0.0,0.0,0.0,0,0.0,0.0,0.0,0.0,False,d,Knee injury - 50% chance of playing,,,,2526
736,204936,4,38,Gianluigi Donnarumma,Donnarumma,1,9.1,5.6,13,14,Home,2025-09-14T15:30:00Z,3,0,90,0,0,1,0,0,0,0,26,6,0.0,0.0,0.0,1.51,0,1.4,14.4,0.0,0.0,False,a,,,,,2526
737,631786,4,37,Jonah Kusi-Asare,Kusi-Asare,4,0.1,4.5,10,11,Home,2025-09-13T14:00:00Z,1,0,0,0,0,0,0,0,0,0,0,0,0.0,0.0,0.0,0.0,0,0.0,0.0,0.0,0.0,False,a,,,,,2526
738,37096,4,40,Lukasz Fabianski,Fabianski,1,0.0,4.5,19,18,Home,2025-09-13T16:30:00Z,0,3,0,0,0,0,0,0,0,0,0,0,0.0,0.0,0.0,0.0,0,0.0,0.0,0.0,0.0,False,d,Back injury - 25% chance of playing,,,,2526
739,590039,4,38,Divine Mukasa,Mukasa,3,0.0,4.4,13,14,Home,2025-09-14T15:30:00Z,3,0,0,0,0,0,0,0,0,0,0,0,0.0,0.0,0.0,0.0,0,0.0,0.0,0.0,0.0,False,u,has joined Leicester City on loan for the rest of the season.,,,,2526
740,566213,4,38,Stephen Mfuni,Mfuni,2,0.0,3.9,13,14,Home,2025-09-14T15:30:00Z,3,0,0,0,0,0,0,0,0,0,0,0,0.0,0.0,0.0,0.0,0,0.0,0.0,0.0,0.0,False,u,has joined Watford on loan for the rest of the season.,,,,2526
