player_id,player_code,gameweek,fixture_id,name,web_name,position_id,selected_by_percent,value,team_id,opponent_id,h_a,kickoff_time,team_score,opponent_score,minutes,goals_scored,assists,clean_sheets,goals_conceded,yellow_cards,red_cards,bonus,bps,total_points,xG,xA,xGI,xGC,DefCon,ict_index,influence,creativity,threat,in_dreamteam,status,news,corners_indirect_freekicks_order,direct_freekicks_order,penalties_order,season
1,154561,34,331.0,David Raya Martín,Raya,1,34.2,6.0,1,15.0,Home,2026-04-25T16:30:00Z,1.0,0.0,90,0,0,1,0,0,0,3,31,10,0.0,0.0,0.0,1.0,0,2.3,23.2,0.0,0.0,True,a,,,,,2526
2,109745,34,331.0,Kepa Arrizabalaga Revuelta,Arrizabalaga,1,0.4,4.0,1,15.0,Home,2026-04-25T16:30:00Z,1.0,0.0,0,0,0,0,0,0,0,0,0,0,0.0,0.0,0.0,0.0,0,0.0,0.0,0.0,0.0,False,a,,,,,2526
3,463748,34,331.0,Karl Hein,Hein,1,0.2,4.0,1,15.0,Home,2026-04-25T16:30:00Z,1.0,0.0,0,0,0,0,0,0,0,0,0,0,0.0,0.0,0.0,0.0,0,0.0,0.0,0.0,0.0,False,u,Has joined Werder Bremen on loan for the rest of the season.,,,,2526
4,551221,34,331.0,Tommy Setford,Setford,1,0.2,3.9,1,15.0,Home,2026-04-25T16:30:00Z,1.0,0.0,0,0,0,0,0,0,0,0,0,0,0.0,0.0,0.0,0.0,0,0.0,0.0,0.0,0.0,False,a,,,,,2526
5,226597,34,331.0,Gabriel dos Santos Magalhães,Gabriel,2,43.5,7.2,1,15.0,Home,2026-04-25T16:30:00Z,1.0,0.0,90,0,0,1,0,0,0,2,29,8,0.0,0.01,0.01,1.0,9,4.4,27.2,14.5,2.0,False,a,,,,,2526
6,462424,34,331.0,William Saliba,Saliba,2,14.5,6.1,1,15.0,Home,2026-04-25T16:30:00Z,1.0,0.0,90,0,0,1,0,0,0,1,28,7,0.0,0.01,0.01,1.0,6,1.7,14.6,1.9,0.0,False,a,,,,,2526
7,466075,34,331.0,Riccardo Calafiori,Calafiori,2,5.9,5.6,1,15.0,Home,2026-04-25T16:30:00Z,1.0,0.0,0,0,0,0,0,0,0,0,0,0,0.0,0.0,0.0,0.0,0,0.0,0.0,0.0,0.0,False,d,Knock - 75% chance of playing,,,,2526
8,445122,34,331.0,Jurriën Timber,J.Timber,2,18.9,6.1,1,15.0,Home,2026-04-25T16:30:00Z,1.0,0.0,0,0,0,0,0,0,0,0,0,0,0.0,0.0,0.0,0.0,0,0.0,0.0,0.0,0.0,False,i,Ankle injury - Unknown return date,,,,2526
9,440854,34,331.0,Jakub Kiwior,Kiwior,2,0.0,5.4,1,15.0,Home,2026-04-25T16:30:00Z,1.0,0.0,0,0,0,0,0,0,0,0,0,0,0.0,0.0,0.0,0.0,0,0.0,0.0,0.0,0.0,False,u,has joined Porto on loan for the rest of the season.,,,,2526
10,499169,34,331.0,Myles Lewis-Skelly,Lewis-Skelly,2,1.4,5.0,1,15.0,Home,2026-04-25T16:30:00Z,1.0,0.0,9,0,0,0,0,0,0,0,3,1,0.0,0.01,0.01,0.06,1,0.6,5.4,0.6,0.0,False,a,,,,,2526
11,198869,34,331.0,Benjamin White,White,2,0.5,5.1,1,15.0,Home,2026-04-25T16:30:00Z,1.0,0.0,90,0,0,1,0,0,0,0,23,6,0.0,0.03,0.03,1.0,3,1.7,9.4,7.4,0.0,False,a,,,,,2526
12,206325,34,338.0,Oleksandr Zinchenko,Zinchenko,2,0.2,4.9,16,17.0,Away,2026-04-24T19:00:00Z,5.0,0.0,0,0,0,0,0,0,0,0,0,0,0.0,0.0,0.0,0.0,0,0.0,0.0,0.0,0.0,False,u,has joined Ajax permanently.,,,,2526
13,563324,34,331.0,Brayden Clarke,Clarke,2,0.4,3.7,1,15.0,Home,2026-04-25T16:30:00Z,1.0,0.0,0,0,0,0,0,0,0,0,0,0,0.0,0.0,0.0,0.0,0,0.0,0.0,0.0,0.0,False,a,,,,,2526
14,588793,34,331.0,Maldini Kacurri,Kacurri,2,0.1,3.9,1,15.0,Home,2026-04-25T16:30:00Z,1.0,0.0,0,0,0,0,0,0,0,0,0,0,0.0,0.0,0.0,0.0,0,0.0,0.0,0.0,0.0,False,u,has joined Morecambe on loan for the rest of the season.,,,,2526
15,499167,34,331.0,Josh Nichols,Nichols,2,0.2,3.7,1,15.0,Home,2026-04-25T16:30:00Z,1.0,0.0,0,0,0,0,0,0,0,0,0,0,0.0,0.0,0.0,0.0,0,0.0,0.0,0.0,0.0,False,a,,,,,2526
16,223340,34,331.0,Bukayo Saka,Saka,3,7.1,9.8,1,15.0,Home,2026-04-25T16:30:00Z,1.0,0.0,9,0,0,0,0,0,0,0,2,1,0.04,0.01,0.05,0.06,1,2.2,2.2,10.4,9.0,False,a,,2.0,2.0,1.0,2526
17,184029,34,331.0,Martin Ødegaard,Ødegaard,3,1.6,7.8,1,15.0,Home,2026-04-25T16:30:00Z,1.0,0.0,90,0,0,1,0,0,0,0,19,3,0.03,0.2,0.23,1.0,8,7.6,19.2,43.6,13.0,False,a,,4.0,,3.0,2526
18,248857,34,331.0,Noni Madueke,Madueke,3,0.8,6.8,1,15.0,Home,2026-04-25T16:30:00Z,1.0,0.0,80,0,0,1,0,0,0,0,5,3,0.03,0.17,0.2,0.94,3,4.0,4.8,14.3,21.0,False,a,,3.0,,,2526
19,444145,34,331.0,Gabriel Martinelli Silva,Martinelli,3,0.9,6.8,1,15.0,Home,2026-04-25T16:30:00Z,1.0,0.0,37,0,0,0,0,1,0,0,1,0,0.12,0.01,0.13,0.64,4,3.9,5.0,12.3,22.0,False,a,,,,,2526
20,116216,34,331.0,Leandro Trossard,Trossard,3,0.8,6.5,1,15.0,Home,2026-04-25T16:30:00Z,1.0,0.0,0,0,0,0,0,0,0,0,0,0,0.0,0.0,0.0,0.0,0,0.0,0.0,0.0,0.0,False,a,,,,4.0,2526
21,204480,34,331.0,Declan Rice,Rice,3,24.4,7.2,1,15.0,Home,2026-04-25T16:30:00Z,1.0,0.0,90,0,0,1,0,1,0,0,5,2,0.0,0.02,0.02,1.0,3,1.3,4.2,4.8,4.0,False,a,,1.0,1.0,,2526
22,195384,34,331.0,Mikel Merino Zazón,Merino,3,0.8,5.4,1,15.0,Home,2026-04-25T16:30:00Z,1.0,0.0,0,0,0,0,0,0,0,0,0,0,0.0,0.0,0.0,0.0,0,0.0,0.0,0.0,0.0,False,i,Foot injury - Unknown return date,,,,2526
23,438098,34,331.0,Fábio Ferreira Vieira,Fábio Vieira,3,0.0,5.4,1,15.0,Home,2026-04-25T16:30:00Z,1.0,0.0,0,0,0,0,0,0,0,0,0,0,0.0,0.0,0.0,0.0,0,0.0,0.0,0.0,0.0,False,u,has joined Hamburger on loan for the rest of the season.,,,,2526
24,128295,34,331.0,Christian Nørgaard,Nørgaard,3,0.1,5.1,1,15.0,Home,2026-04-25T16:30:00Z,1.0,0.0,0,0,0,0,0,0,0,0,0,0,0.0,0.0,0.0,0.0,0,0.0,0.0,0.0,0.0,False,a,,,,,2526
25,499175,34,331.0,Ethan Nwaneri,Nwaneri,3,0.1,5.0,1,15.0,Home,2026-04-25T16:30:00Z,1.0,0.0,0,0,0,0,0,0,0,0,0,0,0.0,0.0,0.0,0.0,0,0.0,0.0,0.0,0.0,False,u,has joined Marseille on loan for the rest of the season.,,,,2526
26,481655,34,331.0,Martín Zubimendi Ibáñez,Zubimendi,3,3.1,5.0,1,15.0,Home,2026-04-25T16:30:00Z,1.0,0.0,80,0,0,1,0,0,0,0,19,5,0.07,0.02,0.09,0.94,16,3.9,16.6,13.4,9.0,False,a,,,,,2526
27,200641,34,337.0,Reiss Nelson,Nelson,3,0.1,4.8,5,14.0,Away,2026-04-27T19:00:00Z,1.0,2.0,17,0,1,0,0,0,0,0,13,4,0.0,0.02,0.02,0.02,1,3.9,20.4,14.3,4.0,False,a,,,,,2526
28,588796,34,331.0,Ismeal Kabia,Kabia,3,0.1,4.5,1,15.0,Home,2026-04-25T16:30:00Z,1.0,0.0,0,0,0,0,0,0,0,0,0,0,0.0,0.0,0.0,0.0,0,0.0,0.0,0.0,0.0,False,u,has joined Shrewsbury Town on loan for the rest of the season.,,,,2526
29,437742,34,331.0,Albert Sambi Lokonga,Sambi,3,0.0,4.5,1,15.0,Home,2026-04-25T16:30:00Z,1.0,0.0,0,0,0,0,0,0,0,0,0,0,0.0,0.0,0.0,0.0,0,0.0,0.0,0.0,0.0,False,u,has joined Hamburger permanently.,,,,2526
30,219847,34,331.0,Kai Havertz,Havertz,4,0.8,7.3,1,15.0,Home,2026-04-25T16:30:00Z,1.0,0.0,33,0,1,0,0,0,0,0,13,4,0.0,0.03,0.03,0.33,1,3.3,18.2,11.0,4.0,False,d,Muscle injury - 75% chance of playing,,,,2526
31,205651,34,331.0,Gabriel Fernando de Jesus,G.Jesus,4,0.3,6.4,1,15.0,Home,2026-04-25T16:30:00Z,1.0,0.0,0,0,0,0,0,0,0,0,0,0,0.0,0.0,0.0,0.0,0,0.0,0.0,0.0,0.0,False,a,,,,,2526
32,98980,34,335.0,Emiliano Martínez Romero,Martinez,1,4.8,5.1,2,10.0,Away,2026-04-25T11:30:00Z,0.0,1.0,90,0,0,0,1,0,0,0,24,3,0.0,0.0,0.0,1.18,0,3.8,38.4,0.0,0.0,False,a,,,,,2526
33,72147,34,335.0,Marco Bizot,M.Bizot,1,0.4,4.2,2,10.0,Away,2026-04-25T11:30:00Z,0.0,1.0,0,0,0,0,0,0,0,0,0,0,0.0,0.0,0.0,0.0,0,0.0,0.0,0.0,0.0,False,a,,,,,2526
34,462492,34,335.0,Joe Gauci,Gauci,1,0.1,4.0,2,10.0,Away,2026-04-25T11:30:00Z,0.0,1.0,0,0,0,0,0,0,0,0,0,0,0.0,0.0,0.0,0.0,0,0.0,0.0,0.0,0.0,False,u,Has joined Port Vale on loan for the rest of the season.,,,,2526
35,462381,34,335.0,Filip Marschall,Marschall,1,0.0,4.0,2,10.0,Away,2026-04-25T11:30:00Z,0.0,1.0,0,0,0,0,0,0,0,0,0,0,0.0,0.0,0.0,0.0,0,0.0,0.0,0.0,0.0,False,u,Has joined Stevenage permanently.,,,,2526
36,199796,34,335.0,Matty Cash,Cash,2,8.4,4.7,2,10.0,Away,2026-04-25T11:30:00Z,0.0,1.0,90,0,0,0,1,0,0,0,13,2,0.0,0.03,0.03,1.18,7,4.4,19.0,23.2,2.0,False,a,,3.0,,,2526
37,101188,34,335.0,Lucas Digne,Digne,2,1.6,4.5,2,10.0,Away,2026-04-25T11:30:00Z,0.0,1.0,90,0,0,0,1,0,0,0,2,2,0.02,0.01,0.03,1.18,3,0.4,1.0,1.8,1.0,False,a,,2.0,2.0,,2526
38,199798,34,335.0,Ezri Konsa Ngoyo,Konsa,2,7.8,4.4,2,10.0,Away,2026-04-25T11:30:00Z,0.0,1.0,90,0,0,0,1,0,0,0,11,2,0.0,0.01,0.01,1.18,5,2.1,19.2,1.3,0.0,False,a,,,,,2526
39,441302,34,335.0,Ian Maatsen,Maatsen,2,0.6,4.2,2,10.0,Away,2026-04-25T11:30:00Z,0.0,1.0,0,0,0,0,0,0,0,0,0,0,0.0,0.0,0.0,0.0,0,0.0,0.0,0.0,0.0,False,a,,,,,2526
40,149484,34,335.0,Tyrone Mings,Mings,2,0.7,4.3,2,10.0,Away,2026-04-25T11:30:00Z,0.0,1.0,0,0,0,0,0,0,0,0,0,0,0.0,0.0,0.0,0.0,0,0.0,0.0,0.0,0.0,False,a,,,,,2526
41,244954,34,335.0,Pau Torres,Pau,2,0.3,4.3,2,10.0,Away,2026-04-25T11:30:00Z,0.0,1.0,90,0,0,0,1,1,0,0,6,1,0.0,0.02,0.02,1.18,4,2.5,20.2,4.4,0.0,False,a,,,,,2526
42,606798,34,335.0,Andrés García,A.García,2,0.2,3.9,2,10.0,Away,2026-04-25T11:30:00Z,0.0,1.0,0,0,0,0,0,0,0,0,0,0,0.0,0.0,0.0,0.0,0,0.0,0.0,0.0,0.0,False,a,,,,,2526
43,106468,34,335.0,Álex Moreno Lopera,Alex Moreno,2,1.6,4.0,2,10.0,Away,2026-04-25T11:30:00Z,0.0,1.0,0,0,0,0,0,0,0,0,0,0,0.0,0.0,0.0,0.0,0,0.0,0.0,0.0,0.0,False,u,Has joined Girona permanently.,,,,2526
44,515597,34,335.0,Lamare Bogarde,Bogarde,2,0.5,4.0,2,10.0,Away,2026-04-25T11:30:00Z,0.0,1.0,73,0,0,0,1,0,0,0,0,2,0.0,0.01,0.01,1.01,2,0.8,6.6,1.8,0.0,False,a,,,,,2526
45,514315,34,335.0,Lino da Cruz Sousa,Sousa,2,0.2,3.8,2,10.0,Away,2026-04-25T11:30:00Z,0.0,1.0,0,0,0,0,0,0,0,0,0,0,0.0,0.0,0.0,0.0,0,0.0,0.0,0.0,0.0,False,u,has joined Rotherham on loan for the rest of the season.,,,,2526
46,587178,34,335.0,Yasin Özcan,Yasin,2,0.1,4.0,2,10.0,Away,2026-04-25T11:30:00Z,0.0,1.0,0,0,0,0,0,0,0,0,0,0,0.0,0.0,0.0,0.0,0,0.0,0.0,0.0,0.0,False,u,has joined Anderlecht on loan for the rest of the season.,,,,2526
47,244850,34,335.0,Morgan Rogers,Rogers,3,25.0,7.5,2,10.0,Away,2026-04-25T11:30:00Z,0.0,1.0,90,0,0,0,1,0,0,0,-2,2,0.15,0.02,0.17,1.18,2,2.2,0.0,6.6,18.0,False,a,,,1.0,,2526
48,166989,34,335.0,Youri Tielemans,Tielemans,3,0.7,5.9,2,10.0,Away,2026-04-25T11:30:00Z,0.0,1.0,73,0,0,0,1,0,0,0,18,2,0.04,0.02,0.06,1.01,9,2.1,8.8,5.8,6.0,False,a,,5.0,,,2526
49,215711,34,335.0,Leon Bailey,Bailey,3,0.1,5.5,2,10.0,Away,2026-04-25T11:30:00Z,0.0,1.0,16,0,0,0,0,0,0,0,2,1,0.0,0.0,0.0,0.17,2,0.1,0.2,0.3,0.0,False,a,,4.0,,,2526
50,195546,34,335.0,Emiliano Buendía Stati,Buendía,3,0.4,5.3,2,10.0,Away,2026-04-25T11:30:00Z,0.0,1.0,73,0,0,0,1,0,0,0,10,2,0.04,0.02,0.06,1.01,7,1.6,6.2,6.8,3.0,False,a,,,6.0,2.0,2526
51,469247,34,335.0,Samuel Iling-Junior,Iling Jr,3,0.0,5.5,2,10.0,Away,2026-04-25T11:30:00Z,0.0,1.0,0,0,0,0,0,0,0,0,0,0,0.0,0.0,0.0,0.0,0,0.0,0.0,0.0,0.0,False,u,has joined Pisa on loan for the rest of the season.,,,,2526
52,232653,34,331.0,Jacob Ramsey,J.Ramsey,3,0.2,5.3,15,1.0,Away,2026-04-25T16:30:00Z,0.0,1.0,90,0,0,0,1,0,0,0,12,2,0.03,0.01,0.04,0.49,8,4.6,13.6,22.8,10.0,False,a,,,,,2526
53,204646,34,335.0,Donyell Malen,Malen,3,0.4,5.1,2,10.0,Away,2026-04-25T11:30:00Z,0.0,1.0,0,0,0,0,0,0,0,0,0,0,0.0,0.0,0.0,0.0,0,0.0,0.0,0.0,0.0,False,u,has joined Roma on loan for the rest of the season.,,,,2526
54,122806,34,335.0,John McGinn,McGinn,3,0.7,5.3,2,10.0,Away,2026-04-25T11:30:00Z,0.0,1.0,73,0,0,0,1,0,0,0,19,2,0.0,0.14,0.14,1.01,2,7.6,15.4,58.4,2.0,False,a,,,,,2526
55,88894,34,335.0,Ross Barkley,Barkley,3,0.1,4.8,2,10.0,Away,2026-04-25T11:30:00Z,0.0,1.0,16,0,0,0,0,0,0,0,3,1,0.0,0.0,0.0,0.17,1,0.1,1.0,0.4,0.0,False,a,,,,,2526
56,491287,34,335.0,Enzo Barrenechea,Barrenechea,3,0.0,5.0,2,10.0,Away,2026-04-25T11:30:00Z,0.0,1.0,0,0,0,0,0,0,0,0,0,0,0.0,0.0,0.0,0.0,0,0.0,0.0,0.0,0.0,False,u,Season-long loan to Benfica,,,,2526
57,461421,34,335.0,Lewis Dobbin,Dobbin,3,0.0,5.0,2,10.0,Away,2026-04-25T11:30:00Z,0.0,1.0,0,0,0,0,0,0,0,0,0,0,0.0,0.0,0.0,0.0,0,0.0,0.0,0.0,0.0,False,u,Has joined Preston North End on loan for the rest of the season.,,,,2526
58,226944,34,335.0,Boubacar Kamara,Kamara,3,0.2,4.9,2,10.0,Away,2026-04-25T11:30:00Z,0.0,1.0,0,0,0,0,0,0,0,0,0,0,0.0,0.0,0.0,0.0,0,0.0,0.0,0.0,0.0,False,i,Knee injury - Expected back 01 Jun,,,,2526
59,449871,34,335.0,Amadou Onana,Onana,3,0.7,4.8,2,10.0,Away,2026-04-25T11:30:00Z,0.0,1.0,0,0,0,0,0,0,0,0,0,0,0.0,0.0,0.0,0.0,0,0.0,0.0,0.0,0.0,False,d,Knock - 75% chance of playing,,,,2526
60,577731,34,335.0,Ben Broggio,Broggio,3,0.2,4.4,2,10.0,Away,2026-04-25T11:30:00Z,0.0,1.0,0,0,0,0,0,0,0,0,0,0,0.0,0.0,0.0,0.0,0,0.0,0.0,0.0,0.0,False,u,has joined Falkirk on loan for the rest of the season.,,,,2526
61,151589,34,335.0,Leander Dendoncker,Dendoncker,3,0.1,4.5,2,10.0,Away,2026-04-25T11:30:00Z,0.0,1.0,0,0,0,0,0,0,0,0,0,0,0.0,0.0,0.0,0.0,0,0.0,0.0,0.0,0.0,False,u,Has joined Real Oviedo permanently.,,,,2526
62,559962,34,335.0,Jamaldeen Jimoh-Aloba,Jimoh-Aloba,3,0.1,4.5,2,10.0,Away,2026-04-25T11:30:00Z,0.0,1.0,0,0,0,0,0,0,0,0,0,0,0.0,0.0,0.0,0.0,0,0.0,0.0,0.0,0.0,False,u,has joined West Brom on loan for the rest of the season.,,,,2526
63,537403,34,335.0,Kadan Young,Young,3,0.5,4.3,2,10.0,Away,2026-04-25T11:30:00Z,0.0,1.0,0,0,0,0,0,0,0,0,0,0,0.0,0.0,0.0,0.0,0,0.0,0.0,0.0,0.0,False,u,has joined Reading on loan for the rest of the season.,,,,2526
64,178301,34,335.0,Ollie Watkins,Watkins,4,15.9,8.8,2,10.0,Away,2026-04-25T11:30:00Z,0.0,1.0,79,0,0,0,1,0,0,0,5,2,0.39,0.02,0.41,1.01,2,3.2,4.2,10.9,17.0,False,a,,,,3.0,2526
65,576756,34,335.0,Zépiqueno Redmond,Redmond,4,0.3,4.5,2,10.0,Away,2026-04-25T11:30:00Z,0.0,1.0,0,0,0,0,0,0,0,0,0,0,0.0,0.0,0.0,0.0,0,0.0,0.0,0.0,0.0,False,u,has joined Huddersfield Town on loan for the rest of the season.,,,,2526
66,69752,34,,Norberto Murara Neto,Neto,1,0.1,4.5,4,,,,,,0,0,0,0,0,0,0,0,0,0,0.0,0.0,0.0,0.0,0,0.0,0.0,0.0,0.0,False,u,Has joined Botafogo permanently.,,,,2526
67,457569,34,,Đorđe Petrović,Petrović,1,5.3,4.6,4,,,,,,0,0,0,0,0,0,0,0,0,0,0.0,0.0,0.0,0.0,0,0.0,0.0,0.0,0.0,False,a,,,,,2526
68,444172,34,,Will Dennis,Dennis,1,0.7,4.0,4,,,,,,0,0,0,0,0,0,0,0,0,0,0.0,0.0,0.0,0.0,0,0.0,0.0,0.0,0.0,False,u,has joined Leyton Orient on loan for the rest of the season.,,,,2526
69,568791,34,,Callan McKenna,McKenna,1,0.2,3.9,4,,,,,,0,0,0,0,0,0,0,0,0,0,0.0,0.0,0.0,0.0,0,0.0,0.0,0.0,0.0,False,a,,,,,2526
70,495145,34,,Alex Paulsen,Paulsen,1,0.1,4.0,4,,,,,,0,0,0,0,0,0,0,0,0,0,0.0,0.0,0.0,0.0,0,0.0,0.0,0.0,0.0,False,u,Has joined Lechia Gdansk on loan for the rest of the season.,,,,2526
71,477580,34,,Illia Zabarnyi,Zabarnyi,2,0.0,5.0,4,,,,,,0,0,0,0,0,0,0,0,0,0,0.0,0.0,0.0,0.0,0,0.0,0.0,0.0,0.0,False,u,Has joined Paris Saint-Germain permanently.,,,,2526
72,221466,34,,Marcos Senesi Barón,Senesi,2,21.1,5.2,4,,,,,,0,0,0,0,0,0,0,0,0,0,0.0,0.0,0.0,0.0,0,0.0,0.0,0.0,0.0,False,a,,,,,2526
73,54469,34,,Adam Smith,Smith,2,0.2,4.4,4,,,,,,0,0,0,0,0,0,0,0,0,0,0.0,0.0,0.0,0.0,0,0.0,0.0,0.0,0.0,False,a,,,,,2526
74,494521,34,,Adrien Truffert,Truffert,2,4.3,4.7,4,,,,,,0,0,0,0,0,0,0,0,0,0,0.0,0.0,0.0,0.0,0,0.0,0.0,0.0,0.0,False,a,,,,,2526
75,541462,34,,Matai Akinmboni,Akinmboni,2,0.2,3.8,4,,,,,,0,0,0,0,0,0,0,0,0,0,0.0,0.0,0.0,0.0,0,0.0,0.0,0.0,0.0,False,a,,,,,2526
76,518906,34,,Owen Bevan,Bevan,2,0.2,3.8,4,,,,,,0,0,0,0,0,0,0,0,0,0,0.0,0.0,0.0,0.0,0,0.0,0.0,0.0,0.0,False,a,,,,,2526
77,463981,34,,James Hill,Hill,2,7.9,4.2,4,,,,,,0,0,0,0,0,0,0,0,0,0,0.0,0.0,0.0,0.0,0,0.0,0.0,0.0,0.0,False,a,,,,,2526
78,436893,34,,Julián Araujo Zúñiga,J.Araujo,2,0.5,3.8,4,,,,,,0,0,0,0,0,0,0,0,0,0,0.0,0.0,0.0,0.0,0,0.0,0.0,0.0,0.0,False,u,has joined Celtic on loan for the rest of the season.,,,,2526
79,223911,34,,Chris Mepham,Mepham,2,0.1,4.0,4,,,,,,0,0,0,0,0,0,0,0,0,0,0.0,0.0,0.0,0.0,0,0.0,0.0,0.0,0.0,False,u,has joined West Bromwich Albion permanently.,,,,2526
80,575901,34,,Julio Soler Barreto,Soler,2,0.2,3.9,4,,,,,,0,0,0,0,0,0,0,0,0,0,0.0,0.0,0.0,0.0,0,0.0,0.0,0.0,0.0,False,a,,,,,2526
81,222683,34,,Justin Kluivert,Kluivert,3,0.6,6.9,4,,,,,,0,0,0,0,0,0,0,0,0,0,0.0,0.0,0.0,0.0,0,0.0,0.0,0.0,0.0,False,i,Knee injury - Expected back 09 May,,3.0,1.0,2526
82,437730,34,,Antoine Semenyo,Semenyo,3,51.1,8.2,13,,,,,,0,0,0,0,0,0,0,0,0,0,0.0,0.0,0.0,0.0,0,0.0,0.0,0.0,0.0,False,a,,,4.0,,2526
83,533463,34,337.0,Dango Ouattara,O.Dango,3,2.3,5.8,5,14.0,Away,2026-04-27T19:00:00Z,1.0,2.0,90,0,0,0,2,1,0,0,0,1,0.63,0.19,0.82,1.27,5,7.8,12.0,30.0,36.0,False,a,,3.0,,,2526
84,201658,34,,Marcus Tavernier,Tavernier,3,5.1,5.4,4,,,,,,0,0,0,0,0,0,0,0,0,0,0.0,0.0,0.0,0.0,0,0.0,0.0,0.0,0.0,False,a,,2.0,2.0,4.0,2526
85,200785,34,,Tyler Adams,Adams,3,0.3,4.9,4,,,,,,0,0,0,0,0,0,0,0,0,0,0.0,0.0,0.0,0.0,0,0.0,0.0,0.0,0.0,False,a,,,,,2526
86,111317,34,,David Brooks,Brooks,3,0.2,5.0,4,,,,,,0,0,0,0,0,0,0,0,0,0,0.0,0.0,0.0,0.0,0,0.0,0.0,0.0,0.0,False,a,,5.0,4.0,,2526
87,158499,34,,Ryan Christie,Christie,3,0.2,4.9,4,,,,,,0,0,0,0,0,0,0,0,0,0,0.0,0.0,0.0,0.0,0,0.0,0.0,0.0,0.0,False,a,,6.0,,,2526
88,155408,34,,Lewis Cook,Cook,3,0.0,4.9,4,,,,,,0,0,0,0,0,0,0,0,0,0,0.0,0.0,0.0,0.0,0,0.0,0.0,0.0,0.0,False,d,Lack of match fitness - 50% chance of playing,4.0,,,2526
89,168991,34,,Philip Billing,Philip,3,0.0,4.9,4,,,,,,0,0,0,0,0,0,0,0,0,0,0.0,0.0,0.0,0.0,0,0.0,0.0,0.0,0.0,False,u,has joined Midtjylland permanently.,,,,2526
90,503139,34,,Alex Scott,Scott,3,2.6,5.1,4,,,,,,0,0,0,0,0,0,0,0,0,0,0.0,0.0,0.0,0.0,0,0.0,0.0,0.0,0.0,False,a,,3.0,6.0,,2526
91,224995,34,,Luis Sinisterra Lucumí,Sinisterra,3,0.0,5.0,4,,,,,,0,0,0,0,0,0,0,0,0,0,0.0,0.0,0.0,0.0,0,0.0,0.0,0.0,0.0,False,u,has joined Cruzeiro on loan for the rest of the season.,,,,2526
92,441240,34,,Romain Faivre,Faivre,3,0.1,4.5,4,,,,,,0,0,0,0,0,0,0,0,0,0,0.0,0.0,0.0,0.0,0,0.0,0.0,0.0,0.0,False,u,has joined Auxerre permanently.,,,,2526
93,424044,34,,Hamed Traorè,H.Traorè,3,0.3,4.5,4,,,,,,0,0,0,0,0,0,0,0,0,0,0.0,0.0,0.0,0.0,0,0.0,0.0,0.0,0.0,False,u,has joined Marseille on loan for the rest of the season.,,,,2526
94,550596,34,,Dominic Sadi,Sadi,3,0.0,4.5,4,,,,,,0,0,0,0,0,0,0,0,0,0,0.0,0.0,0.0,0.0,0,0.0,0.0,0.0,0.0,False,u,has joined Novi Pazar on loan for the rest of the season.,,,,2526
95,530121,34,,Zain Silcott-Duberry,Silcott-Duberry,3,0.1,4.4,4,,,,,,0,0,0,0,0,0,0,0,0,0,0.0,0.0,0.0,0.0,0,0.0,0.0,0.0,0.0,False,u,has joined Olympiakos permanently.,,,,2526
96,606775,34,,Ben Winterburn,Winterburn,3,0.0,4.5,4,,,,,,0,0,0,0,0,0,0,0,0,0,0.0,0.0,0.0,0.0,0,0.0,0.0,0.0,0.0,False,u,has joined Barnet on loan for the rest of the season.,,,,2526
97,444102,34,,Francisco Evanilson de Lima Barbosa,Evanilson,4,2.5,6.7,4,,,,,,0,0,0,0,0,0,0,0,0,0,0.0,0.0,0.0,0.0,0,0.0,0.0,0.0,0.0,False,a,,,,,2526
98,168636,34,,Enes Ünal,Enes Ünal,4,0.0,5.4,4,,,,,,0,0,0,0,0,0,0,0,0,0,0.0,0.0,0.0,0.0,0,0.0,0.0,0.0,0.0,False,a,,,1.0,,2526
99,590760,34,,Daniel Adu-Adjei,Adu-Adjei,4,0.1,4.4,4,,,,,,0,0,0,0,0,0,0,0,0,0,0.0,0.0,0.0,0.0,0,0.0,0.0,0.0,0.0,False,u,has joined HNK Rijeka permanently.,,,,2526
100,560262,34,,Junior Kroupi,Kroupi.Jr,4,5.7,4.6,4,,,,,,0,0,0,0,0,0,0,0,0,0,0.0,0.0,0.0,0.0,0,0.0,0.0,0.0,0.0,False,a,,,,2.0,2526
101,200720,34,337.0,Caoimhín Kelleher,Kelleher,1,12.8,4.8,5,14.0,Away,2026-04-27T19:00:00Z,1.0,2.0,90,0,0,0,2,0,0,0,9,2,0.0,0.0,0.0,1.27,0,2.7,27.2,0.0,0.0,False,a,,,,,2526
102,235448,34,337.0,Ellery Balcombe,Balcombe,1,0.3,3.9,5,14.0,Away,2026-04-27T19:00:00Z,1.0,2.0,0,0,0,0,0,0,0,0,0,0,0.0,0.0,0.0,0.0,0,0.0,0.0,0.0,0.0,False,a,,,,,2526
103,503300,34,337.0,Matthew Cox,Cox,1,0.1,3.9,5,14.0,Away,2026-04-27T19:00:00Z,1.0,2.0,0,0,0,0,0,0,0,0,0,0,0.0,0.0,0.0,0.0,0,0.0,0.0,0.0,0.0,False,u,has joined Shrewsbury Town on loan for the rest of the season.,,,,2526
104,535017,34,337.0,Julian Eyestone,Eyestone,1,0.1,3.9,5,14.0,Away,2026-04-27T19:00:00Z,1.0,2.0,0,0,0,0,0,0,0,0,0,0,0.0,0.0,0.0,0.0,0,0.0,0.0,0.0,0.0,False,a,,,,,2526
105,507433,34,337.0,Hákon Rafn Valdimarsson,Valdimarsson,1,0.7,3.8,5,14.0,Away,2026-04-27T19:00:00Z,1.0,2.0,0,0,0,0,0,0,0,0,0,0,0.0,0.0,0.0,0.0,0,0.0,0.0,0.0,0.0,False,a,,,,,2526
106,432830,34,337.0,Nathan Collins,Collins,2,2.7,4.9,5,14.0,Away,2026-04-27T19:00:00Z,1.0,2.0,90,0,0,0,2,1,0,0,4,2,0.0,0.05,0.05,1.27,10,2.1,17.8,1.4,2.0,False,a,,,,,2526
107,249231,34,337.0,Keane Lewis-Potter,Lewis-Potter,2,1.6,4.8,5,14.0,Away,2026-04-27T19:00:00Z,1.0,2.0,90,0,0,0,2,0,0,0,5,1,0.07,0.04,0.11,1.27,2,5.4,10.4,9.8,34.0,False,a,,,1.0,,2526
108,191866,34,337.0,Kristoffer Ajer,Ajer,2,0.2,4.4,5,14.0,Away,2026-04-27T19:00:00Z,1.0,2.0,0,0,0,0,0,0,0,0,0,0,0.0,0.0,0.0,0.0,0,0.0,0.0,0.0,0.0,False,a,,,,,2526
109,194010,34,337.0,Rico Henry,Henry,2,0.1,4.3,5,14.0,Away,2026-04-27T19:00:00Z,1.0,2.0,0,0,0,0,0,0,0,0,0,0,0.0,0.0,0.0,0.0,0,0.0,0.0,0.0,0.0,False,i,Hamstring injury - Unknown return date,,,,2526
110,607464,34,337.0,Michael Kayode,Kayode,2,1.1,4.6,5,14.0,Away,2026-04-27T19:00:00Z,1.0,2.0,90,0,0,0,2,0,0,0,3,1,0.56,0.02,0.58,1.27,4,3.2,11.2,1.9,19.0,False,a,,,,,2526
111,231065,34,337.0,Ethan Pinnock,Pinnock,2,0.1,4.2,5,14.0,Away,2026-04-27T19:00:00Z,1.0,2.0,0,0,0,0,0,0,0,0,0,0,0.0,0.0,0.0,0.0,0,0.0,0.0,0.0,0.0,False,a,,,,,2526
112,226956,34,337.0,Mads Roerslev Rasmussen,Roerslev,2,0.0,4.5,5,14.0,Away,2026-04-27T19:00:00Z,1.0,2.0,0,0,0,0,0,0,0,0,0,0,0.0,0.0,0.0,0.0,0,0.0,0.0,0.0,0.0,False,u,Has joined Southampton permanently.,,,,2526
113,444765,34,337.0,Sepp van den Berg,Van den Berg,2,1.3,4.5,5,14.0,Away,2026-04-27T19:00:00Z,1.0,2.0,90,0,0,0,2,1,0,0,14,0,0.0,0.03,0.03,1.27,7,2.4,14.8,1.6,8.0,False,a,,,,,2526
114,622536,34,337.0,Benjamin Arthur,Arthur,2,0.2,3.8,5,14.0,Away,2026-04-27T19:00:00Z,1.0,2.0,0,0,0,0,0,0,0,0,0,0,0.0,0.0,0.0,0.0,0,0.0,0.0,0.0,0.0,False,u,has joined Celtic on loan for the rest of the season.,,,,2526
115,612534,34,337.0,Benjamin Fredrick,Fredrick,2,0.1,4.0,5,14.0,Away,2026-04-27T19:00:00Z,1.0,2.0,0,0,0,0,0,0,0,0,0,0,0.0,0.0,0.0,0.0,0,0.0,0.0,0.0,0.0,False,u,has joined Dender on loan for the rest of the season.,,,,2526
116,472713,34,337.0,Aaron Hickey,Hickey,2,0.3,4.0,5,14.0,Away,2026-04-27T19:00:00Z,1.0,2.0,0,0,0,0,0,0,0,0,0,0,0.0,0.0,0.0,0.0,0,0.0,0.0,0.0,0.0,False,a,,,,,2526
117,570241,34,337.0,Kim Ji-soo,Ji-soo,2,0.1,3.9,5,14.0,Away,2026-04-27T19:00:00Z,1.0,2.0,0,0,0,0,0,0,0,0,0,0,0.0,0.0,0.0,0.0,0,0.0,0.0,0.0,0.0,False,u,has joined Kaiserslautern on loan for the rest of the season.,,,,2526
118,499717,34,337.0,Jayden Meghoma,Meghoma,2,0.0,4.0,5,14.0,Away,2026-04-27T19:00:00Z,1.0,2.0,0,0,0,0,0,0,0,0,0,0,0.0,0.0,0.0,0.0,0,0.0,0.0,0.0,0.0,False,u,Has joined Rangers on loan for the rest of the season.,,,,2526
119,446008,34,337.0,Bryan Mbeumo,Mbeumo,3,16.9,8.4,14,5.0,Home,2026-04-27T19:00:00Z,2.0,1.0,73,0,0,1,0,0,0,0,9,3,0.0,0.04,0.04,1.34,4,4.3,7.8,27.3,8.0,False,a,,2.0,2.0,,2526
120,513418,34,337.0,Kevin Schade,Schade,3,1.7,6.9,5,14.0,Away,2026-04-27T19:00:00Z,1.0,2.0,72,0,0,0,2,0,0,0,7,2,0.0,0.01,0.01,1.26,4,0.6,0.4,1.8,4.0,False,a,,,,3.0,2526
121,440089,34,337.0,Mikkel Damsgaard,Damsgaard,3,0.8,5.6,5,14.0,Away,2026-04-27T19:00:00Z,1.0,2.0,90,0,0,0,2,0,0,0,18,2,0.11,0.44,0.55,1.27,7,8.3,15.4,34.3,33.0,False,a,,,3.0,,2526
122,543295,34,337.0,Antoni Milambo,Milambo,3,0.0,5.2,5,14.0,Away,2026-04-27T19:00:00Z,1.0,2.0,0,0,0,0,0,0,0,0,0,0,0.0,0.0,0.0,0.0,0,0.0,0.0,0.0,0.0,False,i,Knee injury - Expected back 01 Jun,,,,2526
123,244858,34,337.0,Fábio Freitas Gouveia Carvalho,Carvalho,3,0.1,4.6,5,14.0,Away,2026-04-27T19:00:00Z,1.0,2.0,0,0,0,0,0,0,0,0,0,0,0.0,0.0,0.0,0.0,0,0.0,0.0,0.0,0.0,False,i,Knee injury - Expected back 01 Jun,,,4.0,2526
124,56979,34,337.0,Jordan Henderson,Henderson,3,0.3,5.0,5,14.0,Away,2026-04-27T19:00:00Z,1.0,2.0,0,0,0,0,0,0,0,0,0,0,0.0,0.0,0.0,0.0,0,0.0,0.0,0.0,0.0,False,d,Knock - 50% chance of playing,,,,2526
125,204580,34,337.0,Vitaly Janelt,Janelt,3,0.1,4.9,5,14.0,Away,2026-04-27T19:00:00Z,1.0,2.0,0,0,0,0,0,0,0,0,0,0,0.0,0.0,0.0,0.0,0,0.0,0.0,0.0,0.0,False,i,Foot injury - Unknown return date,2.0,,,2526
126,207283,34,337.0,Mathias Jensen,Jensen,3,0.1,4.9,5,14.0,Away,2026-04-27T19:00:00Z,1.0,2.0,90,1,0,0,2,0,0,1,34,10,0.06,0.4,0.46,1.27,12,8.3,48.0,27.3,8.0,False,a,,1.0,2.0,5.0,2526
127,626464,34,337.0,Gustavo Nunes Fernandes Gomes,Nunes,3,0.0,4.9,5,14.0,Away,2026-04-27T19:00:00Z,1.0,2.0,0,0,0,0,0,0,0,0,0,0,0.0,0.0,0.0,0.0,0,0.0,0.0,0.0,0.0,False,u,has joined Swansea City on loan for the rest of the season.,,,,2526
128,428580,34,337.0,Frank Onyeka,Onyeka,3,0.0,4.8,5,14.0,Away,2026-04-27T19:00:00Z,1.0,2.0,0,0,0,0,0,0,0,0,0,0,0.0,0.0,0.0,0.0,0,0.0,0.0,0.0,0.0,False,u,has joined Coventry City on loan for the rest of the season.,,,,2526
129,508395,34,337.0,Yehor Yarmoliuk,Yarmoliuk,3,0.1,5.0,5,14.0,Away,2026-04-27T19:00:00Z,1.0,2.0,90,0,0,0,2,0,0,0,16,4,0.0,0.02,0.02,1.27,15,2.7,18.8,6.2,2.0,False,a,,,,,2526
130,606689,34,337.0,Romelle Donovan,Donovan,3,0.1,4.4,5,14.0,Away,2026-04-27T19:00:00Z,1.0,2.0,0,0,0,0,0,0,0,0,0,0,0.0,0.0,0.0,0.0,0,0.0,0.0,0.0,0.0,False,a,,,,,2526
131,628204,34,337.0,Yunus Emre Konak,Konak,3,0.1,4.3,5,14.0,Away,2026-04-27T19:00:00Z,1.0,2.0,0,0,0,0,0,0,0,0,0,0,0.0,0.0,0.0,0.0,0,0.0,0.0,0.0,0.0,False,u,has joined Oxford United on loan for the rest of the season.,,,,2526
132,220695,34,337.0,Paris Maghoma,Maghoma,3,0.0,4.5,5,14.0,Away,2026-04-27T19:00:00Z,1.0,2.0,0,0,0,0,0,0,0,0,0,0,0.0,0.0,0.0,0.0,0,0.0,0.0,0.0,0.0,False,u,has joined Norwich City permanently.,,,,2526
133,450539,34,337.0,Myles Peart-Harris,Peart-Harris,3,0.0,4.4,5,14.0,Away,2026-04-27T19:00:00Z,1.0,2.0,0,0,0,0,0,0,0,0,0,0,0.0,0.0,0.0,0.0,0,0.0,0.0,0.0,0.0,False,u,has joined Oxford United permanently.,,,,2526
134,591357,34,337.0,Ryan Trevitt,Trevitt,3,0.0,4.5,5,14.0,Away,2026-04-27T19:00:00Z,1.0,2.0,0,0,0,0,0,0,0,0,0,0,0.0,0.0,0.0,0.0,0,0.0,0.0,0.0,0.0,False,u,Has joined Wigan on loan for the rest of the season,,,,2526
135,216646,34,331.0,Yoane Wissa,Wissa,4,0.6,7.3,15,1.0,Away,2026-04-25T16:30:00Z,0.0,1.0,24,0,0,0,0,0,0,0,-5,1,0.56,0.0,0.56,0.29,0,0.9,0.0,0.0,12.0,False,a,,,,,2526
136,502500,34,337.0,Igor Thiago Nascimento Rodrigues,Thiago,4,35.3,7.4,5,14.0,Away,2026-04-27T19:00:00Z,1.0,2.0,90,0,0,0,2,1,0,0,-2,1,0.0,0.03,0.03,1.27,4,4.2,7.2,24.8,10.0,False,a,,,,2.0,2526
137,533710,34,337.0,Iwan Morgan,Morgan,4,0.3,4.4,5,14.0,Away,2026-04-27T19:00:00Z,1.0,2.0,0,0,0,0,0,0,0,0,0,0,0.0,0.0,0.0,0.0,0,0.0,0.0,0.0,0.0,False,u,has joined Shrewsbury on loan for the rest of the season.,,,,2526
138,49262,34,,Jason Steele,Steele,1,0.2,4.2,6,,,,,,0,0,0,0,0,0,0,0,0,0,0.0,0.0,0.0,0.0,0,0.0,0.0,0.0,0.0,False,a,,,,,2526
139,489639,34,,Bart Verbruggen,Verbruggen,1,8.9,4.5,6,,,,,,0,0,0,0,0,0,0,0,0,0,0.0,0.0,0.0,0.0,0,0.0,0.0,0.0,0.0,False,a,,,,,2526
140,209288,34,,Tom McGill,McGill,1,0.3,3.9,6,,,,,,0,0,0,0,0,0,0,0,0,0,0.0,0.0,0.0,0.0,0,0.0,0.0,0.0,0.0,False,a,,,,,2526
141,472739,34,,Carl Rushworth,Rushworth,1,0.0,4.0,6,,,,,,0,0,0,0,0,0,0,0,0,0,0.0,0.0,0.0,0.0,0,0.0,0.0,0.0,0.0,False,u,Has joined Coventry City on loan for the rest of the season.,,,,2526
142,240514,34,,Kjell Scherpen,Scherpen,1,0.0,4.0,6,,,,,,0,0,0,0,0,0,0,0,0,0,0.0,0.0,0.0,0.0,0,0.0,0.0,0.0,0.0,False,u,Has joined Union SG permanently,,,,2526
143,204120,34,,Olivier Boscagli,Boscagli,2,0.1,4.2,6,,,,,,0,0,0,0,0,0,0,0,0,0,0.0,0.0,0.0,0.0,0,0.0,0.0,0.0,0.0,False,a,,3.0,,,2526
144,550090,34,,Diego Coppola,Coppola,2,0.0,4.2,6,,,,,,0,0,0,0,0,0,0,0,0,0,0.0,0.0,0.0,0.0,0,0.0,0.0,0.0,0.0,False,u,has joined Paris FC on loan for the rest of the season.,,,,2526
145,465730,34,,Maxim De Cuyper,De Cuyper,2,1.5,4.3,6,,,,,,0,0,0,0,0,0,0,0,0,0,0.0,0.0,0.0,0.0,0,0.0,0.0,0.0,0.0,False,a,,,1.0,,2526
146,83299,34,,Lewis Dunk,Dunk,2,0.9,4.5,6,,,,,,0,0,0,0,0,0,0,0,0,0,0.0,0.0,0.0,0.0,0,0.0,0.0,0.0,0.0,False,a,,,3.0,,2526
147,204214,34,,Pervis Estupiñán Tenorio,Estupiñan,2,0.0,4.5,6,,,,,,0,0,0,0,0,0,0,0,0,0,0.0,0.0,0.0,0.0,0,0.0,0.0,0.0,0.0,False,u,Has joined AC Milan permanently,,,,2526
148,231416,34,,Ferdi Kadıoğlu,F.Kadıoğlu,2,0.8,4.4,6,,,,,,0,0,0,0,0,0,0,0,0,0,0.0,0.0,0.0,0.0,0,0.0,0.0,0.0,0.0,False,a,,,,,2526
149,223434,34,,Igor Julio dos Santos de Paulo,Igor,2,0.1,4.5,6,,,,,,0,0,0,0,0,0,0,0,0,0,0.0,0.0,0.0,0.0,0,0.0,0.0,0.0,0.0,False,a,,,,,2526
150,232792,34,,Tariq Lamptey,Lamptey,2,0.1,4.4,6,,,,,,0,0,0,0,0,0,0,0,0,0,0.0,0.0,0.0,0.0,0,0.0,0.0,0.0,0.0,False,u,has joined Fiorentina permanently.,,,,2526
151,469142,34,,Jan Paul van Hecke,Van Hecke,2,9.7,4.6,6,,,,,,0,0,0,0,0,0,0,0,0,0,0.0,0.0,0.0,0.0,0,0.0,0.0,0.0,0.0,False,a,,,,,2526
152,111478,34,,Joël Veltman,Veltman,2,0.1,4.3,6,,,,,,0,0,0,0,0,0,0,0,0,0,0.0,0.0,0.0,0.0,0,0.0,0.0,0.0,0.0,False,a,,,,,2526
153,110735,34,,Adam Webster,Webster,2,0.0,4.4,6,,,,,,0,0,0,0,0,0,0,0,0,0,0.0,0.0,0.0,0.0,0,0.0,0.0,0.0,0.0,False,i,Knee injury - Unknown return date,,,,2526
154,439135,34,,Eiran Cashin,Cashin,2,0.0,4.0,6,,,,,,0,0,0,0,0,0,0,0,0,0,0.0,0.0,0.0,0.0,0,0.0,0.0,0.0,0.0,False,u,has joined Blackburn Rovers on loan for the rest of the season.,,,,2526
155,589100,34,,Jacob Slater,Slater,2,0.1,4.0,6,,,,,,0,0,0,0,0,0,0,0,0,0,0.0,0.0,0.0,0.0,0,0.0,0.0,0.0,0.0,False,u,has joined Harrogate Town on loan until January.,,,,2526
156,547720,34,,Charlie Tasker,Tasker,2,0.2,3.8,6,,,,,,0,0,0,0,0,0,0,0,0,0,0.0,0.0,0.0,0.0,0,0.0,0.0,0.0,0.0,False,a,,,,,2526
157,451340,34,,Mitoma Kaoru,Mitoma,3,2.2,6.1,6,,,,,,0,0,0,0,0,0,0,0,0,0,0.0,0.0,0.0,0.0,0,0.0,0.0,0.0,0.0,False,a,,,,,2526
158,463067,34,,Georginio Rutter,Georginio,3,0.3,5.6,6,,,,,,0,0,0,0,0,0,0,0,0,0,0.0,0.0,0.0,0.0,0,0.0,0.0,0.0,0.0,False,a,,,,,2526
159,109345,34,,Solly March,March,3,0.0,5.8,6,,,,,,0,0,0,0,0,0,0,0,0,0,0.0,0.0,0.0,0.0,0,0.0,0.0,0.0,0.0,False,d,Muscle injury - 75% chance of playing,,,,2526
160,592031,34,,Yankuba Minteh,Minteh,3,2.4,5.5,6,,,,,,0,0,0,0,0,0,0,0,0,0,0.0,0.0,0.0,0.0,0,0.0,0.0,0.0,0.0,False,a,,5.0,,,2526
161,474120,34,,Julio Enciso Espínola,Enciso,3,0.0,5.4,6,,,,,,0,0,0,0,0,0,0,0,0,0,0.0,0.0,0.0,0.0,0,0.0,0.0,0.0,0.0,False,u,has joined Strasbourg permanently.,,,,2526
162,513433,34,,Brajan Gruda,Gruda,3,0.0,5.4,6,,,,,,0,0,0,0,0,0,0,0,0,0,0.0,0.0,0.0,0.0,0,0.0,0.0,0.0,0.0,False,u,has joined Leipzig on loan for the rest of the season.,,,,2526
163,532529,34,,Jack Hinshelwood,Hinshelwood,3,0.4,5.1,6,,,,,,0,0,0,0,0,0,0,0,0,0,0.0,0.0,0.0,0.0,0,0.0,0.0,0.0,0.0,False,a,,,,,2526
164,219249,34,,Matt O'Riley,O'Riley,3,0.3,5.5,6,,,,,,0,0,0,0,0,0,0,0,0,0,0.0,0.0,0.0,0.0,0,0.0,0.0,0.0,0.0,False,a,,,,3.0,2526
165,516211,34,,Abdallah Sima,Sima,3,0.0,5.4,6,,,,,,0,0,0,0,0,0,0,0,0,0,0.0,0.0,0.0,0.0,0,0.0,0.0,0.0,0.0,False,u,has joined Lens permanently.,,,,2526
166,509416,34,,Yasin Ayari,Ayari,3,0.4,4.8,6,,,,,,0,0,0,0,0,0,0,0,0,0,0.0,0.0,0.0,0.0,0,0.0,0.0,0.0,0.0,False,a,,,2.0,,2526
167,535301,34,,Carlos Baleba,Baleba,3,1.5,4.5,6,,,,,,0,0,0,0,0,0,0,0,0,0,0.0,0.0,0.0,0.0,0,0.0,0.0,0.0,0.0,False,a,,,,,2526
168,536916,34,,Facundo Buonanotte,Buonanotte,3,0.1,4.6,11,,,,,,0,0,0,0,0,0,0,0,0,0,0.0,0.0,0.0,0.0,0,0.0,0.0,0.0,0.0,False,a,,,,,2526
169,514254,34,,Diego Gómez Amarilla,Gomez,3,0.7,4.9,6,,,,,,0,0,0,0,0,0,0,0,0,0,0.0,0.0,0.0,0.0,0,0.0,0.0,0.0,0.0,False,d,Knee injury - 50% chance of playing,,5.0,,2526
170,15157,34,,James Milner,Milner,3,0.1,4.9,6,,,,,,0,0,0,0,0,0,0,0,0,0,0.0,0.0,0.0,0.0,0,0.0,0.0,0.0,0.0,False,d,Knock - 25% chance of playing,,,1.0,2526
171,441192,34,,Jeremy Sarmiento Morante,Sarmiento,3,0.0,4.9,6,,,,,,0,0,0,0,0,0,0,0,0,0,0.0,0.0,0.0,0.0,0,0.0,0.0,0.0,0.0,False,u,has joined Middlesbrough on loan for the rest of the season.,,,,2526
172,549074,34,,Tom Watson,Watson,3,0.0,4.8,6,,,,,,0,0,0,0,0,0,0,0,0,0,0.0,0.0,0.0,0.0,0,0.0,0.0,0.0,0.0,False,u,has joined Millwall on loan for the rest of the season.,,,,2526
173,467779,34,,Mats Wieffer,Wieffer,3,0.6,4.9,6,,,,,,0,0,0,0,0,0,0,0,0,0,0.0,0.0,0.0,0.0,0,0.0,0.0,0.0,0.0,False,a,,,,,2526
174,611695,34,,Malick Yalcouyé,Yalcouye,3,0.0,5.0,6,,,,,,0,0,0,0,0,0,0,0,0,0,0.0,0.0,0.0,0.0,0,0.0,0.0,0.0,0.0,False,u,Has joined Swansea City on loan for the rest of the season.,,,,2526
175,567121,34,,Joe Knight,Knight,3,0.1,4.4,6,,,,,,0,0,0,0,0,0,0,0,0,0,0.0,0.0,0.0,0.0,0,0.0,0.0,0.0,0.0,False,u,has joined Stevenage permanently.,,,,2526
176,550141,34,,Adrian Mazilu,Mazilu,3,0.0,4.5,6,,,,,,0,0,0,0,0,0,0,0,0,0,0.0,0.0,0.0,0.0,0,0.0,0.0,0.0,0.0,False,u,has joined Dinamo Bucharest permanently.,,,,2526
177,513834,34,,Andrew Moran,Moran,3,0.0,4.5,6,,,,,,0,0,0,0,0,0,0,0,0,0,0.0,0.0,0.0,0.0,0,0.0,0.0,0.0,0.0,False,u,Has joined Los Angeles FC on loan for the rest of the season.,,,,2526
178,50175,34,,Danny Welbeck,Welbeck,4,7.7,6.3,6,,,,,,0,0,0,0,0,0,0,0,0,0,0.0,0.0,0.0,0.0,0,0.0,0.0,0.0,0.0,False,a,,,4.0,2.0,2526
179,487117,34,,Evan Ferguson,Ferguson,4,0.0,5.5,6,,,,,,0,0,0,0,0,0,0,0,0,0,0.0,0.0,0.0,0.0,0,0.0,0.0,0.0,0.0,False,u,Has joined AS Roma on loan for the rest of the season,,,,2526
180,608181,34,,Stefanos Tzimas,Tzimas,4,0.1,5.2,6,,,,,,0,0,0,0,0,0,0,0,0,0,0.0,0.0,0.0,0.0,0,0.0,0.0,0.0,0.0,False,i,Knee injury - Expected back 01 Jun,,,,2526
181,647850,34,,Charalampos Kostoulas,Kostoulas,4,0.3,4.8,6,,,,,,0,0,0,0,0,0,0,0,0,0,0.0,0.0,0.0,0.0,0,0.0,0.0,0.0,0.0,False,a,,,,,2526
182,432720,34,,James Trafford,Trafford,1,0.9,4.5,13,,,,,,0,0,0,0,0,0,0,0,0,0,0.0,0.0,0.0,0.0,0,0.0,0.0,0.0,0.0,False,a,,,,,2526
183,518030,34,,Max Weiß,Weiss,1,0.1,4.2,3,,,,,,0,0,0,0,0,0,0,0,0,0,0.0,0.0,0.0,0.0,0,0.0,0.0,0.0,0.0,False,a,,,,,2526
184,489571,34,,Etienne Green,Green,1,0.2,4.0,3,,,,,,0,0,0,0,0,0,0,0,0,0,0.0,0.0,0.0,0.0,0,0.0,0.0,0.0,0.0,False,u,has joined FC Fredericia permanently.,,,,2526
185,51943,34,,Václav Hladký,Hladký,1,0.2,3.9,3,,,,,,0,0,0,0,0,0,0,0,0,0,0.0,0.0,0.0,0.0,0,0.0,0.0,0.0,0.0,False,a,,,,,2526
186,192290,34,,Connor Roberts,Roberts,2,0.0,4.3,3,,,,,,0,0,0,0,0,0,0,0,0,0,0.0,0.0,0.0,0.0,0,0.0,0.0,0.0,0.0,False,i,Achilles injury - Unknown return date,,,,2526
187,58621,34,,Kyle Walker,Walker,2,1.1,4.4,3,,,,,,0,0,0,0,0,0,0,0,0,0,0.0,0.0,0.0,0.0,0,0.0,0.0,0.0,0.0,False,a,,,,,2526
188,247245,34,,Hannes Delcroix,Delcroix,2,0.2,3.8,3,,,,,,0,0,0,0,0,0,0,0,0,0,0.0,0.0,0.0,0.0,0,0.0,0.0,0.0,0.0,False,u,has joined Lugano permanently.,,,,2526
189,461567,34,,Owen Dodgson,Dodgson,2,0.0,4.0,3,,,,,,0,0,0,0,0,0,0,0,0,0,0.0,0.0,0.0,0.0,0,0.0,0.0,0.0,0.0,False,u,Has joined Stockport County on loan for the rest of the season.,,,,2526
190,478969,34,,Hjalmar Ekdal,Ekdal,2,0.7,3.8,3,,,,,,0,0,0,0,0,0,0,0,0,0,0.0,0.0,0.0,0.0,0,0.0,0.0,0.0,0.0,False,a,,,,,2526
191,477717,34,,Maxime Estève,Estève,2,7.0,3.9,3,,,,,,0,0,0,0,0,0,0,0,0,0,0.0,0.0,0.0,0.0,0,0.0,0.0,0.0,0.0,False,a,,,,,2526
192,494960,34,,Quilindschy Hartman,Hartman,2,0.6,4.0,3,,,,,,0,0,0,0,0,0,0,0,0,0,0.0,0.0,0.0,0.0,0,0.0,0.0,0.0,0.0,False,a,,,,,2526
193,461188,34,,Bashir Humphreys,Humphreys,2,0.1,3.9,3,,,,,,0,0,0,0,0,0,0,0,0,0,0.0,0.0,0.0,0.0,0,0.0,0.0,0.0,0.0,False,a,,,,,2526
194,241231,34,,Jordan Beyer,Jordan,2,0.1,3.9,3,,,,,,0,0,0,0,0,0,0,0,0,0,0.0,0.0,0.0,0.0,0,0.0,0.0,0.0,0.0,False,i,Hamstring injury - Unknown return date,,,,2526
195,549329,34,,Lucas Pires Silva,Lucas Pires,2,0.3,3.8,3,,,,,,0,0,0,0,0,0,0,0,0,0,0.0,0.0,0.0,0.0,0,0.0,0.0,0.0,0.0,False,a,,,,,2526
196,450072,34,,Shurandy Sambo,Sambo,2,0.0,4.0,3,,,,,,0,0,0,0,0,0,0,0,0,0,0.0,0.0,0.0,0.0,0,0.0,0.0,0.0,0.0,False,u,has joined Sparta Rotterdam on loan for the rest of the season.,,,,2526
197,519895,34,,Oliver Sonne,Sonne,2,0.2,3.8,3,,,,,,0,0,0,0,0,0,0,0,0,0,0.0,0.0,0.0,0.0,0,0.0,0.0,0.0,0.0,False,u,has joined Sparta Prague on loan for the rest of the season.,,,,2526
198,180804,34,,Axel Tuanzebe,Tuanzebe,2,0.9,3.9,3,,,,,,0,0,0,0,0,0,0,0,0,0,0.0,0.0,0.0,0.0,0,0.0,0.0,0.0,0.0,False,a,,,,,2526
199,208912,34,,Joe Worrall,Worrall,2,0.2,3.8,3,,,,,,0,0,0,0,0,0,0,0,0,0,0.0,0.0,0.0,0.0,0,0.0,0.0,0.0,0.0,False,a,,,,,2526
200,444180,34,,Jaidon Anthony,Anthony,3,1.9,5.0,3,,,,,,0,0,0,0,0,0,0,0,0,0,0.0,0.0,0.0,0.0,0,0.0,0.0,0.0,0.0,False,a,,2.0,,,2526
201,183751,34,,Manuel Benson Hedilazio,Benson,3,0.0,5.4,3,,,,,,0,0,0,0,0,0,0,0,0,0,0.0,0.0,0.0,0.0,0,0.0,0.0,0.0,0.0,False,u,has joined Maccabi Haifa permanently.,,,,2526
202,179458,34,,Jacob Bruun Larsen,Bruun Larsen,3,0.0,5.2,3,,,,,,0,0,0,0,0,0,0,0,0,0,0.0,0.0,0.0,0.0,0,0.0,0.0,0.0,0.0,False,a,,,2.0,3.0,2526
203,578614,34,,Enock Agyei,Boateng,3,0.0,4.7,3,,,,,,0,0,0,0,0,0,0,0,0,0,0.0,0.0,0.0,0.0,0,0.0,0.0,0.0,0.0,False,a,,,,,2526
204,250735,34,,Darko Churlinov,Churlinov,3,0.0,4.9,3,,,,,,0,0,0,0,0,0,0,0,0,0,0.0,0.0,0.0,0.0,0,0.0,0.0,0.0,0.0,False,u,has joined Kocaelispor  permanently.,,,,2526
205,172567,34,,Josh Cullen,Cullen,3,0.8,4.9,3,,,,,,0,0,0,0,0,0,0,0,0,0,0.0,0.0,0.0,0.0,0,0.0,0.0,0.0,0.0,False,i,Knee injury - Expected back 30 Sep,,,,2526
206,174592,34,,Marcus Edwards,Edwards,3,0.1,4.7,3,,,,,,0,0,0,0,0,0,0,0,0,0,0.0,0.0,0.0,0.0,0,0.0,0.0,0.0,0.0,False,a,,,3.0,,2526
207,465527,34,,Hannibal Mejbri,Hannibal,3,0.1,4.7,3,,,,,,0,0,0,0,0,0,0,0,0,0,0.0,0.0,0.0,0.0,0,0.0,0.0,0.0,0.0,False,d,Hamstring injury - 50% chance of playing,,,,2526
208,487702,34,,Luca Koleosho,Koleosho,3,0.0,5.0,3,,,,,,0,0,0,0,0,0,0,0,0,0,0.0,0.0,0.0,0.0,0,0.0,0.0,0.0,0.0,False,u,has joined Paris FC on loan for the rest of the season.,,,,2526
209,167887,34,,Josh Laurent,Laurent,3,0.0,4.8,3,,,,,,0,0,0,0,0,0,0,0,0,0,0.0,0.0,0.0,0.0,0,0.0,0.0,0.0,0.0,False,a,,,,,2526
210,469272,34,,Loum Tchaouna,Tchaouna,3,0.0,4.8,3,,,,,,0,0,0,0,0,0,0,0,0,0,0.0,0.0,0.0,0.0,0,0.0,0.0,0.0,0.0,False,a,,,4.0,,2526
211,447715,34,,Aaron Ramsey,A.Ramsey,3,1.4,4.4,3,,,,,,0,0,0,0,0,0,0,0,0,0,0.0,0.0,0.0,0.0,0,0.0,0.0,0.0,0.0,False,u,has joined Leicester City on loan for the rest of the season.,,,,2526
212,576323,34,,Oluwaseun Adewumi,Adewumi,3,0.0,4.5,3,,,,,,0,0,0,0,0,0,0,0,0,0,0.0,0.0,0.0,0.0,0,0.0,0.0,0.0,0.0,False,u,Has joined Cercle Brugge on loan for the rest of the season.,,,,2526
213,551206,34,,Jaydon Banel,Banel,3,0.0,4.5,3,,,,,,0,0,0,0,0,0,0,0,0,0,0.0,0.0,0.0,0.0,0,0.0,0.0,0.0,0.0,False,u,has joined Derby County on loan for the rest of the season.,,,,2526
214,437748,34,,Mike Trésor Ndayishimiye,Trésor,3,0.1,4.3,3,,,,,,0,0,0,0,0,0,0,0,0,0,0.0,0.0,0.0,0.0,0,0.0,0.0,0.0,0.0,False,a,,,,,2526
215,431639,34,,Zian Flemming,Flemming,4,0.3,5.3,3,,,,,,0,0,0,0,0,0,0,0,0,0,0.0,0.0,0.0,0.0,0,0.0,0.0,0.0,0.0,False,a,,,5.0,1.0,2526
216,492831,34,,Zeki Amdouni,Amdouni,4,0.0,4.8,3,,,,,,0,0,0,0,0,0,0,0,0,0,0.0,0.0,0.0,0.0,0,0.0,0.0,0.0,0.0,False,d,Lack of match fitness - 50% chance of playing,,,,2526
217,435973,34,,Lyle Foster,Foster,4,0.8,4.9,3,,,,,,0,0,0,0,0,0,0,0,0,0,0.0,0.0,0.0,0.0,0,0.0,0.0,0.0,0.0,False,a,,,,,2526
218,44699,34,,Ashley Barnes,Barnes,4,1.3,4.2,3,,,,,,0,0,0,0,0,0,0,0,0,0,0.0,0.0,0.0,0.0,0,0.0,0.0,0.0,0.0,False,a,,,,2.0,2526
219,220598,34,,Michael Obafemi,Obafemi,4,0.1,4.4,3,,,,,,0,0,0,0,0,0,0,0,0,0,0.0,0.0,0.0,0.0,0,0.0,0.0,0.0,0.0,False,u,has joined Blackpool on loan for the rest of the season.,,,,2526
220,215059,34,,Robert Lynch Sánchez,Sánchez,1,11.7,4.8,7,,,,,,0,0,0,0,0,0,0,0,0,0,0.0,0.0,0.0,0.0,0,0.0,0.0,0.0,0.0,False,a,,,,,2526
221,508479,34,,Filip Jörgensen,Jörgensen,1,0.2,4.3,7,,,,,,0,0,0,0,0,0,0,0,0,0,0.0,0.0,0.0,0.0,0,0.0,0.0,0.0,0.0,False,d,Groin Injury - 25% chance of playing,,,,2526
222,549939,34,,Mike Penders,Penders,1,0.0,4.0,7,,,,,,0,0,0,0,0,0,0,0,0,0,0.0,0.0,0.0,0.0,0,0.0,0.0,0.0,0.0,False,u,Has joined RC Strasbourg on loan for the rest of the season.,,,,2526
223,471798,34,,Gabriel Słonina,Slonina,1,0.1,3.9,7,,,,,,0,0,0,0,0,0,0,0,0,0,0.0,0.0,0.0,0.0,0,0.0,0.0,0.0,0.0,False,a,,,,,2526
224,179268,34,,Marc Cucurella Saseta,Cucurella,2,14.9,6.1,7,,,,,,0,0,0,0,0,0,0,0,0,0,0.0,0.0,0.0,0.0,0,0.0,0.0,0.0,0.0,False,a,,,,,2526
225,225796,34,,Reece James,James,2,6.0,5.6,7,,,,,,0,0,0,0,0,0,0,0,0,0,0.0,0.0,0.0,0.0,0,0.0,0.0,0.0,0.0,False,d,Hamstring injury - 25% chance of playing,1.0,1.0,,2526
226,180736,34,,Trevoh Chalobah,Chalobah,2,9.5,5.4,7,,,,,,0,0,0,0,0,0,0,0,0,0,0.0,0.0,0.0,0.0,0,0.0,0.0,0.0,0.0,False,a,,,,,2526
227,460028,34,,Levi Samuels Colwill,Colwill,2,0.1,4.7,7,,,,,,0,0,0,0,0,0,0,0,0,0,0.0,0.0,0.0,0.0,0,0.0,0.0,0.0,0.0,False,d,Lack of match fitness - 25% chance of playing,,,,2526
228,482609,34,,Malo Gusto,Gusto,2,2.0,4.9,7,,,,,,0,0,0,0,0,0,0,0,0,0,0.0,0.0,0.0,0.0,0,0.0,0.0,0.0,0.0,False,a,,,,,2526
229,242880,34,,Benoît Badiashile Mukinayi,B.Badiashile,2,0.0,4.4,7,,,,,,0,0,0,0,0,0,0,0,0,0,0.0,0.0,0.0,0.0,0,0.0,0.0,0.0,0.0,False,a,,,,,2526
230,444463,34,,Wesley Fofana,Fofana,2,0.4,4.4,7,,,,,,0,0,0,0,0,0,0,0,0,0,0.0,0.0,0.0,0.0,0,0.0,0.0,0.0,0.0,False,a,,,,,2526
231,574458,34,,Mamadou Sarr,M.Sarr,2,0.0,4.5,7,,,,,,0,0,0,0,0,0,0,0,0,0,0.0,0.0,0.0,0.0,0,0.0,0.0,0.0,0.0,False,a,,,,,2526
232,109646,34,,Tosin Adarabioyo,Tosin,2,0.3,4.0,7,,,,,,0,0,0,0,0,0,0,0,0,0,0.0,0.0,0.0,0.0,0,0.0,0.0,0.0,0.0,False,a,,,,,2526
233,577016,34,,Josh Acheampong,Acheampong,2,1.6,3.7,7,,,,,,0,0,0,0,0,0,0,0,0,0,0.0,0.0,0.0,0.0,0,0.0,0.0,0.0,0.0,False,a,,,,,2526
234,622758,34,,Aarón Anselmino,Anselmino,2,0.1,4.0,7,,,,,,0,0,0,0,0,0,0,0,0,0,0.0,0.0,0.0,0.0,0,0.0,0.0,0.0,0.0,False,u,has joined Strasbourg on loan for the rest of the season.,,,,2526
235,244851,34,,Cole Palmer,Palmer,3,16.9,10.5,7,,,,,,0,0,0,0,0,0,0,0,0,0,0.0,0.0,0.0,0.0,0,0.0,0.0,0.0,0.0,False,a,,,3.0,1.0,2526
236,247632,34,,Pedro Lomba Neto,Neto,3,4.3,7.0,7,,,,,,0,0,0,0,0,0,0,0,0,0,0.0,0.0,0.0,0.0,0,0.0,0.0,0.0,0.0,False,a,,2.0,4.0,,2526
237,448047,34,,Enzo Fernández,Enzo,3,11.4,6.5,7,,,,,,0,0,0,0,0,0,0,0,0,0,0.0,0.0,0.0,0.0,0,0.0,0.0,0.0,0.0,False,a,,3.0,2.0,2.0,2526
238,624773,34,,Estêvão Almeida de Oliveira Gonçalves,Estêvão,3,1.8,6.4,7,,,,,,0,0,0,0,0,0,0,0,0,0,0.0,0.0,0.0,0.0,0,0.0,0.0,0.0,0.0,False,i,Hamstring injury - Expected back 01 Jun,4.0,,3.0,2526
239,463936,34,,Jamie Bynoe-Gittens,Gittens,3,0.1,6.0,7,,,,,,0,0,0,0,0,0,0,0,0,0,0.0,0.0,0.0,0.0,0,0.0,0.0,0.0,0.0,False,d,Hamstring injury - 25% chance of playing,,,,2526
240,213198,34,,Christopher Nkunku,Nkunku,3,0.1,5.9,7,,,,,,0,0,0,0,0,0,0,0,0,0,0.0,0.0,0.0,0.0,0,0.0,0.0,0.0,0.0,False,u,has joined AC Milan permanently.,,,,2526
241,486672,34,,Moisés Caicedo Corozo,Caicedo,3,7.3,5.7,7,,,,,,0,0,0,0,0,0,0,0,0,0,0.0,0.0,0.0,0.0,0,0.0,0.0,0.0,0.0,False,a,,,,,2526
242,215413,34,339.0,Kiernan Dewsbury-Hall,Dewsbury-Hall,3,5.9,5.1,9,19.0,Away,2026-04-25T14:00:00Z,1.0,2.0,90,1,0,0,2,0,0,1,29,8,0.1,0.06,0.16,1.17,10,7.8,41.4,17.4,19.0,False,a,,3.0,,,2526
243,550615,34,339.0,Tyrique George,George,3,0.1,4.8,9,19.0,Away,2026-04-25T14:00:00Z,1.0,2.0,25,0,0,0,1,0,0,0,6,1,0.07,0.54,0.61,0.38,2,2.6,3.2,13.0,10.0,False,a,,,,,2526
244,514356,34,,Roméo Lavia,Lavia,3,0.0,4.9,7,,,,,,0,0,0,0,0,0,0,0,0,0,0.0,0.0,0.0,0.0,0,0.0,0.0,0.0,0.0,False,a,,,,,2526
245,465920,34,,Mykhailo Mudryk,Mudryk,3,0.0,4.9,7,,,,,,0,0,0,0,0,0,0,0,0,0,0.0,0.0,0.0,0.0,0,0.0,0.0,0.0,0.0,False,s,Suspended - unknown return date,,,,2526
246,532605,34,,Andrey Nascimento dos Santos,Andrey Santos,3,0.3,4.5,7,,,,,,0,0,0,0,0,0,0,0,0,0,0.0,0.0,0.0,0.0,0,0.0,0.0,0.0,0.0,False,a,,,,,2526
247,491007,34,,Dário Luís Essugo,D.Essugo,3,0.1,4.3,7,,,,,,0,0,0,0,0,0,0,0,0,0,0.0,0.0,0.0,0.0,0,0.0,0.0,0.0,0.0,False,a,,,,,2526
248,611134,34,,Kendry Páez Andrade,Paez,3,0.0,4.5,7,,,,,,0,0,0,0,0,0,0,0,0,0,0.0,0.0,0.0,0.0,0,0.0,0.0,0.0,0.0,False,u,has joined River Plate on loan for the rest of the season.,,,,2526
249,475168,34,,João Pedro Junqueira de Jesus,João Pedro,4,42.7,7.6,7,,,,,,0,0,0,0,0,0,0,0,0,0,0.0,0.0,0.0,0.0,0,0.0,0.0,0.0,0.0,False,a,,,,,2526
250,463034,34,,Liam Delap,Delap,4,0.9,6.2,7,,,,,,0,0,0,0,0,0,0,0,0,0,0.0,0.0,0.0,0.0,0,0.0,0.0,0.0,0.0,False,a,,,,,2526
251,517052,34,,Nicolas Jackson,N.Jackson,4,0.1,6.5,7,,,,,,0,0,0,0,0,0,0,0,0,0,0.0,0.0,0.0,0.0,0,0.0,0.0,0.0,0.0,False,u,has joined Bayern Munich on loan for the rest of the season.,,,,2526
252,499309,34,,Marc Guiu Paz,Marc Guiu,4,5.1,4.0,7,,,,,,0,0,0,0,0,0,0,0,0,0,0.0,0.0,0.0,0.0,0,0.0,0.0,0.0,0.0,False,a,,,,,2526
253,172649,34,336.0,Dean Henderson,Henderson,1,8.2,5.1,8,12.0,Away,2026-04-25T14:00:00Z,1.0,3.0,90,0,0,0,3,1,0,0,-7,0,0.0,0.0,0.0,1.15,0,0.3,3.0,0.0,0.0,False,a,,,,,2526
254,121709,34,336.0,Walter Benítez,Benitez,1,0.3,3.9,8,12.0,Away,2026-04-25T14:00:00Z,1.0,3.0,0,0,0,0,0,0,0,0,0,0,0.0,0.0,0.0,0.0,0,0.0,0.0,0.0,0.0,False,a,,,,,2526
255,169593,34,336.0,Remi Matthews,Matthews,1,0.1,3.9,8,12.0,Away,2026-04-25T14:00:00Z,1.0,3.0,0,0,0,0,0,0,0,0,0,0,0.0,0.0,0.0,0.0,0,0.0,0.0,0.0,0.0,False,a,,,,,2526
256,247348,34,336.0,Daniel Muñoz Mejía,Muñoz,2,8.0,5.8,8,12.0,Away,2026-04-25T14:00:00Z,1.0,3.0,90,1,0,0,3,1,0,0,10,6,0.08,0.0,0.08,1.15,5,5.5,40.4,1.2,13.0,False,a,,,,,2526
257,437499,34,336.0,Maxence Lacroix,Lacroix,2,5.4,5.1,8,12.0,Away,2026-04-25T14:00:00Z,1.0,3.0,90,0,0,0,3,0,0,0,9,3,0.22,0.01,0.23,1.15,11,5.9,30.2,0.7,28.0,False,a,,,,,2526
258,244723,34,336.0,Tyrick Mitchell,Mitchell,2,2.3,5.0,8,12.0,Away,2026-04-25T14:00:00Z,1.0,3.0,45,0,0,0,2,0,0,0,-2,0,0.0,0.0,0.0,1.07,3,3.0,8.8,20.9,0.0,False,a,,,,,2526
259,218364,34,336.0,Borna Sosa,Sosa,2,0.1,4.8,8,12.0,Away,2026-04-25T14:00:00Z,1.0,3.0,45,0,0,0,1,1,0,0,-4,0,0.04,0.01,0.05,0.07,2,1.7,1.4,11.6,4.0,False,a,,,,,2526
260,209036,34,,Marc Guéhi,Guéhi,2,32.8,5.1,13,,,,,,0,0,0,0,0,0,0,0,0,0,0.0,0.0,0.0,0.0,0,0.0,0.0,0.0,0.0,False,a,,,,,2526
261,427623,34,336.0,Chris Richards,Richards,2,2.5,4.4,8,12.0,Away,2026-04-25T14:00:00Z,1.0,3.0,90,0,0,0,3,0,0,0,-2,1,0.62,0.0,0.62,1.15,6,1.8,10.6,0.6,7.0,False,a,,,,,2526
262,515621,34,336.0,Chadi Riad Dnanou,Chadi Riad,2,0.0,4.0,8,12.0,Away,2026-04-25T14:00:00Z,1.0,3.0,0,0,0,0,0,0,0,0,0,0,0.0,0.0,0.0,0.0,0,0.0,0.0,0.0,0.0,False,a,,,,,2526
263,57328,34,336.0,Nathaniel Clyne,Clyne,2,0.5,3.8,8,12.0,Away,2026-04-25T14:00:00Z,1.0,3.0,0,0,0,0,0,0,0,0,0,0,0.0,0.0,0.0,0.0,0,0.0,0.0,0.0,0.0,False,a,,,,,2526
264,156074,34,336.0,Rob Holding,Holding,2,0.0,4.0,8,12.0,Away,2026-04-25T14:00:00Z,1.0,3.0,0,0,0,0,0,0,0,0,0,0,0.0,0.0,0.0,0.0,0,0.0,0.0,0.0,0.0,False,u,Has joined Colorado Rapids permanently.,,,,2526
265,590012,34,336.0,Caleb Kporha,Kporha,2,0.0,4.0,8,12.0,Away,2026-04-25T14:00:00Z,1.0,3.0,0,0,0,0,0,0,0,0,0,0,0.0,0.0,0.0,0.0,0,0.0,0.0,0.0,0.0,False,a,,,,,2526
266,232413,34,331.0,Eberechi Eze,Eze,3,8.0,7.2,1,15.0,Home,2026-04-25T16:30:00Z,1.0,0.0,52,1,0,0,0,0,0,0,25,6,0.17,0.0,0.17,0.36,1,5.0,29.4,6.1,14.0,False,d,Muscle injury - 75% chance of playing,,,,2526
267,232185,34,336.0,Ismaïla Sarr,Sarr,3,3.9,6.3,8,12.0,Away,2026-04-25T14:00:00Z,1.0,3.0,90,0,1,0,3,0,0,0,17,5,0.52,0.12,0.64,1.15,1,5.9,7.6,11.8,40.0,False,a,,,,3.0,2526
268,438464,34,336.0,Cheick Doucouré,Doucouré,3,0.0,4.9,8,12.0,Away,2026-04-25T14:00:00Z,1.0,3.0,0,0,0,0,0,0,0,0,0,0,0.0,0.0,0.0,0.0,0,0.0,0.0,0.0,0.0,False,i,Lack of match fitness - Expected back 01 Jun,,,,2526
269,606921,34,336.0,Romain Esse,Esse,3,0.1,4.7,8,12.0,Away,2026-04-25T14:00:00Z,1.0,3.0,0,0,0,0,0,0,0,0,0,0,0.0,0.0,0.0,0.0,0,0.0,0.0,0.0,0.0,False,u,has joined Coventry City on loan for the rest of the season.,,,,2526
270,108413,34,336.0,Will Hughes,Hughes,3,0.1,4.7,8,12.0,Away,2026-04-25T14:00:00Z,1.0,3.0,0,0,0,0,0,0,0,0,0,0,0.0,0.0,0.0,0.0,0,0.0,0.0,0.0,0.0,False,a,,3.0,,,2526
271,209400,34,336.0,Daichi Kamada,Kamada,3,0.1,5.0,8,12.0,Away,2026-04-25T14:00:00Z,1.0,3.0,90,0,0,0,3,0,0,0,24,4,0.0,0.11,0.11,1.15,12,3.4,16.0,18.1,0.0,False,a,,4.0,,,2526
272,152551,34,336.0,Jefferson Lerma Solís,Lerma,3,0.1,4.9,8,12.0,Away,2026-04-25T14:00:00Z,1.0,3.0,0,0,0,0,0,0,0,0,0,0,0.0,0.0,0.0,0.0,0,0.0,0.0,0.0,0.0,False,a,,,,,2526
273,496221,34,336.0,Adam Wharton,Wharton,3,0.6,5.0,8,12.0,Away,2026-04-25T14:00:00Z,1.0,3.0,90,0,0,0,3,0,0,0,22,2,0.0,0.43,0.43,1.15,8,5.6,16.4,35.5,4.0,False,a,,2.0,,,2526
274,579075,34,336.0,Asher Agbinone,Agbinone,3,0.1,4.3,8,12.0,Away,2026-04-25T14:00:00Z,1.0,3.0,0,0,0,0,0,0,0,0,0,0,0.0,0.0,0.0,0.0,0,0.0,0.0,0.0,0.0,False,a,,,,,2526
275,466117,34,336.0,Naouirou Ahamada,Ahamada,3,0.0,4.3,8,12.0,Away,2026-04-25T14:00:00Z,1.0,3.0,0,0,0,0,0,0,0,0,0,0,0.0,0.0,0.0,0.0,0,0.0,0.0,0.0,0.0,False,u,has joined AJ Auxerre permanently.,,,,2526
276,489706,34,336.0,Justin Devenny,Devenny,3,1.1,4.3,8,12.0,Away,2026-04-25T14:00:00Z,1.0,3.0,0,0,0,0,0,0,0,0,0,0,0.0,0.0,0.0,0.0,0,0.0,0.0,0.0,0.0,False,a,,,2.0,4.0,2526
277,450535,34,336.0,Malcolm Ebiowei,Ebiowei,3,0.0,4.5,8,12.0,Away,2026-04-25T14:00:00Z,1.0,3.0,0,0,0,0,0,0,0,0,0,0,0.0,0.0,0.0,0.0,0,0.0,0.0,0.0,0.0,False,u,Has joined Blackpool permanently.,,,,2526
278,450542,34,336.0,Jesurun Rak-Sakyi,J.Rak-Sakyi,3,0.0,4.4,8,12.0,Away,2026-04-25T14:00:00Z,1.0,3.0,0,0,0,0,0,0,0,0,0,0,0.0,0.0,0.0,0.0,0,0.0,0.0,0.0,0.0,False,u,has joined Stoke City on loan for the rest of the season.,,,,2526
279,536694,34,336.0,Matheus França de Oliveira,M.França,3,0.0,4.5,8,12.0,Away,2026-04-25T14:00:00Z,1.0,3.0,0,0,0,0,0,0,0,0,0,0,0.0,0.0,0.0,0.0,0,0.0,0.0,0.0,0.0,False,u,Has joined CR Vasco da Gama on loan for the rest of the season.,,,,2526
280,531989,34,336.0,David Ozoh,Ozoh,3,0.0,4.5,8,12.0,Away,2026-04-25T14:00:00Z,1.0,3.0,0,0,0,0,0,0,0,0,0,0,0.0,0.0,0.0,0.0,0,0.0,0.0,0.0,0.0,False,u,Has joined Derby County on loan for the rest of the season.,,,,2526
281,530318,34,336.0,Kaden Rodney,Rodney,3,0.0,4.4,8,12.0,Away,2026-04-25T14:00:00Z,1.0,3.0,0,0,0,0,0,0,0,0,0,0,0.0,0.0,0.0,0.0,0,0.0,0.0,0.0,0.0,False,a,,,,,2526
282,574398,34,336.0,Franco Umeh-Chibueze,Umeh,3,0.0,4.5,8,12.0,Away,2026-04-25T14:00:00Z,1.0,3.0,0,0,0,0,0,0,0,0,0,0,0.0,0.0,0.0,0.0,0,0.0,0.0,0.0,0.0,False,u,has joined Portsmouth permanently.,,,,2526
283,231747,34,336.0,Jean-Philippe Mateta,Mateta,4,7.5,7.6,8,12.0,Away,2026-04-25T14:00:00Z,1.0,3.0,69,0,0,0,2,0,0,0,3,2,0.3,0.01,0.31,1.11,4,4.1,6.8,0.6,34.0,False,a,,,,2.0,2526
284,205533,34,336.0,Eddie Nketiah,Nketiah,4,0.3,5.4,8,12.0,Away,2026-04-25T14:00:00Z,1.0,3.0,0,0,0,0,0,0,0,0,0,0,0.0,0.0,0.0,0.0,0,0.0,0.0,0.0,0.0,False,i,Hamstring injury - Expected back 01 Jun,,,,2526
285,199670,34,336.0,Odsonne Édouard,Édouard,4,0.2,5.0,8,12.0,Away,2026-04-25T14:00:00Z,1.0,3.0,0,0,0,0,0,0,0,0,0,0,0.0,0.0,0.0,0.0,0,0.0,0.0,0.0,0.0,False,u,has joined RC Lens permanently.,,,,2526
286,576980,34,336.0,Zach Marsh,Marsh,4,0.3,4.4,8,12.0,Away,2026-04-25T14:00:00Z,1.0,3.0,0,0,0,0,0,0,0,0,0,0,0.0,0.0,0.0,0.0,0,0.0,0.0,0.0,0.0,False,a,,,,,2526
287,111234,34,339.0,Jordan Pickford,Pickford,1,13.4,5.6,9,19.0,Away,2026-04-25T14:00:00Z,1.0,2.0,90,0,0,0,2,0,0,0,3,1,0.0,0.01,0.01,1.17,0,1.3,12.4,0.1,0.0,False,a,,,,,2526
288,229600,34,339.0,Mark Travers,Travers,1,0.1,4.2,9,19.0,Away,2026-04-25T14:00:00Z,1.0,2.0,0,0,0,0,0,0,0,0,0,0,0.0,0.0,0.0,0.0,0,0.0,0.0,0.0,0.0,False,a,,,,,2526
289,447325,34,339.0,Harry Tyrer,Tyrer,1,0.1,3.9,9,19.0,Away,2026-04-25T14:00:00Z,1.0,2.0,0,0,0,0,0,0,0,0,0,0,0.0,0.0,0.0,0.0,0,0.0,0.0,0.0,0.0,False,u,has joined Cardiff City permanently.,,,,2526
290,480455,34,339.0,Jarrad Branthwaite,Branthwaite,2,0.4,5.3,9,19.0,Away,2026-04-25T14:00:00Z,1.0,2.0,0,0,0,0,0,0,0,0,0,0,0.0,0.0,0.0,0.0,0,0.0,0.0,0.0,0.0,False,i,Hamstring injury - Expected back 01 Jun,,,,2526
291,17761,34,339.0,James Tarkowski,Tarkowski,2,12.2,5.7,9,19.0,Away,2026-04-25T14:00:00Z,1.0,2.0,90,0,1,0,2,1,0,0,16,3,0.0,0.21,0.21,1.17,6,6.3,33.0,22.2,8.0,False,a,,,,,2526
292,224967,34,339.0,Vitalii Mykolenko,Mykolenko,2,0.7,4.9,9,19.0,Away,2026-04-25T14:00:00Z,1.0,2.0,90,0,0,0,2,0,0,0,4,1,0.0,0.01,0.01,1.17,7,2.4,20.4,3.9,0.0,False,a,,,,,2526
293,512462,34,339.0,Jake O'Brien,O'Brien,2,0.7,4.9,9,19.0,Away,2026-04-25T14:00:00Z,1.0,2.0,64,0,0,0,1,1,0,0,3,1,0.0,0.05,0.05,0.8,6,2.4,11.2,11.2,2.0,False,a,,,,,2526
294,59949,34,339.0,Séamus Coleman,Coleman,2,0.1,4.2,9,19.0,Away,2026-04-25T14:00:00Z,1.0,2.0,0,0,0,0,0,0,0,0,0,0,0.0,0.0,0.0,0.0,0,0.0,0.0,0.0,0.0,False,a,,,,,2526
295,106611,34,339.0,Michael Keane,Keane,2,2.8,4.5,9,19.0,Away,2026-04-25T14:00:00Z,1.0,2.0,90,0,0,0,2,0,0,0,4,1,0.0,0.01,0.01,1.17,6,2.1,20.2,0.9,0.0,False,a,,,,,2526
296,243571,34,339.0,Nathan Patterson,Patterson,2,0.0,4.4,9,19.0,Away,2026-04-25T14:00:00Z,1.0,2.0,0,0,0,0,0,0,0,0,0,0,0.0,0.0,0.0,0.0,0,0.0,0.0,0.0,0.0,False,a,,,,,2526
297,496178,34,339.0,Roman Dixon,Dixon,2,0.2,3.8,9,19.0,Away,2026-04-25T14:00:00Z,1.0,2.0,0,0,0,0,0,0,0,0,0,0,0.0,0.0,0.0,0.0,0,0.0,0.0,0.0,0.0,False,u,has joined Stockport County on loan for the rest of the season.,,,,2526
298,474907,34,339.0,Reece Welch,Welch,2,0.1,3.8,9,19.0,Away,2026-04-25T14:00:00Z,1.0,2.0,0,0,0,0,0,0,0,0,0,0,0.0,0.0,0.0,0.0,0,0.0,0.0,0.0,0.0,False,a,,,,,2526
299,440993,34,339.0,Iliman Ndiaye,Ndiaye,3,4.6,6.2,9,19.0,Away,2026-04-25T14:00:00Z,1.0,2.0,90,0,0,0,2,0,0,0,12,2,0.19,0.03,0.22,1.17,3,2.2,5.6,5.5,11.0,False,a,,,,1.0,2526
300,433154,34,339.0,Dwight McNeil,McNeil,3,0.2,5.5,9,19.0,Away,2026-04-25T14:00:00Z,1.0,2.0,64,0,0,0,1,0,0,0,13,2,0.03,0.95,0.98,0.8,8,4.2,10.8,24.3,7.0,False,a,,2.0,,,2526
301,502697,34,339.0,Carlos Alcaraz Durán,Alcaraz,3,0.1,5.2,9,19.0,Away,2026-04-25T14:00:00Z,1.0,2.0,4,0,0,0,1,1,0,0,-1,0,0.0,0.01,0.01,0.38,1,0.1,0.0,1.3,0.0,False,a,,,,,2526
302,80801,34,339.0,Idrissa Gana Gueye,Gana,3,0.1,5.4,9,19.0,Away,2026-04-25T14:00:00Z,1.0,2.0,85,0,0,0,1,0,0,0,12,2,0.39,0.13,0.52,0.8,4,1.9,2.8,8.0,8.0,False,a,,,,,2526
303,232928,34,339.0,James Garner,Garner,3,4.2,5.3,9,19.0,Away,2026-04-25T14:00:00Z,1.0,2.0,90,0,0,0,2,1,0,0,14,3,0.0,0.05,0.05,1.17,14,4.1,17.6,21.8,2.0,False,a,,1.0,3.0,2.0,2526
304,490094,34,339.0,Tim Iroegbunam,Iroegbunam,3,0.0,4.8,9,19.0,Away,2026-04-25T14:00:00Z,1.0,2.0,25,0,0,0,1,0,0,0,2,1,0.09,0.02,0.11,0.38,2,2.6,2.6,11.7,12.0,False,a,,,,,2526
305,609873,34,339.0,Harrison Armstrong,Armstrong,3,0.1,4.5,9,19.0,Away,2026-04-25T14:00:00Z,1.0,2.0,0,0,0,0,0,0,0,0,0,0,0.0,0.0,0.0,0.0,0,0.0,0.0,0.0,0.0,False,a,,,,,2526
306,547801,34,339.0,Callum Bates,Bates,3,0.1,4.3,9,19.0,Away,2026-04-25T14:00:00Z,1.0,2.0,0,0,0,0,0,0,0,0,0,0,0.0,0.0,0.0,0.0,0,0.0,0.0,0.0,0.0,False,a,,,,,2526
307,504296,34,339.0,Coby Ebere,Ebere,3,0.0,4.4,9,19.0,Away,2026-04-25T14:00:00Z,1.0,2.0,0,0,0,0,0,0,0,0,0,0,0.0,0.0,0.0,0.0,0,0.0,0.0,0.0,0.0,False,a,,,,,2526
308,496279,34,339.0,Isaac Heath,Heath,3,0.0,4.5,9,19.0,Away,2026-04-25T14:00:00Z,1.0,2.0,0,0,0,0,0,0,0,0,0,0,0.0,0.0,0.0,0.0,0,0.0,0.0,0.0,0.0,False,u,has joined Accrington on loan for the rest of the season.,,,,2526
309,491557,34,339.0,Jenson Metcalfe,Metcalfe,3,0.0,4.5,9,19.0,Away,2026-04-25T14:00:00Z,1.0,2.0,0,0,0,0,0,0,0,0,0,0,0.0,0.0,0.0,0.0,0,0.0,0.0,0.0,0.0,False,u,Has joined Bradford City permanently.,,,,2526
310,586309,34,339.0,Thierno Barry,Barry,4,0.8,5.7,9,19.0,Away,2026-04-25T14:00:00Z,1.0,2.0,90,0,0,0,2,0,0,0,5,2,0.68,0.01,0.69,1.17,4,4.5,13.2,2.8,29.0,False,a,,,,,2526
311,486385,34,339.0,Norberto Bercique Gomes Betuncal,Beto,4,3.0,5.0,9,19.0,Away,2026-04-25T14:00:00Z,1.0,2.0,0,0,0,0,0,0,0,0,0,0,0.0,0.0,0.0,0.0,0,0.0,0.0,0.0,0.0,False,d,Head injury - 75% chance of playing,,,3.0,2526
312,491012,34,339.0,Youssef Ramalho Chermiti,Y.Chermiti,4,0.1,4.9,9,19.0,Away,2026-04-25T14:00:00Z,1.0,2.0,0,0,0,0,0,0,0,0,0,0,0.0,0.0,0.0,0.0,0,0.0,0.0,0.0,0.0,False,u,has joined Rangers permanently.,,,,2526
313,536241,34,339.0,Martin Sherif,Sherif,4,0.1,4.4,9,19.0,Away,2026-04-25T14:00:00Z,1.0,2.0,0,0,0,0,0,0,0,0,0,0,0.0,0.0,0.0,0.0,0,0.0,0.0,0.0,0.0,False,u,has joined Port Vale on loan for the rest of the season.,,,,2526
314,80201,34,335.0,Bernd Leno,Leno,1,1.9,4.9,10,2.0,Home,2026-04-25T11:30:00Z,1.0,0.0,90,0,0,1,0,0,0,1,28,7,0.0,0.0,0.0,0.93,0,1.0,9.6,0.0,0.0,False,a,,,,,2526
315,428971,34,335.0,Steven Benda,Benda,1,0.0,4.0,10,2.0,Home,2026-04-25T11:30:00Z,1.0,0.0,0,0,0,0,0,0,0,0,0,0,0.0,0.0,0.0,0.0,0,0.0,0.0,0.0,0.0,False,u,has joined Feyenoord on loan for the rest of the season.,,,,2526
316,169528,34,335.0,Antonee Robinson,Robinson,2,0.8,4.9,10,2.0,Home,2026-04-25T11:30:00Z,1.0,0.0,9,0,0,0,0,0,0,0,3,1,0.0,0.0,0.0,0.31,1,0.2,1.4,0.2,0.0,False,a,,,,,2526
317,174874,34,335.0,Joachim Andersen,Andersen,2,4.6,4.5,10,2.0,Home,2026-04-25T11:30:00Z,1.0,0.0,90,0,0,1,0,0,0,3,36,11,0.0,0.01,0.01,0.93,15,4.0,28.6,11.2,0.0,True,a,,,,,2526
318,232892,34,335.0,Calvin Bassey,Bassey,2,0.6,4.4,10,2.0,Home,2026-04-25T11:30:00Z,1.0,0.0,90,0,0,1,0,0,0,0,25,6,0.0,0.01,0.01,0.93,6,1.7,16.0,1.2,0.0,False,a,,,,,2526
319,166477,34,335.0,Timothy Castagne,Castagne,2,0.1,4.3,10,2.0,Home,2026-04-25T11:30:00Z,1.0,0.0,90,0,0,1,0,1,0,0,20,5,0.0,0.14,0.14,0.93,4,2.3,7.8,15.4,0.0,False,a,,,,,2526
320,219924,34,335.0,Issa Diop,Diop,2,0.1,4.3,10,2.0,Home,2026-04-25T11:30:00Z,1.0,0.0,0,0,0,0,0,0,0,0,0,0,0.0,0.0,0.0,0.0,0,0.0,0.0,0.0,0.0,False,a,,,,,2526
321,246301,34,335.0,Jorge Cuenca Barreno,J.Cuenca,2,0.1,4.3,10,2.0,Home,2026-04-25T11:30:00Z,1.0,0.0,0,0,0,0,0,0,0,0,0,0,0.0,0.0,0.0,0.0,0,0.0,0.0,0.0,0.0,False,a,,,,,2526
322,167074,34,335.0,Kenny Tete,Tete,2,0.2,4.5,10,2.0,Home,2026-04-25T11:30:00Z,1.0,0.0,0,0,0,0,0,0,0,0,0,0,0.0,0.0,0.0,0.0,0,0.0,0.0,0.0,0.0,False,i,Foot injury - Unknown return date,,,,2526
323,591385,34,335.0,Samuel Amissah,Amissah,2,0.1,3.8,10,2.0,Home,2026-04-25T11:30:00Z,1.0,0.0,0,0,0,0,0,0,0,0,0,0,0.0,0.0,0.0,0.0,0,0.0,0.0,0.0,0.0,False,a,,,,,2526
324,153133,34,335.0,Alex Iwobi,Iwobi,3,1.5,6.2,10,2.0,Home,2026-04-25T11:30:00Z,1.0,0.0,0,0,0,0,0,0,0,0,0,0,0.0,0.0,0.0,0.0,0,0.0,0.0,0.0,0.0,False,i,Hamstring injury - Unknown return date,2.0,,,2526
325,209289,34,335.0,Emile Smith Rowe,Smith Rowe,3,0.5,5.6,10,2.0,Home,2026-04-25T11:30:00Z,1.0,0.0,75,0,0,1,0,0,0,0,8,3,0.04,0.02,0.06,0.62,6,1.9,7.2,4.1,8.0,False,a,,,,,2526
326,159533,34,339.0,Adama Traoré Diarra,Adama,3,0.2,5.1,19,9.0,Home,2026-04-25T14:00:00Z,2.0,1.0,0,0,0,0,0,0,0,0,0,0,0.0,0.0,0.0,0.0,0,0.0,0.0,0.0,0.0,False,a,,,,,2526
327,156689,34,335.0,Andreas Hoelgebaum Pereira,Andreas,3,0.1,5.3,10,2.0,Home,2026-04-25T11:30:00Z,1.0,0.0,0,0,0,0,0,0,0,0,0,0,0.0,0.0,0.0,0.0,0,0.0,0.0,0.0,0.0,False,u,has joined Palmeiras permanently.,,,,2526
328,184349,34,335.0,Ryan Sessegnon,Sessegnon,3,0.2,5.4,10,2.0,Home,2026-04-25T11:30:00Z,1.0,0.0,80,1,0,1,0,0,0,3,36,11,0.26,0.01,0.27,0.62,11,6.4,45.0,1.8,17.0,True,d,Muscle injury - 75% chance of playing,,,,2526
329,153682,34,335.0,Harry Wilson,Wilson,3,21.6,6.0,10,2.0,Home,2026-04-25T11:30:00Z,1.0,0.0,90,0,0,1,0,1,0,0,4,2,0.23,0.01,0.24,0.93,8,2.3,13.2,4.8,5.0,False,a,,1.0,1.0,3.0,2526
330,207189,34,335.0,Sander Berge,Berge,3,0.1,4.9,10,2.0,Home,2026-04-25T11:30:00Z,1.0,0.0,90,0,0,1,0,0,0,0,11,3,0.06,0.14,0.2,0.93,6,2.8,7.0,12.8,8.0,False,a,,,,,2526
331,76357,34,335.0,Tom Cairney,Cairney,3,0.0,4.8,10,2.0,Home,2026-04-25T11:30:00Z,1.0,0.0,0,0,0,0,0,0,0,0,0,0,0.0,0.0,0.0,0.0,0,0.0,0.0,0.0,0.0,False,a,,,,,2526
332,212314,34,335.0,Saša Lukić,Lukić,3,0.1,4.9,10,2.0,Home,2026-04-25T11:30:00Z,1.0,0.0,90,0,1,1,0,0,0,0,21,6,0.29,0.04,0.33,0.93,10,5.7,16.2,17.0,24.0,False,a,,3.0,,,2526
333,573062,34,335.0,Martial Godo,Godo,3,0.0,4.5,10,2.0,Home,2026-04-25T11:30:00Z,1.0,0.0,0,0,0,0,0,0,0,0,0,0,0.0,0.0,0.0,0.0,0,0.0,0.0,0.0,0.0,False,u,has joined Strasbourg permanently.,,,,2526
334,515024,34,335.0,Luke Harris,Harris,3,0.0,4.5,10,2.0,Home,2026-04-25T11:30:00Z,1.0,0.0,0,0,0,0,0,0,0,0,0,0,0.0,0.0,0.0,0.0,0,0.0,0.0,0.0,0.0,False,u,Has joined Oxford United on loan for the rest of the season.,,,,2526
335,577725,34,335.0,Josh King,King,3,1.7,4.4,10,2.0,Home,2026-04-25T11:30:00Z,1.0,0.0,14,0,0,0,0,0,0,0,6,1,0.0,0.04,0.04,0.31,2,2.2,5.2,10.6,6.0,False,a,,,,,2526
336,153366,34,335.0,Harrison Reed,Reed,3,0.3,4.3,10,2.0,Home,2026-04-25T11:30:00Z,1.0,0.0,0,0,0,0,0,0,0,0,0,0,0.0,0.0,0.0,0.0,0,0.0,0.0,0.0,0.0,False,a,,,,,2526
337,102057,34,335.0,Raúl Jiménez Rodríguez,Raúl,4,2.2,6.1,10,2.0,Home,2026-04-25T11:30:00Z,1.0,0.0,65,0,0,1,0,0,0,0,9,2,0.14,0.02,0.16,0.55,2,4.9,7.4,24.8,17.0,False,a,,,2.0,1.0,2526
338,244042,34,335.0,Rodrigo Muniz Carvalho,Muniz,4,0.7,5.3,10,2.0,Home,2026-04-25T11:30:00Z,1.0,0.0,24,0,0,0,0,0,0,0,4,1,0.11,0.01,0.12,0.38,4,1.6,6.0,0.5,9.0,False,a,,,,,2526
339,437495,34,,Illan Meslier,Meslier,1,0.3,4.1,11,,,,,,0,0,0,0,0,0,0,0,0,0,0.0,0.0,0.0,0.0,0,0.0,0.0,0.0,0.0,False,a,,,,,2526
340,97846,34,,Alex Cairns,Cairns,1,0.1,3.9,11,,,,,,0,0,0,0,0,0,0,0,0,0,0.0,0.0,0.0,0.0,0,0.0,0.0,0.0,0.0,False,a,,,,,2526
341,59735,34,,Karl Darlow,Darlow,1,6.1,3.9,11,,,,,,0,0,0,0,0,0,0,0,0,0,0.0,0.0,0.0,0.0,0,0.0,0.0,0.0,0.0,False,a,,,,,2526
342,226182,34,,Jayden Bogle,Bogle,2,0.7,4.4,11,,,,,,0,0,0,0,0,0,0,0,0,0,0.0,0.0,0.0,0.0,0,0.0,0.0,0.0,0.0,False,a,,,,,2526
343,222694,34,,Pascal Struijk,Struijk,2,2.9,4.3,11,,,,,,0,0,0,0,0,0,0,0,0,0,0.0,0.0,0.0,0.0,0,0.0,0.0,0.0,0.0,False,a,,,,,2526
344,434752,34,,Jaka Bijol,Bijol,2,1.1,3.9,11,,,,,,0,0,0,0,0,0,0,0,0,0,0.0,0.0,0.0,0.0,0,0.0,0.0,0.0,0.0,False,a,,,,,2526
345,437738,34,,Sebastiaan Bornauw,Bornauw,2,0.1,3.8,11,,,,,,0,0,0,0,0,0,0,0,0,0,0.0,0.0,0.0,0.0,0,0.0,0.0,0.0,0.0,False,a,,,,,2526
346,113564,34,,Sam Byram,Byram,2,0.3,3.7,11,,,,,,0,0,0,0,0,0,0,0,0,0,0.0,0.0,0.0,0.0,0,0.0,0.0,0.0,0.0,False,a,,,,,2526
347,243526,34,,Gabriel Gudmundsson,Gudmundsson,2,3.2,3.8,11,,,,,,0,0,0,0,0,0,0,0,0,0,0.0,0.0,0.0,0.0,0,0.0,0.0,0.0,0.0,False,d,Hamstring injury - 75% chance of playing,,,,2526
348,214225,34,,Joe Rodon,Rodon,2,2.9,3.9,11,,,,,,0,0,0,0,0,0,0,0,0,0,0.0,0.0,0.0,0.0,0,0.0,0.0,0.0,0.0,False,a,,,,,2526
349,492368,34,,Isaac Schmidt,Schmidt,2,0.1,4.0,11,,,,,,0,0,0,0,0,0,0,0,0,0,0.0,0.0,0.0,0.0,0,0.0,0.0,0.0,0.0,False,u,has joined Werder Bremen on loan for the rest of the season.,,,,2526
350,427637,34,,Brenden Aaronson,Aaronson,3,1.1,5.4,11,,,,,,0,0,0,0,0,0,0,0,0,0,0.0,0.0,0.0,0.0,0,0.0,0.0,0.0,0.0,False,a,,,,,2526
351,492859,34,,Wilfried Gnonto,Gnonto,3,0.1,5.1,11,,,,,,0,0,0,0,0,0,0,0,0,0,0.0,0.0,0.0,0.0,0,0.0,0.0,0.0,0.0,False,a,,,,,2526
352,221399,34,,Jack Harrison,Harrison,3,0.0,5.1,11,,,,,,0,0,0,0,0,0,0,0,0,0,0.0,0.0,0.0,0.0,0,0.0,0.0,0.0,0.0,False,u,has joined ACF Fiorentina on loan for the rest of the season.,,,,2526
353,200617,34,,Daniel James,James,3,0.1,5.2,11,,,,,,0,0,0,0,0,0,0,0,0,0,0.0,0.0,0.0,0.0,0,0.0,0.0,0.0,0.0,False,a,,,,,2526
354,199598,34,,Ethan Ampadu,Ampadu,3,0.5,4.9,11,,,,,,0,0,0,0,0,0,0,0,0,0,0.0,0.0,0.0,0.0,0,0.0,0.0,0.0,0.0,False,a,,,,,2526
355,248937,34,,Sam Greenwood,Greenwood,3,0.0,4.9,11,,,,,,0,0,0,0,0,0,0,0,0,0,0.0,0.0,0.0,0.0,0,0.0,0.0,0.0,0.0,False,u,has joined Pogon Szczecin permanently.,,,,2526
356,486520,34,,Ilia Gruev,Gruev,3,0.1,4.7,11,,,,,,0,0,0,0,0,0,0,0,0,0,0.0,0.0,0.0,0.0,0,0.0,0.0,0.0,0.0,False,i,Knee injury - Expected back 01 Jun,4.0,,,2526
357,433952,34,,Largie Ramazani,Ramazani,3,0.0,4.9,11,,,,,,0,0,0,0,0,0,0,0,0,0,0.0,0.0,0.0,0.0,0,0.0,0.0,0.0,0.0,False,u,has joined Valencia on loan for the rest of the season.,,,,2526
358,248056,34,,Tanaka Ao,Tanaka,3,0.2,4.8,11,,,,,,0,0,0,0,0,0,0,0,0,0,0.0,0.0,0.0,0.0,0,0.0,0.0,0.0,0.0,False,a,,,,,2526
359,536119,34,,Charlie Crew,Crew,3,0.0,4.5,11,,,,,,0,0,0,0,0,0,0,0,0,0,0.0,0.0,0.0,0.0,0,0.0,0.0,0.0,0.0,False,u,Has joined Doncaster Rovers on loan for the rest of the season.,,,,2526
360,462635,34,,Joe Gelhardt,Gelhardt,3,0.0,4.5,11,,,,,,0,0,0,0,0,0,0,0,0,0,0.0,0.0,0.0,0.0,0,0.0,0.0,0.0,0.0,False,u,Has joined Hull City on loan for the rest of the season.,,,,2526
361,470294,34,,Darko Gyabi,Gyabi,3,0.0,4.5,11,,,,,,0,0,0,0,0,0,0,0,0,0,0.0,0.0,0.0,0.0,0,0.0,0.0,0.0,0.0,False,u,has joined Hull City permanently.,,,,2526
362,235826,34,,Joël Piroe,Piroe,4,0.3,4.9,11,,,,,,0,0,0,0,0,0,0,0,0,0,0.0,0.0,0.0,0.0,0,0.0,0.0,0.0,0.0,False,a,,,,3.0,2526
363,106617,34,,Patrick Bamford,Bamford,4,0.3,4.9,11,,,,,,0,0,0,0,0,0,0,0,0,0,0.0,0.0,0.0,0.0,0,0.0,0.0,0.0,0.0,False,u,has departed the club as a free agent.,,,,2526
364,565297,34,,Mateo Joseph Fernández-Regatillo,Mateo Joseph,4,0.0,5.0,11,,,,,,0,0,0,0,0,0,0,0,0,0,0.0,0.0,0.0,0.0,0,0.0,0.0,0.0,0.0,False,u,Has joined RCD Mallorca on loan for the rest of the season.,,,,2526
365,174594,34,,Lukas Nmecha,Nmecha,4,0.6,5.0,11,,,,,,0,0,0,0,0,0,0,0,0,0,0.0,0.0,0.0,0.0,0,0.0,0.0,0.0,0.0,False,a,,,,2.0,2526
366,116535,34,336.0,Alisson Becker,A.Becker,1,5.3,5.4,12,8.0,Home,2026-04-25T14:00:00Z,3.0,1.0,0,0,0,0,0,0,0,0,0,0,0.0,0.0,0.0,0.0,0,0.0,0.0,0.0,0.0,False,d,Muscle injury - 50% chance of playing,,,,2526
367,449027,34,336.0,Giorgi Mamardashvili,Mamardashvili,1,0.7,4.1,12,8.0,Home,2026-04-25T14:00:00Z,3.0,1.0,0,0,0,0,0,0,0,0,0,0,0.0,0.0,0.0,0.0,0,0.0,0.0,0.0,0.0,False,i,Knee injury - Unknown return date,,,,2526
368,586268,34,336.0,Ármin Pécsi,Pécsi,1,0.9,3.8,12,8.0,Home,2026-04-25T14:00:00Z,3.0,1.0,0,0,0,0,0,0,0,0,0,0,0.0,0.0,0.0,0.0,0,0.0,0.0,0.0,0.0,False,a,,,,,2526
369,155503,34,336.0,Freddie Woodman,Woodman,1,0.3,3.9,12,8.0,Home,2026-04-25T14:00:00Z,3.0,1.0,90,0,0,0,1,0,0,0,20,3,0.0,0.0,0.0,2.26,0,4.4,44.4,0.0,0.0,False,a,,,,,2526
370,216094,34,336.0,Jeremie Frimpong,Frimpong,2,5.1,5.7,12,8.0,Home,2026-04-25T14:00:00Z,3.0,1.0,31,0,0,0,1,0,0,0,3,1,0.03,0.0,0.03,0.9,1,0.7,2.2,0.3,4.0,False,a,,,,,2526
371,544877,34,336.0,Milos Kerkez,Kerkez,2,3.0,5.6,12,8.0,Home,2026-04-25T14:00:00Z,3.0,1.0,3,0,0,0,0,0,0,0,4,1,0.0,0.0,0.0,0.0,3,0.5,4.2,0.3,0.0,False,a,,,,,2526
372,122798,34,336.0,Andrew Robertson,Robertson,2,1.0,5.7,12,8.0,Home,2026-04-25T14:00:00Z,3.0,1.0,86,1,0,0,1,0,0,0,26,8,0.37,0.09,0.46,2.26,2,7.7,43.0,16.7,17.0,False,a,,,,,2526
373,97032,34,336.0,Virgil van Dijk,Virgil,2,33.6,6.2,12,8.0,Home,2026-04-25T14:00:00Z,3.0,1.0,90,0,0,0,1,0,0,0,13,4,0.0,0.01,0.01,2.26,10,2.0,19.2,0.8,0.0,False,a,,,,,2526
374,204716,34,336.0,Ibrahima Konaté,Konaté,2,4.2,5.5,12,8.0,Home,2026-04-25T14:00:00Z,3.0,1.0,90,0,0,0,1,0,0,0,25,4,0.0,0.0,0.0,2.26,10,2.9,28.0,0.8,0.0,False,a,,,,,2526
375,492777,34,336.0,Conor Bradley,Bradley,2,0.1,4.9,12,8.0,Home,2026-04-25T14:00:00Z,3.0,1.0,0,0,0,0,0,0,0,0,0,0,0.0,0.0,0.0,0.0,0,0.0,0.0,0.0,0.0,False,i,Knee injury - Expected back 01 Jun,,,,2526
376,171287,34,336.0,Joe Gomez,Gomez,2,0.1,4.9,12,8.0,Home,2026-04-25T14:00:00Z,3.0,1.0,3,0,0,0,0,0,0,0,6,1,0.0,0.0,0.0,0.0,3,0.4,4.0,0.0,0.0,False,a,,,,,2526
377,214285,34,336.0,Konstantinos Tsimikas,Tsimikas,2,0.0,4.8,12,8.0,Home,2026-04-25T14:00:00Z,3.0,1.0,0,0,0,0,0,0,0,0,0,0,0.0,0.0,0.0,0.0,0,0.0,0.0,0.0,0.0,False,u,has joined AS Roma on loan for the rest of the season.,,,,2526
378,611926,34,336.0,Amara Nallo,Nallo,2,0.9,3.7,12,8.0,Home,2026-04-25T14:00:00Z,3.0,1.0,0,0,0,0,0,0,0,0,0,0,0.0,0.0,0.0,0.0,0,0.0,0.0,0.0,0.0,False,a,,,,,2526
379,219937,34,336.0,Rhys Williams,R.Williams,2,0.5,3.7,12,8.0,Home,2026-04-25T14:00:00Z,3.0,1.0,0,0,0,0,0,0,0,0,0,0,0.0,0.0,0.0,0.0,0,0.0,0.0,0.0,0.0,False,a,,,,,2526
380,489580,34,336.0,Calvin Ramsay,Ramsay,2,0.3,3.7,12,8.0,Home,2026-04-25T14:00:00Z,3.0,1.0,0,0,0,0,0,0,0,0,0,0,0.0,0.0,0.0,0.0,0,0.0,0.0,0.0,0.0,False,a,,,,,2526
381,118748,34,336.0,Mohamed Salah,M.Salah,3,14.7,14.0,12,8.0,Home,2026-04-25T14:00:00Z,3.0,1.0,58,0,0,0,0,0,0,0,1,1,0.09,0.03,0.12,1.36,3,2.9,1.8,17.3,10.0,False,d,Muscle injury - 75% chance of playing,2.0,4.0,1.0,2526
382,494595,34,336.0,Florian Wirtz,Wirtz,3,9.1,8.3,12,8.0,Home,2026-04-25T14:00:00Z,3.0,1.0,90,1,0,0,1,0,0,1,28,8,0.08,0.17,0.25,2.26,5,8.3,39.4,7.3,36.0,False,a,,4.0,5.0,,2526
383,244731,34,336.0,Luis Díaz Marulanda,Luis Díaz,3,0.0,8.0,12,8.0,Home,2026-04-25T14:00:00Z,3.0,1.0,0,0,0,0,0,0,0,0,0,0,0.0,0.0,0.0,0.0,0,0.0,0.0,0.0,0.0,False,u,Has joined Bayern Munch permanently.,,,,2526
384,243298,34,336.0,Cody Gakpo,Gakpo,3,5.8,7.3,12,8.0,Home,2026-04-25T14:00:00Z,3.0,1.0,90,0,0,0,1,0,0,0,4,2,0.0,0.02,0.02,2.26,1,1.5,0.0,2.8,12.0,False,a,,3.0,,3.0,2526
385,223541,34,336.0,Federico Chiesa,Chiesa,3,0.3,6.3,12,8.0,Home,2026-04-25T14:00:00Z,3.0,1.0,0,0,0,0,0,0,0,0,0,0,0.0,0.0,0.0,0.0,0,0.0,0.0,0.0,0.0,False,a,,,,,2526
386,243016,34,336.0,Alexis Mac Allister,Mac Allister,3,2.0,6.2,12,8.0,Home,2026-04-25T14:00:00Z,3.0,1.0,90,0,2,0,1,0,0,3,41,13,0.03,0.04,0.07,2.26,12,7.7,42.0,26.3,9.0,True,a,,,,4.0,2526
387,424876,34,336.0,Dominik Szoboszlai,Szoboszlai,3,13.1,7.1,12,8.0,Home,2026-04-25T14:00:00Z,3.0,1.0,90,0,0,0,1,1,0,0,13,1,0.1,0.15,0.25,2.26,7,3.2,5.2,15.5,11.0,False,a,,1.0,2.0,2.0,2526
388,206915,34,336.0,Curtis Jones,C.Jones,3,0.1,5.4,12,8.0,Home,2026-04-25T14:00:00Z,3.0,1.0,86,0,1,0,1,0,0,0,24,7,0.0,0.01,0.01,2.26,13,3.8,24.4,11.8,2.0,False,a,,,,,2526
389,444884,34,335.0,Harvey Elliott,Elliott,3,0.2,5.1,2,10.0,Away,2026-04-25T11:30:00Z,0.0,1.0,0,0,0,0,0,0,0,0,0,0,0.0,0.0,0.0,0.0,0,0.0,0.0,0.0,0.0,False,a,,,,,2526
390,441266,34,336.0,Ryan Gravenberch,Gravenberch,3,4.1,5.5,12,8.0,Home,2026-04-25T14:00:00Z,3.0,1.0,11,0,0,0,0,0,0,0,1,1,0.0,0.0,0.0,0.3,1,0.0,0.0,0.1,0.0,False,a,,,,,2526
391,496208,34,,Ben Gannon-Doak,Gannon-Doak,3,0.0,4.8,4,,,,,,0,0,0,0,0,0,0,0,0,0,0.0,0.0,0.0,0.0,0,0.0,0.0,0.0,0.0,False,a,,,,,2526
392,158983,34,336.0,Endo Wataru,Endo,3,0.1,4.9,12,8.0,Home,2026-04-25T14:00:00Z,3.0,1.0,0,0,0,0,0,0,0,0,0,0,0.0,0.0,0.0,0.0,0,0.0,0.0,0.0,0.0,False,i,Foot injury - Expected back 24 May,,,,2526
393,535928,34,336.0,Stefan Bajčetić Maquieira,Bajcetic,3,0.1,4.2,12,8.0,Home,2026-04-25T14:00:00Z,3.0,1.0,0,0,0,0,0,0,0,0,0,0,0.0,0.0,0.0,0.0,0,0.0,0.0,0.0,0.0,False,i,Hamstring injury - Unknown return date,,,,2526
394,491501,34,336.0,James McConnell,McConnell,3,0.0,4.4,12,8.0,Home,2026-04-25T14:00:00Z,3.0,1.0,0,0,0,0,0,0,0,0,0,0,0.0,0.0,0.0,0.0,0,0.0,0.0,0.0,0.0,False,u,has joined Ajax on loan for the rest of the season.,,,,2526
395,440148,34,336.0,Tyler Morton,Morton,3,0.0,4.5,12,8.0,Home,2026-04-25T14:00:00Z,3.0,1.0,0,0,0,0,0,0,0,0,0,0,0.0,0.0,0.0,0.0,0,0.0,0.0,0.0,0.0,False,u,Has joined Lyon permanently.,,,,2526
396,591386,34,336.0,Trey Nyoni,Nyoni,3,0.3,4.3,12,8.0,Home,2026-04-25T14:00:00Z,3.0,1.0,0,0,0,0,0,0,0,0,0,0,0.0,0.0,0.0,0.0,0,0.0,0.0,0.0,0.0,False,a,,,,,2526
397,447203,34,336.0,Darwin Núñez Ribeiro,Darwin,4,0.1,6.5,12,8.0,Home,2026-04-25T14:00:00Z,3.0,1.0,0,0,0,0,0,0,0,0,0,0,0.0,0.0,0.0,0.0,0,0.0,0.0,0.0,0.0,False,u,Has joined Al-Hilal permanently.,,,,2526
398,500058,34,336.0,Jayden Danns,Danns,4,0.1,4.3,12,8.0,Home,2026-04-25T14:00:00Z,3.0,1.0,0,0,0,0,0,0,0,0,0,0,0.0,0.0,0.0,0.0,0,0.0,0.0,0.0,0.0,False,i,Hamstring injury - Unknown return date,,,,2526
399,121160,34,,Ederson Santana de Moraes,Ederson M.,1,0.8,5.3,13,,,,,,0,0,0,0,0,0,0,0,0,0,0.0,0.0,0.0,0.0,0,0.0,0.0,0.0,0.0,False,u,has joined Fenerbache permanently.,,,,2526
400,88248,34,338.0,Stefan Ortega Moreno,Ortega Moreno,1,0.2,4.7,16,17.0,Away,2026-04-24T19:00:00Z,5.0,0.0,0,0,0,0,0,0,0,0,0,0,0.0,0.0,0.0,0.0,0,0.0,0.0,0.0,0.0,False,a,,,,,2526
401,122074,34,,Marcus Bettinelli,Bettinelli,1,0.4,3.8,13,,,,,,0,0,0,0,0,0,0,0,0,0,0.0,0.0,0.0,0.0,0,0.0,0.0,0.0,0.0,False,a,,,,,2526
402,448514,34,,Rayan Aït-Nouri,Aït-Nouri,2,4.2,5.7,13,,,,,,0,0,0,0,0,0,0,0,0,0,0.0,0.0,0.0,0.0,0,0.0,0.0,0.0,0.0,False,a,,,,,2526
403,477424,34,,Joško Gvardiol,Gvardiol,2,3.2,5.8,13,,,,,,0,0,0,0,0,0,0,0,0,0,0.0,0.0,0.0,0.0,0,0.0,0.0,0.0,0.0,False,i,Leg injury - Unknown return date,,,,2526
404,211975,34,,Manuel Akanji,Akanji,2,0.3,5.4,13,,,,,,0,0,0,0,0,0,0,0,0,0,0.0,0.0,0.0,0.0,0,0.0,0.0,0.0,0.0,False,u,has joined Inter Milan on loan for the rest of the season.,,,,2526
405,126184,34,,Nathan Aké,Aké,2,0.6,5.2,13,,,,,,0,0,0,0,0,0,0,0,0,0,0.0,0.0,0.0,0.0,0,0.0,0.0,0.0,0.0,False,a,,,,,2526
406,578153,34,,Abdukodir Khusanov,Khusanov,2,0.6,5.4,13,,,,,,0,0,0,0,0,0,0,0,0,0,0.0,0.0,0.0,0.0,0,0.0,0.0,0.0,0.0,False,a,,,,,2526
407,465351,34,,Matheus Nunes,Matheus N.,2,2.9,5.3,13,,,,,,0,0,0,0,0,0,0,0,0,0,0.0,0.0,0.0,0.0,0,0.0,0.0,0.0,0.0,False,a,,,,4.0,2526
408,171314,34,,Rúben dos Santos Gato Alves Dias,Rúben,2,3.2,5.5,13,,,,,,0,0,0,0,0,0,0,0,0,0,0.0,0.0,0.0,0.0,0,0.0,0.0,0.0,0.0,False,i,Hamstring injury - Unknown return date,,,,2526
409,97299,34,,John Stones,Stones,2,0.6,5.4,13,,,,,,0,0,0,0,0,0,0,0,0,0,0.0,0.0,0.0,0.0,0,0.0,0.0,0.0,0.0,False,a,,,,,2526
410,477064,34,,Rico Lewis,Lewis,2,1.2,4.6,13,,,,,,0,0,0,0,0,0,0,0,0,0,0.0,0.0,0.0,0.0,0,0.0,0.0,0.0,0.0,False,a,,,,,2526
411,472769,34,,Nico O'Reilly,O'Reilly,2,15.5,5.1,13,,,,,,0,0,0,0,0,0,0,0,0,0,0.0,0.0,0.0,0.0,0,0.0,0.0,0.0,0.0,False,a,,,,,2526
412,616222,34,,Vitor de Oliveira Nunes dos Reis,Vitor Reis,2,0.0,5.0,13,,,,,,0,0,0,0,0,0,0,0,0,0,0.0,0.0,0.0,0.0,0,0.0,0.0,0.0,0.0,False,u,Has joined Girona on loan for the rest of the season.,,,,2526
413,438234,34,,Omar Marmoush,Marmoush,3,2.5,8.3,13,,,,,,0,0,0,0,0,0,0,0,0,0,0.0,0.0,0.0,0.0,0,0.0,0.0,0.0,0.0,False,a,,4.0,1.0,2.0,2526
414,209244,34,,Phil Foden,Foden,3,7.7,8.0,13,,,,,,0,0,0,0,0,0,0,0,0,0,0.0,0.0,0.0,0.0,0,0.0,0.0,0.0,0.0,False,a,,5.0,,,2526
415,510281,34,,Sávio Moreira de Oliveira,Savinho,3,0.4,6.9,13,,,,,,0,0,0,0,0,0,0,0,0,0,0.0,0.0,0.0,0.0,0,0.0,0.0,0.0,0.0,False,a,,,,,2526
416,165809,34,,Bernardo Mota Veiga de Carvalho e Silva,Bernardo,3,0.6,6.2,13,,,,,,0,0,0,0,0,0,0,0,0,0,0.0,0.0,0.0,0.0,0,0.0,0.0,0.0,0.0,False,a,,1.0,,,2526
417,466052,34,,Rayan Cherki,Cherki,3,11.6,6.4,13,,,,,,0,0,0,0,0,0,0,0,0,0,0.0,0.0,0.0,0.0,0,0.0,0.0,0.0,0.0,False,a,,3.0,2.0,,2526
418,248875,34,,Jérémy Doku,Doku,3,2.6,6.4,13,,,,,,0,0,0,0,0,0,0,0,0,0,0.0,0.0,0.0,0.0,0,0.0,0.0,0.0,0.0,False,a,,,,3.0,2526
419,114283,34,339.0,Jack Grealish,Grealish,3,5.7,6.3,9,19.0,Away,2026-04-25T14:00:00Z,1.0,2.0,0,0,0,0,0,0,0,0,0,0,0.0,0.0,0.0,0.0,0,0.0,0.0,0.0,0.0,False,i,Foot injury - Expected back 01 Jun,,,,2526
420,59859,34,,İlkay Gündoğan,Gündoğan,3,0.1,6.3,13,,,,,,0,0,0,0,0,0,0,0,0,0,0.0,0.0,0.0,0.0,0,0.0,0.0,0.0,0.0,False,u,has joined Galatasaray permanently.,,,,2526
421,220566,34,,Rodrigo 'Rodri' Hernandez Cascante,Rodrigo,3,0.5,6.3,13,,,,,,0,0,0,0,0,0,0,0,0,0,0.0,0.0,0.0,0.0,0,0.0,0.0,0.0,0.0,False,d,Groin Injury - 75% chance of playing,,,,2526
422,91651,34,,Mateo Kovačić,Kovačić,3,0.0,5.8,13,,,,,,0,0,0,0,0,0,0,0,0,0,0.0,0.0,0.0,0.0,0,0.0,0.0,0.0,0.0,False,a,,,,,2526
423,465694,34,,Nico González Iglesias,N.Gonzalez,3,0.1,5.9,13,,,,,,0,0,0,0,0,0,0,0,0,0,0.0,0.0,0.0,0.0,0,0.0,0.0,0.0,0.0,False,a,,,,,2526
424,477555,34,335.0,Oscar Bobb,Bobb,3,0.2,5.1,10,2.0,Home,2026-04-25T11:30:00Z,1.0,0.0,14,0,0,0,0,0,0,0,6,1,0.05,0.02,0.07,0.31,1,2.6,4.2,0.8,21.0,False,a,,,,,2526
425,575204,34,,Claudio Echeverri,Echeverri,3,0.0,5.4,13,,,,,,0,0,0,0,0,0,0,0,0,0,0.0,0.0,0.0,0.0,0,0.0,0.0,0.0,0.0,False,u,has joined Girona on loan for the rest of the season.,,,,2526
426,432714,34,338.0,James McAtee,McAtee,3,0.1,5.0,16,17.0,Away,2026-04-24T19:00:00Z,5.0,0.0,0,0,0,0,0,0,0,0,0,0,0.0,0.0,0.0,0.0,0,0.0,0.0,0.0,0.0,False,a,,,,5.0,2526
427,433036,34,,Tijjani Reijnders,Reijnders,3,9.1,5.0,13,,,,,,0,0,0,0,0,0,0,0,0,0,0.0,0.0,0.0,0.0,0,0.0,0.0,0.0,0.0,False,a,,4.0,3.0,,2526
428,566164,34,,Sverre Nypan,Nypan,3,0.0,5.0,13,,,,,,0,0,0,0,0,0,0,0,0,0,0.0,0.0,0.0,0.0,0,0.0,0.0,0.0,0.0,False,a,,,,,2526
429,155405,34,,Kalvin Phillips,Phillips,3,0.1,4.7,13,,,,,,0,0,0,0,0,0,0,0,0,0,0.0,0.0,0.0,0.0,0,0.0,0.0,0.0,0.0,False,u,has joined Sheffield United on loan for the rest of the season.,,,,2526
430,223094,34,,Erling Haaland,Haaland,4,59.2,14.5,13,,,,,,0,0,0,0,0,0,0,0,0,0,0.0,0.0,0.0,0.0,0,0.0,0.0,0.0,0.0,False,a,,,,1.0,2526
431,451302,34,337.0,Altay Bayındır,Bayindir,1,0.3,4.7,14,5.0,Home,2026-04-27T19:00:00Z,2.0,1.0,0,0,0,0,0,0,0,0,0,0,0.0,0.0,0.0,0.0,0,0.0,0.0,0.0,0.0,False,a,,,,,2526
432,202641,34,337.0,André Onana,Onana,1,0.1,4.9,14,5.0,Home,2026-04-27T19:00:00Z,2.0,1.0,0,0,0,0,0,0,0,0,0,0,0.0,0.0,0.0,0.0,0,0.0,0.0,0.0,0.0,False,u,has joined Trabzonspor on loan for the rest of the season.,,,,2526
433,588555,34,337.0,Elyh Harrison,Harrison,1,0.0,4.0,14,5.0,Home,2026-04-27T19:00:00Z,2.0,1.0,0,0,0,0,0,0,0,0,0,0,0.0,0.0,0.0,0.0,0,0.0,0.0,0.0,0.0,False,u,On loan to Shrewsbury Town,,,,2526
434,21205,34,337.0,Tom Heaton,Heaton,1,0.4,3.8,14,5.0,Home,2026-04-27T19:00:00Z,2.0,1.0,0,0,0,0,0,0,0,0,0,0,0.0,0.0,0.0,0.0,0,0.0,0.0,0.0,0.0,False,a,,,,,2526
435,461537,34,337.0,Dermot Mee,Mee,1,0.1,3.9,14,5.0,Home,2026-04-27T19:00:00Z,2.0,1.0,0,0,0,0,0,0,0,0,0,0,0.0,0.0,0.0,0.0,0,0.0,0.0,0.0,0.0,False,a,,,,,2526
436,209365,34,337.0,Matthijs de Ligt,De Ligt,2,1.8,4.9,14,5.0,Home,2026-04-27T19:00:00Z,2.0,1.0,0,0,0,0,0,0,0,0,0,0,0.0,0.0,0.0,0.0,0,0.0,0.0,0.0,0.0,False,i,Back injury - Unknown return date,,,,2526
437,221820,34,337.0,Lisandro Martínez,Martinez,2,0.4,4.8,14,5.0,Home,2026-04-27T19:00:00Z,2.0,1.0,0,0,0,0,0,0,0,0,0,0,0.0,0.0,0.0,0.0,0,0.0,0.0,0.0,0.0,False,s,Suspended until 09 May,,,,2526
438,230001,34,337.0,Noussair Mazraoui,Mazraoui,2,0.2,4.9,14,5.0,Home,2026-04-27T19:00:00Z,2.0,1.0,45,0,0,0,1,0,0,0,6,1,0.0,0.01,0.01,0.72,9,1.8,16.8,1.1,0.0,False,a,,,,,2526
439,661712,34,337.0,Diego León Blanco,D.Leon,2,0.1,4.1,14,5.0,Home,2026-04-27T19:00:00Z,2.0,1.0,0,0,0,0,0,0,0,0,0,0,0.0,0.0,0.0,0.0,0,0.0,0.0,0.0,0.0,False,a,,,,,2526
440,216051,34,337.0,Diogo Dalot Teixeira,Dalot,2,4.4,4.6,14,5.0,Home,2026-04-27T19:00:00Z,2.0,1.0,90,0,0,0,1,0,0,0,9,4,0.0,0.01,0.01,1.43,11,2.1,18.8,2.3,0.0,False,a,,,,,2526
441,596777,34,337.0,Patrick Dorgu,Dorgu,2,2.4,4.1,14,5.0,Home,2026-04-27T19:00:00Z,2.0,1.0,0,0,0,0,0,0,0,0,0,0,0.0,0.0,0.0,0.0,0,0.0,0.0,0.0,0.0,False,a,,,,,2526
442,95658,34,337.0,Harry Maguire,Maguire,2,1.3,4.4,14,5.0,Home,2026-04-27T19:00:00Z,2.0,1.0,90,0,1,0,1,0,0,0,32,7,0.11,0.2,0.31,1.43,12,11.1,48.6,10.6,52.0,False,a,,,,,2526
443,106760,34,337.0,Luke Shaw,Shaw,2,0.9,4.5,14,5.0,Home,2026-04-27T19:00:00Z,2.0,1.0,72,0,0,1,0,1,0,0,19,5,0.06,0.0,0.06,1.34,9,1.6,9.8,0.8,5.0,False,d,Knock - 75% chance of playing,,,,2526
444,550864,34,337.0,Leny Yoro,Yoro,2,1.3,4.1,14,5.0,Home,2026-04-27T19:00:00Z,2.0,1.0,17,0,0,0,1,0,0,0,-1,1,0.0,0.0,0.0,0.09,1,0.1,1.4,0.0,0.0,False,a,,,,,2526
445,577974,34,337.0,Harry Amass,Amass,2,0.1,4.0,14,5.0,Home,2026-04-27T19:00:00Z,2.0,1.0,0,0,0,0,0,0,0,0,0,0,0.0,0.0,0.0,0.0,0,0.0,0.0,0.0,0.0,False,u,has joined Norwich City on loan for the rest of the season.,,,,2526
446,547676,34,337.0,Tyler Fredricson,Fredricson,2,0.2,3.7,14,5.0,Home,2026-04-27T19:00:00Z,2.0,1.0,0,0,0,0,0,0,0,0,0,0,0.0,0.0,0.0,0.0,0,0.0,0.0,0.0,0.0,False,a,,,,,2526
447,606745,34,337.0,Ayden Heaven,Heaven,2,2.3,3.7,14,5.0,Home,2026-04-27T19:00:00Z,2.0,1.0,90,0,0,0,1,0,0,0,12,2,0.0,0.01,0.01,1.43,4,1.3,11.8,0.9,0.0,False,a,,,,,2526
448,222690,34,337.0,Tyrell Malacia,Malacia,2,0.4,3.7,14,5.0,Home,2026-04-27T19:00:00Z,2.0,1.0,0,0,0,0,0,0,0,0,0,0,0.0,0.0,0.0,0.0,0,0.0,0.0,0.0,0.0,False,a,,,,,2526
449,141746,34,337.0,Bruno Borges Fernandes,B.Fernandes,3,46.9,10.4,14,5.0,Home,2026-04-27T19:00:00Z,2.0,1.0,90,0,1,0,1,0,0,0,29,5,0.0,0.61,0.61,1.43,9,10.4,32.8,67.5,4.0,False,a,,1.0,1.0,1.0,2526
450,430871,34,337.0,Matheus Santos Carneiro da Cunha,Cunha,3,8.9,8.1,14,5.0,Home,2026-04-27T19:00:00Z,2.0,1.0,0,0,0,0,0,0,0,0,0,0,0.0,0.0,0.0,0.0,0,0.0,0.0,0.0,0.0,False,d,Hip injury - 75% chance of playing,,,,2526
451,176297,34,337.0,Marcus Rashford,Rashford,3,0.0,7.0,14,5.0,Home,2026-04-27T19:00:00Z,2.0,1.0,0,0,0,0,0,0,0,0,0,0,0.0,0.0,0.0,0.0,0,0.0,0.0,0.0,0.0,False,u,Has joined Barcelona on loan for the rest of the season,,,,2526
452,493250,34,337.0,Amad Diallo,Amad,3,1.4,6.2,14,5.0,Home,2026-04-27T19:00:00Z,2.0,1.0,45,0,0,0,0,0,0,0,3,1,0.5,0.03,0.53,0.72,6,3.4,8.6,1.0,24.0,False,a,,3.0,,,2526
453,493105,34,,Alejandro Garnacho Ferreyra,Garnacho,3,0.5,6.4,7,,,,,,0,0,0,0,0,0,0,0,0,0,0.0,0.0,0.0,0.0,0,0.0,0.0,0.0,0.0,False,a,,,,,2526
454,467169,34,337.0,Antony dos Santos,Antony,3,0.1,5.9,14,5.0,Home,2026-04-27T19:00:00Z,2.0,1.0,0,0,0,0,0,0,0,0,0,0,0.0,0.0,0.0,0.0,0,0.0,0.0,0.0,0.0,False,u,has joined Real Betis permanently.,,,,2526
455,184341,34,337.0,Mason Mount,Mount,3,0.3,5.9,14,5.0,Home,2026-04-27T19:00:00Z,2.0,1.0,16,0,0,0,1,0,0,0,3,1,0.0,0.03,0.03,0.09,4,0.5,3.4,1.3,0.0,False,a,,,,,2526
456,209243,34,335.0,Jadon Sancho,Sancho,3,0.2,5.8,2,10.0,Away,2026-04-25T11:30:00Z,0.0,1.0,16,0,0,0,0,0,0,0,3,1,0.0,0.02,0.02,0.17,0,0.6,0.2,3.9,2.0,False,a,,6.0,,,2526
457,61256,34,337.0,Carlos Henrique Casimiro,Casemiro,3,4.0,5.7,14,5.0,Home,2026-04-27T19:00:00Z,2.0,1.0,90,1,0,0,1,0,0,3,44,12,0.18,0.01,0.19,1.43,25,11.8,77.0,3.5,37.0,True,a,,,,,2526
458,516895,34,337.0,Kobbie Mainoo,Mainoo,3,1.0,4.7,14,5.0,Home,2026-04-27T19:00:00Z,2.0,1.0,90,0,0,0,1,0,0,0,25,4,0.0,0.33,0.33,1.43,14,4.4,25.2,12.3,6.0,False,a,,,,,2526
459,232112,34,337.0,Manuel Ugarte Ribeiro,Ugarte,3,0.1,4.7,14,5.0,Home,2026-04-27T19:00:00Z,2.0,1.0,0,0,0,0,0,0,0,0,0,0,0.0,0.0,0.0,0.0,0,0.0,0.0,0.0,0.0,False,a,,,,,2526
460,490881,34,337.0,Toby Collyer,Collyer,3,0.0,4.5,14,5.0,Home,2026-04-27T19:00:00Z,2.0,1.0,0,0,0,0,0,0,0,0,0,0,0.0,0.0,0.0,0.0,0,0.0,0.0,0.0,0.0,False,u,has joined Hull City on loan for the rest of the season.,,,,2526
461,556639,34,337.0,Jayce Fitzgerald,Fitzgerald,3,0.0,4.3,14,5.0,Home,2026-04-27T19:00:00Z,2.0,1.0,0,0,0,0,0,0,0,0,0,0,0.0,0.0,0.0,0.0,0,0.0,0.0,0.0,0.0,False,a,,,,,2526
462,547037,34,337.0,Jack Fletcher,J.Fletcher,3,0.1,4.3,14,5.0,Home,2026-04-27T19:00:00Z,2.0,1.0,0,0,0,0,0,0,0,0,0,0,0.0,0.0,0.0,0.0,0,0.0,0.0,0.0,0.0,False,a,,,,,2526
463,618873,34,337.0,Sékou Koné,Kone,3,0.1,4.3,14,5.0,Home,2026-04-27T19:00:00Z,2.0,1.0,0,0,0,0,0,0,0,0,0,0,0.0,0.0,0.0,0.0,0,0.0,0.0,0.0,0.0,False,u,has joined Lausanne-Sport on loan for the rest of the season.,,,,2526
464,559684,34,337.0,Jack Moorhouse,Moorhouse,3,0.0,4.5,14,5.0,Home,2026-04-27T19:00:00Z,2.0,1.0,0,0,0,0,0,0,0,0,0,0,0.0,0.0,0.0,0.0,0,0.0,0.0,0.0,0.0,False,u,has joined Leyton Orient on loan for the rest of the season.,,,,2526
465,497894,34,337.0,Rasmus Højlund,Højlund,4,0.3,6.3,14,5.0,Home,2026-04-27T19:00:00Z,2.0,1.0,0,0,0,0,0,0,0,0,0,0,0.0,0.0,0.0,0.0,0,0.0,0.0,0.0,0.0,False,u,has joined Napoli on loan for the rest of the season.,,,,2526
466,458249,34,337.0,Joshua Zirkzee,Zirkzee,4,0.4,5.8,14,5.0,Home,2026-04-27T19:00:00Z,2.0,1.0,2,0,0,0,0,1,0,0,2,0,0.0,0.0,0.0,0.06,1,0.1,1.0,0.3,0.0,False,a,,,,,2526
467,596047,34,337.0,Chido Obi,Obi,4,1.4,4.2,14,5.0,Home,2026-04-27T19:00:00Z,2.0,1.0,0,0,0,0,0,0,0,0,0,0,0.0,0.0,0.0,0.0,0,0.0,0.0,0.0,0.0,False,a,,,,,2526
468,575034,34,337.0,Ethan Wheatley,Wheatley,4,0.1,4.5,14,5.0,Home,2026-04-27T19:00:00Z,2.0,1.0,0,0,0,0,0,0,0,0,0,0,0.0,0.0,0.0,0.0,0,0.0,0.0,0.0,0.0,False,u,has joined Bradford City on loan for the rest of the season.,,,,2526
469,98747,34,331.0,Nick Pope,Pope,1,4.3,5.0,15,1.0,Away,2026-04-25T16:30:00Z,0.0,1.0,90,0,0,0,1,1,0,0,8,2,0.0,0.0,0.0,0.49,0,1.8,17.6,0.0,0.0,False,a,,,,,2526
470,67089,34,,Martin Dúbravka,Dúbravka,1,27.9,4.0,3,,,,,,0,0,0,0,0,0,0,0,0,0,0.0,0.0,0.0,0.0,0,0.0,0.0,0.0,0.0,False,a,,,,,2526
471,81441,34,331.0,Mark Gillespie,Gillespie,1,0.1,3.9,15,1.0,Away,2026-04-25T16:30:00Z,0.0,1.0,0,0,0,0,0,0,0,0,0,0,0.0,0.0,0.0,0.0,0,0.0,0.0,0.0,0.0,False,a,,,,,2526
472,111452,34,331.0,Odysseas Vlachodimos,Odysseas,1,0.0,4.0,15,1.0,Away,2026-04-25T16:30:00Z,0.0,1.0,0,0,0,0,0,0,0,0,0,0,0.0,0.0,0.0,0.0,0,0.0,0.0,0.0,0.0,False,u,Has joined Sevilla on loan for the rest of the season.,,,,2526
473,487838,34,331.0,Lewis Hall,Hall,2,3.8,5.4,15,1.0,Away,2026-04-25T16:30:00Z,0.0,1.0,0,0,0,0,0,0,0,0,0,0,0.0,0.0,0.0,0.0,0,0.0,0.0,0.0,0.0,False,a,,2.0,1.0,,2526
474,119471,34,331.0,Fabian Schär,Schär,2,1.1,5.2,15,1.0,Away,2026-04-25T16:30:00Z,0.0,1.0,0,0,0,0,0,0,0,0,0,0,0.0,0.0,0.0,0.0,0,0.0,0.0,0.0,0.0,False,i,Ankle injury - Expected back 10 May,,4.0,,2526
475,220237,34,331.0,Sven Botman,Botman,2,0.4,4.9,15,1.0,Away,2026-04-25T16:30:00Z,0.0,1.0,90,0,0,0,1,0,0,0,15,4,0.13,0.05,0.18,0.49,13,4.1,31.0,1.3,9.0,False,a,,,,,2526
476,78916,34,331.0,Dan Burn,Burn,2,3.4,5.0,15,1.0,Away,2026-04-25T16:30:00Z,0.0,1.0,90,0,0,0,1,1,0,0,10,3,0.11,0.01,0.12,0.49,12,6.0,28.4,4.4,27.0,False,a,,,,,2526
477,441191,34,331.0,Tino Livramento,Livramento,2,1.9,4.9,15,1.0,Away,2026-04-25T16:30:00Z,0.0,1.0,0,0,0,0,0,0,0,0,0,0,0.0,0.0,0.0,0.0,0,0.0,0.0,0.0,0.0,False,i,Thigh injury - Unknown return date,,,,2526
478,77794,34,331.0,Kieran Trippier,Trippier,2,1.4,4.9,15,1.0,Away,2026-04-25T16:30:00Z,0.0,1.0,0,0,0,0,0,0,0,0,0,0,0.0,0.0,0.0,0.0,0,0.0,0.0,0.0,0.0,False,a,,4.0,2.0,,2526
479,111773,34,331.0,Emil Krafth,Krafth,2,0.0,4.3,15,1.0,Away,2026-04-25T16:30:00Z,0.0,1.0,0,0,0,0,0,0,0,0,0,0,0.0,0.0,0.0,0.0,0,0.0,0.0,0.0,0.0,False,i,Knee injury - Unknown return date,,,,2526
480,101148,34,331.0,Jamaal Lascelles,Lascelles,2,0.0,4.3,15,1.0,Away,2026-04-25T16:30:00Z,0.0,1.0,0,0,0,0,0,0,0,0,0,0,0.0,0.0,0.0,0.0,0,0.0,0.0,0.0,0.0,False,u,has joined Leicester City permanently.,,,,2526
481,545477,34,331.0,Alex Murphy,A.Murphy,2,0.7,3.8,15,1.0,Away,2026-04-25T16:30:00Z,0.0,1.0,0,0,0,0,0,0,0,0,0,0,0.0,0.0,0.0,0.0,0,0.0,0.0,0.0,0.0,False,a,,,,,2526
482,441024,34,331.0,Harrison Ashby,Ashby,2,0.1,3.9,15,1.0,Away,2026-04-25T16:30:00Z,0.0,1.0,0,0,0,0,0,0,0,0,0,0,0.0,0.0,0.0,0.0,0,0.0,0.0,0.0,0.0,False,u,has joined Bradford City on loan for the rest of the season.,,,,2526
483,578512,34,331.0,Miodrag Pivaš,Pivas,2,0.4,3.8,15,1.0,Away,2026-04-25T16:30:00Z,0.0,1.0,0,0,0,0,0,0,0,0,0,0,0.0,0.0,0.0,0.0,0,0.0,0.0,0.0,0.0,False,a,,,,,2526
484,169359,34,331.0,Matt Targett,Targett,2,0.1,4.0,15,1.0,Away,2026-04-25T16:30:00Z,0.0,1.0,0,0,0,0,0,0,0,0,0,0,0.0,0.0,0.0,0.0,0,0.0,0.0,0.0,0.0,False,u,has joined Middlesbrough on loan for the rest of the season.,,,,2526
485,232826,34,331.0,Anthony Gordon,Gordon,3,4.8,7.4,15,1.0,Away,2026-04-25T16:30:00Z,0.0,1.0,0,0,0,0,0,0,0,0,0,0,0.0,0.0,0.0,0.0,0,0.0,0.0,0.0,0.0,False,d,Hip injury - 50% chance of playing,,,1.0,2526
486,449434,34,331.0,Anthony Elanga,Elanga,3,2.7,6.5,15,1.0,Away,2026-04-25T16:30:00Z,0.0,1.0,4,0,0,0,0,0,0,0,3,1,0.0,0.0,0.0,0.03,1,0.1,0.2,0.6,0.0,False,a,,5.0,,,2526
487,201666,34,331.0,Harvey Barnes,Barnes,3,1.1,6.1,15,1.0,Away,2026-04-25T16:30:00Z,0.0,1.0,24,0,0,0,0,0,0,0,5,1,0.0,0.07,0.07,0.29,3,2.5,6.8,15.9,2.0,False,a,,,,,2526
488,208706,34,331.0,Bruno Guimarães Rodriguez Moura,Bruno G.,3,4.5,6.8,15,1.0,Away,2026-04-25T16:30:00Z,0.0,1.0,74,0,0,0,1,0,0,0,15,2,0.06,0.17,0.23,0.35,5,4.2,11.0,30.0,1.0,False,a,,3.0,5.0,2.0,2526
489,114243,34,331.0,Jacob Murphy,J.Murphy,3,0.6,5.9,15,1.0,Away,2026-04-25T16:30:00Z,0.0,1.0,65,0,0,0,1,0,0,0,7,2,0.0,0.01,0.01,0.2,4,0.4,0.8,2.9,0.0,False,a,,,,,2526
490,180974,34,331.0,Joelinton Cássio Apolinário de Lira,Joelinton,3,0.3,5.9,15,1.0,Away,2026-04-25T16:30:00Z,0.0,1.0,0,0,0,0,0,0,0,0,0,0,0.0,0.0,0.0,0.0,0,0.0,0.0,0.0,0.0,False,a,,,,,2526
491,432422,34,331.0,Sandro Tonali,Tonali,3,1.1,5.3,15,1.0,Away,2026-04-25T16:30:00Z,0.0,1.0,90,0,0,0,1,0,0,0,16,2,0.06,0.16,0.22,0.49,8,4.2,14.0,14.8,13.0,False,a,,1.0,3.0,,2526
492,640108,34,331.0,Antoñito Cordero Campillo,Antoñito C.,3,0.0,4.9,15,1.0,Away,2026-04-25T16:30:00Z,0.0,1.0,0,0,0,0,0,0,0,0,0,0,0.0,0.0,0.0,0.0,0,0.0,0.0,0.0,0.0,False,u,has joined Cadiz on loan for the rest of the season.,,,,2526
493,180135,34,,Sean Longstaff,Longstaff,3,0.2,4.8,11,,,,,,0,0,0,0,0,0,0,0,0,0,0.0,0.0,0.0,0.0,0,0.0,0.0,0.0,0.0,False,a,,2.0,2.0,,2526
494,200089,34,331.0,Joe Willock,Willock,3,0.1,5.0,15,1.0,Away,2026-04-25T16:30:00Z,0.0,1.0,85,0,0,0,1,0,0,0,14,2,0.05,0.02,0.07,0.46,4,3.8,7.4,12.2,18.0,False,a,,,,,2526
495,153127,34,331.0,Isaac Hayden,Hayden,3,0.0,4.5,15,1.0,Away,2026-04-25T16:30:00Z,0.0,1.0,0,0,0,0,0,0,0,0,0,0,0.0,0.0,0.0,0.0,0,0.0,0.0,0.0,0.0,False,u,Has departed the club as a free agent.,,,,2526
496,564510,34,331.0,Garang Kuol,Kuol,3,0.0,4.4,15,1.0,Away,2026-04-25T16:30:00Z,0.0,1.0,0,0,0,0,0,0,0,0,0,0,0.0,0.0,0.0,0.0,0,0.0,0.0,0.0,0.0,False,u,has joined Sparta Prague permanently.,,,,2526
497,547719,34,331.0,Lewis Miley,L.Miley,3,1.9,4.4,15,1.0,Away,2026-04-25T16:30:00Z,0.0,1.0,90,0,0,0,1,0,0,0,15,2,0.0,0.03,0.03,0.49,8,2.2,10.2,9.8,2.0,False,a,,,,,2526
498,461484,34,331.0,Joe White,White,3,0.0,4.5,15,1.0,Away,2026-04-25T16:30:00Z,0.0,1.0,0,0,0,0,0,0,0,0,0,0,0.0,0.0,0.0,0.0,0,0.0,0.0,0.0,0.0,False,u,has joined Bradford City on loan for the rest of the season.,,,,2526
499,219168,34,336.0,Alexander Isak,Isak,4,4.2,10.3,12,8.0,Home,2026-04-25T14:00:00Z,3.0,1.0,78,1,0,0,1,0,0,2,33,8,0.43,0.0,0.43,1.96,3,5.8,36.6,0.8,21.0,False,a,,,,,2526
500,538207,34,331.0,William Osula,Osula,4,0.5,5.4,15,1.0,Away,2026-04-25T16:30:00Z,0.0,1.0,65,0,0,0,1,0,0,0,5,2,0.0,0.05,0.05,0.2,1,3.0,3.0,25.2,2.0,False,a,,,,,2526
501,599303,34,331.0,Sean Neave,Neave,4,0.3,4.3,15,1.0,Away,2026-04-25T16:30:00Z,0.0,1.0,0,0,0,0,0,0,0,0,0,0,0.0,0.0,0.0,0.0,0,0.0,0.0,0.0,0.0,False,a,,,,,2526
502,85633,34,338.0,Matz Sels,Sels,1,4.9,4.6,16,17.0,Away,2026-04-24T19:00:00Z,5.0,0.0,90,0,0,1,0,0,0,0,31,7,0.0,0.0,0.0,0.7,0,2.5,25.4,0.0,0.0,False,a,,,,,2526
503,475123,34,338.0,Carlos Miguel dos Santos Pereira,C.Miguel,1,0.1,4.0,16,17.0,Away,2026-04-24T19:00:00Z,5.0,0.0,0,0,0,0,0,0,0,0,0,0,0.0,0.0,0.0,0.0,0,0.0,0.0,0.0,0.0,False,u,Has joined Palmeiras permanently.,,,,2526
504,224068,34,338.0,Matt Turner,Turner,1,0.1,4.0,16,17.0,Away,2026-04-24T19:00:00Z,5.0,0.0,0,0,0,0,0,0,0,0,0,0,0.0,0.0,0.0,0.0,0,0.0,0.0,0.0,0.0,False,u,Has joined Lyon permanently.,,,,2526
505,227444,34,338.0,Nikola Milenković,Milenković,2,3.4,5.1,16,17.0,Away,2026-04-24T19:00:00Z,5.0,0.0,90,0,0,1,0,0,0,0,28,8,0.0,0.0,0.0,0.7,20,3.1,31.2,0.2,0.0,False,a,,,,,2526
506,575476,34,338.0,Murillo Costa dos Santos,Murillo,2,2.0,5.2,16,17.0,Away,2026-04-24T19:00:00Z,5.0,0.0,0,0,0,0,0,0,0,0,0,0,0.0,0.0,0.0,0.0,0,0.0,0.0,0.0,0.0,False,i,Muscle injury - Expected back 04 May,,2.0,,2526
507,159506,34,338.0,Ola Aina,Aina,2,2.4,4.7,16,17.0,Away,2026-04-24T19:00:00Z,5.0,0.0,90,0,1,1,0,0,0,0,31,9,0.05,0.01,0.06,0.7,9,1.9,17.4,0.9,1.0,True,a,,,,,2526
508,215136,34,338.0,Neco Williams,N.Williams,2,4.6,4.8,16,17.0,Away,2026-04-24T19:00:00Z,5.0,0.0,90,0,0,1,0,1,0,0,18,5,0.03,0.05,0.08,0.7,6,2.9,6.8,15.8,6.0,False,a,,3.0,,,2526
509,451432,34,338.0,David Mota Veiga Teixeira do Carmo,David Carmo,2,0.0,4.5,16,17.0,Away,2026-04-24T19:00:00Z,5.0,0.0,0,0,0,0,0,0,0,0,0,0,0.0,0.0,0.0,0.0,0,0.0,0.0,0.0,0.0,False,u,has joined Real Oviedo on loan for the rest of the season.,,,,2526
510,575458,34,338.0,Jair Paula da Cunha Filho,Jair Cunha,2,0.1,4.2,16,17.0,Away,2026-04-24T19:00:00Z,5.0,0.0,49,0,0,0,0,0,0,0,6,1,0.0,0.0,0.0,0.34,3,0.7,6.2,0.3,0.0,False,d,Shoulder injury - 75% chance of playing,,,,2526
511,485047,34,338.0,Felipe Rodrigues da Silva,Morato,2,0.1,4.3,16,17.0,Away,2026-04-24T19:00:00Z,5.0,0.0,40,0,0,0,0,0,0,0,6,1,0.0,0.0,0.0,0.36,7,1.3,12.6,0.1,0.0,False,a,,,,,2526
512,204822,34,338.0,Omar Richards,O.Richards,2,0.0,4.5,16,17.0,Away,2026-04-24T19:00:00Z,5.0,0.0,0,0,0,0,0,0,0,0,0,0,0.0,0.0,0.0,0.0,0,0.0,0.0,0.0,0.0,False,u,has joined Rio Ave on loan for the rest of the season.,,,,2526
513,549067,34,338.0,Zach Abbott,Abbott,2,0.3,3.8,16,17.0,Away,2026-04-24T19:00:00Z,5.0,0.0,0,0,0,0,0,0,0,0,0,0,0.0,0.0,0.0,0.0,0,0.0,0.0,0.0,0.0,False,a,,,,,2526
514,90585,34,338.0,Willy Boly,Boly,2,0.3,3.8,16,17.0,Away,2026-04-24T19:00:00Z,5.0,0.0,0,0,0,0,0,0,0,0,0,0,0.0,0.0,0.0,0.0,0,0.0,0.0,0.0,0.0,False,i,Knee injury - Unknown return date,,,,2526
515,222531,34,338.0,Morgan Gibbs-White,Gibbs-White,3,10.8,7.6,16,17.0,Away,2026-04-24T19:00:00Z,5.0,0.0,90,1,1,1,0,0,0,2,43,13,0.08,0.1,0.18,0.7,9,9.9,58.8,19.5,21.0,True,a,,,1.0,2.0,2526
516,209046,34,338.0,Callum Hudson-Odoi,Hudson-Odoi,3,0.6,5.7,16,17.0,Away,2026-04-24T19:00:00Z,5.0,0.0,0,0,0,0,0,0,0,0,0,0,0.0,0.0,0.0,0.0,0,0.0,0.0,0.0,0.0,False,i,Muscle injury - Expected back 01 Jun,,,,2526
517,215379,34,338.0,Elliot Anderson,Anderson,3,7.4,5.6,16,17.0,Away,2026-04-24T19:00:00Z,5.0,0.0,90,1,0,1,0,1,0,0,28,9,0.23,0.01,0.24,0.7,13,8.4,50.4,12.4,21.0,False,a,,1.0,3.0,4.0,2526
518,510500,34,338.0,João Pedro Ferreira da Silva,Jota,3,0.0,5.4,16,17.0,Away,2026-04-24T19:00:00Z,5.0,0.0,0,0,0,0,0,0,0,0,0,0,0.0,0.0,0.0,0.0,0,0.0,0.0,0.0,0.0,False,u,has joined Besiktas on loan for the rest of the season.,,,,2526
519,250199,34,338.0,Nicolás Domínguez,Dominguez,3,0.0,5.0,16,17.0,Away,2026-04-24T19:00:00Z,5.0,0.0,45,0,0,0,0,1,0,0,2,0,0.0,0.1,0.1,0.36,7,0.4,2.6,1.5,0.0,False,a,,,,,2526
520,243345,34,338.0,Lewis O'Brien,O'Brien,3,0.0,5.0,16,17.0,Away,2026-04-24T19:00:00Z,5.0,0.0,0,0,0,0,0,0,0,0,0,0,0.0,0.0,0.0,0.0,0,0.0,0.0,0.0,0.0,False,u,Has joined Wrexham permanently.,,,,2526
521,210462,34,338.0,Ibrahim Sangaré,Sangaré,3,0.1,4.9,16,17.0,Away,2026-04-24T19:00:00Z,5.0,0.0,45,0,0,0,0,0,0,0,7,1,0.0,0.02,0.02,0.34,6,1.2,10.2,1.6,0.0,False,d,Knock - 75% chance of playing,,,,2526
522,204968,34,338.0,Ryan Yates,Yates,3,0.1,4.7,16,17.0,Away,2026-04-24T19:00:00Z,5.0,0.0,23,0,0,0,0,1,0,0,3,0,0.0,0.0,0.0,0.31,6,0.7,6.8,0.5,0.0,False,a,,,,,2526
523,569014,34,338.0,Eric da Silva Moreira,Da Silva Moreira,3,0.1,4.5,16,17.0,Away,2026-04-24T19:00:00Z,5.0,0.0,0,0,0,0,0,0,0,0,0,0,0.0,0.0,0.0,0.0,0,0.0,0.0,0.0,0.0,False,a,,,,,2526
524,495161,34,338.0,Marko Stamenić,Stamenic,3,0.0,4.5,16,17.0,Away,2026-04-24T19:00:00Z,5.0,0.0,0,0,0,0,0,0,0,0,0,0,0.0,0.0,0.0,0.0,0,0.0,0.0,0.0,0.0,False,u,Has joined Swansea City permanently.,,,,2526
525,60689,34,338.0,Chris Wood,Wood,4,4.6,7.1,16,17.0,Away,2026-04-24T19:00:00Z,5.0,0.0,87,1,0,1,0,0,0,1,35,7,0.52,0.01,0.53,0.7,5,7.8,50.4,2.0,26.0,False,a,,,,1.0,2526
526,482973,34,338.0,Igor Jesus Maciel da Cruz,Igor Jesus,4,1.9,5.9,16,17.0,Away,2026-04-24T19:00:00Z,5.0,0.0,66,1,2,1,0,1,0,3,48,14,0.14,0.06,0.2,0.39,8,10.1,58.0,22.3,21.0,True,a,,,,3.0,2526
527,210156,34,338.0,Taiwo Awoniyi,Awoniyi,4,0.3,5.2,16,17.0,Away,2026-04-24T19:00:00Z,5.0,0.0,2,0,1,0,0,0,0,0,16,4,0.0,0.01,0.01,0.0,1,3.0,17.4,10.3,2.0,False,a,,,,,2526
528,232571,34,338.0,Anthony Patterson,Patterson,1,0.1,4.2,17,16.0,Home,2026-04-24T19:00:00Z,0.0,5.0,0,0,0,0,0,0,0,0,0,0,0.0,0.0,0.0,0.0,0,0.0,0.0,0.0,0.0,False,u,has joined Millwall on loan for the rest of the season.,,,,2526
529,74854,34,338.0,Simon Moore,Moore,1,0.3,3.9,17,16.0,Home,2026-04-24T19:00:00Z,0.0,5.0,0,0,0,0,0,0,0,0,0,0,0.0,0.0,0.0,0.0,0,0.0,0.0,0.0,0.0,False,i,Hand injury - Unknown return date,,,,2526
530,490000,34,338.0,Blondy Nna Noukeu,Nna Noukeu,1,0.1,3.9,17,16.0,Home,2026-04-24T19:00:00Z,0.0,5.0,0,0,0,0,0,0,0,0,0,0,0.0,0.0,0.0,0.0,0,0.0,0.0,0.0,0.0,False,u,has joined US Boulogne CO permanently.,,,,2526
531,223827,34,338.0,Daniel Ballard,Ballard,2,3.2,4.7,17,16.0,Home,2026-04-24T19:00:00Z,0.0,5.0,90,0,0,0,5,0,0,0,-8,0,0.04,0.05,0.09,1.1,8,3.9,19.2,2.3,17.0,False,a,,,,,2526
532,487676,34,338.0,Trai Hume,Hume,2,0.3,4.5,17,16.0,Home,2026-04-24T19:00:00Z,0.0,5.0,90,0,0,0,5,0,0,0,-6,-2,0.02,0.09,0.11,1.1,9,4.2,20.2,16.4,5.0,False,a,,2.0,,,2526
533,220684,34,338.0,Aji Alese,Alese,2,0.0,4.0,17,16.0,Home,2026-04-24T19:00:00Z,0.0,5.0,0,0,0,0,0,0,0,0,0,0,0.0,0.0,0.0,0.0,0,0.0,0.0,0.0,0.0,False,u,has joined Portsmouth on loan for the rest of the season.,,,,2526
534,232820,34,338.0,Joe Anderson,Anderson,2,0.3,3.8,17,16.0,Home,2026-04-24T19:00:00Z,0.0,5.0,0,0,0,0,0,0,0,0,0,0,0.0,0.0,0.0,0.0,0,0.0,0.0,0.0,0.0,False,u,has joined Barrow FC permanently.,,,,2526
535,461195,34,338.0,Dennis Cirkin,Cirkin,2,0.0,4.0,17,16.0,Home,2026-04-24T19:00:00Z,0.0,5.0,0,0,0,0,0,0,0,0,0,0,0.0,0.0,0.0,0.0,0,0.0,0.0,0.0,0.0,False,a,,,,,2526
536,477547,34,338.0,Leo Fuhr Hjelde,Hjelde,2,0.0,4.0,17,16.0,Home,2026-04-24T19:00:00Z,0.0,5.0,0,0,0,0,0,0,0,0,0,0,0.0,0.0,0.0,0.0,0,0.0,0.0,0.0,0.0,False,u,has joined Sheffield United on loan for the rest of the season.,,,,2526
537,492066,34,338.0,Niall Huggins,Huggins,2,0.1,4.0,17,16.0,Home,2026-04-24T19:00:00Z,0.0,5.0,0,0,0,0,0,0,0,0,0,0,0.0,0.0,0.0,0.0,0,0.0,0.0,0.0,0.0,False,u,has joined Wycombe Wanderers on loan for the rest of the season.,,,,2526
538,514613,34,338.0,Zak Johnson,Johnson,2,0.2,3.8,17,16.0,Home,2026-04-24T19:00:00Z,0.0,5.0,0,0,0,0,0,0,0,0,0,0,0.0,0.0,0.0,0.0,0,0.0,0.0,0.0,0.0,False,u,has joined York City on loan for the rest of the season.,,,,2526
539,167512,34,338.0,Luke O'Nien,O'Nien,2,0.1,4.0,17,16.0,Home,2026-04-24T19:00:00Z,0.0,5.0,0,0,0,0,0,0,0,0,0,0,0.0,0.0,0.0,0.0,0,0.0,0.0,0.0,0.0,False,a,,,,,2526
540,465702,34,338.0,Timothée Pembélé,Pembele,2,0.3,3.9,17,16.0,Home,2026-04-24T19:00:00Z,0.0,5.0,0,0,0,0,0,0,0,0,0,0,0.0,0.0,0.0,0.0,0,0.0,0.0,0.0,0.0,False,u,has joined Le Havre AC on loan for the rest of the season.,,,,2526
541,434399,34,338.0,Reinildo Mandava,Reinildo,2,2.9,3.8,17,16.0,Home,2026-04-24T19:00:00Z,0.0,5.0,45,0,0,0,1,0,0,0,7,1,0.0,0.09,0.09,0.16,3,0.7,5.0,2.1,0.0,False,a,,,,,2526
542,519634,34,338.0,Jenson Seelt,Seelt,2,0.1,4.0,17,16.0,Home,2026-04-24T19:00:00Z,0.0,5.0,0,0,0,0,0,0,0,0,0,0,0.0,0.0,0.0,0.0,0,0.0,0.0,0.0,0.0,False,u,has joined Wolfsburg on loan for the rest of the season.,,,,2526
543,535818,34,338.0,Simon Adingra,Adingra,3,0.3,4.9,17,16.0,Home,2026-04-24T19:00:00Z,0.0,5.0,0,0,0,0,0,0,0,0,0,0,0.0,0.0,0.0,0.0,0,0.0,0.0,0.0,0.0,False,u,has joined AS Monaco on loan for the rest of the season.,,,,2526
544,547027,34,338.0,Habib Diarra,Diarra,3,0.1,5.3,17,16.0,Home,2026-04-24T19:00:00Z,0.0,5.0,64,0,0,0,4,1,0,0,6,1,0.0,0.03,0.03,0.94,6,0.6,1.4,2.5,2.0,False,a,,,,1.0,2526
545,124165,34,338.0,Patrick Roberts,Roberts,3,0.0,5.4,17,16.0,Home,2026-04-24T19:00:00Z,0.0,5.0,0,0,0,0,0,0,0,0,0,0,0.0,0.0,0.0,0.0,0,0.0,0.0,0.0,0.0,False,u,has joined Birmingham City permanently.,,,,2526
546,626844,34,338.0,Milan Aleksić,Aleksić,3,0.0,4.9,17,16.0,Home,2026-04-24T19:00:00Z,0.0,5.0,0,0,0,0,0,0,0,0,0,0,0.0,0.0,0.0,0.0,0,0.0,0.0,0.0,0.0,False,a,,,,,2526
547,484420,34,338.0,Enzo Le Fée,E.Le Fée,3,1.6,4.8,17,16.0,Home,2026-04-24T19:00:00Z,0.0,5.0,90,0,0,0,5,0,0,0,14,2,0.12,0.4,0.52,1.1,8,6.5,15.6,30.1,19.0,False,a,,3.0,2.0,2.0,2526
548,461199,34,338.0,Romaine Mundle,Mundle,3,0.0,4.9,17,16.0,Home,2026-04-24T19:00:00Z,0.0,5.0,0,0,0,0,0,0,0,0,0,0,0.0,0.0,0.0,0.0,0,0.0,0.0,0.0,0.0,False,i,Hamstring injury - Expected back 01 Jun,,,,2526
549,223336,34,338.0,Dan Neil,Neil,3,0.0,4.8,17,16.0,Home,2026-04-24T19:00:00Z,0.0,5.0,0,0,0,0,0,0,0,0,0,0,0.0,0.0,0.0,0.0,0,0.0,0.0,0.0,0.0,False,u,has joined Ipswich Town on loan for the rest of the season.,,,,2526
550,215460,34,338.0,Ian Poveda-Ocampo,Poveda,3,0.0,4.7,17,16.0,Home,2026-04-24T19:00:00Z,0.0,5.0,0,0,0,0,0,0,0,0,0,0,0.0,0.0,0.0,0.0,0,0.0,0.0,0.0,0.0,False,a,,,,,2526
551,554197,34,338.0,Chris Rigg,Rigg,3,0.1,4.7,17,16.0,Home,2026-04-24T19:00:00Z,0.0,5.0,45,0,0,0,4,0,0,0,6,1,0.11,0.06,0.17,0.94,2,2.7,6.0,1.9,19.0,False,a,,,,,2526
552,577669,34,338.0,Noah Sadiki,Sadiki,3,0.1,4.9,17,16.0,Home,2026-04-24T19:00:00Z,0.0,5.0,90,0,0,0,5,0,0,0,10,2,0.1,0.26,0.36,1.1,3,2.0,0.0,14.5,5.0,False,a,,,,,2526
553,549912,34,338.0,Chemsdine Talbi,Talbi,3,0.2,4.9,17,16.0,Home,2026-04-24T19:00:00Z,0.0,5.0,0,0,0,0,0,0,0,0,0,0,0.0,0.0,0.0,0.0,0,0.0,0.0,0.0,0.0,False,a,,,,,2526
554,477851,34,338.0,Abdoullah Ba,Ba,3,0.3,4.3,17,16.0,Home,2026-04-24T19:00:00Z,0.0,5.0,0,0,0,0,0,0,0,0,0,0,0.0,0.0,0.0,0.0,0,0.0,0.0,0.0,0.0,False,a,,,,,2526
555,171422,34,338.0,Alan Browne,Browne,3,0.0,4.5,17,16.0,Home,2026-04-24T19:00:00Z,0.0,5.0,0,0,0,0,0,0,0,0,0,0,0.0,0.0,0.0,0.0,0,0.0,0.0,0.0,0.0,False,u,has joined Middlesbrough on loan for the rest of the season.,,,,2526
556,458297,34,338.0,Pierre Ekwah Elimby,Ekwah,3,0.0,4.5,17,16.0,Home,2026-04-24T19:00:00Z,0.0,5.0,0,0,0,0,0,0,0,0,0,0,0.0,0.0,0.0,0.0,0,0.0,0.0,0.0,0.0,False,u,Has joined AS Saint-Etienne permanently.,,,,2526
557,547410,34,338.0,Harrison Jones,H.Jones,3,0.1,4.3,17,16.0,Home,2026-04-24T19:00:00Z,0.0,5.0,0,0,0,0,0,0,0,0,0,0,0.0,0.0,0.0,0.0,0,0.0,0.0,0.0,0.0,False,a,,,,,2526
558,493837,34,338.0,Jay Matete,Matete,3,0.2,4.3,17,16.0,Home,2026-04-24T19:00:00Z,0.0,5.0,0,0,0,0,0,0,0,0,0,0,0.0,0.0,0.0,0.0,0,0.0,0.0,0.0,0.0,False,u,has joined MK Dons permanently.,,,,2526
559,500696,34,338.0,Nectarios Triantis,Triantis,3,0.0,4.4,17,16.0,Home,2026-04-24T19:00:00Z,0.0,5.0,0,0,0,0,0,0,0,0,0,0,0.0,0.0,0.0,0.0,0,0.0,0.0,0.0,0.0,False,u,has joined Minnesota United permanently.,,,,2526
560,437505,34,338.0,Wilson Isidor,Isidor,4,1.4,5.0,17,16.0,Home,2026-04-24T19:00:00Z,0.0,5.0,25,0,0,0,1,0,0,0,5,1,0.04,0.01,0.05,0.16,1,1.8,4.2,1.2,13.0,False,a,,,,,2526
561,564406,34,338.0,Eliezer Mayenda Dossou,Mayenda,4,0.5,5.2,17,16.0,Home,2026-04-24T19:00:00Z,0.0,5.0,0,0,0,0,0,0,0,0,0,0,0.0,0.0,0.0,0.0,0,0.0,0.0,0.0,0.0,False,a,,,,,2526
562,611975,34,338.0,Ahmed Abdullahi,Abdullahi,4,0.4,4.2,17,16.0,Home,2026-04-24T19:00:00Z,0.0,5.0,0,0,0,0,0,0,0,0,0,0,0.0,0.0,0.0,0.0,0,0.0,0.0,0.0,0.0,False,a,,,,,2526
563,551153,34,338.0,Luís Hemir Silva Semedo,Luís Hemir,4,0.1,4.4,17,16.0,Home,2026-04-24T19:00:00Z,0.0,5.0,0,0,0,0,0,0,0,0,0,0,0.0,0.0,0.0,0.0,0,0.0,0.0,0.0,0.0,False,u,has joined Moreirense on loan for the rest of the season.,,,,2526
564,440955,34,338.0,Nazarii Rusyn,Rusyn,4,0.1,4.4,17,16.0,Home,2026-04-24T19:00:00Z,0.0,5.0,0,0,0,0,0,0,0,0,0,0,0.0,0.0,0.0,0.0,0,0.0,0.0,0.0,0.0,False,u,has joined Arka on loan for the rest of the season.,,,,2526
565,184254,34,340.0,Guglielmo Vicario,Vicario,1,4.9,4.7,18,20.0,Away,2026-04-25T14:00:00Z,1.0,0.0,0,0,0,0,0,0,0,0,0,0,0.0,0.0,0.0,0.0,0,0.0,0.0,0.0,0.0,False,d,Hernia - 50% chance of playing,,,,2526
566,214572,34,340.0,Brandon Austin,Austin,1,0.3,3.9,18,20.0,Away,2026-04-25T14:00:00Z,1.0,0.0,0,0,0,0,0,0,0,0,0,0,0.0,0.0,0.0,0.0,0,0.0,0.0,0.0,0.0,False,a,,,,,2526
567,485055,34,340.0,Antonín Kinský,Kinsky,1,1.7,3.9,18,20.0,Away,2026-04-25T14:00:00Z,1.0,0.0,90,0,0,1,0,0,0,0,24,6,0.0,0.0,0.0,0.7,0,1.7,17.4,0.0,0.0,False,a,,,,,2526
568,441164,34,340.0,Pedro Porro Sauceda,Pedro Porro,2,10.8,5.2,18,20.0,Away,2026-04-25T14:00:00Z,1.0,0.0,90,0,0,1,0,1,0,1,28,8,0.02,0.06,0.08,0.7,13,6.3,25.8,28.6,9.0,False,a,,3.0,2.0,,2526
569,221632,34,340.0,Cristian Romero,Romero,2,2.9,5.0,18,20.0,Away,2026-04-25T14:00:00Z,1.0,0.0,0,0,0,0,0,0,0,0,0,0,0.0,0.0,0.0,0.0,0,0.0,0.0,0.0,0.0,False,i,Knee injury - Expected back 01 Jun,,,,2526
570,135720,34,340.0,Kevin Danso,Danso,2,0.2,4.2,18,20.0,Away,2026-04-25T14:00:00Z,1.0,0.0,90,0,0,1,0,1,0,0,26,5,0.0,0.03,0.03,0.7,8,5.1,24.8,21.8,4.0,False,a,,,,,2526
571,115556,34,340.0,Ben Davies,Davies,2,0.1,4.3,18,20.0,Away,2026-04-25T14:00:00Z,1.0,0.0,0,0,0,0,0,0,0,0,0,0,0.0,0.0,0.0,0.0,0,0.0,0.0,0.0,0.0,False,i,Ankle injury - Unknown return date,,,,2526
572,493125,34,340.0,Radu Drăgușin,Dragusin,2,0.0,4.5,18,20.0,Away,2026-04-25T14:00:00Z,1.0,0.0,1,0,0,0,0,0,0,0,4,1,0.0,0.0,0.0,0.07,2,0.3,3.4,0.0,0.0,False,a,,,,,2526
573,232859,34,340.0,Djed Spence,Spence,2,0.9,4.1,18,20.0,Away,2026-04-25T14:00:00Z,1.0,0.0,90,0,0,1,0,0,0,2,29,8,0.02,0.01,0.03,0.7,8,2.8,16.2,3.8,8.0,False,a,,,,,2526
574,487053,34,340.0,Destiny Udogie,Udogie,2,0.3,4.3,18,20.0,Away,2026-04-25T14:00:00Z,1.0,0.0,0,0,0,0,0,0,0,0,0,0,0.0,0.0,0.0,0.0,0,0.0,0.0,0.0,0.0,False,d,Muscle injury - 50% chance of playing,,,,2526
575,491279,34,340.0,Micky van de Ven,Van de Ven,2,18.0,4.4,18,20.0,Away,2026-04-25T14:00:00Z,1.0,0.0,90,0,0,1,0,0,0,0,27,6,0.0,0.01,0.01,0.7,4,1.5,14.2,0.8,0.0,False,a,,,,,2526
576,548308,34,340.0,Ashley Phillips,Phillips,2,0.0,4.0,18,20.0,Away,2026-04-25T14:00:00Z,1.0,0.0,0,0,0,0,0,0,0,0,0,0,0.0,0.0,0.0,0.0,0,0.0,0.0,0.0,0.0,False,u,Has joined Stoke City on loan for the rest of the season.,,,,2526
577,553299,34,340.0,Takai Kōta,Takai,2,0.0,4.0,18,20.0,Away,2026-04-25T14:00:00Z,1.0,0.0,0,0,0,0,0,0,0,0,0,0,0.0,0.0,0.0,0.0,0,0.0,0.0,0.0,0.0,False,u,has joined Borussia Mönchengladbach on loan for the rest of the season.,,,,2526
578,610799,34,340.0,Luka Vušković,Vuskovic,2,0.3,3.9,18,20.0,Away,2026-04-25T14:00:00Z,1.0,0.0,0,0,0,0,0,0,0,0,0,0,0.0,0.0,0.0,0.0,0,0.0,0.0,0.0,0.0,False,u,has joined Hamburger SV on loan for the rest of the season.,,,,2526
579,85971,34,340.0,Son Heung-min,Son,3,0.1,8.5,18,20.0,Away,2026-04-25T14:00:00Z,1.0,0.0,0,0,0,0,0,0,0,0,0,0,0.0,0.0,0.0,0.0,0,0.0,0.0,0.0,0.0,False,u,has joined Los Angeles FC permanently.,,,,2526
580,242898,34,336.0,Brennan Johnson,Johnson,3,2.3,6.5,8,12.0,Away,2026-04-25T14:00:00Z,1.0,3.0,58,0,0,0,2,0,0,0,5,1,0.15,0.07,0.22,1.07,7,4.5,5.0,27.9,12.0,False,a,,1.0,3.0,,2526
581,172780,34,340.0,James Maddison,Maddison,3,0.1,6.8,18,20.0,Away,2026-04-25T14:00:00Z,1.0,0.0,0,0,0,0,0,0,0,0,0,0,0.0,0.0,0.0,0.0,0,0.0,0.0,0.0,0.0,False,a,,,,,2526
582,460842,34,340.0,Mohammed Kudus,Kudus,3,9.2,6.4,18,20.0,Away,2026-04-25T14:00:00Z,1.0,0.0,0,0,0,0,0,0,0,0,0,0,0.0,0.0,0.0,0.0,0,0.0,0.0,0.0,0.0,False,i,Thigh injury - Unknown return date,,4.0,3.0,2526
583,445044,34,340.0,Dejan Kulusevski,Kulusevski,3,0.0,6.4,18,20.0,Away,2026-04-25T14:00:00Z,1.0,0.0,0,0,0,0,0,0,0,0,0,0,0.0,0.0,0.0,0.0,0,0.0,0.0,0.0,0.0,False,i,Knee injury - Unknown return date,,,,2526
584,511499,34,340.0,Mathys Tel,Tel,3,0.1,6.2,18,20.0,Away,2026-04-25T14:00:00Z,1.0,0.0,45,0,0,0,0,0,0,0,1,1,0.03,0.0,0.03,0.58,8,1.2,9.0,0.9,2.0,False,a,,1.0,,,2526
585,202993,34,340.0,Rodrigo Bentancur,Bentancur,3,0.2,5.2,18,20.0,Away,2026-04-25T14:00:00Z,1.0,0.0,90,0,0,1,0,1,0,0,11,4,0.05,0.1,0.15,0.7,15,4.6,21.0,4.2,21.0,False,a,,,,,2526
586,570526,34,340.0,Lucas Bergvall,Bergvall,3,0.2,5.2,18,20.0,Away,2026-04-25T14:00:00Z,1.0,0.0,27,0,0,0,0,0,0,0,5,1,0.0,0.0,0.0,0.45,2,0.2,1.0,0.7,0.0,False,a,,,,,2526
587,227127,34,340.0,Yves Bissouma,Bissouma,3,0.0,5.2,18,20.0,Away,2026-04-25T14:00:00Z,1.0,0.0,61,0,0,1,0,0,0,0,11,3,0.0,0.02,0.02,0.26,2,0.7,4.4,2.8,0.0,False,a,,,,,2526
588,550839,34,340.0,Wilson Odobert,Odobert,3,0.0,5.3,18,20.0,Away,2026-04-25T14:00:00Z,1.0,0.0,0,0,0,0,0,0,0,0,0,0,0.0,0.0,0.0,0.0,0,0.0,0.0,0.0,0.0,False,i,Knee injury - Unknown return date,,,,2526
589,235674,34,340.0,Manor Solomon,Solomon,3,0.0,5.4,18,20.0,Away,2026-04-25T14:00:00Z,1.0,0.0,0,0,0,0,0,0,0,0,0,0,0.0,0.0,0.0,0.0,0,0.0,0.0,0.0,0.0,False,u,has joined Fiorentina on loan for the rest of the season.,,,,2526
590,436234,34,340.0,Bryan Gil Salvatierra,Bryan,3,0.0,4.9,18,20.0,Away,2026-04-25T14:00:00Z,1.0,0.0,0,0,0,0,0,0,0,0,0,0,0.0,0.0,0.0,0.0,0,0.0,0.0,0.0,0.0,False,u,has joined Girona permanently.,,,,2526
591,547701,34,340.0,Archie Gray,Gray,3,0.2,4.8,18,20.0,Away,2026-04-25T14:00:00Z,1.0,0.0,0,0,0,0,0,0,0,0,0,0,0.0,0.0,0.0,0.0,0,0.0,0.0,0.0,0.0,False,a,,,,,2526
592,499721,34,340.0,Mikey Moore,Moore,3,0.0,5.0,18,20.0,Away,2026-04-25T14:00:00Z,1.0,0.0,0,0,0,0,0,0,0,0,0,0,0.0,0.0,0.0,0.0,0,0.0,0.0,0.0,0.0,False,u,Has joined Rangers on loan for the rest of the season.,,,,2526
593,482442,34,340.0,Pape Matar Sarr,P.M.Sarr,3,1.0,4.5,18,20.0,Away,2026-04-25T14:00:00Z,1.0,0.0,0,0,0,0,0,0,0,0,0,0,0.0,0.0,0.0,0.0,0,0.0,0.0,0.0,0.0,False,i,Shoulder injury - Unknown return date,,,,2526
594,623095,34,340.0,Yang Min-hyeok,Min-hyeok,3,0.0,4.5,18,20.0,Away,2026-04-25T14:00:00Z,1.0,0.0,0,0,0,0,0,0,0,0,0,0,0.0,0.0,0.0,0.0,0,0.0,0.0,0.0,0.0,False,u,has joined Coventry City on loan for the rest of the season.,,,,2526
595,499726,34,340.0,Callum Olusesi,Olusesi,3,0.2,4.3,18,20.0,Away,2026-04-25T14:00:00Z,1.0,0.0,0,0,0,0,0,0,0,0,0,0,0.0,0.0,0.0,0.0,0,0.0,0.0,0.0,0.0,False,a,,,,,2526
596,154566,34,340.0,Dominic Solanke-Mitchell,Solanke,4,1.9,7.3,18,20.0,Away,2026-04-25T14:00:00Z,1.0,0.0,39,0,0,0,0,0,0,0,9,1,0.0,0.09,0.09,0.13,8,2.3,11.6,3.6,8.0,False,d,Muscle injury - 75% chance of playing,,,2.0,2526
597,212319,34,340.0,Richarlison de Andrade,Richarlison,4,5.7,6.3,18,20.0,Away,2026-04-25T14:00:00Z,1.0,0.0,50,0,1,0,0,0,0,0,6,4,0.08,0.0,0.08,0.58,3,3.8,21.2,11.3,5.0,False,a,,,,5.0,2526
598,552427,34,340.0,Will Lankshear,Lankshear,4,0.0,4.5,18,20.0,Away,2026-04-25T14:00:00Z,1.0,0.0,0,0,0,0,0,0,0,0,0,0,0.0,0.0,0.0,0.0,0,0.0,0.0,0.0,0.0,False,u,has joined Oxford United on loan for the rest of the season.,,,,2526
599,490145,34,340.0,Dane Scarlett,Scarlett,4,0.5,4.3,18,20.0,Away,2026-04-25T14:00:00Z,1.0,0.0,0,0,0,0,0,0,0,0,0,0,0.0,0.0,0.0,0.0,0,0.0,0.0,0.0,0.0,False,u,has joined Hibernian on loan for the rest of the season.,,,,2526
600,84182,34,339.0,Alphonse Areola,Areola,1,1.9,4.2,19,9.0,Home,2026-04-25T14:00:00Z,2.0,1.0,0,0,0,0,0,0,0,0,0,0,0.0,0.0,0.0,0.0,0,0.0,0.0,0.0,0.0,False,a,,,,,2526
601,82143,34,339.0,Wes Foderingham,Foderingham,1,0.2,4.0,19,9.0,Home,2026-04-25T14:00:00Z,2.0,1.0,0,0,0,0,0,0,0,0,0,0,0.0,0.0,0.0,0.0,0,0.0,0.0,0.0,0.0,False,u,has joined Aris Limassol permanently.,,,,2526
602,483364,34,339.0,Krisztián Hegyi,Hegyi,1,0.2,3.9,19,9.0,Home,2026-04-25T14:00:00Z,2.0,1.0,0,0,0,0,0,0,0,0,0,0,0.0,0.0,0.0,0.0,0,0.0,0.0,0.0,0.0,False,u,has joined MTK Budapest on loan for the rest of the season.,,,,2526
603,613804,34,339.0,El Hadji Malick Diouf,Diouf,2,2.5,4.1,19,9.0,Home,2026-04-25T14:00:00Z,2.0,1.0,90,0,0,0,1,0,0,0,23,2,0.0,0.26,0.26,1.45,9,9.3,38.2,51.2,4.0,False,a,,,,,2526
604,109533,34,339.0,Emerson Palmieri dos Santos,Emerson,2,0.0,4.4,19,9.0,Home,2026-04-25T14:00:00Z,2.0,1.0,0,0,0,0,0,0,0,0,0,0,0.0,0.0,0.0,0.0,0,0.0,0.0,0.0,0.0,False,u,has joined Marseille permanently.,,,,2526
605,214048,34,339.0,Maximilian Kilman,Kilman,2,0.1,4.1,19,9.0,Home,2026-04-25T14:00:00Z,2.0,1.0,0,0,0,0,0,0,0,0,0,0,0.0,0.0,0.0,0.0,0,0.0,0.0,0.0,0.0,False,a,,,,,2526
606,233963,34,339.0,Konstantinos Mavropanos,Mavropanos,2,2.1,4.5,19,9.0,Home,2026-04-25T14:00:00Z,2.0,1.0,90,0,0,0,1,0,0,0,12,4,0.04,0.0,0.04,1.45,11,3.2,26.6,0.6,5.0,False,a,,,,,2526
607,210494,34,339.0,Nayef Aguerd,N.Aguerd,2,0.0,4.4,19,9.0,Home,2026-04-25T14:00:00Z,2.0,1.0,0,0,0,0,0,0,0,0,0,0,0.0,0.0,0.0,0.0,0,0.0,0.0,0.0,0.0,False,u,has joined Marseille permanently.,,,,2526
608,536109,34,339.0,Ollie Scarles,Scarles,2,0.0,4.3,19,9.0,Home,2026-04-25T14:00:00Z,2.0,1.0,0,0,0,0,0,0,0,0,0,0,0.0,0.0,0.0,0.0,0,0.0,0.0,0.0,0.0,False,a,,5.0,,,2526
609,462116,34,339.0,Jean-Clair Todibo,Todibo,2,0.1,4.3,19,9.0,Home,2026-04-25T14:00:00Z,2.0,1.0,1,0,0,0,0,0,0,0,3,1,0.0,0.0,0.0,0.05,1,0.2,2.0,0.0,0.0,False,a,,,,,2526
610,214590,34,339.0,Aaron Wan-Bissaka,Wan-Bissaka,2,4.4,4.1,19,9.0,Home,2026-04-25T14:00:00Z,2.0,1.0,0,0,0,0,0,0,0,0,0,0,0.0,0.0,0.0,0.0,0,0.0,0.0,0.0,0.0,False,a,,,,,2526
611,518438,34,339.0,Kaelan Casey,Casey,2,0.1,4.0,19,9.0,Home,2026-04-25T14:00:00Z,2.0,1.0,0,0,0,0,0,0,0,0,0,0,0.0,0.0,0.0,0.0,0,0.0,0.0,0.0,0.0,False,u,has joined Leyton Orient on loan for the rest of the season.,,,,2526
612,224024,34,339.0,Lucas Tolentino Coelho de Lima,L.Paquetá,3,1.1,5.9,19,9.0,Home,2026-04-25T14:00:00Z,2.0,1.0,0,0,0,0,0,0,0,0,0,0,0.0,0.0,0.0,0.0,0,0.0,0.0,0.0,0.0,False,u,has joined Flamengo permanently.,,,,2526
613,215439,34,339.0,Tomáš Souček,Souček,3,0.3,5.7,19,9.0,Home,2026-04-25T14:00:00Z,2.0,1.0,90,1,0,0,1,0,0,3,43,10,0.28,0.01,0.29,1.45,7,8.6,42.8,5.8,37.0,True,a,,,,,2526
614,101178,34,,James Ward-Prowse,Ward-Prowse,3,0.2,5.6,3,,,,,,0,0,0,0,0,0,0,0,0,0,0.0,0.0,0.0,0.0,0,0.0,0.0,0.0,0.0,False,a,,1.0,1.0,,2526
615,450070,34,339.0,Crysencio Summerville,Summerville,3,1.5,5.5,19,9.0,Home,2026-04-25T14:00:00Z,2.0,1.0,90,0,0,0,1,0,0,0,12,2,0.07,0.78,0.85,1.45,9,4.4,3.4,28.4,12.0,False,a,,2.0,,,2526
616,213999,34,339.0,Edson Álvarez Velázquez,Álvarez,3,0.0,4.9,19,9.0,Home,2026-04-25T14:00:00Z,2.0,1.0,0,0,0,0,0,0,0,0,0,0,0.0,0.0,0.0,0.0,0,0.0,0.0,0.0,0.0,False,u,Has joined Fenerbahçe on loan for the rest of the season.,,,,2526
617,149519,34,339.0,Maxwel Cornet,Cornet,3,0.0,4.9,19,9.0,Home,2026-04-25T14:00:00Z,2.0,1.0,0,0,0,0,0,0,0,0,0,0,0.0,0.0,0.0,0.0,0,0.0,0.0,0.0,0.0,False,u,has joined Genoa on loan for the rest of the season.,,,,2526
618,197024,34,339.0,Guido Rodríguez,G.Rodriguez,3,0.0,4.8,19,9.0,Home,2026-04-25T14:00:00Z,2.0,1.0,0,0,0,0,0,0,0,0,0,0,0.0,0.0,0.0,0.0,0,0.0,0.0,0.0,0.0,False,u,has joined Valencia on loan for the rest of the season.,,,,2526
619,577114,34,339.0,Luis Guilherme Lira dos Santos,L.Guilherme,3,0.0,4.9,19,9.0,Home,2026-04-25T14:00:00Z,2.0,1.0,0,0,0,0,0,0,0,0,0,0,0.0,0.0,0.0,0.0,0,0.0,0.0,0.0,0.0,False,u,has joined Sporting CP permanently.,,,,2526
620,490885,34,339.0,George Earthy,Earthy,3,0.0,4.5,19,9.0,Home,2026-04-25T14:00:00Z,2.0,1.0,0,0,0,0,0,0,0,0,0,0,0.0,0.0,0.0,0.0,0,0.0,0.0,0.0,0.0,False,u,has joined Bristol City on loan for the rest of the season.,,,,2526
621,229384,34,339.0,Andy Irving,Irving,3,0.2,4.3,19,9.0,Home,2026-04-25T14:00:00Z,2.0,1.0,0,0,0,0,0,0,0,0,0,0,0.0,0.0,0.0,0.0,0,0.0,0.0,0.0,0.0,False,u,has joined Sparta Prague permanently.,,,,2526
622,518442,34,339.0,Lewis Orford,Orford,3,0.1,4.4,19,9.0,Home,2026-04-25T14:00:00Z,2.0,1.0,0,0,0,0,0,0,0,0,0,0,0.0,0.0,0.0,0.0,0,0.0,0.0,0.0,0.0,False,u,has joined Stevenage on loan for the rest of the season.,,,,2526
623,490142,34,339.0,Freddie Potts,Potts,3,0.5,4.3,19,9.0,Home,2026-04-25T14:00:00Z,2.0,1.0,11,0,0,0,1,0,0,0,3,1,0.0,0.0,0.0,0.15,3,0.6,5.4,0.5,0.0,False,a,,,,,2526
624,178186,34,339.0,Jarrod Bowen,Bowen,4,14.8,7.8,19,9.0,Home,2026-04-25T14:00:00Z,2.0,1.0,90,0,2,0,1,0,0,2,36,10,0.11,0.5,0.61,1.4,8,8.9,42.2,25.7,21.0,True,a,,1.0,1.0,2.0,2526
625,91889,34,339.0,Niclas Füllkrug,Füllkrug,4,0.6,5.6,19,9.0,Home,2026-04-25T14:00:00Z,2.0,1.0,0,0,0,0,0,0,0,0,0,0,0.0,0.0,0.0,0.0,0,0.0,0.0,0.0,0.0,False,u,has joined AC Milan on loan for the rest of the season.,,,,2526
626,565431,34,339.0,Callum Marshall,Marshall,4,0.5,4.3,19,9.0,Home,2026-04-25T14:00:00Z,2.0,1.0,0,0,0,0,0,0,0,0,0,0,0.0,0.0,0.0,0.0,0,0.0,0.0,0.0,0.0,False,u,has joined VfL Bochum 1848 on loan for the rest of the season.,,,,2526
627,101982,34,340.0,Sam Johnstone,Johnstone,1,0.1,4.4,20,18.0,Home,2026-04-25T14:00:00Z,0.0,1.0,0,0,0,0,0,0,0,0,0,0,0.0,0.0,0.0,0.0,0,0.0,0.0,0.0,0.0,False,i,Shoulder injury - Expected back 24 May,,,,2526
628,149065,34,340.0,José Malheiro de Sá,José Sá,1,1.2,4.2,20,18.0,Home,2026-04-25T14:00:00Z,0.0,1.0,90,0,0,0,1,0,0,0,9,2,0.0,0.0,0.0,0.92,0,1.3,12.8,0.0,0.0,False,a,,,,,2526
629,79602,34,340.0,Daniel Bentley,Bentley,1,0.5,3.9,20,18.0,Home,2026-04-25T14:00:00Z,0.0,1.0,0,0,0,0,0,0,0,0,0,0,0.0,0.0,0.0,0.0,0,0.0,0.0,0.0,0.0,False,a,,,,,2526
630,138001,34,339.0,Tom King,King,1,1.2,3.9,9,19.0,Away,2026-04-25T14:00:00Z,1.0,2.0,0,0,0,0,0,0,0,0,0,0,0.0,0.0,0.0,0.0,0,0.0,0.0,0.0,0.0,False,a,,,,,2526
631,516939,34,340.0,Emmanuel Agbadou,Agbadou,2,0.1,4.2,20,18.0,Home,2026-04-25T14:00:00Z,0.0,1.0,0,0,0,0,0,0,0,0,0,0,0.0,0.0,0.0,0.0,0,0.0,0.0,0.0,0.0,False,u,has joined Besiktas permanently.,,,,2526
632,87835,34,340.0,Matt Doherty,Doherty,2,0.1,4.4,20,18.0,Home,2026-04-25T14:00:00Z,0.0,1.0,84,0,0,0,1,0,0,0,12,2,0.0,0.0,0.0,0.92,9,1.9,16.2,0.3,2.0,False,a,,,,,2526
633,490721,34,340.0,Hugo Bueno López,H.Bueno,2,0.2,4.3,20,18.0,Home,2026-04-25T14:00:00Z,0.0,1.0,90,0,0,0,1,1,0,0,12,3,0.14,0.11,0.25,0.92,12,4.4,20.6,20.6,3.0,False,a,,1.0,,,2526
634,501837,34,340.0,Yerson Mosquera Valdelamar,Mosquera,2,0.1,4.3,20,18.0,Home,2026-04-25T14:00:00Z,0.0,1.0,0,0,0,0,0,0,0,0,0,0,0.0,0.0,0.0,0.0,0,0.0,0.0,0.0,0.0,False,a,,,,,2526
635,483081,34,340.0,Rodrigo Martins Gomes,R.Gomes,2,0.1,4.4,20,18.0,Home,2026-04-25T14:00:00Z,0.0,1.0,70,0,0,1,0,0,0,0,15,6,0.03,0.0,0.03,0.28,0,0.5,0.0,0.7,5.0,False,a,,,,,2526
636,231480,34,340.0,Santiago Ignacio Bueno,S.Bueno,2,0.1,4.4,20,18.0,Home,2026-04-25T14:00:00Z,0.0,1.0,90,0,0,0,1,0,0,0,17,2,0.1,0.0,0.1,0.92,8,2.4,18.8,0.6,5.0,False,a,,,,,2526
637,510362,34,340.0,Toti Gomes,Toti,2,0.1,4.2,20,18.0,Home,2026-04-25T14:00:00Z,0.0,1.0,90,0,0,0,1,0,0,0,11,2,0.0,0.0,0.0,0.92,5,1.9,17.4,1.1,0.0,False,a,,,,,2526
638,441271,34,340.0,Ki-Jana Hoever,Hoever,2,0.9,3.8,20,18.0,Home,2026-04-25T14:00:00Z,0.0,1.0,0,0,0,0,0,0,0,0,0,0,0.0,0.0,0.0,0.0,0,0.0,0.0,0.0,0.0,False,u,has joined Sheffield United on loan for the rest of the season.,,,,2526
639,560248,34,340.0,Bastien Meupiyou Menadjou,Meupiyou,2,0.0,4.0,20,18.0,Home,2026-04-25T14:00:00Z,0.0,1.0,0,0,0,0,0,0,0,0,0,0,0.0,0.0,0.0,0.0,0,0.0,0.0,0.0,0.0,False,u,On loan to FC Alverca,,,,2526
640,641221,34,340.0,Pedro Cardoso de Lima,Pedro Lima,2,0.4,4.0,20,18.0,Home,2026-04-25T14:00:00Z,0.0,1.0,85,0,0,0,1,0,0,0,8,2,0.01,0.12,0.13,0.92,7,3.6,13.8,19.1,3.0,False,a,,,,,2526
641,517179,34,340.0,Alfie Pond,Pond,2,0.9,3.9,20,18.0,Home,2026-04-25T14:00:00Z,0.0,1.0,0,0,0,0,0,0,0,0,0,0,0.0,0.0,0.0,0.0,0,0.0,0.0,0.0,0.0,False,u,has joined Crewe Alexandra on loan for the rest of the season.,,,,2526
642,184754,34,340.0,Hwang Hee-chan,Hee Chan,3,0.1,5.6,20,18.0,Home,2026-04-25T14:00:00Z,0.0,1.0,5,0,0,0,0,0,0,0,3,1,0.0,0.0,0.0,0.0,1,0.0,0.0,0.3,0.0,False,a,,,2.0,3.0,2526
643,509291,34,340.0,André Trindade da Costa Neto,André,3,0.1,5.2,20,18.0,Home,2026-04-25T14:00:00Z,0.0,1.0,90,0,0,0,1,1,0,0,12,1,0.0,0.01,0.01,0.92,11,0.6,5.0,1.3,0.0,False,a,,,,,2526
644,231057,34,340.0,Jean-Ricner Bellegarde,Bellegarde,3,0.0,5.1,20,18.0,Home,2026-04-25T14:00:00Z,0.0,1.0,0,0,0,0,0,0,0,0,0,0,0.0,0.0,0.0,0.0,0,0.0,0.0,0.0,0.0,False,a,,,4.0,,2526
645,643135,34,340.0,Fer López González,Fer López,3,0.0,5.1,20,18.0,Home,2026-04-25T14:00:00Z,0.0,1.0,0,0,0,0,0,0,0,0,0,0,0.0,0.0,0.0,0.0,0,0.0,0.0,0.0,0.0,False,u,has joined Celta Vigo on loan for the rest of the season.,,,,2526
646,448089,34,340.0,João Victor Gomes da Silva,J.Gomes,3,0.4,5.3,20,18.0,Home,2026-04-25T14:00:00Z,0.0,1.0,90,0,0,0,1,1,0,0,19,3,0.07,0.01,0.08,0.92,15,3.9,23.8,4.5,11.0,False,a,,,3.0,,2526
647,181284,34,340.0,Gonçalo Manuel Ganchinho Guedes,Guedes,3,0.0,5.5,20,18.0,Home,2026-04-25T14:00:00Z,0.0,1.0,0,0,0,0,0,0,0,0,0,0,0.0,0.0,0.0,0.0,0,0.0,0.0,0.0,0.0,False,u,Has joined Real Sociedad permanently.,,,,2526
648,433312,34,340.0,Marshall Munetsi,Munetsi,3,0.0,5.3,20,18.0,Home,2026-04-25T14:00:00Z,0.0,1.0,0,0,0,0,0,0,0,0,0,0,0.0,0.0,0.0,0.0,0,0.0,0.0,0.0,0.0,False,u,has joined Paris FC on loan for the rest of the season.,,,,2526
649,476502,34,340.0,Boubacar Traoré,B.Traore,3,0.0,5.0,20,18.0,Home,2026-04-25T14:00:00Z,0.0,1.0,0,0,0,0,0,0,0,0,0,0,0.0,0.0,0.0,0.0,0,0.0,0.0,0.0,0.0,False,u,Has joined FC Metz on loan for the rest of the season.,,,,2526
650,497606,34,340.0,Tawanda Chirewa,Chirewa,3,0.2,4.3,20,18.0,Home,2026-04-25T14:00:00Z,0.0,1.0,0,0,0,0,0,0,0,0,0,0,0.0,0.0,0.0,0.0,0,0.0,0.0,0.0,0.0,False,u,has joined Barnsley on loan for the rest of the season.,,,,2526
651,596054,34,340.0,Tom Edozie,Edozie,3,0.4,4.3,20,18.0,Home,2026-04-25T14:00:00Z,0.0,1.0,0,0,0,0,0,0,0,0,0,0,0.0,0.0,0.0,0.0,0,0.0,0.0,0.0,0.0,False,a,,,,,2526
652,593001,34,340.0,Enso González Medina,Gonzalez,3,1.2,4.3,20,18.0,Home,2026-04-25T14:00:00Z,0.0,1.0,0,0,0,0,0,0,0,0,0,0,0.0,0.0,0.0,0.0,0,0.0,0.0,0.0,0.0,False,a,,,,,2526
653,240299,34,340.0,Joe Hodge,Hodge,3,0.0,4.5,20,18.0,Home,2026-04-25T14:00:00Z,0.0,1.0,0,0,0,0,0,0,0,0,0,0,0.0,0.0,0.0,0.0,0,0.0,0.0,0.0,0.0,False,u,Signed by CD Tondela,,,,2526
654,247412,34,336.0,Jørgen Strand Larsen,Strand Larsen,4,1.5,5.9,8,12.0,Away,2026-04-25T14:00:00Z,1.0,3.0,20,0,0,0,1,0,0,0,-1,1,0.3,0.0,0.3,0.04,0,0.2,0.0,0.3,4.0,False,a,,,,,2526
655,449988,34,340.0,Fábio Soares Silva,Fábio Silva,4,0.2,4.9,20,18.0,Home,2026-04-25T14:00:00Z,0.0,1.0,0,0,0,0,0,0,0,0,0,0,0.0,0.0,0.0,0.0,0,0.0,0.0,0.0,0.0,False,u,has joined Borussia Dortmund permanently.,,,,2526
656,429414,34,340.0,Saša Kalajdžić,Kalajdžić,4,0.0,4.9,20,18.0,Home,2026-04-25T14:00:00Z,0.0,1.0,0,0,0,0,0,0,0,0,0,0,0.0,0.0,0.0,0.0,0,0.0,0.0,0.0,0.0,False,u,has joined LASK on loan for the rest of the season.,,,,2526
657,589507,34,340.0,Leon Chiwome,Chiwome,4,0.0,4.4,20,18.0,Home,2026-04-25T14:00:00Z,0.0,1.0,0,0,0,0,0,0,0,0,0,0,0.0,0.0,0.0,0.0,0,0.0,0.0,0.0,0.0,False,a,,,,,2526
658,531363,34,340.0,Nathan Fraser,Fraser,4,1.8,4.2,20,18.0,Home,2026-04-25T14:00:00Z,0.0,1.0,0,0,0,0,0,0,0,0,0,0,0.0,0.0,0.0,0.0,0,0.0,0.0,0.0,0.0,False,a,,,,,2526
659,158534,34,339.0,Kyle Walker-Peters,Walker-Peters,2,0.3,4.2,19,9.0,Home,2026-04-25T14:00:00Z,2.0,1.0,90,0,0,0,1,0,0,0,15,2,0.0,0.01,0.01,1.45,5,1.7,14.2,3.2,0.0,False,a,,,,,2526
660,466525,34,,Anton Stach,Stach,3,1.6,4.8,11,,,,,,0,0,0,0,0,0,0,0,0,0,0.0,0.0,0.0,0.0,0,0.0,0.0,0.0,0.0,False,a,,1.0,1.0,,2526
661,510663,34,336.0,Hugo Ekitiké,Ekitiké,4,18.1,9.1,12,8.0,Home,2026-04-25T14:00:00Z,3.0,1.0,0,0,0,0,0,0,0,0,0,0,0.0,0.0,0.0,0.0,0,0.0,0.0,0.0,0.0,False,i,Achilles injury - Expected back 01 Jul,,,,2526
662,500040,34,331.0,Cristhian Mosquera,Mosquera,2,0.2,5.3,1,15.0,Home,2026-04-25T16:30:00Z,1.0,0.0,0,0,0,0,0,0,0,0,0,0,0.0,0.0,0.0,0.0,0,0.0,0.0,0.0,0.0,False,a,,,,,2526
663,230376,34,340.0,Jhon Arias,J.Arias,3,0.1,4.9,20,18.0,Home,2026-04-25T14:00:00Z,0.0,1.0,0,0,0,0,0,0,0,0,0,0,0.0,0.0,0.0,0.0,0,0.0,0.0,0.0,0.0,False,u,has joined Palmeiras permanently.,,,,2526
664,86873,34,335.0,Benjamin Lecomte,Lecomte,1,0.7,3.9,10,2.0,Home,2026-04-25T11:30:00Z,1.0,0.0,0,0,0,0,0,0,0,0,0,0,0.0,0.0,0.0,0.0,0,0.0,0.0,0.0,0.0,False,a,,,,,2526
665,201595,34,,Lucas Estella Perri,Perri,1,0.3,4.4,11,,,,,,0,0,0,0,0,0,0,0,0,0,0.0,0.0,0.0,0.0,0,0.0,0.0,0.0,0.0,False,a,,,,,2526
666,224117,34,331.0,Viktor Gyökeres,Gyökeres,4,12.1,8.8,1,15.0,Home,2026-04-25T16:30:00Z,1.0,0.0,56,0,0,0,0,0,0,0,5,1,0.03,0.01,0.04,0.67,2,2.4,6.0,10.6,7.0,False,a,,,,2.0,2526
667,499300,34,339.0,Adam Aznou,Aznou,2,0.1,4.2,9,19.0,Away,2026-04-25T14:00:00Z,1.0,2.0,0,0,0,0,0,0,0,0,0,0,0.0,0.0,0.0,0.0,0,0.0,0.0,0.0,0.0,False,a,,,,,2526
668,84450,34,338.0,Granit Xhaka,Xhaka,3,3.3,5.1,17,16.0,Home,2026-04-24T19:00:00Z,0.0,5.0,90,0,0,0,5,1,0,0,16,1,0.06,0.4,0.46,1.1,6,5.2,16.2,30.7,5.0,False,a,,1.0,1.0,,2526
669,456512,34,338.0,Dan Ndoye,Ndoye,3,0.7,5.5,16,17.0,Away,2026-04-24T19:00:00Z,5.0,0.0,0,0,0,0,0,0,0,0,0,0,0.0,0.0,0.0,0.0,0,0.0,0.0,0.0,0.0,False,a,,4.0,,,2526
670,498016,34,338.0,Robin Roefs,Roefs,1,8.6,4.8,17,16.0,Home,2026-04-24T19:00:00Z,0.0,5.0,90,0,0,0,5,0,0,0,-9,0,0.0,0.0,0.0,1.1,0,1.2,11.8,0.0,0.0,False,a,,,,,2526
671,75115,34,339.0,Callum Wilson,Wilson,4,0.5,5.8,19,9.0,Home,2026-04-25T14:00:00Z,2.0,1.0,9,1,0,0,1,1,0,0,28,4,0.38,0.0,0.38,0.15,0,6.7,32.0,0.0,35.0,False,a,,,,,2526
672,551210,34,,Jorrel Hato,Hato,2,0.2,4.6,7,,,,,,0,0,0,0,0,0,0,0,0,0,0.0,0.0,0.0,0.0,0,0.0,0.0,0.0,0.0,False,a,,,,,2526
673,154296,34,340.0,João Maria Lobo Alves Palhares Costa Palhinha Gonçalves,J.Palhinha,3,0.8,5.5,18,20.0,Away,2026-04-25T14:00:00Z,1.0,0.0,28,1,0,0,0,0,0,3,30,9,0.57,0.0,0.57,0.45,3,7.1,37.8,0.3,33.0,False,a,,,,,2526
674,225321,34,331.0,Aaron Ramsdale,Ramsdale,1,0.8,4.8,15,1.0,Away,2026-04-25T16:30:00Z,0.0,1.0,0,0,0,0,0,0,0,0,0,0,0.0,0.0,0.0,0.0,0,0.0,0.0,0.0,0.0,False,a,,,,,2526
675,107265,34,338.0,Angus Gunn,Gunn,1,1.1,4.0,16,17.0,Away,2026-04-24T19:00:00Z,5.0,0.0,0,0,0,0,0,0,0,0,0,0,0.0,0.0,0.0,0.0,0,0.0,0.0,0.0,0.0,False,a,,,,,2526
676,503714,34,,Lesley Ugochukwu,Ugochukwu,3,0.1,5.0,3,,,,,,0,0,0,0,0,0,0,0,0,0,0.0,0.0,0.0,0.0,0,0.0,0.0,0.0,0.0,False,a,,,,,2526
677,485337,34,336.0,Evann Guessand,Guessand,3,0.0,6.2,8,12.0,Away,2026-04-25T14:00:00Z,1.0,3.0,0,0,0,0,0,0,0,0,0,0,0.0,0.0,0.0,0.0,0,0.0,0.0,0.0,0.0,False,i,Knee injury - Expected back 10 May,,,,2526
678,105717,34,338.0,Arthur Masuaku,Masuaku,2,0.5,3.9,17,16.0,Home,2026-04-24T19:00:00Z,0.0,5.0,0,0,0,0,0,0,0,0,0,0,0.0,0.0,0.0,0.0,0,0.0,0.0,0.0,0.0,False,u,has joined RC Lens on loan for the rest of the season.,,,,2526
679,467189,34,339.0,Mads Hermansen,Hermansen,1,0.8,4.2,19,9.0,Home,2026-04-25T14:00:00Z,2.0,1.0,90,0,0,0,1,0,0,0,7,2,0.0,0.0,0.0,1.45,0,0.8,8.2,0.0,0.0,False,a,,,,,2526
680,440323,34,,Armando Broja,Broja,4,0.1,5.2,3,,,,,,0,0,0,0,0,0,0,0,0,0,0.0,0.0,0.0,0.0,0,0.0,0.0,0.0,0.0,False,a,,,,,2526
681,485711,34,337.0,Benjamin Sesko,Šeško,4,6.0,7.3,14,5.0,Home,2026-04-27T19:00:00Z,2.0,1.0,87,1,0,0,1,0,0,2,39,8,0.43,0.03,0.45,1.37,5,6.9,35.4,12.6,21.0,False,a,,,,,2526
682,497949,34,340.0,David Møller Wolfe,Møller Wolfe,2,0.1,4.2,20,18.0,Home,2026-04-25T14:00:00Z,0.0,1.0,1,0,0,0,0,0,0,0,3,1,0.0,0.0,0.0,0.0,0,0.0,0.0,0.0,0.0,False,a,,,,,2526
683,201895,34,338.0,Omar Alderete,Alderete,2,6.0,4.1,17,16.0,Home,2026-04-24T19:00:00Z,0.0,5.0,90,0,0,0,5,0,0,0,-12,0,0.23,0.01,0.24,1.1,5,4.6,9.0,0.9,36.0,False,a,,,,,2526
684,465642,34,331.0,Malick Thiaw,Thiaw,2,5.8,5.0,15,1.0,Away,2026-04-25T16:30:00Z,0.0,1.0,90,0,0,0,1,0,0,0,11,2,0.0,0.02,0.02,0.49,6,2.3,19.4,3.7,0.0,False,a,,,,,2526
685,242882,34,,Bafodé Diakité,Diakité,2,0.3,4.1,4,,,,,,0,0,0,0,0,0,0,0,0,0,0.0,0.0,0.0,0.0,0,0.0,0.0,0.0,0.0,False,a,,,,,2526
686,611922,34,336.0,Rio Ngumoha,Ngumoha,3,1.1,4.3,12,8.0,Home,2026-04-25T14:00:00Z,3.0,1.0,0,0,0,0,0,0,0,0,0,0,0.0,0.0,0.0,0.0,0,0.0,0.0,0.0,0.0,False,a,,,,,2526
687,606774,34,,Remy Rees-Dottin,Rees-Dottin,3,0.2,4.3,4,,,,,,0,0,0,0,0,0,0,0,0,0,0.0,0.0,0.0,0.0,0,0.0,0.0,0.0,0.0,False,a,,,,,2526
688,481283,34,335.0,James Wright,Wright,1,0.6,3.9,2,10.0,Away,2026-04-25T11:30:00Z,0.0,1.0,0,0,0,0,0,0,0,0,0,0,0.0,0.0,0.0,0.0,0,0.0,0.0,0.0,0.0,False,a,,,,,2526
689,623110,34,331.0,Seung-Soo Park,Seung soo,3,0.5,4.3,15,1.0,Away,2026-04-25T16:30:00Z,0.0,1.0,0,0,0,0,0,0,0,0,0,0,0.0,0.0,0.0,0.0,0,0.0,0.0,0.0,0.0,False,a,,,,,2526
690,590014,34,336.0,Rio Cardines,Cardines,3,0.3,4.4,8,12.0,Away,2026-04-25T14:00:00Z,1.0,3.0,0,0,0,0,0,0,0,0,0,0,0.0,0.0,0.0,0.0,0,0.0,0.0,0.0,0.0,False,a,,,,,2526
691,177815,34,,Dominic Calvert-Lewin,Calvert-Lewin,4,11.5,5.7,11,,,,,,0,0,0,0,0,0,0,0,0,0,0.0,0.0,0.0,0.0,0,0.0,0.0,0.0,0.0,False,a,,,,1.0,2526
692,647681,34,336.0,Giovanni Leoni,Leoni,2,0.0,4.9,12,8.0,Home,2026-04-25T14:00:00Z,3.0,1.0,0,0,0,0,0,0,0,0,0,0,0.0,0.0,0.0,0.0,0,0.0,0.0,0.0,0.0,False,i,Knee injury - Expected back 01 Sep,,,,2526
693,503301,34,338.0,Omari Hutchinson,Hutchinson,3,0.1,5.4,16,17.0,Away,2026-04-24T19:00:00Z,5.0,0.0,66,0,0,1,0,0,0,0,14,3,0.06,0.1,0.16,0.39,4,4.2,9.4,9.2,23.0,False,a,,2.0,,,2526
694,200834,34,338.0,Nordi Mukiele,Mukiele,2,8.7,4.6,17,16.0,Home,2026-04-24T19:00:00Z,0.0,5.0,90,0,0,0,5,0,0,0,-8,0,0.0,0.1,0.1,1.1,2,3.8,11.2,20.3,6.0,False,a,,,,,2526
695,523705,34,340.0,Jackson Tchatchoua,Tchatchoua,2,0.0,4.4,20,18.0,Home,2026-04-25T14:00:00Z,0.0,1.0,4,0,0,0,0,0,0,0,4,1,0.0,0.01,0.01,0.0,0,0.7,2.6,4.6,0.0,False,a,,,,,2526
696,465680,34,338.0,Arnaud Kalimuendo,Kalimuendo,4,0.1,6.0,16,17.0,Away,2026-04-24T19:00:00Z,5.0,0.0,0,0,0,0,0,0,0,0,0,0,0.0,0.0,0.0,0.0,0,0.0,0.0,0.0,0.0,False,u,has joined Eintracht Frankfurt on loan for the rest of the season.,,,,2526
697,489888,34,,Amine Adli,Adli,3,0.3,5.4,4,,,,,,0,0,0,0,0,0,0,0,0,0,0.0,0.0,0.0,0.0,0,0.0,0.0,0.0,0.0,False,a,,,,,2526
698,435997,34,,Noah Okafor,Okafor,3,2.2,5.6,11,,,,,,0,0,0,0,0,0,0,0,0,0,0.0,0.0,0.0,0.0,0,0.0,0.0,0.0,0.0,False,a,,,,,2526
699,230046,34,335.0,Douglas Luiz Soares de Paulo,Douglas Luiz,3,0.1,4.9,2,10.0,Away,2026-04-25T11:30:00Z,0.0,1.0,16,0,0,0,0,1,0,0,4,0,0.0,0.02,0.02,0.17,1,1.9,3.8,14.7,0.0,False,a,,1.0,,,2526
700,616077,34,331.0,Max Dowman,Dowman,3,0.7,4.2,1,15.0,Home,2026-04-25T16:30:00Z,1.0,0.0,0,0,0,0,0,0,0,0,0,0,0.0,0.0,0.0,0.0,0,0.0,0.0,0.0,0.0,False,a,,,,,2526
701,569577,34,335.0,Triston Rowe,Rowe,2,0.1,4.0,2,10.0,Away,2026-04-25T11:30:00Z,0.0,1.0,0,0,0,0,0,0,0,0,0,0,0.0,0.0,0.0,0.0,0,0.0,0.0,0.0,0.0,False,u,has joined Annecy on loan for the rest of the season.,,,,2526
702,645618,34,335.0,Bradley Burrowes,Burrowes,3,0.1,4.3,2,10.0,Away,2026-04-25T11:30:00Z,0.0,1.0,0,0,0,0,0,0,0,0,0,0,0.0,0.0,0.0,0.0,0,0.0,0.0,0.0,0.0,False,a,,,,,2526
703,564505,34,335.0,Sam Proctor,Proctor,1,0.6,3.9,2,10.0,Away,2026-04-25T11:30:00Z,0.0,1.0,0,0,0,0,0,0,0,0,0,0,0.0,0.0,0.0,0.0,0,0.0,0.0,0.0,0.0,False,a,,,,,2526
704,461446,34,339.0,Tyler Onyango,Onyango,3,0.0,4.5,9,19.0,Away,2026-04-25T14:00:00Z,1.0,2.0,0,0,0,0,0,0,0,0,0,0,0.0,0.0,0.0,0.0,0,0.0,0.0,0.0,0.0,False,u,has joined Stockport County on loan for the rest of the season.,,,,2526
705,491745,34,339.0,Elijah Campbell,Campbell,2,0.1,3.9,9,19.0,Away,2026-04-25T14:00:00Z,1.0,2.0,0,0,0,0,0,0,0,0,0,0,0.0,0.0,0.0,0.0,0,0.0,0.0,0.0,0.0,False,u,has joined Port Vale on loan for the rest of the season.,,,,2526
706,220627,34,,James Justin,Justin,2,1.5,3.9,11,,,,,,0,0,0,0,0,0,0,0,0,0,0.0,0.0,0.0,0.0,0,0.0,0.0,0.0,0.0,False,a,,3.0,,,2526
707,496661,34,339.0,Tyler Dibling,Dibling,3,0.0,5.3,9,19.0,Away,2026-04-25T14:00:00Z,1.0,2.0,0,0,0,0,0,0,0,0,0,0,0.0,0.0,0.0,0.0,0,0.0,0.0,0.0,0.0,False,a,,,,,2526
708,551226,34,339.0,Mateus Gonçalo Espanha Fernandes,M.Fernandes,3,0.4,5.5,19,9.0,Home,2026-04-25T14:00:00Z,2.0,1.0,90,0,0,0,1,0,0,0,13,2,0.04,0.04,0.08,1.45,11,2.7,17.4,5.9,4.0,False,a,,4.0,,,2526
709,431248,34,340.0,Ladislav Krejcí,Krejčí,2,0.1,4.5,20,18.0,Home,2026-04-25T14:00:00Z,0.0,1.0,0,0,0,0,0,0,0,0,0,0,0.0,0.0,0.0,0.0,0,0.0,0.0,0.0,0.0,False,d,Neck - 50% chance of playing,,,,2526
710,534836,34,335.0,Travis Patterson,Patterson,2,0.2,3.9,2,10.0,Away,2026-04-25T11:30:00Z,0.0,1.0,0,0,0,0,0,0,0,0,0,0,0.0,0.0,0.0,0.0,0,0.0,0.0,0.0,0.0,False,a,,,,,2526
711,646243,34,331.0,Andre Harriman-Annous,Harriman-Annous,3,0.0,4.4,1,15.0,Home,2026-04-25T16:30:00Z,1.0,0.0,0,0,0,0,0,0,0,0,0,0,0.0,0.0,0.0,0.0,0,0.0,0.0,0.0,0.0,False,a,,,,,2526
712,488024,34,336.0,Yéremy Pino Santos,Yeremy,3,0.2,5.8,8,12.0,Away,2026-04-25T14:00:00Z,1.0,3.0,31,0,0,0,1,0,0,0,4,1,0.04,0.23,0.27,0.07,2,3.5,3.8,24.4,7.0,False,a,,,1.0,,2526
713,551483,34,,Álex Jiménez Sánchez,A.Jimenez,2,0.2,4.5,4,,,,,,0,0,0,0,0,0,0,0,0,0,0.0,0.0,0.0,0.0,0,0.0,0.0,0.0,0.0,False,a,,,,,2526
714,470313,34,331.0,Nick Woltemade,Woltemade,4,6.5,6.7,15,1.0,Away,2026-04-25T16:30:00Z,0.0,1.0,15,0,0,0,0,0,0,0,7,1,0.0,0.37,0.37,0.15,1,1.6,2.6,13.8,0.0,False,a,,,,3.0,2526
715,221389,34,338.0,John Victor Maciel Furtado,John,1,0.3,4.0,16,17.0,Away,2026-04-24T19:00:00Z,5.0,0.0,0,0,0,0,0,0,0,0,0,0,0.0,0.0,0.0,0.0,0,0.0,0.0,0.0,0.0,False,i,Knee injury - Expected back 01 Jun,,,,2526
716,500151,34,338.0,Nicolò Savona,Savona,2,0.1,4.5,16,17.0,Away,2026-04-24T19:00:00Z,5.0,0.0,0,0,0,0,0,0,0,0,0,0,0.0,0.0,0.0,0.0,0,0.0,0.0,0.0,0.0,False,i,Knee injury - Unknown return date,,,,2526
717,493362,34,340.0,Xavi Simons,Xavi,3,2.4,6.6,18,20.0,Away,2026-04-25T14:00:00Z,1.0,0.0,62,0,0,1,0,0,0,0,10,3,0.12,0.03,0.15,0.26,4,4.5,4.2,28.3,12.0,False,i,Knee injury - Expected back 01 Jan,2.0,3.0,4.0,2526
718,564940,34,339.0,Soungoutou Magassa,S.Magassa,3,0.0,5.0,19,9.0,Home,2026-04-25T14:00:00Z,2.0,1.0,0,0,0,0,0,0,0,0,0,0,0.0,0.0,0.0,0.0,0,0.0,0.0,0.0,0.0,False,a,,,,,2526
719,184667,34,335.0,Victor Lindelöf,Lindelöf,2,0.1,4.5,2,10.0,Away,2026-04-25T11:30:00Z,0.0,1.0,0,0,0,0,0,0,0,0,0,0,0.0,0.0,0.0,0.0,0,0.0,0.0,0.0,0.0,False,a,,,,,2526
720,488213,34,340.0,Tolu Arokodare,Tolu,4,0.1,5.2,20,18.0,Home,2026-04-25T14:00:00Z,0.0,1.0,19,0,0,0,1,0,0,0,2,1,0.0,0.0,0.0,0.64,1,0.7,2.4,0.3,4.0,False,a,,,,5.0,2526
721,620487,34,,Veljko Milosavljevic,Milosavljević,2,0.0,4.4,4,,,,,,0,0,0,0,0,0,0,0,0,0,0.0,0.0,0.0,0.0,0,0.0,0.0,0.0,0.0,False,a,,,,,2526
722,216055,34,,Florentino Ibrain Morris Luís,Florentino,3,0.0,5.0,3,,,,,,0,0,0,0,0,0,0,0,0,0,0.0,0.0,0.0,0.0,0,0.0,0.0,0.0,0.0,False,a,,,,,2526
723,651426,34,336.0,Jaydee Canvot,Canvot,2,0.2,4.5,8,12.0,Away,2026-04-25T14:00:00Z,1.0,3.0,90,0,0,0,3,0,0,0,8,3,0.0,0.0,0.0,1.15,11,2.6,24.2,1.3,0.0,False,a,,,,,2526
724,247955,34,338.0,Lutsharel Geertruida,Geertruida,2,0.1,4.5,17,16.0,Home,2026-04-24T19:00:00Z,0.0,5.0,0,0,0,0,0,0,0,0,0,0,0.0,0.0,0.0,0.0,0,0.0,0.0,0.0,0.0,False,a,,,,,2526
725,448104,34,331.0,Piero Hincapié,Hincapie,2,0.9,5.1,1,15.0,Home,2026-04-25T16:30:00Z,1.0,0.0,90,0,0,1,0,0,0,1,28,9,0.0,0.25,0.25,1.0,15,4.4,29.8,11.8,2.0,True,a,,,,,2526
726,247693,34,340.0,Randal Kolo Muani,Kolo Muani,4,0.4,6.9,18,20.0,Away,2026-04-25T14:00:00Z,1.0,0.0,45,0,0,0,0,0,0,0,2,1,0.04,0.01,0.05,0.13,5,0.9,0.0,4.3,5.0,False,a,,,,,2526
727,218328,34,335.0,Samuel Chukwueze,Chukwueze,3,0.1,5.3,10,2.0,Home,2026-04-25T11:30:00Z,1.0,0.0,75,0,0,1,0,0,0,0,12,3,0.05,0.13,0.18,0.62,5,5.0,8.8,29.9,11.0,False,a,,,,,2526
728,513466,34,339.0,Merlin Röhl,Röhl,3,0.0,5.0,9,19.0,Away,2026-04-25T14:00:00Z,1.0,2.0,0,0,0,0,0,0,0,0,0,0,0.0,0.0,0.0,0.0,0,0.0,0.0,0.0,0.0,False,a,,,,,2526
729,560441,34,338.0,Luis Eduardo Soares da Silva,Cuiabano,2,0.0,4.5,16,17.0,Away,2026-04-24T19:00:00Z,5.0,0.0,0,0,0,0,0,0,0,0,0,0,0.0,0.0,0.0,0.0,0,0.0,0.0,0.0,0.0,False,u,has joined Vasco de Gama on loan for the rest of the season.,,,,2526
730,441264,34,338.0,Brian Brobbey,Brobbey,4,1.2,5.3,17,16.0,Home,2026-04-24T19:00:00Z,0.0,5.0,90,0,0,0,5,0,0,0,4,2,0.0,0.01,0.01,1.1,2,2.9,3.0,16.3,10.0,False,a,,,,,2526
731,560552,34,335.0,Kevin Santos Lopes de Macedo,Kevin,3,0.1,5.7,10,2.0,Home,2026-04-25T11:30:00Z,1.0,0.0,0,0,0,0,0,0,0,0,0,0,0.0,0.0,0.0,0.0,0,0.0,0.0,0.0,0.0,False,i,Foot injury - Unknown return date,,,,2526
732,660392,34,336.0,Christantus Uche,Uche,4,0.1,5.5,8,12.0,Away,2026-04-25T14:00:00Z,1.0,3.0,0,0,0,0,0,0,0,0,0,0,0.0,0.0,0.0,0.0,0,0.0,0.0,0.0,0.0,False,a,,,,,2526
733,465247,34,337.0,Senne Lammens,Lammens,1,3.1,5.1,14,5.0,Home,2026-04-27T19:00:00Z,2.0,1.0,90,0,0,0,1,0,0,0,14,3,0.0,0.0,0.0,1.43,0,3.6,36.0,0.0,0.0,False,a,,,,,2526
734,476887,34,338.0,Dilane Bakwa,Bakwa,3,0.0,5.9,16,17.0,Away,2026-04-24T19:00:00Z,5.0,0.0,0,0,0,0,0,0,0,0,0,0,0.0,0.0,0.0,0.0,0,0.0,0.0,0.0,0.0,False,a,,,,,2526
735,110504,34,338.0,Bertrand Traoré,Traoré,3,0.0,5.5,17,16.0,Home,2026-04-24T19:00:00Z,0.0,5.0,0,0,0,0,0,0,0,0,0,0,0.0,0.0,0.0,0.0,0,0.0,0.0,0.0,0.0,False,d,Knee injury - 50% chance of playing,,,,2526
736,204936,34,,Gianluigi Donnarumma,Donnarumma,1,9.2,5.6,13,,,,,,0,0,0,0,0,0,0,0,0,0,0.0,0.0,0.0,0.0,0,0.0,0.0,0.0,0.0,False,a,,,,,2526
737,631786,34,335.0,Jonah Kusi-Asare,Kusi-Asare,4,0.1,4.5,10,2.0,Home,2026-04-25T11:30:00Z,1.0,0.0,0,0,0,0,0,0,0,0,0,0,0.0,0.0,0.0,0.0,0,0.0,0.0,0.0,0.0,False,a,,,,,2526
738,37096,34,339.0,Lukasz Fabianski,Fabianski,1,0.0,4.5,19,9.0,Home,2026-04-25T14:00:00Z,2.0,1.0,0,0,0,0,0,0,0,0,0,0,0.0,0.0,0.0,0.0,0,0.0,0.0,0.0,0.0,False,a,,,,,2526
739,590039,34,,Divine Mukasa,Mukasa,3,0.0,4.4,13,,,,,,0,0,0,0,0,0,0,0,0,0,0.0,0.0,0.0,0.0,0,0.0,0.0,0.0,0.0,False,u,has joined Leicester City on loan for the rest of the season.,,,,2526
740,566213,34,,Stephen Mfuni,Mfuni,2,0.0,3.9,13,,,,,,0,0,0,0,0,0,0,0,0,0,0.0,0.0,0.0,0.0,0,0.0,0.0,0.0,0.0,False,u,has joined Watford on loan for the rest of the season.,,,,2526
741,600882,34,,Harry Gray,Gray,4,0.1,4.5,11,,,,,,0,0,0,0,0,0,0,0,0,0,0.0,0.0,0.0,0.0,0,0.0,0.0,0.0,0.0,False,u,has joined Rotherham United on loan for the rest of the season.,,,,2526
742,616288,34,,Ryan McAidoo,McAidoo,3,0.0,4.5,13,,,,,,0,0,0,0,0,0,0,0,0,0,0.0,0.0,0.0,0.0,0,0.0,0.0,0.0,0.0,False,a,,,,,2526
743,611912,34,,Landon Emenalo,Emenalo,3,0.0,4.5,7,,,,,,0,0,0,0,0,0,0,0,0,0,0.0,0.0,0.0,0.0,0,0.0,0.0,0.0,0.0,False,a,,,,,2526
744,556637,34,,Nehemiah Oriola,Oriola,3,0.0,4.5,6,,,,,,0,0,0,0,0,0,0,0,0,0,0.0,0.0,0.0,0.0,0,0.0,0.0,0.0,0.0,False,a,,,,,2526
745,640419,34,340.0,Jun'ai Byfield,Byfield,2,0.0,4.0,18,20.0,Away,2026-04-25T14:00:00Z,1.0,0.0,0,0,0,0,0,0,0,0,0,0,0.0,0.0,0.0,0.0,0,0.0,0.0,0.0,0.0,False,a,,,,,2526
746,596042,34,336.0,Kieran Morrison,Morrison,3,0.0,4.5,12,8.0,Home,2026-04-25T14:00:00Z,3.0,1.0,0,0,0,0,0,0,0,0,0,0,0.0,0.0,0.0,0.0,0,0.0,0.0,0.0,0.0,False,a,,,,,2526
747,602903,34,339.0,Ezra Mayers,Mayers,2,0.0,4.0,19,9.0,Home,2026-04-25T14:00:00Z,2.0,1.0,0,0,0,0,0,0,0,0,0,0,0.0,0.0,0.0,0.0,0,0.0,0.0,0.0,0.0,False,a,,,,,2526
748,183656,34,337.0,Josh Dasilva,Dasilva,3,0.0,4.9,5,14.0,Away,2026-04-27T19:00:00Z,1.0,2.0,0,0,0,0,0,0,0,0,0,0,0.0,0.0,0.0,0.0,0,0.0,0.0,0.0,0.0,False,a,,,,,2526
749,647671,34,340.0,Mateus Mané,Mané,4,1.3,4.3,20,18.0,Home,2026-04-25T14:00:00Z,0.0,1.0,90,0,0,0,1,0,0,0,13,2,0.09,0.34,0.43,0.92,4,7.2,14.6,50.8,7.0,False,a,,2.0,1.0,,2526
750,499716,34,340.0,James Rowswell,Rowswell,2,0.0,4.0,18,20.0,Away,2026-04-25T14:00:00Z,1.0,0.0,0,0,0,0,0,0,0,0,0,0,0.0,0.0,0.0,0.0,0,0.0,0.0,0.0,0.0,False,a,,,,,2526
751,590035,34,340.0,Yusuf Akhamrich,Akhamrich,3,0.0,4.5,18,20.0,Away,2026-04-25T14:00:00Z,1.0,0.0,0,0,0,0,0,0,0,0,0,0,0.0,0.0,0.0,0.0,0,0.0,0.0,0.0,0.0,False,u,has joined Bristol Rovers on loan for the rest of the season.,,,,2526
752,643473,34,339.0,Airidas Golambeckis,Golambeckis,2,0.0,4.0,19,9.0,Home,2026-04-25T14:00:00Z,2.0,1.0,0,0,0,0,0,0,0,0,0,0,0.0,0.0,0.0,0.0,0,0.0,0.0,0.0,0.0,False,a,,,,,2526
753,19236,34,331.0,John Ruddy,Ruddy,1,0.0,4.0,15,1.0,Away,2026-04-25T16:30:00Z,0.0,1.0,0,0,0,0,0,0,0,0,0,0,0.0,0.0,0.0,0.0,0,0.0,0.0,0.0,0.0,False,a,,,,,2526
754,577285,34,335.0,George Hemmings,George Hemmings,3,0.0,4.5,2,10.0,Away,2026-04-25T11:30:00Z,0.0,1.0,0,0,0,0,0,0,0,0,0,0,0.0,0.0,0.0,0.0,0,0.0,0.0,0.0,0.0,False,a,,,,,2526
755,576628,34,337.0,Shea Lacey,Lacey,3,0.0,4.5,14,5.0,Home,2026-04-27T19:00:00Z,2.0,1.0,0,0,0,0,0,0,0,0,0,0,0.0,0.0,0.0,0.0,0,0.0,0.0,0.0,0.0,False,a,,,,,2526
756,678552,34,,Malcom DaCosta,DaCosta,3,0.0,4.5,4,,,,,,0,0,0,0,0,0,0,0,0,0,0.0,0.0,0.0,0.0,0,0.0,0.0,0.0,0.0,False,a,,,,,2526
757,516875,34,335.0,Ronnie Hollingshead,Hollingshead,1,0.0,4.0,2,10.0,Away,2026-04-25T11:30:00Z,0.0,1.0,0,0,0,0,0,0,0,0,0,0,0.0,0.0,0.0,0.0,0,0.0,0.0,0.0,0.0,False,a,,,,,2526
758,630699,34,339.0,Mohamadou Kanté,Mohamadou Kanté,3,0.0,4.5,19,9.0,Home,2026-04-25T14:00:00Z,2.0,1.0,0,0,0,0,0,0,0,0,0,0,0.0,0.0,0.0,0.0,0,0.0,0.0,0.0,0.0,False,a,,,,,2526
759,616065,34,331.0,Marli Salmon,Salmon,2,0.0,4.0,1,15.0,Home,2026-04-25T16:30:00Z,1.0,0.0,0,0,0,0,0,0,0,0,0,0,0.0,0.0,0.0,0.0,0,0.0,0.0,0.0,0.0,False,a,,,,,2526
760,519440,34,336.0,Wellity Lucky,Lucky,2,0.0,4.0,12,8.0,Home,2026-04-25T14:00:00Z,3.0,1.0,0,0,0,0,0,0,0,0,0,0,0.0,0.0,0.0,0.0,0,0.0,0.0,0.0,0.0,False,a,,,,,2526
761,604988,34,,Freddie Simmonds,Simmonds,2,0.0,4.0,6,,,,,,0,0,0,0,0,0,0,0,0,0,0.0,0.0,0.0,0.0,0,0.0,0.0,0.0,0.0,False,a,,,,,2526
762,672492,34,336.0,Joél Drakes-Thomas,Drakes-Thomas,3,0.0,4.5,8,12.0,Away,2026-04-25T14:00:00Z,1.0,3.0,0,0,0,0,0,0,0,0,0,0,0.0,0.0,0.0,0.0,0,0.0,0.0,0.0,0.0,False,a,,,,,2526
763,516234,34,,Charlie Gray,Gray,3,0.0,4.5,13,,,,,,0,0,0,0,0,0,0,0,0,0,0.0,0.0,0.0,0.0,0,0.0,0.0,0.0,0.0,False,a,,,,,2526
764,580921,34,,Reigan Heskey,Heskey,3,0.0,4.5,13,,,,,,0,0,0,0,0,0,0,0,0,0,0.0,0.0,0.0,0.0,0,0.0,0.0,0.0,0.0,False,a,,,,,2526
765,553746,34,331.0,Leo Shahar,Shahar,2,0.0,4.0,15,1.0,Away,2026-04-25T16:30:00Z,0.0,1.0,0,0,0,0,0,0,0,0,0,0,0.0,0.0,0.0,0.0,0,0.0,0.0,0.0,0.0,False,a,,,,,2526
766,601956,34,340.0,Saheed Olagunju,Olagunju,2,0.0,4.0,20,18.0,Home,2026-04-25T14:00:00Z,0.0,1.0,0,0,0,0,0,0,0,0,0,0,0.0,0.0,0.0,0.0,0,0.0,0.0,0.0,0.0,False,a,,,,,2526
767,605319,34,340.0,Luke Rawlings,Rawlings,3,0.0,4.5,20,18.0,Home,2026-04-25T14:00:00Z,0.0,1.0,0,0,0,0,0,0,0,0,0,0,0.0,0.0,0.0,0.0,0,0.0,0.0,0.0,0.0,False,a,,,,,2526
768,664015,34,335.0,Leon Routh,Leon Routh,2,0.0,4.0,2,10.0,Away,2026-04-25T11:30:00Z,0.0,1.0,0,0,0,0,0,0,0,0,0,0,0.0,0.0,0.0,0.0,0,0.0,0.0,0.0,0.0,False,a,,,,,2526
769,576620,34,337.0,Bendito Mantato,Bendito Mantato,3,0.0,4.5,14,5.0,Home,2026-04-27T19:00:00Z,2.0,1.0,0,0,0,0,0,0,0,0,0,0,0.0,0.0,0.0,0.0,0,0.0,0.0,0.0,0.0,False,a,,,,,2526
770,619536,34,335.0,Seth Ridgeon,Ridgeon,3,0.0,4.5,10,2.0,Home,2026-04-25T11:30:00Z,1.0,0.0,0,0,0,0,0,0,0,0,0,0,0.0,0.0,0.0,0.0,0,0.0,0.0,0.0,0.0,False,a,,,,,2526
771,519913,34,337.0,Tyler Fletcher,Fletcher,3,0.0,4.4,14,5.0,Home,2026-04-27T19:00:00Z,2.0,1.0,0,0,0,0,0,0,0,0,0,0,0.0,0.0,0.0,0.0,0,0.0,0.0,0.0,0.0,False,a,,,,,2526
772,666607,34,331.0,Sam Alabi,Alabi,3,0.0,4.5,15,1.0,Away,2026-04-25T16:30:00Z,0.0,1.0,0,0,0,0,0,0,0,0,0,0,0.0,0.0,0.0,0.0,0,0.0,0.0,0.0,0.0,False,a,,,,,2526
773,643426,34,336.0,Dean Benamar,Benamar,2,0.0,4.0,8,12.0,Away,2026-04-25T14:00:00Z,1.0,3.0,0,0,0,0,0,0,0,0,0,0,0.0,0.0,0.0,0.0,0,0.0,0.0,0.0,0.0,False,a,,,,,2526
774,232356,34,338.0,Jenson Jones,Jenson Jones,2,0.0,4.0,17,16.0,Home,2026-04-24T19:00:00Z,0.0,5.0,0,0,0,0,0,0,0,0,0,0,0.0,0.0,0.0,0.0,0,0.0,0.0,0.0,0.0,False,a,,,,,2526
775,604211,34,338.0,Tymur Tutierov,Tutierov,3,0.0,4.5,17,16.0,Home,2026-04-24T19:00:00Z,0.0,5.0,0,0,0,0,0,0,0,0,0,0,0.0,0.0,0.0,0.0,0,0.0,0.0,0.0,0.0,False,u,has joined Exeter City on loan for the rest of the season.,,,,2526
776,647960,34,,Oliver Pimlott,Pimlott,3,0.0,4.5,3,,,,,,0,0,0,0,0,0,0,0,0,0,0.0,0.0,0.0,0.0,0,0.0,0.0,0.0,0.0,False,a,,,,,2526
777,514362,34,340.0,Temple Ojinnaka,Ojinnaka,3,0.0,4.5,20,18.0,Home,2026-04-25T14:00:00Z,0.0,1.0,0,0,0,0,0,0,0,0,0,0,0.0,0.0,0.0,0.0,0,0.0,0.0,0.0,0.0,False,u,has joined Shrewsbury Town on loan for the rest of the season.,,,,2526
778,589121,34,340.0,Ethan Sutherland,Sutherland,3,0.0,4.5,20,18.0,Home,2026-04-25T14:00:00Z,0.0,1.0,0,0,0,0,0,0,0,0,0,0,0.0,0.0,0.0,0.0,0,0.0,0.0,0.0,0.0,False,a,,,,,2526
779,629068,34,339.0,Braiden Graham,Graham,4,0.0,4.5,9,19.0,Away,2026-04-25T14:00:00Z,1.0,2.0,0,0,0,0,0,0,0,0,0,0,0.0,0.0,0.0,0.0,0,0.0,0.0,0.0,0.0,False,a,,,,,2526
780,631106,34,336.0,Ben Casey,Casey,4,0.0,4.5,8,12.0,Away,2026-04-25T14:00:00Z,1.0,3.0,0,0,0,0,0,0,0,0,0,0,0.0,0.0,0.0,0.0,0,0.0,0.0,0.0,0.0,False,a,,,,,2526
781,618027,34,335.0,TJ Carroll,Carroll,2,0.0,4.0,2,10.0,Away,2026-04-25T11:30:00Z,0.0,1.0,0,0,0,0,0,0,0,0,0,0,0.0,0.0,0.0,0.0,0,0.0,0.0,0.0,0.0,False,a,,,,,2526
782,40383,34,,Fraser Forster,Forster,1,0.0,4.0,4,,,,,,0,0,0,0,0,0,0,0,0,0,0.0,0.0,0.0,0.0,0,0.0,0.0,0.0,0.0,False,a,,,,,2526
783,60307,34,,Pascal Groß,Groß,3,2.0,5.5,6,,,,,,0,0,0,0,0,0,0,0,0,0,0.0,0.0,0.0,0.0,0,0.0,0.0,0.0,0.0,False,a,,1.0,,,2526
784,704232,34,,George Brierley,Brierley,3,0.0,4.5,3,,,,,,0,0,0,0,0,0,0,0,0,0,0.0,0.0,0.0,0.0,0,0.0,0.0,0.0,0.0,False,a,,,,,2526
785,530335,34,339.0,Pablo Felipe Pereira de Jesus,Pablo,4,0.0,5.4,19,9.0,Home,2026-04-25T14:00:00Z,2.0,1.0,80,0,0,1,0,0,0,0,3,2,0.0,0.01,0.01,1.3,3,0.5,2.2,2.8,0.0,False,a,,,,,2526
786,505079,34,335.0,Alfie McNally,McNally,1,0.0,4.0,10,2.0,Home,2026-04-25T11:30:00Z,1.0,0.0,0,0,0,0,0,0,0,0,0,0,0.0,0.0,0.0,0.0,0,0.0,0.0,0.0,0.0,False,a,,,,,2526
787,565863,34,,Sam Chambers,Chambers,3,0.0,4.4,11,,,,,,0,0,0,0,0,0,0,0,0,0,0.0,0.0,0.0,0.0,0,0.0,0.0,0.0,0.0,False,a,,,,,2526
788,576637,34,337.0,Godwill Kukonki,Kukonki,2,0.0,4.0,14,5.0,Home,2026-04-27T19:00:00Z,2.0,1.0,0,0,0,0,0,0,0,0,0,0,0.0,0.0,0.0,0.0,0,0.0,0.0,0.0,0.0,False,a,,,,,2526
789,518335,34,,Max Merrick,Merrick,1,0.0,4.0,7,,,,,,0,0,0,0,0,0,0,0,0,0,0.0,0.0,0.0,0.0,0,0.0,0.0,0.0,0.0,False,a,,,,,2526
790,611917,34,340.0,Lucá Williams-Barnett,Williams-Barnett,3,0.0,4.5,18,20.0,Away,2026-04-25T14:00:00Z,1.0,0.0,0,0,0,0,0,0,0,0,0,0,0.0,0.0,0.0,0.0,0,0.0,0.0,0.0,0.0,False,a,,,,,2526
791,247670,34,339.0,Valentín Castellanos,Taty,4,0.3,5.5,19,9.0,Home,2026-04-25T14:00:00Z,2.0,1.0,78,0,0,1,0,1,0,0,5,1,0.26,0.01,0.27,1.3,4,4.1,5.4,0.7,35.0,False,a,,,,,2526
792,653481,34,335.0,Alysson Edward Franco da Rocha dos Santos,Alysson,3,0.0,5.0,2,10.0,Away,2026-04-25T11:30:00Z,0.0,1.0,0,0,0,0,0,0,0,0,0,0,0.0,0.0,0.0,0.0,0,0.0,0.0,0.0,0.0,False,a,,,,,2526
793,591384,34,336.0,George King,King,2,0.0,4.0,8,12.0,Away,2026-04-25T14:00:00Z,1.0,3.0,0,0,0,0,0,0,0,0,0,0,0.0,0.0,0.0,0.0,0,0.0,0.0,0.0,0.0,False,a,,,,,2526
794,494307,34,,Max Alleyne,Alleyne,2,0.0,3.9,13,,,,,,0,0,0,0,0,0,0,0,0,0,0.0,0.0,0.0,0.0,0,0.0,0.0,0.0,0.0,False,a,,,,,2526
795,597320,34,,Harry Howell,Howell,3,0.0,4.5,6,,,,,,0,0,0,0,0,0,0,0,0,0,0.0,0.0,0.0,0.0,0,0.0,0.0,0.0,0.0,False,a,,,,,2526
796,232787,34,340.0,Conor Gallagher,Gallagher,3,0.1,5.0,18,20.0,Away,2026-04-25T14:00:00Z,1.0,0.0,90,0,0,1,0,1,0,0,18,4,0.0,0.01,0.01,0.64,13,4.0,13.6,24.1,2.0,False,a,,,,,2526
797,593174,34,337.0,Kaye Furo,Furo,4,0.0,4.5,5,14.0,Away,2026-04-27T19:00:00Z,1.0,2.0,0,0,0,0,0,0,0,0,0,0,0.0,0.0,0.0,0.0,0,0.0,0.0,0.0,0.0,False,a,,,,,2526
798,502988,34,336.0,Danny Imray,Imray,2,0.0,4.0,8,12.0,Away,2026-04-25T14:00:00Z,1.0,3.0,0,0,0,0,0,0,0,0,0,0,0.0,0.0,0.0,0.0,0,0.0,0.0,0.0,0.0,False,u,has joined West Brom on loan for the rest of the season.,,,,2526
799,658013,34,,Charlie Stevens,Stevens,3,0.0,4.5,4,,,,,,0,0,0,0,0,0,0,0,0,0,0.0,0.0,0.0,0.0,0,0.0,0.0,0.0,0.0,False,a,,,,,2526
800,699989,34,338.0,Djiamgone Jocelin Ta Bi,Jocelin.T,3,0.0,4.9,17,16.0,Home,2026-04-24T19:00:00Z,0.0,5.0,0,0,0,0,0,0,0,0,0,0,0.0,0.0,0.0,0.0,0,0.0,0.0,0.0,0.0,False,d,Ankle injury - 50% chance of playing,,,,2526
801,614574,34,,Alex Tóth,Tóth.A,3,0.0,4.9,4,,,,,,0,0,0,0,0,0,0,0,0,0,0.0,0.0,0.0,0.0,0,0.0,0.0,0.0,0.0,False,a,,,,,2526
802,572702,34,339.0,Keiber Lamadrid,Lamadrid,3,0.0,5.0,19,9.0,Home,2026-04-25T14:00:00Z,2.0,1.0,0,0,0,0,0,0,0,0,0,0,0.0,0.0,0.0,0.0,0,0.0,0.0,0.0,0.0,False,a,,,,,2526
803,499857,34,,Teddy Sharman-Lowe,Sharman-Lowe,1,0.0,4.0,7,,,,,,0,0,0,0,0,0,0,0,0,0,0.0,0.0,0.0,0.0,0,0.0,0.0,0.0,0.0,False,a,,,,,2526
804,616221,34,340.0,João Victor de Souza Menezes,Souza,2,0.0,4.0,18,20.0,Away,2026-04-25T14:00:00Z,1.0,0.0,0,0,0,0,0,0,0,0,0,0,0.0,0.0,0.0,0.0,0,0.0,0.0,0.0,0.0,False,a,,,,,2526
805,469130,34,338.0,Lorenzo Lucca,Lucca,4,0.0,5.4,16,17.0,Away,2026-04-24T19:00:00Z,5.0,0.0,0,0,0,0,0,0,0,0,0,0,0.0,0.0,0.0,0.0,0,0.0,0.0,0.0,0.0,False,a,,,,,2526
806,436416,34,,Christos Mandas,Mandas,1,0.0,4.0,4,,,,,,0,0,0,0,0,0,0,0,0,0,0.0,0.0,0.0,0.0,0,0.0,0.0,0.0,0.0,False,a,,,,,2526
807,499604,34,,Rayan Vitor Simplício Rocha,Rayan,3,1.5,5.4,4,,,,,,0,0,0,0,0,0,0,0,0,0,0.0,0.0,0.0,0.0,0,0.0,0.0,0.0,0.0,False,a,,,,,2526
808,173879,34,335.0,Tammy Abraham,Abraham,4,0.2,5.8,2,10.0,Away,2026-04-25T11:30:00Z,0.0,1.0,10,0,0,0,0,0,0,0,0,1,0.29,0.0,0.29,0.17,0,0.3,0.0,0.0,4.0,False,a,,,,,2526
809,685628,34,340.0,Jerome Abbey,Abbey,3,0.0,4.5,20,18.0,Home,2026-04-25T14:00:00Z,0.0,1.0,0,0,0,0,0,0,0,0,0,0,0.0,0.0,0.0,0.0,0,0.0,0.0,0.0,0.0,False,a,,,,,2526
810,559610,34,337.0,Luka Bentt,Bentt,3,0.0,4.5,5,14.0,Away,2026-04-27T19:00:00Z,1.0,2.0,0,0,0,0,0,0,0,0,0,0,0.0,0.0,0.0,0.0,0,0.0,0.0,0.0,0.0,False,a,,,,,2526
811,536134,34,340.0,Rio Kyerematen,Kyerematen,3,0.0,4.5,18,20.0,Away,2026-04-25T14:00:00Z,1.0,0.0,0,0,0,0,0,0,0,0,0,0,0.0,0.0,0.0,0.0,0,0.0,0.0,0.0,0.0,False,a,,,,,2526
812,515046,34,338.0,Melker Ellborg,Ellborg,1,0.1,4.0,17,16.0,Home,2026-04-24T19:00:00Z,0.0,5.0,0,0,0,0,0,0,0,0,0,0,0.0,0.0,0.0,0.0,0,0.0,0.0,0.0,0.0,False,a,,,,,2526
813,536661,34,338.0,Nilson Angulo,Angulo,3,0.0,5.0,17,16.0,Home,2026-04-24T19:00:00Z,0.0,5.0,0,0,0,0,0,0,0,0,0,0,0.0,0.0,0.0,0.0,0,0.0,0.0,0.0,0.0,False,d,Unknown - 50% chance of playing,,,,2526
814,470315,34,338.0,Luca Netz,Netz,2,0.0,4.5,16,17.0,Away,2026-04-24T19:00:00Z,5.0,0.0,23,0,0,0,0,0,0,0,5,1,0.0,0.02,0.02,0.31,4,1.2,9.2,0.3,2.0,False,a,,,,,2526
815,220362,34,339.0,Axel Disasi,Disasi,2,0.2,4.5,19,9.0,Home,2026-04-25T14:00:00Z,2.0,1.0,90,0,0,0,1,1,0,0,11,3,0.0,0.0,0.0,1.45,11,3.2,28.6,1.4,2.0,False,a,,,,,2526
816,209041,34,340.0,Angel Gomes,Angel,3,0.0,4.6,20,18.0,Home,2026-04-25T14:00:00Z,0.0,1.0,0,0,0,0,0,0,0,0,0,0,0.0,0.0,0.0,0.0,0,0.0,0.0,0.0,0.0,False,a,,,,,2526
817,155511,34,340.0,Adam Armstrong,Armstrong,4,0.1,5.2,20,18.0,Home,2026-04-25T14:00:00Z,0.0,1.0,90,0,0,0,1,0,0,0,5,2,0.27,0.0,0.27,0.92,2,3.8,7.2,1.0,30.0,False,a,,,,,2526
818,613232,34,340.0,James Wilson,Wilson,4,0.0,4.5,18,20.0,Away,2026-04-25T14:00:00Z,1.0,0.0,0,0,0,0,0,0,0,0,0,0,0.0,0.0,0.0,0.0,0,0.0,0.0,0.0,0.0,False,a,,,,,2526
819,494556,34,337.0,Ollie Shield,Shield,2,0.0,4.0,5,14.0,Away,2026-04-27T19:00:00Z,1.0,2.0,0,0,0,0,0,0,0,0,0,0,0.0,0.0,0.0,0.0,0,0.0,0.0,0.0,0.0,False,a,,,,,2526
820,644593,34,,Kian McMahon-Brown,McMahon-Brown,3,0.0,4.5,3,,,,,,0,0,0,0,0,0,0,0,0,0,0.0,0.0,0.0,0.0,0,0.0,0.0,0.0,0.0,False,a,,,,,2526
821,570929,34,338.0,Jack Whittaker,Whittaker,3,0.0,4.5,17,16.0,Home,2026-04-24T19:00:00Z,0.0,5.0,0,0,0,0,0,0,0,0,0,0,0.0,0.0,0.0,0.0,0,0.0,0.0,0.0,0.0,False,a,,,,,2526
822,571087,34,338.0,Jaydon Jones,Jones,3,0.0,4.5,17,16.0,Home,2026-04-24T19:00:00Z,0.0,5.0,0,0,0,0,0,0,0,0,0,0,0.0,0.0,0.0,0.0,0,0.0,0.0,0.0,0.0,False,a,,,,,2526
823,649240,34,337.0,Joshua Stephenson,Stephenson,2,0.0,4.0,5,14.0,Away,2026-04-27T19:00:00Z,1.0,2.0,0,0,0,0,0,0,0,0,0,0,0.0,0.0,0.0,0.0,0,0.0,0.0,0.0,0.0,False,a,,,,,2526
824,587433,34,337.0,Conor McManus,McManus,2,0.0,4.0,5,14.0,Away,2026-04-27T19:00:00Z,1.0,2.0,0,0,0,0,0,0,0,0,0,0,0.0,0.0,0.0,0.0,0,0.0,0.0,0.0,0.0,False,a,,,,,2526
825,553742,34,339.0,Finlay Herrick,Herrick,1,0.0,4.0,19,9.0,Home,2026-04-25T14:00:00Z,2.0,1.0,0,0,0,0,0,0,0,0,0,0,0.0,0.0,0.0,0.0,0,0.0,0.0,0.0,0.0,False,a,,,,,2526
826,547671,34,337.0,Riley Owen,Owen,3,0.0,4.5,5,14.0,Away,2026-04-27T19:00:00Z,1.0,2.0,0,0,0,0,0,0,0,0,0,0,0.0,0.0,0.0,0.0,0,0.0,0.0,0.0,0.0,False,a,,,,,2526
827,576634,34,337.0,Jim Thwaites,Thwaites,3,0.0,4.5,14,5.0,Home,2026-04-27T19:00:00Z,2.0,1.0,0,0,0,0,0,0,0,0,0,0,0.0,0.0,0.0,0.0,0,0.0,0.0,0.0,0.0,False,a,,,,,2526
828,491460,34,340.0,Alfie Brooks,Brooks,1,0.0,4.0,20,18.0,Home,2026-04-25T14:00:00Z,0.0,1.0,0,0,0,0,0,0,0,0,0,0,0.0,0.0,0.0,0.0,0,0.0,0.0,0.0,0.0,False,a,,,,,2526
829,619734,34,,Jesse Derry,Derry,3,0.0,4.5,7,,,,,,0,0,0,0,0,0,0,0,0,0,0.0,0.0,0.0,0.0,0,0.0,0.0,0.0,0.0,False,a,,,,,2526
830,677945,34,336.0,Will Wright,Wright,4,0.0,4.5,12,8.0,Home,2026-04-25T14:00:00Z,3.0,1.0,0,0,0,0,0,0,0,0,0,0,0.0,0.0,0.0,0.0,0,0.0,0.0,0.0,0.0,False,a,,,,,2526
