player_id,player_code,gameweek,fixture_id,name,web_name,position_id,selected_by_percent,value,team_id,opponent_id,h_a,kickoff_time,team_score,opponent_score,minutes,goals_scored,assists,clean_sheets,goals_conceded,yellow_cards,red_cards,bonus,bps,total_points,xG,xA,xGI,xGC,DefCon,ict_index,influence,creativity,threat,in_dreamteam,status,news,corners_indirect_freekicks_order,direct_freekicks_order,penalties_order,season
1,154561,28,271,David Raya Martín,Raya,1,34.2,6.0,1,7,Home,2026-03-01T16:30:00Z,2,1,90,0,0,0,1,0,0,0,12,3,0.0,0.01,0.01,1.05,0,0.1,1.2,0.0,0.0,False,a,,,,,2526
2,109745,28,271,Kepa Arrizabalaga Revuelta,Arrizabalaga,1,0.4,4.1,1,7,Home,2026-03-01T16:30:00Z,2,1,0,0,0,0,0,0,0,0,0,0,0.0,0.0,0.0,0.0,0,0.0,0.0,0.0,0.0,False,a,,,,,2526
3,463748,28,271,Karl Hein,Hein,1,0.2,4.0,1,7,Home,2026-03-01T16:30:00Z,2,1,0,0,0,0,0,0,0,0,0,0,0.0,0.0,0.0,0.0,0,0.0,0.0,0.0,0.0,False,u,Has joined Werder Bremen on loan for the rest of the season.,,,,2526
4,551221,28,271,Tommy Setford,Setford,1,0.2,3.9,1,7,Home,2026-03-01T16:30:00Z,2,1,0,0,0,0,0,0,0,0,0,0,0.0,0.0,0.0,0.0,0,0.0,0.0,0.0,0.0,False,a,,,,,2526
5,226597,28,271,Gabriel dos Santos Magalhães,Gabriel,2,42.7,7.1,1,7,Home,2026-03-01T16:30:00Z,2,1,90,0,1,0,1,1,0,3,27,9,0.03,0.57,0.6,1.05,11,0.9,6.6,0.6,2.0,False,a,,,,,2526
6,462424,28,271,William Saliba,Saliba,2,13.5,6.1,1,7,Home,2026-03-01T16:30:00Z,2,1,90,1,0,0,1,0,0,2,26,10,0.26,0.0,0.26,1.05,6,6.7,33.6,0.1,33.0,True,a,,,,,2526
7,466075,28,271,Riccardo Calafiori,Calafiori,2,6.2,5.6,1,7,Home,2026-03-01T16:30:00Z,2,1,0,0,0,0,0,0,0,0,0,0,0.0,0.0,0.0,0.0,0,0.0,0.0,0.0,0.0,False,a,,,,,2526
8,445122,28,271,Jurriën Timber,J.Timber,2,27.6,6.3,1,7,Home,2026-03-01T16:30:00Z,2,1,90,1,0,0,1,0,0,0,25,8,0.41,0.01,0.42,1.05,4,1.3,2.6,10.7,0.0,False,a,,,,,2526
9,440854,28,271,Jakub Kiwior,Kiwior,2,0.0,5.4,1,7,Home,2026-03-01T16:30:00Z,2,1,0,0,0,0,0,0,0,0,0,0,0.0,0.0,0.0,0.0,0,0.0,0.0,0.0,0.0,False,u,has joined Porto on loan for the rest of the season.,,,,2526
10,499169,28,271,Myles Lewis-Skelly,Lewis-Skelly,2,1.4,5.1,1,7,Home,2026-03-01T16:30:00Z,2,1,0,0,0,0,0,0,0,0,0,0,0.0,0.0,0.0,0.0,0,0.0,0.0,0.0,0.0,False,a,,,,,2526
11,198869,28,271,Benjamin White,White,2,0.5,5.1,1,7,Home,2026-03-01T16:30:00Z,2,1,0,0,0,0,0,0,0,0,0,0,0.0,0.0,0.0,0.0,0,0.0,0.0,0.0,0.0,False,d,Knock - 75% chance of playing,,,,2526
12,206325,28,273,Oleksandr Zinchenko,Zinchenko,2,0.2,4.9,16,6,Away,2026-03-01T14:00:00Z,1,2,0,0,0,0,0,0,0,0,0,0,0.0,0.0,0.0,0.0,0,0.0,0.0,0.0,0.0,False,u,has joined Ajax permanently.,,,,2526
13,563324,28,271,Brayden Clarke,Clarke,2,0.4,3.8,1,7,Home,2026-03-01T16:30:00Z,2,1,0,0,0,0,0,0,0,0,0,0,0.0,0.0,0.0,0.0,0,0.0,0.0,0.0,0.0,False,a,,,,,2526
14,588793,28,271,Maldini Kacurri,Kacurri,2,0.1,3.9,1,7,Home,2026-03-01T16:30:00Z,2,1,0,0,0,0,0,0,0,0,0,0,0.0,0.0,0.0,0.0,0,0.0,0.0,0.0,0.0,False,u,has joined Morecambe on loan for the rest of the season.,,,,2526
15,499167,28,271,Josh Nichols,Nichols,2,0.2,3.7,1,7,Home,2026-03-01T16:30:00Z,2,1,0,0,0,0,0,0,0,0,0,0,0.0,0.0,0.0,0.0,0,0.0,0.0,0.0,0.0,False,a,,,,,2526
16,223340,28,271,Bukayo Saka,Saka,3,7.6,9.8,1,7,Home,2026-03-01T16:30:00Z,2,1,90,0,0,0,1,0,0,0,9,2,0.01,0.29,0.3,1.05,7,2.1,4.2,14.4,2.0,False,a,,2.0,2.0,1.0,2526
17,184029,28,271,Martin Ødegaard,Ødegaard,3,1.6,7.8,1,7,Home,2026-03-01T16:30:00Z,2,1,0,0,0,0,0,0,0,0,0,0,0.0,0.0,0.0,0.0,0,0.0,0.0,0.0,0.0,False,d,Knee injury - 75% chance of playing,4.0,,3.0,2526
18,248857,28,271,Noni Madueke,Madueke,3,1.1,6.8,1,7,Home,2026-03-01T16:30:00Z,2,1,0,0,0,0,0,0,0,0,0,0,0.0,0.0,0.0,0.0,0,0.0,0.0,0.0,0.0,False,a,,3.0,,,2526
19,444145,28,271,Gabriel Martinelli Silva,Martinelli,3,0.9,6.8,1,7,Home,2026-03-01T16:30:00Z,2,1,34,0,0,0,0,0,0,0,3,1,0.0,0.01,0.01,0.22,2,0.0,0.0,0.0,0.0,False,a,,,,,2526
20,116216,28,271,Leandro Trossard,Trossard,3,1.0,6.7,1,7,Home,2026-03-01T16:30:00Z,2,1,55,0,0,0,1,0,0,0,4,1,0.02,0.06,0.08,0.83,4,0.6,0.4,0.3,5.0,False,a,,,,4.0,2526
21,204480,28,271,Declan Rice,Rice,3,33.1,7.5,1,7,Home,2026-03-01T16:30:00Z,2,1,75,0,1,0,1,0,0,0,25,5,0.04,0.24,0.28,1.0,7,0.3,1.8,1.2,0.0,False,d,Knock - 75% chance of playing,1.0,1.0,,2526
22,195384,28,271,Mikel Merino Zazón,Merino,3,0.8,5.4,1,7,Home,2026-03-01T16:30:00Z,2,1,0,0,0,0,0,0,0,0,0,0,0.0,0.0,0.0,0.0,0,0.0,0.0,0.0,0.0,False,i,Foot injury - Unknown return date,,,,2526
23,438098,28,271,Fábio Ferreira Vieira,Fábio Vieira,3,0.0,5.4,1,7,Home,2026-03-01T16:30:00Z,2,1,0,0,0,0,0,0,0,0,0,0,0.0,0.0,0.0,0.0,0,0.0,0.0,0.0,0.0,False,u,has joined Hamburger on loan for the rest of the season.,,,,2526
24,128295,28,271,Christian Nørgaard,Nørgaard,3,0.1,5.1,1,7,Home,2026-03-01T16:30:00Z,2,1,14,0,0,0,0,0,0,0,2,1,0.0,0.0,0.0,0.05,1,0.0,0.0,0.0,0.0,False,a,,,,,2526
25,499175,28,271,Ethan Nwaneri,Nwaneri,3,0.1,5.0,1,7,Home,2026-03-01T16:30:00Z,2,1,0,0,0,0,0,0,0,0,0,0,0.0,0.0,0.0,0.0,0,0.0,0.0,0.0,0.0,False,u,has joined Marseille on loan for the rest of the season.,,,,2526
26,481655,28,271,Martín Zubimendi Ibáñez,Zubimendi,3,4.9,5.3,1,7,Home,2026-03-01T16:30:00Z,2,1,90,0,0,0,1,0,0,0,11,2,0.08,0.21,0.29,1.05,7,0.1,0.0,0.3,1.0,False,a,,,,,2526
27,200641,28,274,Reiss Nelson,Nelson,3,0.1,4.8,5,3,Away,2026-02-28T15:00:00Z,4,3,0,0,0,0,0,0,0,0,0,0,0.0,0.0,0.0,0.0,0,0.0,0.0,0.0,0.0,False,a,,,,,2526
28,588796,28,271,Ismeal Kabia,Kabia,3,0.1,4.5,1,7,Home,2026-03-01T16:30:00Z,2,1,0,0,0,0,0,0,0,0,0,0,0.0,0.0,0.0,0.0,0,0.0,0.0,0.0,0.0,False,u,has joined Shrewsbury Town on loan for the rest of the season.,,,,2526
29,437742,28,271,Albert Sambi Lokonga,Sambi,3,0.0,4.5,1,7,Home,2026-03-01T16:30:00Z,2,1,0,0,0,0,0,0,0,0,0,0,0.0,0.0,0.0,0.0,0,0.0,0.0,0.0,0.0,False,u,has joined Hamburger permanently.,,,,2526
30,219847,28,271,Kai Havertz,Havertz,4,0.5,7.3,1,7,Home,2026-03-01T16:30:00Z,2,1,14,0,0,0,0,0,0,0,4,1,0.0,0.0,0.0,0.05,2,0.0,0.0,0.0,0.0,False,a,,,,,2526
31,205651,28,271,Gabriel Fernando de Jesus,G.Jesus,4,0.4,6.4,1,7,Home,2026-03-01T16:30:00Z,2,1,0,0,0,0,0,0,0,0,0,0,0.0,0.0,0.0,0.0,0,0.0,0.0,0.0,0.0,False,a,,,,,2526
32,98980,28,280,Emiliano Martínez Romero,Martinez,1,4.7,5.1,2,20,Away,2026-02-27T20:00:00Z,0,2,90,0,0,0,2,0,0,0,6,1,0.0,0.0,0.0,0.86,0,0.6,6.0,0.1,0.0,False,a,,,,,2526
33,72147,28,280,Marco Bizot,M.Bizot,1,0.4,4.2,2,20,Away,2026-02-27T20:00:00Z,0,2,0,0,0,0,0,0,0,0,0,0,0.0,0.0,0.0,0.0,0,0.0,0.0,0.0,0.0,False,a,,,,,2526
34,462492,28,280,Joe Gauci,Gauci,1,0.1,4.0,2,20,Away,2026-02-27T20:00:00Z,0,2,0,0,0,0,0,0,0,0,0,0,0.0,0.0,0.0,0.0,0,0.0,0.0,0.0,0.0,False,u,Has joined Port Vale on loan for the rest of the season.,,,,2526
35,462381,28,280,Filip Marschall,Marschall,1,0.0,4.0,2,20,Away,2026-02-27T20:00:00Z,0,2,0,0,0,0,0,0,0,0,0,0,0.0,0.0,0.0,0.0,0,0.0,0.0,0.0,0.0,False,u,Has joined Stevenage permanently.,,,,2526
36,199796,28,280,Matty Cash,Cash,2,10.8,4.9,2,20,Away,2026-02-27T20:00:00Z,0,2,90,0,0,0,2,1,0,0,11,0,0.0,0.07,0.07,0.86,7,5.7,23.0,33.9,0.0,False,a,,5.0,,,2526
37,101188,28,280,Lucas Digne,Digne,2,1.5,4.5,2,20,Away,2026-02-27T20:00:00Z,0,2,69,0,0,0,1,0,0,0,7,2,0.0,0.09,0.09,0.39,1,0.8,1.4,6.3,0.0,False,a,,,2.0,,2526
38,199798,28,280,Ezri Konsa Ngoyo,Konsa,2,8.2,4.4,2,20,Away,2026-02-27T20:00:00Z,0,2,90,0,0,0,2,0,0,0,11,1,0.0,0.01,0.01,0.86,8,1.9,17.8,0.8,0.0,False,a,,,,,2526
39,441302,28,280,Ian Maatsen,Maatsen,2,0.6,4.2,2,20,Away,2026-02-27T20:00:00Z,0,2,20,0,0,0,1,0,0,0,3,1,0.2,0.08,0.28,0.47,2,6.1,13.0,25.2,23.0,False,a,,,,,2526
40,149484,28,280,Tyrone Mings,Mings,2,0.7,4.3,2,20,Away,2026-02-27T20:00:00Z,0,2,0,0,0,0,0,0,0,0,0,0,0.0,0.0,0.0,0.0,0,0.0,0.0,0.0,0.0,False,a,,,,,2526
41,244954,28,280,Pau Torres,Pau,2,0.3,4.3,2,20,Away,2026-02-27T20:00:00Z,0,2,90,0,0,0,2,0,0,0,9,1,0.04,0.01,0.05,0.86,7,2.2,16.0,1.5,4.0,False,a,,,,,2526
42,606798,28,280,Andrés García,A.García,2,0.2,3.9,2,20,Away,2026-02-27T20:00:00Z,0,2,0,0,0,0,0,0,0,0,0,0,0.0,0.0,0.0,0.0,0,0.0,0.0,0.0,0.0,False,a,,,,,2526
43,106468,28,280,Álex Moreno Lopera,Alex Moreno,2,1.6,4.0,2,20,Away,2026-02-27T20:00:00Z,0,2,0,0,0,0,0,0,0,0,0,0,0.0,0.0,0.0,0.0,0,0.0,0.0,0.0,0.0,False,u,Has joined Girona permanently.,,,,2526
44,515597,28,280,Lamare Bogarde,Bogarde,2,0.6,4.0,2,20,Away,2026-02-27T20:00:00Z,0,2,0,0,0,0,0,0,0,0,0,0,0.0,0.0,0.0,0.0,0,0.0,0.0,0.0,0.0,False,a,,,,,2526
45,514315,28,280,Lino da Cruz Sousa,Sousa,2,0.3,3.8,2,20,Away,2026-02-27T20:00:00Z,0,2,0,0,0,0,0,0,0,0,0,0,0.0,0.0,0.0,0.0,0,0.0,0.0,0.0,0.0,False,u,has joined Rotherham on loan for the rest of the season.,,,,2526
46,587178,28,280,Yasin Özcan,Yasin,2,0.1,4.0,2,20,Away,2026-02-27T20:00:00Z,0,2,0,0,0,0,0,0,0,0,0,0,0.0,0.0,0.0,0.0,0,0.0,0.0,0.0,0.0,False,u,has joined Anderlecht on loan for the rest of the season.,,,,2526
47,244850,28,280,Morgan Rogers,Rogers,3,30.3,7.7,2,20,Away,2026-02-27T20:00:00Z,0,2,90,0,0,0,2,0,0,0,11,2,0.21,0.03,0.24,0.86,6,5.4,15.0,12.2,27.0,False,a,,,1.0,,2526
48,166989,28,280,Youri Tielemans,Tielemans,3,0.6,5.9,2,20,Away,2026-02-27T20:00:00Z,0,2,0,0,0,0,0,0,0,0,0,0,0.0,0.0,0.0,0.0,0,0.0,0.0,0.0,0.0,False,i,Ankle injury - Expected back 11 Apr,3.0,,,2526
49,215711,28,280,Leon Bailey,Bailey,3,0.1,5.5,2,20,Away,2026-02-27T20:00:00Z,0,2,30,0,0,0,2,1,0,0,-1,0,0.06,0.0,0.06,0.64,2,0.8,0.4,0.8,7.0,False,a,,2.0,,,2526
50,195546,28,280,Emiliano Buendía Stati,Buendía,3,0.5,5.3,2,20,Away,2026-02-27T20:00:00Z,0,2,69,0,0,0,1,1,0,0,4,1,0.0,0.03,0.03,0.39,4,0.5,0.0,6.0,4.0,False,a,,,6.0,2.0,2526
51,469247,28,280,Samuel Iling-Junior,Iling Jr,3,0.0,5.5,2,20,Away,2026-02-27T20:00:00Z,0,2,0,0,0,0,0,0,0,0,0,0,0.0,0.0,0.0,0.0,0,0.0,0.0,0.0,0.0,False,u,has joined Pisa on loan for the rest of the season.,,,,2526
52,232653,28,279,Jacob Ramsey,J.Ramsey,3,0.2,5.3,15,9,Home,2026-02-28T15:00:00Z,2,3,45,1,0,0,2,0,0,0,22,6,0.09,0.02,0.11,1.0,3,4.9,34.6,5.6,9.0,False,a,,,,,2526
53,204646,28,280,Donyell Malen,Malen,3,0.4,5.1,2,20,Away,2026-02-27T20:00:00Z,0,2,0,0,0,0,0,0,0,0,0,0,0.0,0.0,0.0,0.0,0,0.0,0.0,0.0,0.0,False,u,has joined Roma on loan for the rest of the season.,,,,2526
54,122806,28,280,John McGinn,McGinn,3,0.5,5.4,2,20,Away,2026-02-27T20:00:00Z,0,2,0,0,0,0,0,0,0,0,0,0,0.0,0.0,0.0,0.0,0,0.0,0.0,0.0,0.0,False,i,Knee injury - Expected back 21 Mar,,,,2526
55,88894,28,280,Ross Barkley,Barkley,3,0.0,4.8,2,20,Away,2026-02-27T20:00:00Z,0,2,30,0,0,0,2,0,0,0,4,1,0.0,0.07,0.07,0.64,2,2.3,9.0,12.3,2.0,False,a,,,,,2526
56,491287,28,280,Enzo Barrenechea,Barrenechea,3,0.0,5.0,2,20,Away,2026-02-27T20:00:00Z,0,2,0,0,0,0,0,0,0,0,0,0,0.0,0.0,0.0,0.0,0,0.0,0.0,0.0,0.0,False,u,Season-long loan to Benfica,,,,2526
57,461421,28,280,Lewis Dobbin,Dobbin,3,0.0,5.0,2,20,Away,2026-02-27T20:00:00Z,0,2,0,0,0,0,0,0,0,0,0,0,0.0,0.0,0.0,0.0,0,0.0,0.0,0.0,0.0,False,u,Has joined Preston North End on loan for the rest of the season.,,,,2526
58,226944,28,280,Boubacar Kamara,Kamara,3,0.2,4.9,2,20,Away,2026-02-27T20:00:00Z,0,2,0,0,0,0,0,0,0,0,0,0,0.0,0.0,0.0,0.0,0,0.0,0.0,0.0,0.0,False,i,Knee injury - Expected back 01 Jun,,,,2526
59,449871,28,280,Amadou Onana,Onana,3,0.7,4.8,2,20,Away,2026-02-27T20:00:00Z,0,2,90,0,0,0,2,0,0,0,9,2,0.22,0.01,0.23,0.86,9,2.7,9.8,2.3,15.0,False,a,,,,,2526
60,577731,28,280,Ben Broggio,Broggio,3,0.3,4.4,2,20,Away,2026-02-27T20:00:00Z,0,2,0,0,0,0,0,0,0,0,0,0,0.0,0.0,0.0,0.0,0,0.0,0.0,0.0,0.0,False,u,has joined Falkirk on loan for the rest of the season.,,,,2526
61,151589,28,280,Leander Dendoncker,Dendoncker,3,0.1,4.5,2,20,Away,2026-02-27T20:00:00Z,0,2,0,0,0,0,0,0,0,0,0,0,0.0,0.0,0.0,0.0,0,0.0,0.0,0.0,0.0,False,u,Has joined Real Oviedo permanently.,,,,2526
62,559962,28,280,Jamaldeen Jimoh-Aloba,Jimoh-Aloba,3,0.1,4.5,2,20,Away,2026-02-27T20:00:00Z,0,2,0,0,0,0,0,0,0,0,0,0,0.0,0.0,0.0,0.0,0,0.0,0.0,0.0,0.0,False,u,has joined West Brom on loan for the rest of the season.,,,,2526
63,537403,28,280,Kadan Young,Young,3,0.6,4.3,2,20,Away,2026-02-27T20:00:00Z,0,2,0,0,0,0,0,0,0,0,0,0,0.0,0.0,0.0,0.0,0,0.0,0.0,0.0,0.0,False,u,has joined Reading on loan for the rest of the season.,,,,2526
64,178301,28,280,Ollie Watkins,Watkins,4,8.6,8.6,2,20,Away,2026-02-27T20:00:00Z,0,2,85,0,0,0,1,0,0,0,4,2,0.08,0.01,0.09,0.44,2,0.8,0.0,3.0,5.0,False,a,,,,3.0,2526
65,576756,28,280,Zépiqueno Redmond,Redmond,4,0.3,4.5,2,20,Away,2026-02-27T20:00:00Z,0,2,0,0,0,0,0,0,0,0,0,0,0.0,0.0,0.0,0.0,0,0.0,0.0,0.0,0.0,False,u,has joined Huddersfield Town on loan for the rest of the season.,,,,2526
66,69752,28,272,Norberto Murara Neto,Neto,1,0.1,4.5,4,17,Home,2026-02-28T12:30:00Z,1,1,0,0,0,0,0,0,0,0,0,0,0.0,0.0,0.0,0.0,0,0.0,0.0,0.0,0.0,False,u,Has joined Botafogo permanently.,,,,2526
67,457569,28,272,Đorđe Petrović,Petrović,1,4.8,4.5,4,17,Home,2026-02-28T12:30:00Z,1,1,90,0,0,0,1,0,0,0,13,3,0.0,0.0,0.0,1.42,0,2.3,22.8,0.0,0.0,False,a,,,,,2526
68,444172,28,272,Will Dennis,Dennis,1,0.7,4.0,4,17,Home,2026-02-28T12:30:00Z,1,1,0,0,0,0,0,0,0,0,0,0,0.0,0.0,0.0,0.0,0,0.0,0.0,0.0,0.0,False,u,has joined Leyton Orient on loan for the rest of the season.,,,,2526
69,568791,28,272,Callan McKenna,McKenna,1,0.3,3.9,4,17,Home,2026-02-28T12:30:00Z,1,1,0,0,0,0,0,0,0,0,0,0,0.0,0.0,0.0,0.0,0,0.0,0.0,0.0,0.0,False,a,,,,,2526
70,495145,28,272,Alex Paulsen,Paulsen,1,0.1,4.0,4,17,Home,2026-02-28T12:30:00Z,1,1,0,0,0,0,0,0,0,0,0,0,0.0,0.0,0.0,0.0,0,0.0,0.0,0.0,0.0,False,u,Has joined Lechia Gdansk on loan for the rest of the season.,,,,2526
71,477580,28,272,Illia Zabarnyi,Zabarnyi,2,0.0,5.0,4,17,Home,2026-02-28T12:30:00Z,1,1,0,0,0,0,0,0,0,0,0,0,0.0,0.0,0.0,0.0,0,0.0,0.0,0.0,0.0,False,u,Has joined Paris Saint-Germain permanently.,,,,2526
72,221466,28,272,Marcos Senesi Barón,Senesi,2,16.3,4.9,4,17,Home,2026-02-28T12:30:00Z,1,1,90,0,0,0,1,0,0,0,9,4,0.01,0.02,0.03,1.42,11,2.7,22.4,2.4,2.0,False,a,,,,,2526
73,54469,28,272,Adam Smith,Smith,2,0.2,4.4,4,17,Home,2026-02-28T12:30:00Z,1,1,0,0,0,0,0,0,0,0,0,0,0.0,0.0,0.0,0.0,0,0.0,0.0,0.0,0.0,False,a,,,,,2526
74,494521,28,272,Adrien Truffert,Truffert,2,2.1,4.5,4,17,Home,2026-02-28T12:30:00Z,1,1,90,0,0,0,1,0,0,0,16,4,0.0,0.03,0.03,1.42,10,2.6,18.6,7.4,0.0,False,a,,,,,2526
75,541462,28,272,Matai Akinmboni,Akinmboni,2,0.2,3.8,4,17,Home,2026-02-28T12:30:00Z,1,1,0,0,0,0,0,0,0,0,0,0,0.0,0.0,0.0,0.0,0,0.0,0.0,0.0,0.0,False,d,Lack of match fitness - 75% chance of playing,,,,2526
76,518906,28,272,Owen Bevan,Bevan,2,0.2,3.8,4,17,Home,2026-02-28T12:30:00Z,1,1,0,0,0,0,0,0,0,0,0,0,0.0,0.0,0.0,0.0,0,0.0,0.0,0.0,0.0,False,a,,,,,2526
77,463981,28,272,James Hill,Hill,2,6.6,4.1,4,17,Home,2026-02-28T12:30:00Z,1,1,90,0,0,0,1,0,0,0,6,2,0.0,0.0,0.0,1.42,7,3.2,15.6,10.3,6.0,False,a,,,,,2526
78,436893,28,272,Julián Araujo Zúñiga,J.Araujo,2,0.5,3.8,4,17,Home,2026-02-28T12:30:00Z,1,1,0,0,0,0,0,0,0,0,0,0,0.0,0.0,0.0,0.0,0,0.0,0.0,0.0,0.0,False,u,has joined Celtic on loan for the rest of the season.,,,,2526
79,223911,28,272,Chris Mepham,Mepham,2,0.1,4.0,4,17,Home,2026-02-28T12:30:00Z,1,1,0,0,0,0,0,0,0,0,0,0,0.0,0.0,0.0,0.0,0,0.0,0.0,0.0,0.0,False,u,has joined West Bromwich Albion permanently.,,,,2526
80,575901,28,272,Julio Soler Barreto,Soler,2,0.2,4.0,4,17,Home,2026-02-28T12:30:00Z,1,1,0,0,0,0,0,0,0,0,0,0,0.0,0.0,0.0,0.0,0,0.0,0.0,0.0,0.0,False,i,Hamstring injury - Expected back 01 Jun,,,,2526
81,222683,28,272,Justin Kluivert,Kluivert,3,0.6,7.0,4,17,Home,2026-02-28T12:30:00Z,1,1,0,0,0,0,0,0,0,0,0,0,0.0,0.0,0.0,0.0,0,0.0,0.0,0.0,0.0,False,i,Knee injury - Expected back 09 May,,3.0,1.0,2526
82,437730,28,276,Antoine Semenyo,Semenyo,3,54.2,8.1,13,11,Away,2026-02-28T17:30:00Z,1,0,90,1,0,1,0,0,0,0,31,8,0.86,0.02,0.88,1.49,5,9.8,40.4,17.6,40.0,False,a,,,,,2526
83,533463,28,274,Dango Ouattara,O.Dango,3,2.9,5.9,5,3,Away,2026-02-28T15:00:00Z,4,3,71,0,1,0,3,0,0,0,26,5,0.03,0.2,0.23,0.82,6,5.7,24.6,25.0,7.0,False,a,,3.0,,,2526
84,201658,28,272,Marcus Tavernier,Tavernier,3,1.3,5.3,4,17,Home,2026-02-28T12:30:00Z,1,1,80,0,1,0,1,0,0,2,29,7,0.26,0.21,0.47,1.34,6,9.7,30.2,17.7,49.0,False,a,,2.0,2.0,4.0,2526
85,200785,28,272,Tyler Adams,Adams,3,0.3,4.9,4,17,Home,2026-02-28T12:30:00Z,1,1,61,0,0,0,1,1,0,0,6,1,0.0,0.01,0.01,1.21,10,1.1,8.6,1.9,0.0,False,a,,,,,2526
86,111317,28,272,David Brooks,Brooks,3,0.2,5.0,4,17,Home,2026-02-28T12:30:00Z,1,1,45,0,0,0,1,0,0,0,3,1,0.0,0.03,0.03,0.96,1,1.6,2.0,13.5,0.0,False,a,,,4.0,,2526
87,158499,28,272,Ryan Christie,Christie,3,0.1,4.9,4,17,Home,2026-02-28T12:30:00Z,1,1,28,0,0,0,0,1,0,0,1,0,0.05,0.02,0.07,0.21,5,1.2,6.0,1.7,4.0,False,a,,,,,2526
88,155408,28,272,Lewis Cook,Cook,3,0.0,4.9,4,17,Home,2026-02-28T12:30:00Z,1,1,0,0,0,0,0,0,0,0,0,0,0.0,0.0,0.0,0.0,0,0.0,0.0,0.0,0.0,False,i,Hamstring injury - Expected back 11 Apr,1.0,,,2526
89,168991,28,272,Philip Billing,Philip,3,0.0,4.9,4,17,Home,2026-02-28T12:30:00Z,1,1,0,0,0,0,0,0,0,0,0,0,0.0,0.0,0.0,0.0,0,0.0,0.0,0.0,0.0,False,u,has joined Midtjylland permanently.,,,,2526
90,503139,28,272,Alex Scott,Scott,3,1.3,5.1,4,17,Home,2026-02-28T12:30:00Z,1,1,90,0,0,0,1,1,0,0,12,3,0.51,0.03,0.54,1.42,13,4.4,11.0,13.7,19.0,False,a,,4.0,6.0,,2526
91,224995,28,272,Luis Sinisterra Lucumí,Sinisterra,3,0.0,5.0,4,17,Home,2026-02-28T12:30:00Z,1,1,0,0,0,0,0,0,0,0,0,0,0.0,0.0,0.0,0.0,0,0.0,0.0,0.0,0.0,False,u,has joined Cruzeiro on loan for the rest of the season.,,,,2526
92,441240,28,272,Romain Faivre,Faivre,3,0.1,4.5,4,17,Home,2026-02-28T12:30:00Z,1,1,0,0,0,0,0,0,0,0,0,0,0.0,0.0,0.0,0.0,0,0.0,0.0,0.0,0.0,False,u,has joined Auxerre permanently.,,,,2526
93,424044,28,272,Hamed Traorè,H.Traorè,3,0.3,4.5,4,17,Home,2026-02-28T12:30:00Z,1,1,0,0,0,0,0,0,0,0,0,0,0.0,0.0,0.0,0.0,0,0.0,0.0,0.0,0.0,False,u,has joined Marseille on loan for the rest of the season.,,,,2526
94,550596,28,272,Dominic Sadi,Sadi,3,0.0,4.5,4,17,Home,2026-02-28T12:30:00Z,1,1,0,0,0,0,0,0,0,0,0,0,0.0,0.0,0.0,0.0,0,0.0,0.0,0.0,0.0,False,u,has joined Novi Pazar on loan for the rest of the season.,,,,2526
95,530121,28,272,Zain Silcott-Duberry,Silcott-Duberry,3,0.1,4.4,4,17,Home,2026-02-28T12:30:00Z,1,1,0,0,0,0,0,0,0,0,0,0,0.0,0.0,0.0,0.0,0,0.0,0.0,0.0,0.0,False,u,has joined Olympiakos permanently.,,,,2526
96,606775,28,272,Ben Winterburn,Winterburn,3,0.0,4.5,4,17,Home,2026-02-28T12:30:00Z,1,1,0,0,0,0,0,0,0,0,0,0,0.0,0.0,0.0,0.0,0,0.0,0.0,0.0,0.0,False,u,has joined Barnet on loan for the rest of the season.,,,,2526
97,444102,28,272,Francisco Evanilson de Lima Barbosa,Evanilson,4,2.5,6.9,4,17,Home,2026-02-28T12:30:00Z,1,1,39,1,0,0,0,0,0,1,27,6,0.15,0.0,0.15,0.47,0,6.6,32.4,0.8,33.0,False,d,Dead leg - 75% chance of playing,,,,2526
98,168636,28,272,Enes Ünal,Enes Ünal,4,0.0,5.4,4,17,Home,2026-02-28T12:30:00Z,1,1,9,0,0,0,0,0,0,0,1,1,0.3,0.0,0.3,0.08,1,2.0,0.0,2.1,19.0,False,a,,,1.0,,2526
99,590760,28,272,Daniel Adu-Adjei,Adu-Adjei,4,0.1,4.4,4,17,Home,2026-02-28T12:30:00Z,1,1,0,0,0,0,0,0,0,0,0,0,0.0,0.0,0.0,0.0,0,0.0,0.0,0.0,0.0,False,u,has joined HNK Rijeka permanently.,,,,2526
100,560262,28,272,Junior Kroupi,Kroupi.Jr,4,7.2,4.7,4,17,Home,2026-02-28T12:30:00Z,1,1,80,0,0,0,1,0,0,0,1,2,0.26,0.04,0.3,1.34,3,3.6,0.0,23.8,13.0,False,a,,,,,2526
101,200720,28,274,Caoimhín Kelleher,Kelleher,1,11.7,4.7,5,3,Away,2026-02-28T15:00:00Z,4,3,0,0,0,0,0,0,0,0,0,0,0.0,0.0,0.0,0.0,0,0.0,0.0,0.0,0.0,False,a,,,,,2526
102,235448,28,274,Ellery Balcombe,Balcombe,1,0.3,3.9,5,3,Away,2026-02-28T15:00:00Z,4,3,0,0,0,0,0,0,0,0,0,0,0.0,0.0,0.0,0.0,0,0.0,0.0,0.0,0.0,False,a,,,,,2526
103,503300,28,274,Matthew Cox,Cox,1,0.1,3.9,5,3,Away,2026-02-28T15:00:00Z,4,3,0,0,0,0,0,0,0,0,0,0,0.0,0.0,0.0,0.0,0,0.0,0.0,0.0,0.0,False,u,has joined Shrewsbury Town on loan for the rest of the season.,,,,2526
104,535017,28,274,Julian Eyestone,Eyestone,1,0.1,3.9,5,3,Away,2026-02-28T15:00:00Z,4,3,0,0,0,0,0,0,0,0,0,0,0.0,0.0,0.0,0.0,0,0.0,0.0,0.0,0.0,False,a,,,,,2526
105,507433,28,274,Hákon Rafn Valdimarsson,Valdimarsson,1,0.6,3.9,5,3,Away,2026-02-28T15:00:00Z,4,3,90,0,0,0,3,0,0,0,1,1,0.0,0.0,0.0,0.97,0,1.3,13.0,0.0,0.0,False,a,,,,,2526
106,432830,28,274,Nathan Collins,Collins,2,2.8,4.9,5,3,Away,2026-02-28T15:00:00Z,4,3,0,0,0,0,0,0,0,0,0,0,0.0,0.0,0.0,0.0,0,0.0,0.0,0.0,0.0,False,a,,,,,2526
107,249231,28,274,Keane Lewis-Potter,Lewis-Potter,2,1.7,4.8,5,3,Away,2026-02-28T15:00:00Z,4,3,18,0,0,0,0,0,0,0,5,1,0.0,0.04,0.04,0.15,0,2.2,3.6,10.8,8.0,False,a,,,1.0,,2526
108,191866,28,274,Kristoffer Ajer,Ajer,2,0.3,4.4,5,3,Away,2026-02-28T15:00:00Z,4,3,90,0,0,0,3,0,0,0,6,1,0.0,0.08,0.08,0.97,4,4.8,19.2,24.8,4.0,False,a,,,,,2526
109,194010,28,274,Rico Henry,Henry,2,0.2,4.3,5,3,Away,2026-02-28T15:00:00Z,4,3,90,0,1,0,3,0,0,0,18,4,0.0,0.08,0.08,0.97,4,6.8,33.2,26.9,8.0,False,a,,,,,2526
110,607464,28,274,Michael Kayode,Kayode,2,0.7,4.5,5,3,Away,2026-02-28T15:00:00Z,4,3,90,0,0,0,3,0,0,0,4,-1,0.0,0.14,0.14,0.97,8,4.0,15.2,20.8,4.0,False,a,,,,,2526
111,231065,28,274,Ethan Pinnock,Pinnock,2,0.1,4.2,5,3,Away,2026-02-28T15:00:00Z,4,3,0,0,0,0,0,0,0,0,0,0,0.0,0.0,0.0,0.0,0,0.0,0.0,0.0,0.0,False,a,,,,,2526
112,226956,28,274,Mads Roerslev Rasmussen,Roerslev,2,0.0,4.5,5,3,Away,2026-02-28T15:00:00Z,4,3,0,0,0,0,0,0,0,0,0,0,0.0,0.0,0.0,0.0,0,0.0,0.0,0.0,0.0,False,u,Has joined Southampton permanently.,,,,2526
113,444765,28,274,Sepp van den Berg,Van den Berg,2,0.9,4.5,5,3,Away,2026-02-28T15:00:00Z,4,3,90,0,1,0,3,0,0,0,16,6,0.28,0.01,0.29,0.97,12,4.6,25.2,1.3,19.0,False,a,,,,,2526
114,622536,28,274,Benjamin Arthur,Arthur,2,0.2,3.8,5,3,Away,2026-02-28T15:00:00Z,4,3,0,0,0,0,0,0,0,0,0,0,0.0,0.0,0.0,0.0,0,0.0,0.0,0.0,0.0,False,u,has joined Celtic on loan for the rest of the season.,,,,2526
115,612534,28,274,Benjamin Fredrick,Fredrick,2,0.1,4.0,5,3,Away,2026-02-28T15:00:00Z,4,3,0,0,0,0,0,0,0,0,0,0,0.0,0.0,0.0,0.0,0,0.0,0.0,0.0,0.0,False,u,has joined Dender on loan for the rest of the season.,,,,2526
116,472713,28,274,Aaron Hickey,Hickey,2,0.4,4.0,5,3,Away,2026-02-28T15:00:00Z,4,3,0,0,0,0,0,0,0,0,0,0,0.0,0.0,0.0,0.0,0,0.0,0.0,0.0,0.0,False,d,Knock - 50% chance of playing,,,,2526
117,570241,28,274,Kim Ji-soo,Ji-soo,2,0.1,3.9,5,3,Away,2026-02-28T15:00:00Z,4,3,0,0,0,0,0,0,0,0,0,0,0.0,0.0,0.0,0.0,0,0.0,0.0,0.0,0.0,False,u,has joined Kaiserslautern on loan for the rest of the season.,,,,2526
118,499717,28,274,Jayden Meghoma,Meghoma,2,0.0,4.0,5,3,Away,2026-02-28T15:00:00Z,4,3,0,0,0,0,0,0,0,0,0,0,0.0,0.0,0.0,0.0,0,0.0,0.0,0.0,0.0,False,u,Has joined Rangers on loan for the rest of the season.,,,,2526
119,446008,28,278,Bryan Mbeumo,Mbeumo,3,24.0,8.7,14,8,Home,2026-03-01T14:00:00Z,2,1,85,0,0,0,1,0,0,0,18,2,0.0,0.23,0.23,0.38,4,6.5,9.8,49.2,6.0,False,a,,2.0,2.0,,2526
120,513418,28,274,Kevin Schade,Schade,3,1.4,6.9,5,3,Away,2026-02-28T15:00:00Z,4,3,71,1,0,0,3,0,0,0,22,7,0.99,0.02,1.01,0.82,6,7.9,35.0,3.3,41.0,False,a,,,,3.0,2526
121,440089,28,274,Mikkel Damsgaard,Damsgaard,3,0.5,5.6,5,3,Away,2026-02-28T15:00:00Z,4,3,90,2,1,0,3,0,0,3,63,18,0.39,0.24,0.63,0.97,6,16.8,88.4,29.4,50.0,True,a,,,3.0,,2526
122,543295,28,274,Antoni Milambo,Milambo,3,0.0,5.2,5,3,Away,2026-02-28T15:00:00Z,4,3,0,0,0,0,0,0,0,0,0,0,0.0,0.0,0.0,0.0,0,0.0,0.0,0.0,0.0,False,i,Knee injury - Expected back 01 Jun,,,,2526
123,244858,28,274,Fábio Freitas Gouveia Carvalho,Carvalho,3,0.1,4.7,5,3,Away,2026-02-28T15:00:00Z,4,3,0,0,0,0,0,0,0,0,0,0,0.0,0.0,0.0,0.0,0,0.0,0.0,0.0,0.0,False,i,Knee injury - Expected back 01 Jun,,,4.0,2526
124,56979,28,274,Jordan Henderson,Henderson,3,0.3,5.0,5,3,Away,2026-02-28T15:00:00Z,4,3,18,0,0,0,0,0,0,0,5,1,0.0,0.02,0.02,0.15,3,1.8,4.4,13.5,0.0,False,a,,,,,2526
125,204580,28,274,Vitaly Janelt,Janelt,3,0.3,4.9,5,3,Away,2026-02-28T15:00:00Z,4,3,0,0,0,0,0,0,0,0,0,0,0.0,0.0,0.0,0.0,0,0.0,0.0,0.0,0.0,False,d,Knock - 75% chance of playing,2.0,,,2526
126,207283,28,274,Mathias Jensen,Jensen,3,0.1,4.9,5,3,Away,2026-02-28T15:00:00Z,4,3,90,0,0,0,3,0,0,0,17,2,0.05,0.04,0.09,0.97,6,3.9,17.2,14.7,7.0,False,a,,1.0,2.0,5.0,2526
127,626464,28,274,Gustavo Nunes Fernandes Gomes,Nunes,3,0.0,4.9,5,3,Away,2026-02-28T15:00:00Z,4,3,0,0,0,0,0,0,0,0,0,0,0.0,0.0,0.0,0.0,0,0.0,0.0,0.0,0.0,False,u,has joined Swansea City on loan for the rest of the season.,,,,2526
128,428580,28,274,Frank Onyeka,Onyeka,3,0.0,4.8,5,3,Away,2026-02-28T15:00:00Z,4,3,0,0,0,0,0,0,0,0,0,0,0.0,0.0,0.0,0.0,0,0.0,0.0,0.0,0.0,False,u,has joined Coventry City on loan for the rest of the season.,,,,2526
129,508395,28,274,Yehor Yarmoliuk,Yarmoliuk,3,0.1,5.0,5,3,Away,2026-02-28T15:00:00Z,4,3,71,0,0,0,3,1,0,0,11,1,0.0,0.0,0.0,0.82,11,1.6,12.0,1.9,2.0,False,a,,,,,2526
130,606689,28,274,Romelle Donovan,Donovan,3,0.1,4.4,5,3,Away,2026-02-28T15:00:00Z,4,3,18,0,0,0,0,0,0,0,6,1,0.02,0.0,0.02,0.15,3,0.7,2.2,0.3,4.0,False,a,,,,,2526
131,628204,28,274,Yunus Emre Konak,Konak,3,0.2,4.3,5,3,Away,2026-02-28T15:00:00Z,4,3,0,0,0,0,0,0,0,0,0,0,0.0,0.0,0.0,0.0,0,0.0,0.0,0.0,0.0,False,u,has joined Oxford United on loan for the rest of the season.,,,,2526
132,220695,28,274,Paris Maghoma,Maghoma,3,0.0,4.5,5,3,Away,2026-02-28T15:00:00Z,4,3,0,0,0,0,0,0,0,0,0,0,0.0,0.0,0.0,0.0,0,0.0,0.0,0.0,0.0,False,u,has joined Norwich City permanently.,,,,2526
133,450539,28,274,Myles Peart-Harris,Peart-Harris,3,0.0,4.4,5,3,Away,2026-02-28T15:00:00Z,4,3,0,0,0,0,0,0,0,0,0,0,0.0,0.0,0.0,0.0,0,0.0,0.0,0.0,0.0,False,u,has joined Oxford United permanently.,,,,2526
134,591357,28,274,Ryan Trevitt,Trevitt,3,0.0,4.5,5,3,Away,2026-02-28T15:00:00Z,4,3,0,0,0,0,0,0,0,0,0,0,0.0,0.0,0.0,0.0,0,0.0,0.0,0.0,0.0,False,u,Has joined Wigan on loan for the rest of the season,,,,2526
135,216646,28,279,Yoane Wissa,Wissa,4,0.6,7.3,15,9,Home,2026-02-28T15:00:00Z,2,3,15,0,0,0,1,0,0,0,1,1,0.07,0.0,0.07,0.91,0,0.3,0.0,1.4,4.0,False,a,,,,,2526
136,502500,28,274,Igor Thiago Nascimento Rodrigues,Thiago,4,33.8,7.1,5,3,Away,2026-02-28T15:00:00Z,4,3,90,1,0,0,3,1,0,1,35,6,0.58,0.03,0.61,0.97,6,11.3,39.4,15.5,58.0,False,a,,,,2.0,2526
137,533710,28,274,Iwan Morgan,Morgan,4,0.3,4.4,5,3,Away,2026-02-28T15:00:00Z,4,3,0,0,0,0,0,0,0,0,0,0,0.0,0.0,0.0,0.0,0,0.0,0.0,0.0,0.0,False,u,has joined Shrewsbury on loan for the rest of the season.,,,,2526
138,49262,28,273,Jason Steele,Steele,1,0.2,4.2,6,16,Home,2026-03-01T14:00:00Z,2,1,0,0,0,0,0,0,0,0,0,0,0.0,0.0,0.0,0.0,0,0.0,0.0,0.0,0.0,False,a,,,,,2526
139,489639,28,273,Bart Verbruggen,Verbruggen,1,5.5,4.5,6,16,Home,2026-03-01T14:00:00Z,2,1,90,0,0,0,1,0,0,0,14,3,0.0,0.0,0.0,0.93,0,2.6,25.6,0.0,0.0,False,a,,,,,2526
140,209288,28,273,Tom McGill,McGill,1,0.3,3.9,6,16,Home,2026-03-01T14:00:00Z,2,1,0,0,0,0,0,0,0,0,0,0,0.0,0.0,0.0,0.0,0,0.0,0.0,0.0,0.0,False,a,,,,,2526
141,472739,28,273,Carl Rushworth,Rushworth,1,0.0,4.0,6,16,Home,2026-03-01T14:00:00Z,2,1,0,0,0,0,0,0,0,0,0,0,0.0,0.0,0.0,0.0,0,0.0,0.0,0.0,0.0,False,u,Has joined Coventry City on loan for the rest of the season.,,,,2526
142,240514,28,273,Kjell Scherpen,Scherpen,1,0.0,4.0,6,16,Home,2026-03-01T14:00:00Z,2,1,0,0,0,0,0,0,0,0,0,0,0.0,0.0,0.0,0.0,0,0.0,0.0,0.0,0.0,False,u,Has joined Union SG permanently,,,,2526
143,204120,28,273,Olivier Boscagli,Boscagli,2,0.1,4.2,6,16,Home,2026-03-01T14:00:00Z,2,1,0,0,0,0,0,0,0,0,0,0,0.0,0.0,0.0,0.0,0,0.0,0.0,0.0,0.0,False,a,,,,,2526
144,550090,28,273,Diego Coppola,Coppola,2,0.0,4.2,6,16,Home,2026-03-01T14:00:00Z,2,1,0,0,0,0,0,0,0,0,0,0,0.0,0.0,0.0,0.0,0,0.0,0.0,0.0,0.0,False,u,has joined Paris FC on loan for the rest of the season.,,,,2526
145,465730,28,273,Maxim De Cuyper,De Cuyper,2,1.8,4.3,6,16,Home,2026-03-01T14:00:00Z,2,1,1,0,0,0,0,0,0,0,4,1,0.0,0.0,0.0,0.25,1,0.1,1.0,0.0,0.0,False,a,,3.0,1.0,,2526
146,83299,28,273,Lewis Dunk,Dunk,2,1.0,4.5,6,16,Home,2026-03-01T14:00:00Z,2,1,90,0,0,0,1,1,0,0,10,1,0.0,0.01,0.01,0.93,8,3.1,28.2,0.9,2.0,False,a,,,3.0,,2526
147,204214,28,273,Pervis Estupiñán Tenorio,Estupiñan,2,0.0,4.5,6,16,Home,2026-03-01T14:00:00Z,2,1,0,0,0,0,0,0,0,0,0,0,0.0,0.0,0.0,0.0,0,0.0,0.0,0.0,0.0,False,u,Has joined AC Milan permanently,,,,2526
148,231416,28,273,Ferdi Kadıoğlu,F.Kadıoğlu,2,0.3,4.4,6,16,Home,2026-03-01T14:00:00Z,2,1,90,0,0,0,1,0,0,0,7,2,0.03,0.06,0.09,0.93,3,1.5,6.0,2.9,6.0,False,a,,,,,2526
149,223434,28,273,Igor Julio dos Santos de Paulo,Igor,2,0.1,4.5,6,16,Home,2026-03-01T14:00:00Z,2,1,0,0,0,0,0,0,0,0,0,0,0.0,0.0,0.0,0.0,0,0.0,0.0,0.0,0.0,False,a,,,,,2526
150,232792,28,273,Tariq Lamptey,Lamptey,2,0.1,4.4,6,16,Home,2026-03-01T14:00:00Z,2,1,0,0,0,0,0,0,0,0,0,0,0.0,0.0,0.0,0.0,0,0.0,0.0,0.0,0.0,False,u,has joined Fiorentina permanently.,,,,2526
151,469142,28,273,Jan Paul van Hecke,Van Hecke,2,3.8,4.4,6,16,Home,2026-03-01T14:00:00Z,2,1,90,0,0,0,1,0,0,0,17,4,0.0,0.05,0.05,0.93,11,5.3,38.2,14.8,0.0,False,a,,,,,2526
152,111478,28,273,Joël Veltman,Veltman,2,0.1,4.3,6,16,Home,2026-03-01T14:00:00Z,2,1,19,0,0,0,0,0,0,0,5,1,0.0,0.01,0.01,0.56,0,0.2,1.4,0.6,0.0,False,a,,,,,2526
153,110735,28,273,Adam Webster,Webster,2,0.0,4.4,6,16,Home,2026-03-01T14:00:00Z,2,1,0,0,0,0,0,0,0,0,0,0,0.0,0.0,0.0,0.0,0,0.0,0.0,0.0,0.0,False,i,Knee injury - Unknown return date,,,,2526
154,439135,28,273,Eiran Cashin,Cashin,2,0.0,4.0,6,16,Home,2026-03-01T14:00:00Z,2,1,0,0,0,0,0,0,0,0,0,0,0.0,0.0,0.0,0.0,0,0.0,0.0,0.0,0.0,False,u,has joined Blackburn Rovers on loan for the rest of the season.,,,,2526
155,589100,28,273,Jacob Slater,Slater,2,0.1,4.0,6,16,Home,2026-03-01T14:00:00Z,2,1,0,0,0,0,0,0,0,0,0,0,0.0,0.0,0.0,0.0,0,0.0,0.0,0.0,0.0,False,u,has joined Harrogate Town on loan until January.,,,,2526
156,547720,28,273,Charlie Tasker,Tasker,2,0.2,3.8,6,16,Home,2026-03-01T14:00:00Z,2,1,0,0,0,0,0,0,0,0,0,0,0.0,0.0,0.0,0.0,0,0.0,0.0,0.0,0.0,False,a,,,,,2526
157,451340,28,273,Mitoma Kaoru,Mitoma,3,2.0,6.1,6,16,Home,2026-03-01T14:00:00Z,2,1,90,0,0,0,1,1,0,0,11,1,0.62,0.1,0.72,0.68,6,7.5,12.2,28.6,34.0,False,a,,,,,2526
158,463067,28,273,Georginio Rutter,Georginio,3,0.3,5.6,6,16,Home,2026-03-01T14:00:00Z,2,1,0,0,0,0,0,0,0,0,0,0,0.0,0.0,0.0,0.0,0,0.0,0.0,0.0,0.0,False,a,,,,,2526
159,109345,28,273,Solly March,March,3,0.0,5.8,6,16,Home,2026-03-01T14:00:00Z,2,1,4,0,0,0,0,0,0,0,4,1,0.0,0.0,0.0,0.25,0,0.0,0.0,0.0,0.0,False,a,,,,,2526
160,592031,28,273,Yankuba Minteh,Minteh,3,1.9,5.5,6,16,Home,2026-03-01T14:00:00Z,2,1,0,0,0,0,0,0,0,0,0,0,0.0,0.0,0.0,0.0,0,0.0,0.0,0.0,0.0,False,a,,,,,2526
161,474120,28,273,Julio Enciso Espínola,Enciso,3,0.0,5.4,6,16,Home,2026-03-01T14:00:00Z,2,1,0,0,0,0,0,0,0,0,0,0,0.0,0.0,0.0,0.0,0,0.0,0.0,0.0,0.0,False,u,has joined Strasbourg permanently.,,,,2526
162,513433,28,273,Brajan Gruda,Gruda,3,0.0,5.4,6,16,Home,2026-03-01T14:00:00Z,2,1,0,0,0,0,0,0,0,0,0,0,0.0,0.0,0.0,0.0,0,0.0,0.0,0.0,0.0,False,u,has joined Leipzig on loan for the rest of the season.,,,,2526
163,532529,28,273,Jack Hinshelwood,Hinshelwood,3,0.0,5.1,6,16,Home,2026-03-01T14:00:00Z,2,1,90,0,1,0,1,0,0,0,10,5,0.11,0.13,0.24,0.93,6,6.2,19.0,13.6,29.0,False,a,,,,,2526
164,219249,28,273,Matt O'Riley,O'Riley,3,0.3,5.5,6,16,Home,2026-03-01T14:00:00Z,2,1,0,0,0,0,0,0,0,0,0,0,0.0,0.0,0.0,0.0,0,0.0,0.0,0.0,0.0,False,a,,5.0,,3.0,2526
165,516211,28,273,Abdallah Sima,Sima,3,0.0,5.4,6,16,Home,2026-03-01T14:00:00Z,2,1,0,0,0,0,0,0,0,0,0,0,0.0,0.0,0.0,0.0,0,0.0,0.0,0.0,0.0,False,u,has joined Lens permanently.,,,,2526
166,509416,28,273,Yasin Ayari,Ayari,3,0.5,4.8,6,16,Home,2026-03-01T14:00:00Z,2,1,0,0,0,0,0,0,0,0,0,0,0.0,0.0,0.0,0.0,0,0.0,0.0,0.0,0.0,False,d,Shoulder injury - 75% chance of playing,,2.0,,2526
167,535301,28,273,Carlos Baleba,Baleba,3,1.5,4.5,6,16,Home,2026-03-01T14:00:00Z,2,1,4,0,0,0,0,0,0,0,3,1,0.0,0.0,0.0,0.25,1,0.3,2.0,1.1,0.0,False,a,,,,,2526
168,536916,28,276,Facundo Buonanotte,Buonanotte,3,0.1,4.6,11,13,Home,2026-02-28T17:30:00Z,0,1,0,0,0,0,0,0,0,0,0,0,0.0,0.0,0.0,0.0,0,0.0,0.0,0.0,0.0,False,a,,,,,2526
169,514254,28,273,Diego Gómez Amarilla,Gomez,3,0.2,4.9,6,16,Home,2026-03-01T14:00:00Z,2,1,85,1,0,0,1,0,0,2,37,9,0.06,0.05,0.11,0.68,9,10.3,49.4,28.1,25.0,False,a,,,5.0,,2526
170,15157,28,273,James Milner,Milner,3,0.1,4.9,6,16,Home,2026-03-01T14:00:00Z,2,1,85,0,0,0,1,0,0,0,13,2,0.0,0.03,0.03,0.68,7,2.2,6.4,15.9,0.0,False,a,,,,1.0,2526
171,441192,28,273,Jeremy Sarmiento Morante,Sarmiento,3,0.0,4.9,6,16,Home,2026-03-01T14:00:00Z,2,1,0,0,0,0,0,0,0,0,0,0,0.0,0.0,0.0,0.0,0,0.0,0.0,0.0,0.0,False,u,has joined Middlesbrough on loan for the rest of the season.,,,,2526
172,549074,28,273,Tom Watson,Watson,3,0.0,4.8,6,16,Home,2026-03-01T14:00:00Z,2,1,0,0,0,0,0,0,0,0,0,0,0.0,0.0,0.0,0.0,0,0.0,0.0,0.0,0.0,False,u,has joined Millwall on loan for the rest of the season.,,,,2526
173,467779,28,273,Mats Wieffer,Wieffer,3,0.1,4.9,6,16,Home,2026-03-01T14:00:00Z,2,1,70,0,0,0,1,1,0,0,9,1,0.1,0.02,0.12,0.38,7,2.8,8.6,12.3,7.0,False,a,,,,,2526
174,611695,28,273,Malick Yalcouyé,Yalcouye,3,0.0,5.0,6,16,Home,2026-03-01T14:00:00Z,2,1,0,0,0,0,0,0,0,0,0,0,0.0,0.0,0.0,0.0,0,0.0,0.0,0.0,0.0,False,u,Has joined Swansea City on loan for the rest of the season.,,,,2526
175,567121,28,273,Joe Knight,Knight,3,0.1,4.4,6,16,Home,2026-03-01T14:00:00Z,2,1,0,0,0,0,0,0,0,0,0,0,0.0,0.0,0.0,0.0,0,0.0,0.0,0.0,0.0,False,u,has joined Stevenage permanently.,,,,2526
176,550141,28,273,Adrian Mazilu,Mazilu,3,0.0,4.5,6,16,Home,2026-03-01T14:00:00Z,2,1,0,0,0,0,0,0,0,0,0,0,0.0,0.0,0.0,0.0,0,0.0,0.0,0.0,0.0,False,u,has joined Dinamo Bucharest permanently.,,,,2526
177,513834,28,273,Andrew Moran,Moran,3,0.0,4.5,6,16,Home,2026-03-01T14:00:00Z,2,1,0,0,0,0,0,0,0,0,0,0,0.0,0.0,0.0,0.0,0,0.0,0.0,0.0,0.0,False,u,Has joined Los Angeles FC on loan for the rest of the season.,,,,2526
178,50175,28,273,Danny Welbeck,Welbeck,4,3.7,6.1,6,16,Home,2026-03-01T14:00:00Z,2,1,90,1,0,0,1,0,0,3,41,9,0.38,0.28,0.66,0.93,7,9.0,40.2,20.8,29.0,False,a,,,4.0,2.0,2526
179,487117,28,273,Evan Ferguson,Ferguson,4,0.0,5.5,6,16,Home,2026-03-01T14:00:00Z,2,1,0,0,0,0,0,0,0,0,0,0,0.0,0.0,0.0,0.0,0,0.0,0.0,0.0,0.0,False,u,Has joined AS Roma on loan for the rest of the season,,,,2526
180,608181,28,273,Stefanos Tzimas,Tzimas,4,0.1,5.2,6,16,Home,2026-03-01T14:00:00Z,2,1,0,0,0,0,0,0,0,0,0,0,0.0,0.0,0.0,0.0,0,0.0,0.0,0.0,0.0,False,i,Knee injury - Expected back 01 Jun,,,,2526
181,647850,28,273,Charalampos Kostoulas,Kostoulas,4,0.4,4.8,6,16,Home,2026-03-01T14:00:00Z,2,1,0,0,0,0,0,0,0,0,0,0,0.0,0.0,0.0,0.0,0,0.0,0.0,0.0,0.0,False,a,,,,,2526
182,432720,28,276,James Trafford,Trafford,1,0.9,4.5,13,11,Away,2026-02-28T17:30:00Z,1,0,0,0,0,0,0,0,0,0,0,0,0.0,0.0,0.0,0.0,0,0.0,0.0,0.0,0.0,False,a,,,,,2526
183,518030,28,274,Max Weiß,Weiss,1,0.1,4.3,3,5,Home,2026-02-28T15:00:00Z,3,4,0,0,0,0,0,0,0,0,0,0,0.0,0.0,0.0,0.0,0,0.0,0.0,0.0,0.0,False,a,,,,,2526
184,489571,28,274,Etienne Green,Green,1,0.2,4.0,3,5,Home,2026-02-28T15:00:00Z,3,4,0,0,0,0,0,0,0,0,0,0,0.0,0.0,0.0,0.0,0,0.0,0.0,0.0,0.0,False,u,has joined FC Fredericia permanently.,,,,2526
185,51943,28,274,Václav Hladký,Hladký,1,0.2,3.9,3,5,Home,2026-02-28T15:00:00Z,3,4,0,0,0,0,0,0,0,0,0,0,0.0,0.0,0.0,0.0,0,0.0,0.0,0.0,0.0,False,a,,,,,2526
186,192290,28,274,Connor Roberts,Roberts,2,0.0,4.4,3,5,Home,2026-02-28T15:00:00Z,3,4,0,0,0,0,0,0,0,0,0,0,0.0,0.0,0.0,0.0,0,0.0,0.0,0.0,0.0,False,i,Achilles injury - Unknown return date,,,,2526
187,58621,28,274,Kyle Walker,Walker,2,1.1,4.4,3,5,Home,2026-02-28T15:00:00Z,3,4,0,0,0,0,0,0,0,0,0,0,0.0,0.0,0.0,0.0,0,0.0,0.0,0.0,0.0,False,a,,,,,2526
188,247245,28,274,Hannes Delcroix,Delcroix,2,0.2,3.8,3,5,Home,2026-02-28T15:00:00Z,3,4,0,0,0,0,0,0,0,0,0,0,0.0,0.0,0.0,0.0,0,0.0,0.0,0.0,0.0,False,u,has joined Lugano permanently.,,,,2526
189,461567,28,274,Owen Dodgson,Dodgson,2,0.0,4.0,3,5,Home,2026-02-28T15:00:00Z,3,4,0,0,0,0,0,0,0,0,0,0,0.0,0.0,0.0,0.0,0,0.0,0.0,0.0,0.0,False,u,Has joined Stockport County on loan for the rest of the season.,,,,2526
190,478969,28,274,Hjalmar Ekdal,Ekdal,2,0.8,3.9,3,5,Home,2026-02-28T15:00:00Z,3,4,0,0,0,0,0,0,0,0,0,0,0.0,0.0,0.0,0.0,0,0.0,0.0,0.0,0.0,False,a,,,,,2526
191,477717,28,274,Maxime Estève,Estève,2,7.9,3.9,3,5,Home,2026-02-28T15:00:00Z,3,4,90,0,0,0,4,0,0,0,-2,0,0.09,0.05,0.14,2.25,8,2.2,17.8,0.5,4.0,False,a,,,,,2526
192,494960,28,274,Quilindschy Hartman,Hartman,2,0.6,4.0,3,5,Home,2026-02-28T15:00:00Z,3,4,0,0,0,0,0,0,0,0,0,0,0.0,0.0,0.0,0.0,0,0.0,0.0,0.0,0.0,False,a,,,,,2526
193,461188,28,274,Bashir Humphreys,Humphreys,2,0.1,3.9,3,5,Home,2026-02-28T15:00:00Z,3,4,90,0,0,0,4,1,0,0,-1,1,0.0,0.11,0.11,2.25,10,4.0,24.4,15.8,0.0,False,a,,,,,2526
194,241231,28,274,Jordan Beyer,Jordan,2,0.1,3.9,3,5,Home,2026-02-28T15:00:00Z,3,4,0,0,0,0,0,0,0,0,0,0,0.0,0.0,0.0,0.0,0,0.0,0.0,0.0,0.0,False,i,Hamstring injury - Unknown return date,,,,2526
195,549329,28,274,Lucas Pires Silva,Lucas Pires,2,0.3,3.8,3,5,Home,2026-02-28T15:00:00Z,3,4,90,0,0,0,4,0,0,0,7,0,0.0,0.22,0.22,2.25,5,3.1,15.4,15.6,0.0,False,a,,3.0,,,2526
196,450072,28,274,Shurandy Sambo,Sambo,2,0.0,4.0,3,5,Home,2026-02-28T15:00:00Z,3,4,0,0,0,0,0,0,0,0,0,0,0.0,0.0,0.0,0.0,0,0.0,0.0,0.0,0.0,False,u,has joined Sparta Rotterdam on loan for the rest of the season.,,,,2526
197,519895,28,274,Oliver Sonne,Sonne,2,0.2,3.8,3,5,Home,2026-02-28T15:00:00Z,3,4,0,0,0,0,0,0,0,0,0,0,0.0,0.0,0.0,0.0,0,0.0,0.0,0.0,0.0,False,u,has joined Sparta Prague on loan for the rest of the season.,,,,2526
198,180804,28,274,Axel Tuanzebe,Tuanzebe,2,0.9,3.9,3,5,Home,2026-02-28T15:00:00Z,3,4,0,0,0,0,0,0,0,0,0,0,0.0,0.0,0.0,0.0,0,0.0,0.0,0.0,0.0,False,i,Achilles injury - Expected back 14 Mar,,,,2526
199,208912,28,274,Joe Worrall,Worrall,2,0.2,3.8,3,5,Home,2026-02-28T15:00:00Z,3,4,90,0,0,0,4,0,0,0,-5,2,0.08,0.0,0.08,2.25,13,2.9,19.8,0.0,9.0,False,a,,,,,2526
200,444180,28,274,Jaidon Anthony,Anthony,3,1.8,5.0,3,5,Home,2026-02-28T15:00:00Z,3,4,90,1,1,0,4,0,0,0,33,10,0.34,0.02,0.36,2.25,8,8.6,40.4,2.4,43.0,False,a,,2.0,,,2526
201,183751,28,274,Manuel Benson Hedilazio,Benson,3,0.0,5.4,3,5,Home,2026-02-28T15:00:00Z,3,4,0,0,0,0,0,0,0,0,0,0,0.0,0.0,0.0,0.0,0,0.0,0.0,0.0,0.0,False,u,has joined Maccabi Haifa permanently.,,,,2526
202,179458,28,274,Jacob Bruun Larsen,Bruun Larsen,3,0.0,5.3,3,5,Home,2026-02-28T15:00:00Z,3,4,45,0,0,0,3,0,0,0,3,1,0.0,0.0,0.0,1.8,1,0.1,0.2,0.8,0.0,False,a,,,2.0,3.0,2526
203,578614,28,274,Enock Agyei,Boateng,3,0.0,4.7,3,5,Home,2026-02-28T15:00:00Z,3,4,0,0,0,0,0,0,0,0,0,0,0.0,0.0,0.0,0.0,0,0.0,0.0,0.0,0.0,False,a,,,,,2526
204,250735,28,274,Darko Churlinov,Churlinov,3,0.0,4.9,3,5,Home,2026-02-28T15:00:00Z,3,4,0,0,0,0,0,0,0,0,0,0,0.0,0.0,0.0,0.0,0,0.0,0.0,0.0,0.0,False,u,has joined Kocaelispor  permanently.,,,,2526
205,172567,28,274,Josh Cullen,Cullen,3,0.8,4.9,3,5,Home,2026-02-28T15:00:00Z,3,4,0,0,0,0,0,0,0,0,0,0,0.0,0.0,0.0,0.0,0,0.0,0.0,0.0,0.0,False,i,Knee injury - Expected back 30 Sep,,,,2526
206,174592,28,274,Marcus Edwards,Edwards,3,0.1,4.7,3,5,Home,2026-02-28T15:00:00Z,3,4,0,0,0,0,0,0,0,0,0,0,0.0,0.0,0.0,0.0,0,0.0,0.0,0.0,0.0,False,a,,,3.0,,2526
207,465527,28,274,Hannibal Mejbri,Hannibal,3,0.1,4.7,3,5,Home,2026-02-28T15:00:00Z,3,4,83,0,2,0,3,0,0,2,43,10,0.04,0.15,0.19,1.93,9,8.2,48.4,32.3,1.0,False,a,,4.0,,,2526
208,487702,28,274,Luca Koleosho,Koleosho,3,0.0,5.0,3,5,Home,2026-02-28T15:00:00Z,3,4,0,0,0,0,0,0,0,0,0,0,0.0,0.0,0.0,0.0,0,0.0,0.0,0.0,0.0,False,u,has joined Paris FC on loan for the rest of the season.,,,,2526
209,167887,28,274,Josh Laurent,Laurent,3,0.0,4.8,3,5,Home,2026-02-28T15:00:00Z,3,4,45,0,0,0,3,0,0,0,9,1,0.0,0.04,0.04,1.8,4,5.8,16.8,41.6,0.0,False,a,,,,,2526
210,469272,28,274,Loum Tchaouna,Tchaouna,3,0.0,4.9,3,5,Home,2026-02-28T15:00:00Z,3,4,6,0,0,0,1,0,0,0,5,1,0.0,0.09,0.09,0.31,0,2.1,6.0,14.5,0.0,False,a,,,4.0,,2526
211,447715,28,274,Aaron Ramsey,A.Ramsey,3,1.4,4.4,3,5,Home,2026-02-28T15:00:00Z,3,4,0,0,0,0,0,0,0,0,0,0,0.0,0.0,0.0,0.0,0,0.0,0.0,0.0,0.0,False,u,has joined Leicester City on loan for the rest of the season.,,,,2526
212,576323,28,274,Oluwaseun Adewumi,Adewumi,3,0.0,4.5,3,5,Home,2026-02-28T15:00:00Z,3,4,0,0,0,0,0,0,0,0,0,0,0.0,0.0,0.0,0.0,0,0.0,0.0,0.0,0.0,False,u,Has joined Cercle Brugge on loan for the rest of the season.,,,,2526
213,551206,28,274,Jaydon Banel,Banel,3,0.0,4.5,3,5,Home,2026-02-28T15:00:00Z,3,4,0,0,0,0,0,0,0,0,0,0,0.0,0.0,0.0,0.0,0,0.0,0.0,0.0,0.0,False,u,has joined Derby County on loan for the rest of the season.,,,,2526
214,437748,28,274,Mike Trésor Ndayishimiye,Trésor,3,0.1,4.4,3,5,Home,2026-02-28T15:00:00Z,3,4,0,0,0,0,0,0,0,0,0,0,0.0,0.0,0.0,0.0,0,0.0,0.0,0.0,0.0,False,i,Ankle injury - Unknown return date,,,,2526
215,431639,28,274,Zian Flemming,Flemming,4,0.3,5.3,3,5,Home,2026-02-28T15:00:00Z,3,4,90,1,0,0,3,0,0,0,34,6,0.32,0.01,0.33,1.96,6,6.6,35.2,3.3,27.0,False,a,,,5.0,1.0,2526
216,492831,28,274,Zeki Amdouni,Amdouni,4,0.0,4.8,3,5,Home,2026-02-28T15:00:00Z,3,4,0,0,0,0,0,0,0,0,0,0,0.0,0.0,0.0,0.0,0,0.0,0.0,0.0,0.0,False,i,Knee injury - Expected back 25 Apr,,,,2526
217,435973,28,274,Lyle Foster,Foster,4,0.8,4.9,3,5,Home,2026-02-28T15:00:00Z,3,4,45,0,0,0,1,1,0,0,3,0,0.0,0.02,0.02,0.45,3,2.1,7.2,13.3,0.0,False,a,,,,,2526
218,44699,28,274,Ashley Barnes,Barnes,4,1.5,4.2,3,5,Home,2026-02-28T15:00:00Z,3,4,1,0,0,0,1,0,0,0,2,1,0.0,0.0,0.0,0.29,0,0.0,0.0,0.0,0.0,False,a,,,,2.0,2526
219,220598,28,274,Michael Obafemi,Obafemi,4,0.1,4.4,3,5,Home,2026-02-28T15:00:00Z,3,4,0,0,0,0,0,0,0,0,0,0,0.0,0.0,0.0,0.0,0,0.0,0.0,0.0,0.0,False,u,has joined Blackpool on loan for the rest of the season.,,,,2526
220,215059,28,271,Robert Lynch Sánchez,Sánchez,1,14.0,4.9,7,1,Away,2026-03-01T16:30:00Z,1,2,90,0,0,0,2,0,0,0,10,2,0.0,0.0,0.0,1.13,0,0.7,7.2,0.0,0.0,False,a,,,,,2526
221,508479,28,271,Filip Jörgensen,Jörgensen,1,0.2,4.3,7,1,Away,2026-03-01T16:30:00Z,1,2,0,0,0,0,0,0,0,0,0,0,0.0,0.0,0.0,0.0,0,0.0,0.0,0.0,0.0,False,a,,,,,2526
222,549939,28,271,Mike Penders,Penders,1,0.0,4.0,7,1,Away,2026-03-01T16:30:00Z,1,2,0,0,0,0,0,0,0,0,0,0,0.0,0.0,0.0,0.0,0,0.0,0.0,0.0,0.0,False,u,Has joined RC Strasbourg on loan for the rest of the season.,,,,2526
223,471798,28,271,Gabriel Słonina,Slonina,1,0.1,3.9,7,1,Away,2026-03-01T16:30:00Z,1,2,0,0,0,0,0,0,0,0,0,0,0.0,0.0,0.0,0.0,0,0.0,0.0,0.0,0.0,False,a,,,,,2526
224,179268,28,271,Marc Cucurella Saseta,Cucurella,2,14.1,6.0,7,1,Away,2026-03-01T16:30:00Z,1,2,0,0,0,0,0,0,0,0,0,0,0.0,0.0,0.0,0.0,0,0.0,0.0,0.0,0.0,False,i,Hamstring injury - Unknown return date,,,,2526
225,225796,28,271,Reece James,James,2,8.1,5.6,7,1,Away,2026-03-01T16:30:00Z,1,2,90,0,1,0,2,0,0,2,26,6,0.0,0.35,0.35,1.13,6,0.1,0.8,0.2,0.0,False,a,,2.0,2.0,,2526
226,180736,28,271,Trevoh Chalobah,Chalobah,2,20.2,5.7,7,1,Away,2026-03-01T16:30:00Z,1,2,90,0,0,0,2,0,0,0,11,1,0.0,0.24,0.24,1.13,6,0.3,3.2,0.1,0.0,False,a,,,,,2526
227,460028,28,271,Levi Samuels Colwill,Colwill,2,0.1,4.7,7,1,Away,2026-03-01T16:30:00Z,1,2,0,0,0,0,0,0,0,0,0,0,0.0,0.0,0.0,0.0,0,0.0,0.0,0.0,0.0,False,i,Anterior cruciate ligament - Unknown return date,,,,2526
228,482609,28,271,Malo Gusto,Gusto,2,1.9,4.9,7,1,Away,2026-03-01T16:30:00Z,1,2,15,0,0,0,0,0,0,0,4,1,0.0,0.0,0.0,0.1,0,0.0,0.0,0.0,0.0,False,a,,,,,2526
229,242880,28,271,Benoît Badiashile Mukinayi,B.Badiashile,2,0.0,4.4,7,1,Away,2026-03-01T16:30:00Z,1,2,0,0,0,0,0,0,0,0,0,0,0.0,0.0,0.0,0.0,0,0.0,0.0,0.0,0.0,False,a,,,,,2526
230,444463,28,271,Wesley Fofana,Fofana,2,0.4,4.4,7,1,Away,2026-03-01T16:30:00Z,1,2,0,0,0,0,0,0,0,0,0,0,0.0,0.0,0.0,0.0,0,0.0,0.0,0.0,0.0,False,a,,,,,2526
231,574458,28,271,Mamadou Sarr,M.Sarr,2,0.0,4.5,7,1,Away,2026-03-01T16:30:00Z,1,2,89,0,0,0,2,0,0,0,2,1,0.35,0.0,0.35,1.13,8,1.3,6.2,0.1,7.0,False,a,,,,,2526
232,109646,28,271,Tosin Adarabioyo,Tosin,2,0.3,4.0,7,1,Away,2026-03-01T16:30:00Z,1,2,1,0,0,0,0,0,0,0,4,1,0.0,0.0,0.0,0.0,2,0.0,0.0,0.0,0.0,False,a,,,,,2526
233,577016,28,271,Josh Acheampong,Acheampong,2,1.6,3.7,7,1,Away,2026-03-01T16:30:00Z,1,2,0,0,0,0,0,0,0,0,0,0,0.0,0.0,0.0,0.0,0,0.0,0.0,0.0,0.0,False,a,,,,,2526
234,622758,28,271,Aarón Anselmino,Anselmino,2,0.1,4.0,7,1,Away,2026-03-01T16:30:00Z,1,2,0,0,0,0,0,0,0,0,0,0,0.0,0.0,0.0,0.0,0,0.0,0.0,0.0,0.0,False,u,has joined Strasbourg on loan for the rest of the season.,,,,2526
235,244851,28,271,Cole Palmer,Palmer,3,16.2,10.6,7,1,Away,2026-03-01T16:30:00Z,1,2,85,0,0,0,2,1,0,0,-4,1,0.03,0.02,0.05,1.13,3,0.3,0.0,1.5,3.0,False,a,,,3.0,1.0,2526
236,247632,28,271,Pedro Lomba Neto,Neto,3,4.7,7.0,7,1,Away,2026-03-01T16:30:00Z,1,2,69,0,0,0,2,0,1,0,-3,-1,0.03,0.04,0.07,1.03,1,1.5,2.2,10.8,2.0,False,s,Suspended until 14 Mar,1.0,4.0,,2526
237,448047,28,271,Enzo Fernández,Enzo,3,17.6,6.7,7,1,Away,2026-03-01T16:30:00Z,1,2,85,0,0,0,2,1,0,0,11,1,0.02,0.01,0.03,1.13,9,0.4,2.6,1.7,0.0,False,a,,3.0,1.0,2.0,2526
238,624773,28,271,Estêvão Almeida de Oliveira Gonçalves,Estêvão,3,2.0,6.4,7,1,Away,2026-03-01T16:30:00Z,1,2,0,0,0,0,0,0,0,0,0,0,0.0,0.0,0.0,0.0,0,0.0,0.0,0.0,0.0,False,i,Hamstring injury - Unknown return date,,,3.0,2526
239,463936,28,271,Jamie Bynoe-Gittens,Gittens,3,0.1,6.0,7,1,Away,2026-03-01T16:30:00Z,1,2,0,0,0,0,0,0,0,0,0,0,0.0,0.0,0.0,0.0,0,0.0,0.0,0.0,0.0,False,i,Hamstring injury - Unknown return date,,,,2526
240,213198,28,271,Christopher Nkunku,Nkunku,3,0.1,5.9,7,1,Away,2026-03-01T16:30:00Z,1,2,0,0,0,0,0,0,0,0,0,0,0.0,0.0,0.0,0.0,0,0.0,0.0,0.0,0.0,False,u,has joined AC Milan permanently.,,,,2526
241,486672,28,271,Moisés Caicedo Corozo,Caicedo,3,7.7,5.7,7,1,Away,2026-03-01T16:30:00Z,1,2,90,0,0,0,2,0,0,0,16,4,0.05,0.02,0.07,1.13,16,0.5,4.6,0.3,0.0,False,a,,,,,2526
242,215413,28,279,Kiernan Dewsbury-Hall,Dewsbury-Hall,3,3.6,5.0,9,15,Away,2026-02-28T15:00:00Z,3,2,88,0,1,0,2,1,0,0,25,6,0.0,0.62,0.62,1.0,12,6.6,30.8,33.0,2.0,False,a,,2.0,,,2526
243,550615,28,279,Tyrique George,George,3,0.1,4.8,9,15,Away,2026-02-28T15:00:00Z,3,2,0,0,0,0,0,0,0,0,0,0,0.0,0.0,0.0,0.0,0,0.0,0.0,0.0,0.0,False,a,,,,,2526
244,514356,28,271,Roméo Lavia,Lavia,3,0.0,4.9,7,1,Away,2026-03-01T16:30:00Z,1,2,15,0,0,0,0,0,0,0,3,1,0.0,0.01,0.01,0.1,1,0.0,0.0,0.0,0.0,False,a,,,,,2526
245,465920,28,271,Mykhailo Mudryk,Mudryk,3,0.0,4.9,7,1,Away,2026-03-01T16:30:00Z,1,2,0,0,0,0,0,0,0,0,0,0,0.0,0.0,0.0,0.0,0,0.0,0.0,0.0,0.0,False,s,Suspended - unknown return date,,,,2526
246,532605,28,271,Andrey Nascimento dos Santos,Andrey Santos,3,0.3,4.5,7,1,Away,2026-03-01T16:30:00Z,1,2,74,0,0,0,2,0,0,0,10,2,0.0,0.0,0.0,1.03,6,0.2,2.0,0.1,0.0,False,a,,,,,2526
247,491007,28,271,Dário Luís Essugo,D.Essugo,3,0.1,4.3,7,1,Away,2026-03-01T16:30:00Z,1,2,0,0,0,0,0,0,0,0,0,0,0.0,0.0,0.0,0.0,0,0.0,0.0,0.0,0.0,False,d,Lack of match fitness - 50% chance of playing,,,,2526
248,611134,28,271,Kendry Páez Andrade,Paez,3,0.0,4.5,7,1,Away,2026-03-01T16:30:00Z,1,2,0,0,0,0,0,0,0,0,0,0,0.0,0.0,0.0,0.0,0,0.0,0.0,0.0,0.0,False,u,has joined River Plate on loan for the rest of the season.,,,,2526
249,475168,28,271,João Pedro Junqueira de Jesus,João Pedro,4,45.8,7.6,7,1,Away,2026-03-01T16:30:00Z,1,2,90,0,0,0,2,0,0,0,0,2,0.57,0.01,0.58,1.13,3,0.2,0.0,2.4,0.0,False,a,,,,,2526
250,463034,28,271,Liam Delap,Delap,4,0.9,6.2,7,1,Away,2026-03-01T16:30:00Z,1,2,4,0,0,0,0,0,0,0,2,1,0.0,0.0,0.0,0.0,0,0.0,0.0,0.0,0.0,False,a,,,,,2526
251,517052,28,271,Nicolas Jackson,N.Jackson,4,0.1,6.5,7,1,Away,2026-03-01T16:30:00Z,1,2,0,0,0,0,0,0,0,0,0,0,0.0,0.0,0.0,0.0,0,0.0,0.0,0.0,0.0,False,u,has joined Bayern Munich on loan for the rest of the season.,,,,2526
252,499309,28,271,Marc Guiu Paz,Marc Guiu,4,5.8,4.1,7,1,Away,2026-03-01T16:30:00Z,1,2,0,0,0,0,0,0,0,0,0,0,0.0,0.0,0.0,0.0,0,0.0,0.0,0.0,0.0,False,a,,,,,2526
253,172649,28,278,Dean Henderson,Henderson,1,7.5,5.0,8,14,Away,2026-03-01T14:00:00Z,1,2,90,0,0,0,2,1,0,0,20,3,0.0,0.0,0.0,2.05,0,4.9,48.8,0.0,0.0,False,a,,,,,2526
254,121709,28,278,Walter Benítez,Benitez,1,0.3,4.0,8,14,Away,2026-03-01T14:00:00Z,1,2,0,0,0,0,0,0,0,0,0,0,0.0,0.0,0.0,0.0,0,0.0,0.0,0.0,0.0,False,a,,,,,2526
255,169593,28,278,Remi Matthews,Matthews,1,0.1,3.9,8,14,Away,2026-03-01T14:00:00Z,1,2,0,0,0,0,0,0,0,0,0,0,0.0,0.0,0.0,0.0,0,0.0,0.0,0.0,0.0,False,a,,,,,2526
256,247348,28,278,Daniel Muñoz Mejía,Muñoz,2,8.3,5.9,8,14,Away,2026-03-01T14:00:00Z,1,2,90,0,0,0,2,0,0,0,8,1,0.0,0.04,0.04,2.05,5,3.8,13.4,22.4,2.0,False,a,,,,,2526
257,437499,28,278,Maxence Lacroix,Lacroix,2,5.0,5.1,8,14,Away,2026-03-01T14:00:00Z,1,2,55,1,0,0,2,0,1,0,-3,3,0.02,0.01,0.03,0.44,4,4.7,29.4,0.2,17.0,False,s,Suspended until 15 Mar,,,,2526
258,244723,28,278,Tyrick Mitchell,Mitchell,2,2.1,5.0,8,14,Away,2026-03-01T14:00:00Z,1,2,90,0,0,0,2,0,0,0,3,1,0.01,0.07,0.08,2.05,6,4.2,13.0,21.8,7.0,False,a,,,,,2526
259,218364,28,278,Borna Sosa,Sosa,2,0.1,4.8,8,14,Away,2026-03-01T14:00:00Z,1,2,0,0,0,0,0,0,0,0,0,0,0.0,0.0,0.0,0.0,0,0.0,0.0,0.0,0.0,False,a,,,,,2526
260,209036,28,276,Marc Guéhi,Guéhi,2,36.9,5.2,13,11,Away,2026-02-28T17:30:00Z,1,0,90,0,0,1,0,0,0,0,29,6,0.21,0.03,0.24,1.49,8,6.6,29.8,2.8,33.0,False,a,,,,,2526
261,427623,28,278,Chris Richards,Richards,2,2.6,4.4,8,14,Away,2026-03-01T14:00:00Z,1,2,90,0,0,0,2,0,0,0,6,1,0.0,0.01,0.01,2.05,9,3.6,23.6,10.7,2.0,False,a,,,,,2526
262,515621,28,278,Chadi Riad Dnanou,Chadi Riad,2,0.0,4.0,8,14,Away,2026-03-01T14:00:00Z,1,2,32,0,0,0,1,0,0,0,-3,1,0.0,0.0,0.0,0.83,2,0.5,4.2,0.8,0.0,False,a,,,,,2526
263,57328,28,278,Nathaniel Clyne,Clyne,2,0.6,3.8,8,14,Away,2026-03-01T14:00:00Z,1,2,0,0,0,0,0,0,0,0,0,0,0.0,0.0,0.0,0.0,0,0.0,0.0,0.0,0.0,False,a,,,,,2526
264,156074,28,278,Rob Holding,Holding,2,0.0,4.0,8,14,Away,2026-03-01T14:00:00Z,1,2,0,0,0,0,0,0,0,0,0,0,0.0,0.0,0.0,0.0,0,0.0,0.0,0.0,0.0,False,u,Has joined Colorado Rapids permanently.,,,,2526
265,590012,28,278,Caleb Kporha,Kporha,2,0.0,4.0,8,14,Away,2026-03-01T14:00:00Z,1,2,0,0,0,0,0,0,0,0,0,0,0.0,0.0,0.0,0.0,0,0.0,0.0,0.0,0.0,False,a,,,,,2526
266,232413,28,271,Eberechi Eze,Eze,3,8.0,7.2,1,7,Home,2026-03-01T16:30:00Z,2,1,90,0,0,0,1,0,0,0,11,2,0.25,0.07,0.32,1.05,4,0.1,0.0,0.6,2.0,False,a,,,,,2526
267,232185,28,278,Ismaïla Sarr,Sarr,3,3.6,6.4,8,14,Away,2026-03-01T14:00:00Z,1,2,90,0,0,0,2,0,0,0,13,2,0.11,0.03,0.14,2.05,4,4.4,13.8,2.6,28.0,False,a,,,,3.0,2526
268,438464,28,278,Cheick Doucouré,Doucouré,3,0.0,4.9,8,14,Away,2026-03-01T14:00:00Z,1,2,0,0,0,0,0,0,0,0,0,0,0.0,0.0,0.0,0.0,0,0.0,0.0,0.0,0.0,False,i,Knee injury - Unknown return date,,,,2526
269,606921,28,278,Romain Esse,Esse,3,0.1,4.7,8,14,Away,2026-03-01T14:00:00Z,1,2,0,0,0,0,0,0,0,0,0,0,0.0,0.0,0.0,0.0,0,0.0,0.0,0.0,0.0,False,u,has joined Coventry City on loan for the rest of the season.,,,,2526
270,108413,28,278,Will Hughes,Hughes,3,0.1,4.7,8,14,Away,2026-03-01T14:00:00Z,1,2,22,0,0,0,0,0,0,0,3,1,0.05,0.0,0.05,0.62,2,0.9,3.6,0.3,5.0,False,a,,1.0,,,2526
271,209400,28,278,Daichi Kamada,Kamada,3,0.1,5.0,8,14,Away,2026-03-01T14:00:00Z,1,2,84,0,0,0,2,1,0,0,11,1,0.0,0.03,0.03,1.69,10,3.1,9.0,21.8,0.0,False,a,,,,,2526
272,152551,28,278,Jefferson Lerma Solís,Lerma,3,0.1,4.9,8,14,Away,2026-03-01T14:00:00Z,1,2,0,0,0,0,0,0,0,0,0,0,0.0,0.0,0.0,0.0,0,0.0,0.0,0.0,0.0,False,i,Hamstring injury - Expected back 14 Mar,,,,2526
273,496221,28,278,Adam Wharton,Wharton,3,0.6,5.0,8,14,Away,2026-03-01T14:00:00Z,1,2,67,0,0,0,2,0,0,0,7,2,0.0,0.01,0.01,1.43,6,0.7,4.4,2.4,0.0,False,a,,3.0,,,2526
274,579075,28,278,Asher Agbinone,Agbinone,3,0.1,4.3,8,14,Away,2026-03-01T14:00:00Z,1,2,0,0,0,0,0,0,0,0,0,0,0.0,0.0,0.0,0.0,0,0.0,0.0,0.0,0.0,False,a,,,,,2526
275,466117,28,278,Naouirou Ahamada,Ahamada,3,0.0,4.3,8,14,Away,2026-03-01T14:00:00Z,1,2,0,0,0,0,0,0,0,0,0,0,0.0,0.0,0.0,0.0,0,0.0,0.0,0.0,0.0,False,u,has joined AJ Auxerre permanently.,,,,2526
276,489706,28,278,Justin Devenny,Devenny,3,1.3,4.3,8,14,Away,2026-03-01T14:00:00Z,1,2,0,0,0,0,0,0,0,0,0,0,0.0,0.0,0.0,0.0,0,0.0,0.0,0.0,0.0,False,a,,,2.0,4.0,2526
277,450535,28,278,Malcolm Ebiowei,Ebiowei,3,0.0,4.5,8,14,Away,2026-03-01T14:00:00Z,1,2,0,0,0,0,0,0,0,0,0,0,0.0,0.0,0.0,0.0,0,0.0,0.0,0.0,0.0,False,u,Has joined Blackpool permanently.,,,,2526
278,450542,28,278,Jesurun Rak-Sakyi,J.Rak-Sakyi,3,0.0,4.4,8,14,Away,2026-03-01T14:00:00Z,1,2,0,0,0,0,0,0,0,0,0,0,0.0,0.0,0.0,0.0,0,0.0,0.0,0.0,0.0,False,u,has joined Stoke City on loan for the rest of the season.,,,,2526
279,536694,28,278,Matheus França de Oliveira,M.França,3,0.0,4.5,8,14,Away,2026-03-01T14:00:00Z,1,2,0,0,0,0,0,0,0,0,0,0,0.0,0.0,0.0,0.0,0,0.0,0.0,0.0,0.0,False,u,Has joined CR Vasco da Gama on loan for the rest of the season.,,,,2526
280,531989,28,278,David Ozoh,Ozoh,3,0.0,4.5,8,14,Away,2026-03-01T14:00:00Z,1,2,0,0,0,0,0,0,0,0,0,0,0.0,0.0,0.0,0.0,0,0.0,0.0,0.0,0.0,False,u,Has joined Derby County on loan for the rest of the season.,,,,2526
281,530318,28,278,Kaden Rodney,Rodney,3,0.0,4.4,8,14,Away,2026-03-01T14:00:00Z,1,2,0,0,0,0,0,0,0,0,0,0,0.0,0.0,0.0,0.0,0,0.0,0.0,0.0,0.0,False,a,,,,,2526
282,574398,28,278,Franco Umeh-Chibueze,Umeh,3,0.0,4.5,8,14,Away,2026-03-01T14:00:00Z,1,2,0,0,0,0,0,0,0,0,0,0,0.0,0.0,0.0,0.0,0,0.0,0.0,0.0,0.0,False,u,has joined Portsmouth permanently.,,,,2526
283,231747,28,278,Jean-Philippe Mateta,Mateta,4,6.7,7.5,8,14,Away,2026-03-01T14:00:00Z,1,2,0,0,0,0,0,0,0,0,0,0,0.0,0.0,0.0,0.0,0,0.0,0.0,0.0,0.0,False,i,Knee injury - Expected back 14 Mar,,,2.0,2526
284,205533,28,278,Eddie Nketiah,Nketiah,4,0.3,5.4,8,14,Away,2026-03-01T14:00:00Z,1,2,0,0,0,0,0,0,0,0,0,0,0.0,0.0,0.0,0.0,0,0.0,0.0,0.0,0.0,False,i,Hamstring injury - Expected back 11 Apr,,,,2526
285,199670,28,278,Odsonne Édouard,Édouard,4,0.2,5.0,8,14,Away,2026-03-01T14:00:00Z,1,2,0,0,0,0,0,0,0,0,0,0,0.0,0.0,0.0,0.0,0,0.0,0.0,0.0,0.0,False,u,has joined RC Lens permanently.,,,,2526
286,576980,28,278,Zach Marsh,Marsh,4,0.3,4.4,8,14,Away,2026-03-01T14:00:00Z,1,2,0,0,0,0,0,0,0,0,0,0,0.0,0.0,0.0,0.0,0,0.0,0.0,0.0,0.0,False,a,,,,,2526
287,111234,28,279,Jordan Pickford,Pickford,1,13.1,5.6,9,15,Away,2026-02-28T15:00:00Z,3,2,90,0,0,0,2,0,0,0,9,2,0.0,0.01,0.01,1.03,0,2.9,28.6,0.0,0.0,False,a,,,,,2526
288,229600,28,279,Mark Travers,Travers,1,0.1,4.3,9,15,Away,2026-02-28T15:00:00Z,3,2,0,0,0,0,0,0,0,0,0,0,0.0,0.0,0.0,0.0,0,0.0,0.0,0.0,0.0,False,a,,,,,2526
289,447325,28,279,Harry Tyrer,Tyrer,1,0.1,3.9,9,15,Away,2026-02-28T15:00:00Z,3,2,0,0,0,0,0,0,0,0,0,0,0.0,0.0,0.0,0.0,0,0.0,0.0,0.0,0.0,False,u,has joined Cardiff City permanently.,,,,2526
290,480455,28,279,Jarrad Branthwaite,Branthwaite,2,0.3,5.3,9,15,Away,2026-02-28T15:00:00Z,3,2,90,1,0,0,2,0,0,0,19,9,0.04,0.0,0.04,1.03,11,8.6,52.4,0.3,33.0,False,a,,,,,2526
291,17761,28,279,James Tarkowski,Tarkowski,2,10.7,5.7,9,15,Away,2026-02-28T15:00:00Z,3,2,90,0,0,0,2,0,0,0,6,3,0.0,0.0,0.0,1.03,13,2.9,29.4,0.0,0.0,False,a,,,,,2526
292,224967,28,279,Vitalii Mykolenko,Mykolenko,2,0.6,4.9,9,15,Away,2026-02-28T15:00:00Z,3,2,90,0,0,0,2,0,0,0,8,3,0.0,0.03,0.03,1.03,10,2.7,22.2,5.2,0.0,False,a,,,,,2526
293,512462,28,279,Jake O'Brien,O'Brien,2,0.6,4.9,9,15,Away,2026-02-28T15:00:00Z,3,2,90,0,0,0,2,0,0,0,3,1,0.0,0.14,0.14,1.03,8,3.2,19.0,11.1,2.0,False,a,,,,,2526
294,59949,28,279,Séamus Coleman,Coleman,2,0.1,4.2,9,15,Away,2026-02-28T15:00:00Z,3,2,0,0,0,0,0,0,0,0,0,0,0.0,0.0,0.0,0.0,0,0.0,0.0,0.0,0.0,False,a,,,,,2526
295,106611,28,279,Michael Keane,Keane,2,3.5,4.6,9,15,Away,2026-02-28T15:00:00Z,3,2,1,0,0,0,0,0,0,0,4,1,0.0,0.0,0.0,0.02,2,0.4,4.0,0.0,0.0,False,a,,,,,2526
296,243571,28,279,Nathan Patterson,Patterson,2,0.0,4.4,9,15,Away,2026-02-28T15:00:00Z,3,2,0,0,0,0,0,0,0,0,0,0,0.0,0.0,0.0,0.0,0,0.0,0.0,0.0,0.0,False,a,,,,,2526
297,496178,28,279,Roman Dixon,Dixon,2,0.2,3.8,9,15,Away,2026-02-28T15:00:00Z,3,2,0,0,0,0,0,0,0,0,0,0,0.0,0.0,0.0,0.0,0,0.0,0.0,0.0,0.0,False,u,has joined Stockport County on loan for the rest of the season.,,,,2526
298,474907,28,279,Reece Welch,Welch,2,0.1,3.8,9,15,Away,2026-02-28T15:00:00Z,3,2,0,0,0,0,0,0,0,0,0,0,0.0,0.0,0.0,0.0,0,0.0,0.0,0.0,0.0,False,a,,,,,2526
299,440993,28,279,Iliman Ndiaye,Ndiaye,3,3.9,6.2,9,15,Away,2026-02-28T15:00:00Z,3,2,90,0,0,0,2,0,0,0,14,4,0.02,0.02,0.04,1.03,13,2.6,14.8,8.1,3.0,False,a,,,,1.0,2526
300,433154,28,279,Dwight McNeil,McNeil,3,0.1,5.5,9,15,Away,2026-02-28T15:00:00Z,3,2,80,0,1,0,1,0,0,1,27,6,0.16,0.01,0.17,0.95,11,4.9,18.0,3.5,27.0,False,a,,,,,2526
301,502697,28,279,Carlos Alcaraz Durán,Alcaraz,3,0.1,5.2,9,15,Away,2026-02-28T15:00:00Z,3,2,0,0,0,0,0,0,0,0,0,0,0.0,0.0,0.0,0.0,0,0.0,0.0,0.0,0.0,False,i,Knock - Expected back 21 Mar,,,,2526
302,80801,28,279,Idrissa Gana Gueye,Gana,3,0.1,5.4,9,15,Away,2026-02-28T15:00:00Z,3,2,90,0,0,0,2,0,0,0,20,2,0.0,0.02,0.02,1.03,11,3.9,15.0,23.9,0.0,False,a,,,,,2526
303,232928,28,279,James Garner,Garner,3,3.7,5.2,9,15,Away,2026-02-28T15:00:00Z,3,2,90,0,1,0,2,1,0,0,20,6,0.0,0.05,0.05,1.03,12,4.4,24.8,19.1,0.0,False,a,,1.0,3.0,2.0,2526
304,490094,28,279,Tim Iroegbunam,Iroegbunam,3,0.0,4.8,9,15,Away,2026-02-28T15:00:00Z,3,2,0,0,0,0,0,0,0,0,0,0,0.0,0.0,0.0,0.0,0,0.0,0.0,0.0,0.0,False,a,,,,,2526
305,609873,28,279,Harrison Armstrong,Armstrong,3,0.1,4.5,9,15,Away,2026-02-28T15:00:00Z,3,2,9,0,0,0,1,0,0,0,5,1,0.0,0.0,0.0,0.08,3,0.4,4.0,0.3,0.0,False,a,,,,,2526
306,547801,28,279,Callum Bates,Bates,3,0.1,4.3,9,15,Away,2026-02-28T15:00:00Z,3,2,0,0,0,0,0,0,0,0,0,0,0.0,0.0,0.0,0.0,0,0.0,0.0,0.0,0.0,False,a,,,,,2526
307,504296,28,279,Coby Ebere,Ebere,3,0.0,4.4,9,15,Away,2026-02-28T15:00:00Z,3,2,0,0,0,0,0,0,0,0,0,0,0.0,0.0,0.0,0.0,0,0.0,0.0,0.0,0.0,False,a,,,,,2526
308,496279,28,279,Isaac Heath,Heath,3,0.0,4.5,9,15,Away,2026-02-28T15:00:00Z,3,2,0,0,0,0,0,0,0,0,0,0,0.0,0.0,0.0,0.0,0,0.0,0.0,0.0,0.0,False,u,has joined Accrington on loan for the rest of the season.,,,,2526
309,491557,28,279,Jenson Metcalfe,Metcalfe,3,0.0,4.5,9,15,Away,2026-02-28T15:00:00Z,3,2,0,0,0,0,0,0,0,0,0,0,0.0,0.0,0.0,0.0,0,0.0,0.0,0.0,0.0,False,u,Has joined Bradford City permanently.,,,,2526
310,586309,28,279,Thierno Barry,Barry,4,1.0,5.7,9,15,Away,2026-02-28T15:00:00Z,3,2,16,1,0,0,1,1,0,2,29,6,0.91,0.0,0.91,0.21,3,7.2,31.4,1.4,39.0,False,a,,,,,2526
311,486385,28,279,Norberto Bercique Gomes Betuncal,Beto,4,2.4,5.0,9,15,Away,2026-02-28T15:00:00Z,3,2,73,1,0,0,1,0,0,3,44,9,1.02,0.01,1.03,0.82,9,9.8,48.2,12.8,37.0,True,a,,,,3.0,2526
312,491012,28,279,Youssef Ramalho Chermiti,Y.Chermiti,4,0.1,4.9,9,15,Away,2026-02-28T15:00:00Z,3,2,0,0,0,0,0,0,0,0,0,0,0.0,0.0,0.0,0.0,0,0.0,0.0,0.0,0.0,False,u,has joined Rangers permanently.,,,,2526
313,536241,28,279,Martin Sherif,Sherif,4,0.1,4.4,9,15,Away,2026-02-28T15:00:00Z,3,2,0,0,0,0,0,0,0,0,0,0,0.0,0.0,0.0,0.0,0,0.0,0.0,0.0,0.0,False,u,has joined Port Vale on loan for the rest of the season.,,,,2526
314,80201,28,275,Bernd Leno,Leno,1,1.5,4.9,10,18,Home,2026-03-01T14:00:00Z,2,1,90,0,0,0,1,0,0,0,4,2,0.0,0.0,0.0,0.88,0,0.5,4.6,0.0,0.0,False,a,,,,,2526
315,428971,28,275,Steven Benda,Benda,1,0.0,4.0,10,18,Home,2026-03-01T14:00:00Z,2,1,0,0,0,0,0,0,0,0,0,0,0.0,0.0,0.0,0.0,0,0.0,0.0,0.0,0.0,False,u,has joined Feyenoord on loan for the rest of the season.,,,,2526
316,169528,28,275,Antonee Robinson,Robinson,2,0.7,4.9,10,18,Home,2026-03-01T14:00:00Z,2,1,0,0,0,0,0,0,0,0,0,0,0.0,0.0,0.0,0.0,0,0.0,0.0,0.0,0.0,False,a,,,,,2526
317,174874,28,275,Joachim Andersen,Andersen,2,4.8,4.5,10,18,Home,2026-03-01T14:00:00Z,2,1,0,0,0,0,0,0,0,0,0,0,0.0,0.0,0.0,0.0,0,0.0,0.0,0.0,0.0,False,d,Illness - 75% chance of playing,,,,2526
318,232892,28,275,Calvin Bassey,Bassey,2,0.4,4.4,10,18,Home,2026-03-01T14:00:00Z,2,1,90,0,0,0,1,1,0,0,5,1,0.29,0.05,0.34,0.88,8,3.3,20.6,0.9,11.0,False,a,,,,,2526
319,166477,28,275,Timothy Castagne,Castagne,2,0.1,4.3,10,18,Home,2026-03-01T14:00:00Z,2,1,0,0,0,0,0,0,0,0,0,0,0.0,0.0,0.0,0.0,0,0.0,0.0,0.0,0.0,False,a,,,,,2526
320,219924,28,275,Issa Diop,Diop,2,0.1,4.3,10,18,Home,2026-03-01T14:00:00Z,2,1,90,0,0,0,1,1,0,0,10,1,0.0,0.0,0.0,0.88,9,2.7,24.4,0.7,2.0,False,a,,,,,2526
321,246301,28,275,Jorge Cuenca Barreno,J.Cuenca,2,0.1,4.3,10,18,Home,2026-03-01T14:00:00Z,2,1,1,0,0,0,0,0,0,0,4,1,0.0,0.0,0.0,0.08,3,0.9,9.2,0.0,0.0,False,a,,,,,2526
322,167074,28,275,Kenny Tete,Tete,2,0.3,4.5,10,18,Home,2026-03-01T14:00:00Z,2,1,90,0,0,0,1,0,0,0,11,2,0.16,0.29,0.45,0.88,8,3.7,13.8,11.9,11.0,False,a,,,,,2526
323,591385,28,275,Samuel Amissah,Amissah,2,0.1,3.8,10,18,Home,2026-03-01T14:00:00Z,2,1,0,0,0,0,0,0,0,0,0,0,0.0,0.0,0.0,0.0,0,0.0,0.0,0.0,0.0,False,a,,,,,2526
324,153133,28,275,Alex Iwobi,Iwobi,3,1.0,6.3,10,18,Home,2026-03-01T14:00:00Z,2,1,89,1,0,0,1,0,0,3,50,10,0.06,0.14,0.2,0.8,10,12.4,56.6,52.7,15.0,True,a,,2.0,,,2526
325,209289,28,275,Emile Smith Rowe,Smith Rowe,3,0.5,5.6,10,18,Home,2026-03-01T14:00:00Z,2,1,71,0,0,0,1,0,0,0,3,2,0.49,0.02,0.51,0.65,4,3.5,7.2,3.0,25.0,False,a,,,,,2526
326,159533,28,277,Adama Traoré Diarra,Adama,3,0.2,5.1,19,12,Away,2026-02-28T15:00:00Z,2,5,14,0,0,0,1,0,0,0,1,1,0.0,0.0,0.0,0.62,0,0.1,0.0,1.3,0.0,False,a,,,,,2526
327,156689,28,275,Andreas Hoelgebaum Pereira,Andreas,3,0.1,5.3,10,18,Home,2026-03-01T14:00:00Z,2,1,0,0,0,0,0,0,0,0,0,0,0.0,0.0,0.0,0.0,0,0.0,0.0,0.0,0.0,False,u,has joined Palmeiras permanently.,,,,2526
328,184349,28,275,Ryan Sessegnon,Sessegnon,3,0.2,5.4,10,18,Home,2026-03-01T14:00:00Z,2,1,90,0,0,0,1,0,0,0,11,4,0.1,0.01,0.11,0.88,13,5.1,19.6,15.7,16.0,False,a,,,,,2526
329,153682,28,275,Harry Wilson,Wilson,3,23.0,6.0,10,18,Home,2026-03-01T14:00:00Z,2,1,71,1,1,0,1,0,0,2,35,12,0.34,0.02,0.36,0.65,1,9.1,50.4,12.5,28.0,True,d,Ankle injury - 75% chance of playing,1.0,1.0,3.0,2526
330,207189,28,275,Sander Berge,Berge,3,0.1,4.9,10,18,Home,2026-03-01T14:00:00Z,2,1,90,0,0,0,1,0,0,0,13,2,0.0,0.01,0.01,0.88,8,0.9,5.8,2.8,0.0,False,a,,,,,2526
331,76357,28,275,Tom Cairney,Cairney,3,0.0,4.8,10,18,Home,2026-03-01T14:00:00Z,2,1,18,0,0,0,0,1,0,0,0,0,0.1,0.01,0.11,0.23,3,0.1,0.0,0.8,1.0,False,a,,,,,2526
332,212314,28,275,Saša Lukić,Lukić,3,0.1,4.9,10,18,Home,2026-03-01T14:00:00Z,2,1,0,0,0,0,0,0,0,0,0,0,0.0,0.0,0.0,0.0,0,0.0,0.0,0.0,0.0,False,a,,3.0,,,2526
333,573062,28,275,Martial Godo,Godo,3,0.0,4.5,10,18,Home,2026-03-01T14:00:00Z,2,1,0,0,0,0,0,0,0,0,0,0,0.0,0.0,0.0,0.0,0,0.0,0.0,0.0,0.0,False,u,has joined Strasbourg permanently.,,,,2526
334,515024,28,275,Luke Harris,Harris,3,0.0,4.5,10,18,Home,2026-03-01T14:00:00Z,2,1,0,0,0,0,0,0,0,0,0,0,0.0,0.0,0.0,0.0,0,0.0,0.0,0.0,0.0,False,u,Has joined Oxford United on loan for the rest of the season.,,,,2526
335,577725,28,275,Josh King,King,3,1.8,4.4,10,18,Home,2026-03-01T14:00:00Z,2,1,16,0,0,0,0,0,0,0,1,1,0.0,0.0,0.0,0.23,3,0.0,0.0,0.3,0.0,False,a,,,,,2526
336,153366,28,275,Harrison Reed,Reed,3,0.4,4.3,10,18,Home,2026-03-01T14:00:00Z,2,1,0,0,0,0,0,0,0,0,0,0,0.0,0.0,0.0,0.0,0,0.0,0.0,0.0,0.0,False,a,,,,,2526
337,102057,28,275,Raúl Jiménez Rodríguez,Raúl,4,2.6,6.1,10,18,Home,2026-03-01T14:00:00Z,2,1,72,0,0,0,1,0,0,0,10,2,0.43,0.02,0.45,0.65,5,3.2,6.2,15.2,11.0,False,a,,,2.0,1.0,2526
338,244042,28,275,Rodrigo Muniz Carvalho,Muniz,4,0.7,5.3,10,18,Home,2026-03-01T14:00:00Z,2,1,17,0,0,0,0,0,0,0,6,1,0.1,0.0,0.1,0.23,3,2.9,9.0,1.2,19.0,False,a,,,,,2526
339,437495,28,276,Illan Meslier,Meslier,1,0.3,4.1,11,13,Home,2026-02-28T17:30:00Z,0,1,0,0,0,0,0,0,0,0,0,0,0.0,0.0,0.0,0.0,0,0.0,0.0,0.0,0.0,False,a,,,,,2526
340,97846,28,276,Alex Cairns,Cairns,1,0.2,3.9,11,13,Home,2026-02-28T17:30:00Z,0,1,0,0,0,0,0,0,0,0,0,0,0.0,0.0,0.0,0.0,0,0.0,0.0,0.0,0.0,False,a,,,,,2526
341,59735,28,276,Karl Darlow,Darlow,1,2.4,3.9,11,13,Home,2026-02-28T17:30:00Z,0,1,90,0,0,0,1,0,0,0,16,3,0.0,0.0,0.0,2.0,0,3.7,36.6,0.0,0.0,False,a,,,,,2526
342,226182,28,276,Jayden Bogle,Bogle,2,0.2,4.4,11,13,Home,2026-02-28T17:30:00Z,0,1,75,0,0,0,1,0,0,0,6,2,0.0,0.37,0.37,2.0,5,2.6,9.8,14.4,2.0,False,a,,,,,2526
343,222694,28,276,Pascal Struijk,Struijk,2,0.4,4.3,11,13,Home,2026-02-28T17:30:00Z,0,1,90,0,0,0,1,0,0,0,9,2,0.0,0.0,0.0,2.0,7,3.3,20.0,10.8,2.0,False,a,,,,,2526
344,434752,28,276,Jaka Bijol,Bijol,2,0.4,3.9,11,13,Home,2026-02-28T17:30:00Z,0,1,3,0,0,0,0,0,0,0,-1,1,0.05,0.0,0.05,0.0,0,0.3,0.0,0.0,4.0,False,a,,,,,2526
345,437738,28,276,Sebastiaan Bornauw,Bornauw,2,0.1,3.8,11,13,Home,2026-02-28T17:30:00Z,0,1,0,0,0,0,0,0,0,0,0,0,0.0,0.0,0.0,0.0,0,0.0,0.0,0.0,0.0,False,a,,,,,2526
346,113564,28,276,Sam Byram,Byram,2,0.2,3.8,11,13,Home,2026-02-28T17:30:00Z,0,1,0,0,0,0,0,0,0,0,0,0,0.0,0.0,0.0,0.0,0,0.0,0.0,0.0,0.0,False,a,,,,,2526
347,243526,28,276,Gabriel Gudmundsson,Gudmundsson,2,3.8,3.8,11,13,Home,2026-02-28T17:30:00Z,0,1,90,0,0,0,1,0,0,0,5,2,0.02,0.01,0.03,2.0,7,1.4,8.6,1.3,4.0,False,a,,,,,2526
348,214225,28,276,Joe Rodon,Rodon,2,3.9,3.9,11,13,Home,2026-02-28T17:30:00Z,0,1,86,0,0,0,1,0,0,0,10,2,0.0,0.02,0.02,2.0,4,0.7,6.0,0.5,0.0,False,d,Hamstring injury - 75% chance of playing,,,,2526
349,492368,28,276,Isaac Schmidt,Schmidt,2,0.1,4.0,11,13,Home,2026-02-28T17:30:00Z,0,1,0,0,0,0,0,0,0,0,0,0,0.0,0.0,0.0,0.0,0,0.0,0.0,0.0,0.0,False,u,has joined Werder Bremen on loan for the rest of the season.,,,,2526
350,427637,28,276,Brenden Aaronson,Aaronson,3,0.6,5.4,11,13,Home,2026-02-28T17:30:00Z,0,1,64,0,0,0,1,0,0,0,4,2,0.54,0.1,0.64,1.4,6,5.9,10.4,14.8,34.0,False,a,,,,,2526
351,492859,28,276,Wilfried Gnonto,Gnonto,3,0.1,5.2,11,13,Home,2026-02-28T17:30:00Z,0,1,15,0,0,0,0,0,0,0,2,1,0.0,0.01,0.01,0.0,1,0.4,0.0,0.5,4.0,False,a,,,,,2526
352,221399,28,276,Jack Harrison,Harrison,3,0.0,5.1,11,13,Home,2026-02-28T17:30:00Z,0,1,0,0,0,0,0,0,0,0,0,0,0.0,0.0,0.0,0.0,0,0.0,0.0,0.0,0.0,False,u,has joined ACF Fiorentina on loan for the rest of the season.,,,,2526
353,200617,28,276,Daniel James,James,3,0.1,5.2,11,13,Home,2026-02-28T17:30:00Z,0,1,14,0,0,0,0,0,0,0,3,1,0.0,0.0,0.0,0.0,0,0.1,0.2,0.7,0.0,False,a,,,,,2526
354,199598,28,276,Ethan Ampadu,Ampadu,3,0.2,4.9,11,13,Home,2026-02-28T17:30:00Z,0,1,90,0,0,0,1,0,0,0,15,4,0.05,0.11,0.16,2.0,19,5.2,18.6,29.3,4.0,False,a,,,,,2526
355,248937,28,276,Sam Greenwood,Greenwood,3,0.0,4.9,11,13,Home,2026-02-28T17:30:00Z,0,1,0,0,0,0,0,0,0,0,0,0,0.0,0.0,0.0,0.0,0,0.0,0.0,0.0,0.0,False,u,has joined Pogon Szczecin permanently.,,,,2526
356,486520,28,276,Ilia Gruev,Gruev,3,0.1,4.7,11,13,Home,2026-02-28T17:30:00Z,0,1,74,0,0,0,1,0,0,0,6,2,0.0,0.05,0.05,2.0,5,1.1,8.0,0.9,2.0,False,a,,4.0,,,2526
357,433952,28,276,Largie Ramazani,Ramazani,3,0.0,4.9,11,13,Home,2026-02-28T17:30:00Z,0,1,0,0,0,0,0,0,0,0,0,0,0.0,0.0,0.0,0.0,0,0.0,0.0,0.0,0.0,False,u,has joined Valencia on loan for the rest of the season.,,,,2526
358,248056,28,276,Tanaka Ao,Tanaka,3,0.2,4.8,11,13,Home,2026-02-28T17:30:00Z,0,1,0,0,0,0,0,0,0,0,0,0,0.0,0.0,0.0,0.0,0,0.0,0.0,0.0,0.0,False,a,,,,,2526
359,536119,28,276,Charlie Crew,Crew,3,0.0,4.5,11,13,Home,2026-02-28T17:30:00Z,0,1,0,0,0,0,0,0,0,0,0,0,0.0,0.0,0.0,0.0,0,0.0,0.0,0.0,0.0,False,u,Has joined Doncaster Rovers on loan for the rest of the season.,,,,2526
360,462635,28,276,Joe Gelhardt,Gelhardt,3,0.0,4.5,11,13,Home,2026-02-28T17:30:00Z,0,1,0,0,0,0,0,0,0,0,0,0,0.0,0.0,0.0,0.0,0,0.0,0.0,0.0,0.0,False,u,Has joined Hull City on loan for the rest of the season.,,,,2526
361,470294,28,276,Darko Gyabi,Gyabi,3,0.0,4.5,11,13,Home,2026-02-28T17:30:00Z,0,1,0,0,0,0,0,0,0,0,0,0,0.0,0.0,0.0,0.0,0,0.0,0.0,0.0,0.0,False,u,has joined Hull City permanently.,,,,2526
362,235826,28,276,Joël Piroe,Piroe,4,0.3,4.9,11,13,Home,2026-02-28T17:30:00Z,0,1,3,0,0,0,0,0,0,0,3,1,0.0,0.0,0.0,0.0,0,0.0,0.2,0.1,0.0,False,a,,,,3.0,2526
363,106617,28,276,Patrick Bamford,Bamford,4,0.3,4.9,11,13,Home,2026-02-28T17:30:00Z,0,1,0,0,0,0,0,0,0,0,0,0,0.0,0.0,0.0,0.0,0,0.0,0.0,0.0,0.0,False,u,has departed the club as a free agent.,,,,2526
364,565297,28,276,Mateo Joseph Fernández-Regatillo,Mateo Joseph,4,0.0,5.0,11,13,Home,2026-02-28T17:30:00Z,0,1,0,0,0,0,0,0,0,0,0,0,0.0,0.0,0.0,0.0,0,0.0,0.0,0.0,0.0,False,u,Has joined RCD Mallorca on loan for the rest of the season.,,,,2526
365,174594,28,276,Lukas Nmecha,Nmecha,4,0.6,5.0,11,13,Home,2026-02-28T17:30:00Z,0,1,25,0,0,0,0,0,0,0,3,1,0.0,0.01,0.01,0.6,1,0.3,0.2,0.8,2.0,False,a,,,,2.0,2526
366,116535,28,277,Alisson Becker,A.Becker,1,6.3,5.4,12,19,Home,2026-02-28T15:00:00Z,5,2,90,0,0,0,2,0,0,0,8,2,0.0,0.0,0.0,1.86,0,2.2,22.0,0.0,0.0,False,a,,,,,2526
367,449027,28,277,Giorgi Mamardashvili,Mamardashvili,1,0.5,4.1,12,19,Home,2026-02-28T15:00:00Z,5,2,0,0,0,0,0,0,0,0,0,0,0.0,0.0,0.0,0.0,0,0.0,0.0,0.0,0.0,False,a,,,,,2526
368,586268,28,277,Ármin Pécsi,Pécsi,1,0.9,3.8,12,19,Home,2026-02-28T15:00:00Z,5,2,0,0,0,0,0,0,0,0,0,0,0.0,0.0,0.0,0.0,0,0.0,0.0,0.0,0.0,False,a,,,,,2526
369,155503,28,277,Freddie Woodman,Woodman,1,0.2,3.9,12,19,Home,2026-02-28T15:00:00Z,5,2,0,0,0,0,0,0,0,0,0,0,0.0,0.0,0.0,0.0,0,0.0,0.0,0.0,0.0,False,a,,,,,2526
370,216094,28,277,Jeremie Frimpong,Frimpong,2,4.6,5.7,12,19,Home,2026-02-28T15:00:00Z,5,2,13,0,1,0,0,0,0,0,20,4,0.0,0.13,0.13,0.16,2,1.9,7.0,10.3,2.0,False,a,,,,,2526
371,544877,28,277,Milos Kerkez,Kerkez,2,3.0,5.6,12,19,Home,2026-02-28T15:00:00Z,5,2,90,0,0,0,2,0,0,0,5,1,0.0,0.01,0.01,1.86,5,1.6,9.4,2.5,4.0,False,a,,,,,2526
372,122798,28,277,Andrew Robertson,Robertson,2,1.0,5.7,12,19,Home,2026-02-28T15:00:00Z,5,2,0,0,0,0,0,0,0,0,0,0,0.0,0.0,0.0,0.0,0,0.0,0.0,0.0,0.0,False,a,,,,,2526
373,97032,28,277,Virgil van Dijk,Virgil,2,29.8,6.1,12,19,Home,2026-02-28T15:00:00Z,5,2,90,1,0,0,2,0,0,0,22,7,0.2,0.14,0.34,1.86,8,10.4,57.6,11.7,35.0,False,a,,,,,2526
374,204716,28,277,Ibrahima Konaté,Konaté,2,4.2,5.5,12,19,Home,2026-02-28T15:00:00Z,5,2,90,0,0,0,2,0,0,0,12,1,0.0,0.01,0.01,1.86,9,2.3,22.0,0.8,0.0,False,a,,,,,2526
375,492777,28,277,Conor Bradley,Bradley,2,0.1,4.9,12,19,Home,2026-02-28T15:00:00Z,5,2,0,0,0,0,0,0,0,0,0,0,0.0,0.0,0.0,0.0,0,0.0,0.0,0.0,0.0,False,i,Knee injury - Expected back 01 Jun,,,,2526
376,171287,28,277,Joe Gomez,Gomez,2,0.1,4.9,12,19,Home,2026-02-28T15:00:00Z,5,2,76,0,0,0,2,0,0,0,6,1,0.05,0.05,0.1,1.69,5,2.9,13.2,11.7,4.0,False,a,,,,,2526
377,214285,28,277,Konstantinos Tsimikas,Tsimikas,2,0.0,4.8,12,19,Home,2026-02-28T15:00:00Z,5,2,0,0,0,0,0,0,0,0,0,0,0.0,0.0,0.0,0.0,0,0.0,0.0,0.0,0.0,False,u,has joined AS Roma on loan for the rest of the season.,,,,2526
378,611926,28,277,Amara Nallo,Nallo,2,1.1,3.7,12,19,Home,2026-02-28T15:00:00Z,5,2,0,0,0,0,0,0,0,0,0,0,0.0,0.0,0.0,0.0,0,0.0,0.0,0.0,0.0,False,a,,,,,2526
379,219937,28,277,Rhys Williams,R.Williams,2,0.6,3.7,12,19,Home,2026-02-28T15:00:00Z,5,2,0,0,0,0,0,0,0,0,0,0,0.0,0.0,0.0,0.0,0,0.0,0.0,0.0,0.0,False,a,,,,,2526
380,489580,28,277,Calvin Ramsay,Ramsay,2,0.2,3.8,12,19,Home,2026-02-28T15:00:00Z,5,2,0,0,0,0,0,0,0,0,0,0,0.0,0.0,0.0,0.0,0,0.0,0.0,0.0,0.0,False,a,,,,,2526
381,118748,28,277,Mohamed Salah,M.Salah,3,14.3,14.0,12,19,Home,2026-02-28T15:00:00Z,5,2,90,0,0,0,2,0,0,0,7,2,0.19,0.3,0.49,1.86,6,2.5,3.4,7.6,14.0,False,a,,2.0,4.0,1.0,2526
382,494595,28,277,Florian Wirtz,Wirtz,3,10.8,8.3,12,19,Home,2026-02-28T15:00:00Z,5,2,0,0,0,0,0,0,0,0,0,0,0.0,0.0,0.0,0.0,0,0.0,0.0,0.0,0.0,False,d,Back injury - 25% chance of playing,4.0,5.0,,2526
383,244731,28,277,Luis Díaz Marulanda,Luis Díaz,3,0.0,8.0,12,19,Home,2026-02-28T15:00:00Z,5,2,0,0,0,0,0,0,0,0,0,0,0.0,0.0,0.0,0.0,0,0.0,0.0,0.0,0.0,False,u,Has joined Bayern Munch permanently.,,,,2526
384,243298,28,277,Cody Gakpo,Gakpo,3,5.6,7.3,12,19,Home,2026-02-28T15:00:00Z,5,2,90,1,0,0,2,1,0,0,17,6,0.34,0.06,0.4,1.86,4,11.3,39.8,34.1,39.0,False,a,,3.0,,3.0,2526
385,223541,28,277,Federico Chiesa,Chiesa,3,0.3,6.3,12,19,Home,2026-02-28T15:00:00Z,5,2,0,0,0,0,0,0,0,0,0,0,0.0,0.0,0.0,0.0,0,0.0,0.0,0.0,0.0,False,a,,,,,2526
386,243016,28,277,Alexis Mac Allister,Mac Allister,3,1.6,6.2,12,19,Home,2026-02-28T15:00:00Z,5,2,90,1,0,0,2,0,0,2,38,9,0.29,0.02,0.31,1.86,11,8.0,47.6,3.7,29.0,False,a,,,,4.0,2526
387,424876,28,277,Dominik Szoboszlai,Szoboszlai,3,9.7,6.8,12,19,Home,2026-02-28T15:00:00Z,5,2,90,0,1,0,2,1,0,0,19,4,0.0,0.32,0.32,1.86,8,6.5,24.0,38.5,2.0,False,a,,1.0,2.0,2.0,2526
388,206915,28,277,Curtis Jones,C.Jones,3,0.1,5.4,12,19,Home,2026-02-28T15:00:00Z,5,2,0,0,0,0,0,0,0,0,0,0,0.0,0.0,0.0,0.0,0,0.0,0.0,0.0,0.0,False,a,,,,,2526
389,444884,28,280,Harvey Elliott,Elliott,3,0.2,5.1,2,20,Away,2026-02-27T20:00:00Z,0,2,0,0,0,0,0,0,0,0,0,0,0.0,0.0,0.0,0.0,0,0.0,0.0,0.0,0.0,False,i,Knock - Unknown return date,,,,2526
390,441266,28,277,Ryan Gravenberch,Gravenberch,3,5.1,5.5,12,19,Home,2026-02-28T15:00:00Z,5,2,85,0,1,0,2,0,0,0,26,5,0.07,0.12,0.19,1.86,4,7.3,25.4,35.3,12.0,False,a,,,,,2526
391,496208,28,272,Ben Gannon-Doak,Gannon-Doak,3,0.0,4.8,4,17,Home,2026-02-28T12:30:00Z,1,1,0,0,0,0,0,0,0,0,0,0,0.0,0.0,0.0,0.0,0,0.0,0.0,0.0,0.0,False,i,Hamstring injury - Unknown return date,,,,2526
392,158983,28,277,Endo Wataru,Endo,3,0.1,4.9,12,19,Home,2026-02-28T15:00:00Z,5,2,0,0,0,0,0,0,0,0,0,0,0.0,0.0,0.0,0.0,0,0.0,0.0,0.0,0.0,False,i,Foot injury - Unknown return date,,,,2526
393,535928,28,277,Stefan Bajčetić Maquieira,Bajcetic,3,0.0,4.3,12,19,Home,2026-02-28T15:00:00Z,5,2,0,0,0,0,0,0,0,0,0,0,0.0,0.0,0.0,0.0,0,0.0,0.0,0.0,0.0,False,i,Hamstring injury - Unknown return date,,,,2526
394,491501,28,277,James McConnell,McConnell,3,0.0,4.4,12,19,Home,2026-02-28T15:00:00Z,5,2,0,0,0,0,0,0,0,0,0,0,0.0,0.0,0.0,0.0,0,0.0,0.0,0.0,0.0,False,u,has joined Ajax on loan for the rest of the season.,,,,2526
395,440148,28,277,Tyler Morton,Morton,3,0.0,4.5,12,19,Home,2026-02-28T15:00:00Z,5,2,0,0,0,0,0,0,0,0,0,0,0.0,0.0,0.0,0.0,0,0.0,0.0,0.0,0.0,False,u,Has joined Lyon permanently.,,,,2526
396,591386,28,277,Trey Nyoni,Nyoni,3,0.3,4.3,12,19,Home,2026-02-28T15:00:00Z,5,2,4,0,0,0,0,0,0,0,-2,1,0.37,0.0,0.37,0.0,2,0.2,0.0,0.0,4.0,False,a,,,,,2526
397,447203,28,277,Darwin Núñez Ribeiro,Darwin,4,0.1,6.5,12,19,Home,2026-02-28T15:00:00Z,5,2,0,0,0,0,0,0,0,0,0,0,0.0,0.0,0.0,0.0,0,0.0,0.0,0.0,0.0,False,u,Has joined Al-Hilal permanently.,,,,2526
398,500058,28,277,Jayden Danns,Danns,4,0.1,4.3,12,19,Home,2026-02-28T15:00:00Z,5,2,0,0,0,0,0,0,0,0,0,0,0.0,0.0,0.0,0.0,0,0.0,0.0,0.0,0.0,False,i,Hamstring injury - Unknown return date,,,,2526
399,121160,28,276,Ederson Santana de Moraes,Ederson M.,1,0.8,5.3,13,11,Away,2026-02-28T17:30:00Z,1,0,0,0,0,0,0,0,0,0,0,0,0.0,0.0,0.0,0.0,0,0.0,0.0,0.0,0.0,False,u,has joined Fenerbache permanently.,,,,2526
400,88248,28,273,Stefan Ortega Moreno,Ortega Moreno,1,0.2,4.7,16,6,Away,2026-03-01T14:00:00Z,1,2,0,0,0,0,0,0,0,0,0,0,0.0,0.0,0.0,0.0,0,0.0,0.0,0.0,0.0,False,d,Calf injury - 75% chance of playing,,,,2526
401,122074,28,276,Marcus Bettinelli,Bettinelli,1,0.4,3.8,13,11,Away,2026-02-28T17:30:00Z,1,0,0,0,0,0,0,0,0,0,0,0,0.0,0.0,0.0,0.0,0,0.0,0.0,0.0,0.0,False,a,,,,,2526
402,448514,28,276,Rayan Aït-Nouri,Aït-Nouri,2,4.0,5.7,13,11,Away,2026-02-28T17:30:00Z,1,0,90,0,1,1,0,1,0,3,39,11,0.06,0.51,0.57,1.49,4,5.4,27.2,20.1,7.0,True,a,,,,,2526
403,477424,28,276,Joško Gvardiol,Gvardiol,2,3.4,5.9,13,11,Away,2026-02-28T17:30:00Z,1,0,0,0,0,0,0,0,0,0,0,0,0.0,0.0,0.0,0.0,0,0.0,0.0,0.0,0.0,False,i,Leg injury - Unknown return date,,,,2526
404,211975,28,276,Manuel Akanji,Akanji,2,0.3,5.4,13,11,Away,2026-02-28T17:30:00Z,1,0,0,0,0,0,0,0,0,0,0,0,0.0,0.0,0.0,0.0,0,0.0,0.0,0.0,0.0,False,u,has joined Inter Milan on loan for the rest of the season.,,,,2526
405,126184,28,276,Nathan Aké,Aké,2,0.6,5.2,13,11,Away,2026-02-28T17:30:00Z,1,0,2,0,0,0,0,0,0,0,3,1,0.0,0.0,0.0,0.05,1,0.3,3.4,0.0,0.0,False,a,,,,,2526
406,578153,28,276,Abdukodir Khusanov,Khusanov,2,0.4,5.4,13,11,Away,2026-02-28T17:30:00Z,1,0,0,0,0,0,0,0,0,0,0,0,0.0,0.0,0.0,0.0,0,0.0,0.0,0.0,0.0,False,a,,,,,2526
407,465351,28,276,Matheus Nunes,Matheus N.,2,3.2,5.4,13,11,Away,2026-02-28T17:30:00Z,1,0,90,0,0,1,0,0,0,2,38,8,0.0,0.26,0.26,1.49,8,10.1,37.4,60.0,4.0,False,a,,,,4.0,2526
408,171314,28,276,Rúben dos Santos Gato Alves Dias,Rúben,2,3.4,5.5,13,11,Away,2026-02-28T17:30:00Z,1,0,90,0,0,1,0,0,0,1,33,9,0.04,0.02,0.06,1.49,14,5.7,32.4,23.6,1.0,False,a,,,,,2526
409,97299,28,276,John Stones,Stones,2,0.6,5.4,13,11,Away,2026-02-28T17:30:00Z,1,0,0,0,0,0,0,0,0,0,0,0,0.0,0.0,0.0,0.0,0,0.0,0.0,0.0,0.0,False,a,,,,,2526
410,477064,28,276,Rico Lewis,Lewis,2,1.2,4.6,13,11,Away,2026-02-28T17:30:00Z,1,0,0,0,0,0,0,0,0,0,0,0,0.0,0.0,0.0,0.0,0,0.0,0.0,0.0,0.0,False,a,,,,,2526
411,472769,28,276,Nico O'Reilly,O'Reilly,2,9.9,5.1,13,11,Away,2026-02-28T17:30:00Z,1,0,69,0,0,1,0,0,0,0,25,6,0.41,0.02,0.43,1.39,5,8.5,23.2,7.8,54.0,False,d,Ankle injury - 75% chance of playing,,,,2526
412,616222,28,276,Vitor de Oliveira Nunes dos Reis,Vitor Reis,2,0.0,5.0,13,11,Away,2026-02-28T17:30:00Z,1,0,0,0,0,0,0,0,0,0,0,0,0.0,0.0,0.0,0.0,0,0.0,0.0,0.0,0.0,False,u,Has joined Girona on loan for the rest of the season.,,,,2526
413,438234,28,276,Omar Marmoush,Marmoush,3,2.5,8.3,13,11,Away,2026-02-28T17:30:00Z,1,0,67,0,0,1,0,0,0,0,5,3,0.28,0.01,0.29,1.39,3,4.5,6.8,1.4,37.0,False,a,,,4.0,2.0,2526
414,209244,28,276,Phil Foden,Foden,3,8.9,8.1,13,11,Away,2026-02-28T17:30:00Z,1,0,0,0,0,0,0,0,0,0,0,0,0.0,0.0,0.0,0.0,0,0.0,0.0,0.0,0.0,False,a,,2.0,3.0,,2526
415,510281,28,276,Sávio Moreira de Oliveira,Savinho,3,0.4,6.9,13,11,Away,2026-02-28T17:30:00Z,1,0,22,0,0,0,0,1,0,0,1,0,0.0,0.0,0.0,0.1,2,0.0,0.2,0.0,0.0,False,a,,,,,2526
416,165809,28,276,Bernardo Mota Veiga de Carvalho e Silva,Bernardo,3,0.6,6.2,13,11,Away,2026-02-28T17:30:00Z,1,0,90,0,0,1,0,0,0,0,13,3,0.0,0.05,0.05,1.49,6,1.9,8.0,8.6,2.0,False,a,,1.0,,,2526
417,466052,28,276,Rayan Cherki,Cherki,3,7.8,6.4,13,11,Away,2026-02-28T17:30:00Z,1,0,87,0,0,1,0,0,0,0,10,3,0.02,0.24,0.26,1.44,5,4.7,5.2,35.1,7.0,False,a,,3.0,2.0,,2526
418,248875,28,276,Jérémy Doku,Doku,3,2.3,6.4,13,11,Away,2026-02-28T17:30:00Z,1,0,0,0,0,0,0,0,0,0,0,0,0.0,0.0,0.0,0.0,0,0.0,0.0,0.0,0.0,False,a,,,,3.0,2526
419,114283,28,279,Jack Grealish,Grealish,3,5.9,6.3,9,15,Away,2026-02-28T15:00:00Z,3,2,0,0,0,0,0,0,0,0,0,0,0.0,0.0,0.0,0.0,0,0.0,0.0,0.0,0.0,False,i,Foot injury - Expected back 01 Jun,,,,2526
420,59859,28,276,İlkay Gündoğan,Gündoğan,3,0.1,6.3,13,11,Away,2026-02-28T17:30:00Z,1,0,0,0,0,0,0,0,0,0,0,0,0.0,0.0,0.0,0.0,0,0.0,0.0,0.0,0.0,False,u,has joined Galatasaray permanently.,,,,2526
421,220566,28,276,Rodrigo 'Rodri' Hernandez Cascante,Rodrigo,3,0.5,6.3,13,11,Away,2026-02-28T17:30:00Z,1,0,90,0,0,1,0,0,0,0,22,3,0.12,0.07,0.19,1.49,9,5.2,20.8,23.3,8.0,False,a,,,,,2526
422,91651,28,276,Mateo Kovačić,Kovačić,3,0.0,5.8,13,11,Away,2026-02-28T17:30:00Z,1,0,0,0,0,0,0,0,0,0,0,0,0.0,0.0,0.0,0.0,0,0.0,0.0,0.0,0.0,False,i,Ankle injury - Unknown return date,,,,2526
423,465694,28,276,Nico González Iglesias,N.Gonzalez,3,0.1,5.9,13,11,Away,2026-02-28T17:30:00Z,1,0,0,0,0,0,0,0,0,0,0,0,0.0,0.0,0.0,0.0,0,0.0,0.0,0.0,0.0,False,a,,,,,2526
424,477555,28,275,Oscar Bobb,Bobb,3,0.2,5.1,10,18,Home,2026-03-01T14:00:00Z,2,1,74,0,1,0,1,0,0,0,20,5,0.03,0.2,0.23,0.65,5,4.8,7.4,32.6,8.0,False,a,,,,,2526
425,575204,28,276,Claudio Echeverri,Echeverri,3,0.0,5.4,13,11,Away,2026-02-28T17:30:00Z,1,0,0,0,0,0,0,0,0,0,0,0,0.0,0.0,0.0,0.0,0,0.0,0.0,0.0,0.0,False,u,has joined Girona on loan for the rest of the season.,,,,2526
426,432714,28,273,James McAtee,McAtee,3,0.1,5.0,16,6,Away,2026-03-01T14:00:00Z,1,2,0,0,0,0,0,0,0,0,0,0,0.0,0.0,0.0,0.0,0,0.0,0.0,0.0,0.0,False,a,,,,5.0,2526
427,433036,28,276,Tijjani Reijnders,Reijnders,3,9.8,5.0,13,11,Away,2026-02-28T17:30:00Z,1,0,20,0,0,0,0,0,0,0,6,1,0.0,0.13,0.13,0.1,4,0.8,4.4,1.1,2.0,False,a,,4.0,,,2526
428,566164,28,276,Sverre Nypan,Nypan,3,0.0,5.0,13,11,Away,2026-02-28T17:30:00Z,1,0,0,0,0,0,0,0,0,0,0,0,0.0,0.0,0.0,0.0,0,0.0,0.0,0.0,0.0,False,a,,,,,2526
429,155405,28,276,Kalvin Phillips,Phillips,3,0.1,4.7,13,11,Away,2026-02-28T17:30:00Z,1,0,0,0,0,0,0,0,0,0,0,0,0.0,0.0,0.0,0.0,0,0.0,0.0,0.0,0.0,False,u,has joined Sheffield United on loan for the rest of the season.,,,,2526
430,223094,28,276,Erling Haaland,Haaland,4,66.4,14.8,13,11,Away,2026-02-28T17:30:00Z,1,0,0,0,0,0,0,0,0,0,0,0,0.0,0.0,0.0,0.0,0,0.0,0.0,0.0,0.0,False,d,Knock - 75% chance of playing,,,1.0,2526
431,451302,28,278,Altay Bayındır,Bayindir,1,0.3,4.7,14,8,Home,2026-03-01T14:00:00Z,2,1,0,0,0,0,0,0,0,0,0,0,0.0,0.0,0.0,0.0,0,0.0,0.0,0.0,0.0,False,a,,,,,2526
432,202641,28,278,André Onana,Onana,1,0.1,4.9,14,8,Home,2026-03-01T14:00:00Z,2,1,0,0,0,0,0,0,0,0,0,0,0.0,0.0,0.0,0.0,0,0.0,0.0,0.0,0.0,False,u,has joined Trabzonspor on loan for the rest of the season.,,,,2526
433,588555,28,278,Elyh Harrison,Harrison,1,0.0,4.0,14,8,Home,2026-03-01T14:00:00Z,2,1,0,0,0,0,0,0,0,0,0,0,0.0,0.0,0.0,0.0,0,0.0,0.0,0.0,0.0,False,u,On loan to Shrewsbury Town,,,,2526
434,21205,28,278,Tom Heaton,Heaton,1,0.2,3.9,14,8,Home,2026-03-01T14:00:00Z,2,1,0,0,0,0,0,0,0,0,0,0,0.0,0.0,0.0,0.0,0,0.0,0.0,0.0,0.0,False,a,,,,,2526
435,461537,28,278,Dermot Mee,Mee,1,0.1,3.9,14,8,Home,2026-03-01T14:00:00Z,2,1,0,0,0,0,0,0,0,0,0,0,0.0,0.0,0.0,0.0,0,0.0,0.0,0.0,0.0,False,a,,,,,2526
436,209365,28,278,Matthijs de Ligt,De Ligt,2,1.8,4.9,14,8,Home,2026-03-01T14:00:00Z,2,1,0,0,0,0,0,0,0,0,0,0,0.0,0.0,0.0,0.0,0,0.0,0.0,0.0,0.0,False,i,Back injury - Unknown return date,,,,2526
437,221820,28,278,Lisandro Martínez,Martinez,2,0.8,4.8,14,8,Home,2026-03-01T14:00:00Z,2,1,0,0,0,0,0,0,0,0,0,0,0.0,0.0,0.0,0.0,0,0.0,0.0,0.0,0.0,False,d,Calf injury - 50% chance of playing,,,,2526
438,230001,28,278,Noussair Mazraoui,Mazraoui,2,0.2,4.9,14,8,Home,2026-03-01T14:00:00Z,2,1,66,0,0,1,0,0,0,1,26,7,0.05,0.03,0.08,0.2,2,2.4,9.6,8.3,6.0,False,a,,,,,2526
439,661712,28,278,Diego León Blanco,D.Leon,2,0.1,4.2,14,8,Home,2026-03-01T14:00:00Z,2,1,0,0,0,0,0,0,0,0,0,0,0.0,0.0,0.0,0.0,0,0.0,0.0,0.0,0.0,False,a,,,,,2526
440,216051,28,278,Diogo Dalot Teixeira,Dalot,2,5.0,4.6,14,8,Home,2026-03-01T14:00:00Z,2,1,90,0,0,0,1,1,0,0,9,1,0.0,0.12,0.12,0.38,2,3.8,12.0,24.2,2.0,False,a,,,,,2526
441,596777,28,278,Patrick Dorgu,Dorgu,2,3.7,4.2,14,8,Home,2026-03-01T14:00:00Z,2,1,0,0,0,0,0,0,0,0,0,0,0.0,0.0,0.0,0.0,0,0.0,0.0,0.0,0.0,False,i,Hamstring injury - Unknown return date,,,,2526
442,95658,28,278,Harry Maguire,Maguire,2,1.8,4.4,14,8,Home,2026-03-01T14:00:00Z,2,1,84,0,0,0,1,0,0,0,13,2,0.05,0.01,0.06,0.38,6,2.7,19.0,2.7,5.0,False,d,Illness - 75% chance of playing,,,,2526
443,106760,28,278,Luke Shaw,Shaw,2,0.8,4.5,14,8,Home,2026-03-01T14:00:00Z,2,1,23,0,0,0,1,0,0,0,-2,1,0.0,0.0,0.0,0.19,1,0.2,1.6,0.5,0.0,False,d,Illness - 75% chance of playing,,,,2526
444,550864,28,278,Leny Yoro,Yoro,2,1.2,4.1,14,8,Home,2026-03-01T14:00:00Z,2,1,90,0,0,0,1,0,0,0,9,2,0.0,0.01,0.01,0.38,5,2.0,17.4,2.3,0.0,False,a,,,,,2526
445,577974,28,278,Harry Amass,Amass,2,0.1,4.0,14,8,Home,2026-03-01T14:00:00Z,2,1,0,0,0,0,0,0,0,0,0,0,0.0,0.0,0.0,0.0,0,0.0,0.0,0.0,0.0,False,u,has joined Norwich City on loan for the rest of the season.,,,,2526
446,547676,28,278,Tyler Fredricson,Fredricson,2,0.1,3.8,14,8,Home,2026-03-01T14:00:00Z,2,1,0,0,0,0,0,0,0,0,0,0,0.0,0.0,0.0,0.0,0,0.0,0.0,0.0,0.0,False,a,,,,,2526
447,606745,28,278,Ayden Heaven,Heaven,2,2.2,3.7,14,8,Home,2026-03-01T14:00:00Z,2,1,5,0,0,0,0,1,0,0,-1,0,0.0,0.0,0.0,0.0,1,0.0,0.0,0.0,0.0,False,a,,,,,2526
448,222690,28,278,Tyrell Malacia,Malacia,2,0.4,3.8,14,8,Home,2026-03-01T14:00:00Z,2,1,0,0,0,0,0,0,0,0,0,0,0.0,0.0,0.0,0.0,0,0.0,0.0,0.0,0.0,False,a,,,,,2526
449,141746,28,278,Bruno Borges Fernandes,B.Fernandes,3,38.0,9.9,14,8,Home,2026-03-01T14:00:00Z,2,1,90,1,1,0,1,0,0,3,47,13,0.86,0.41,1.27,0.38,2,20.8,74.0,96.3,38.0,True,a,,1.0,1.0,1.0,2526
450,430871,28,278,Matheus Santos Carneiro da Cunha,Cunha,3,7.9,8.0,14,8,Home,2026-03-01T14:00:00Z,2,1,90,0,1,0,1,0,0,0,18,5,0.05,0.06,0.11,0.38,6,4.8,13.2,8.6,26.0,False,a,,,,,2526
451,176297,28,278,Marcus Rashford,Rashford,3,0.0,7.0,14,8,Home,2026-03-01T14:00:00Z,2,1,0,0,0,0,0,0,0,0,0,0,0.0,0.0,0.0,0.0,0,0.0,0.0,0.0,0.0,False,u,Has joined Barcelona on loan for the rest of the season,,,,2526
452,493250,28,278,Amad Diallo,Amad,3,1.7,6.2,14,8,Home,2026-03-01T14:00:00Z,2,1,15,0,0,0,0,0,0,0,7,1,0.05,0.12,0.17,0.06,2,5.0,11.2,22.9,16.0,False,a,,,,,2526
453,493105,28,271,Alejandro Garnacho Ferreyra,Garnacho,3,0.5,6.4,7,1,Away,2026-03-01T16:30:00Z,1,2,4,0,0,0,0,0,0,0,3,1,0.0,0.0,0.0,0.0,0,0.0,0.0,0.0,0.0,False,a,,,,,2526
454,467169,28,278,Antony dos Santos,Antony,3,0.1,5.9,14,8,Home,2026-03-01T14:00:00Z,2,1,0,0,0,0,0,0,0,0,0,0,0.0,0.0,0.0,0.0,0,0.0,0.0,0.0,0.0,False,u,has joined Real Betis permanently.,,,,2526
455,184341,28,278,Mason Mount,Mount,3,0.3,5.9,14,8,Home,2026-03-01T14:00:00Z,2,1,0,0,0,0,0,0,0,0,0,0,0.0,0.0,0.0,0.0,0,0.0,0.0,0.0,0.0,False,d,Knock - 25% chance of playing,,,,2526
456,209243,28,280,Jadon Sancho,Sancho,3,0.2,5.8,2,20,Away,2026-02-27T20:00:00Z,0,2,59,0,0,0,0,0,0,0,3,1,0.0,0.02,0.02,0.22,4,2.5,4.8,12.4,8.0,False,a,,4.0,,,2526
457,61256,28,278,Carlos Henrique Casimiro,Casemiro,3,2.5,5.6,14,8,Home,2026-03-01T14:00:00Z,2,1,90,0,0,0,1,0,0,0,14,4,0.36,0.1,0.46,0.38,14,8.0,18.4,18.1,43.0,False,a,,,,,2526
458,516895,28,278,Kobbie Mainoo,Mainoo,3,1.4,4.6,14,8,Home,2026-03-01T14:00:00Z,2,1,90,0,0,0,1,0,0,0,13,2,0.04,0.09,0.13,0.38,10,5.9,16.2,37.6,5.0,False,a,,,,,2526
459,232112,28,278,Manuel Ugarte Ribeiro,Ugarte,3,0.1,4.7,14,8,Home,2026-03-01T14:00:00Z,2,1,0,0,0,0,0,0,0,0,0,0,0.0,0.0,0.0,0.0,0,0.0,0.0,0.0,0.0,False,a,,,,,2526
460,490881,28,278,Toby Collyer,Collyer,3,0.0,4.5,14,8,Home,2026-03-01T14:00:00Z,2,1,0,0,0,0,0,0,0,0,0,0,0.0,0.0,0.0,0.0,0,0.0,0.0,0.0,0.0,False,u,has joined Hull City on loan for the rest of the season.,,,,2526
461,556639,28,278,Jayce Fitzgerald,Fitzgerald,3,0.0,4.3,14,8,Home,2026-03-01T14:00:00Z,2,1,0,0,0,0,0,0,0,0,0,0,0.0,0.0,0.0,0.0,0,0.0,0.0,0.0,0.0,False,a,,,,,2526
462,547037,28,278,Jack Fletcher,J.Fletcher,3,0.1,4.3,14,8,Home,2026-03-01T14:00:00Z,2,1,0,0,0,0,0,0,0,0,0,0,0.0,0.0,0.0,0.0,0,0.0,0.0,0.0,0.0,False,a,,,,,2526
463,618873,28,278,Sékou Koné,Kone,3,0.1,4.3,14,8,Home,2026-03-01T14:00:00Z,2,1,0,0,0,0,0,0,0,0,0,0,0.0,0.0,0.0,0.0,0,0.0,0.0,0.0,0.0,False,u,has joined Lausanne-Sport on loan for the rest of the season.,,,,2526
464,559684,28,278,Jack Moorhouse,Moorhouse,3,0.0,4.5,14,8,Home,2026-03-01T14:00:00Z,2,1,0,0,0,0,0,0,0,0,0,0,0.0,0.0,0.0,0.0,0,0.0,0.0,0.0,0.0,False,u,has joined Leyton Orient on loan for the rest of the season.,,,,2526
465,497894,28,278,Rasmus Højlund,Højlund,4,0.3,6.3,14,8,Home,2026-03-01T14:00:00Z,2,1,0,0,0,0,0,0,0,0,0,0,0.0,0.0,0.0,0.0,0,0.0,0.0,0.0,0.0,False,u,has joined Napoli on loan for the rest of the season.,,,,2526
466,458249,28,278,Joshua Zirkzee,Zirkzee,4,0.4,5.8,14,8,Home,2026-03-01T14:00:00Z,2,1,4,0,0,0,0,0,0,0,5,1,0.3,0.01,0.31,0.0,0,2.5,3.0,11.8,10.0,False,a,,,,,2526
467,596047,28,278,Chido Obi,Obi,4,1.6,4.2,14,8,Home,2026-03-01T14:00:00Z,2,1,0,0,0,0,0,0,0,0,0,0,0.0,0.0,0.0,0.0,0,0.0,0.0,0.0,0.0,False,a,,,,,2526
468,575034,28,278,Ethan Wheatley,Wheatley,4,0.1,4.5,14,8,Home,2026-03-01T14:00:00Z,2,1,0,0,0,0,0,0,0,0,0,0,0.0,0.0,0.0,0.0,0,0.0,0.0,0.0,0.0,False,u,has joined Bradford City on loan for the rest of the season.,,,,2526
469,98747,28,279,Nick Pope,Pope,1,4.6,5.1,15,9,Home,2026-02-28T15:00:00Z,2,3,90,0,0,0,3,0,0,0,-2,1,0.0,0.0,0.0,2.13,0,0.9,9.2,0.0,0.0,False,a,,,,,2526
470,67089,28,274,Martin Dúbravka,Dúbravka,1,32.4,4.0,3,5,Home,2026-02-28T15:00:00Z,3,4,90,0,0,0,4,0,0,0,-2,0,0.0,0.01,0.01,2.25,0,1.6,15.6,0.0,0.0,False,a,,,,,2526
471,81441,28,279,Mark Gillespie,Gillespie,1,0.1,3.9,15,9,Home,2026-02-28T15:00:00Z,2,3,0,0,0,0,0,0,0,0,0,0,0.0,0.0,0.0,0.0,0,0.0,0.0,0.0,0.0,False,a,,,,,2526
472,111452,28,279,Odysseas Vlachodimos,Odysseas,1,0.0,4.0,15,9,Home,2026-02-28T15:00:00Z,2,3,0,0,0,0,0,0,0,0,0,0,0.0,0.0,0.0,0.0,0,0.0,0.0,0.0,0.0,False,u,Has joined Sevilla on loan for the rest of the season.,,,,2526
473,487838,28,279,Lewis Hall,Hall,2,2.5,5.3,15,9,Home,2026-02-28T15:00:00Z,2,3,90,0,0,0,3,0,0,0,3,1,0.01,0.07,0.08,2.13,8,4.3,21.2,10.7,11.0,False,a,,2.0,4.0,,2526
474,119471,28,279,Fabian Schär,Schär,2,1.2,5.2,15,9,Home,2026-02-28T15:00:00Z,2,3,0,0,0,0,0,0,0,0,0,0,0.0,0.0,0.0,0.0,0,0.0,0.0,0.0,0.0,False,i,Ankle injury - Expected back 18 Apr,,1.0,,2526
475,220237,28,279,Sven Botman,Botman,2,0.4,4.9,15,9,Home,2026-02-28T15:00:00Z,2,3,0,0,0,0,0,0,0,0,0,0,0.0,0.0,0.0,0.0,0,0.0,0.0,0.0,0.0,False,a,,,,,2526
476,78916,28,279,Dan Burn,Burn,2,3.3,5.0,15,9,Home,2026-02-28T15:00:00Z,2,3,90,0,0,0,3,1,0,0,-6,0,0.0,0.01,0.01,2.13,4,1.5,13.2,1.4,0.0,False,a,,,,,2526
477,441191,28,279,Tino Livramento,Livramento,2,1.9,4.9,15,9,Home,2026-02-28T15:00:00Z,2,3,0,0,0,0,0,0,0,0,0,0,0.0,0.0,0.0,0.0,0,0.0,0.0,0.0,0.0,False,i,Hamstring injury - Expected back 14 Mar,,,,2526
478,77794,28,279,Kieran Trippier,Trippier,2,1.4,4.9,15,9,Home,2026-02-28T15:00:00Z,2,3,74,0,0,0,2,0,0,0,2,1,0.03,0.02,0.05,1.22,2,2.2,5.6,15.7,1.0,False,a,,4.0,2.0,,2526
479,111773,28,279,Emil Krafth,Krafth,2,0.0,4.3,15,9,Home,2026-02-28T15:00:00Z,2,3,0,0,0,0,0,0,0,0,0,0,0.0,0.0,0.0,0.0,0,0.0,0.0,0.0,0.0,False,i,Knee injury - Unknown return date,,,,2526
480,101148,28,279,Jamaal Lascelles,Lascelles,2,0.0,4.3,15,9,Home,2026-02-28T15:00:00Z,2,3,0,0,0,0,0,0,0,0,0,0,0.0,0.0,0.0,0.0,0,0.0,0.0,0.0,0.0,False,u,has joined Leicester City permanently.,,,,2526
481,545477,28,279,Alex Murphy,A.Murphy,2,0.7,3.8,15,9,Home,2026-02-28T15:00:00Z,2,3,0,0,0,0,0,0,0,0,0,0,0.0,0.0,0.0,0.0,0,0.0,0.0,0.0,0.0,False,a,,,,,2526
482,441024,28,279,Harrison Ashby,Ashby,2,0.1,3.9,15,9,Home,2026-02-28T15:00:00Z,2,3,0,0,0,0,0,0,0,0,0,0,0.0,0.0,0.0,0.0,0,0.0,0.0,0.0,0.0,False,u,has joined Bradford City on loan for the rest of the season.,,,,2526
483,578512,28,279,Miodrag Pivaš,Pivas,2,0.4,3.8,15,9,Home,2026-02-28T15:00:00Z,2,3,0,0,0,0,0,0,0,0,0,0,0.0,0.0,0.0,0.0,0,0.0,0.0,0.0,0.0,False,a,,,,,2526
484,169359,28,279,Matt Targett,Targett,2,0.1,4.0,15,9,Home,2026-02-28T15:00:00Z,2,3,0,0,0,0,0,0,0,0,0,0,0.0,0.0,0.0,0.0,0,0.0,0.0,0.0,0.0,False,u,has joined Middlesbrough on loan for the rest of the season.,,,,2526
485,232826,28,279,Anthony Gordon,Gordon,3,2.8,7.2,15,9,Home,2026-02-28T15:00:00Z,2,3,85,0,0,0,3,0,0,0,11,2,0.08,0.05,0.13,2.13,3,4.7,6.4,15.3,25.0,False,a,,,,1.0,2526
486,449434,28,279,Anthony Elanga,Elanga,3,2.6,6.5,15,9,Home,2026-02-28T15:00:00Z,2,3,55,0,0,0,2,0,0,0,9,1,0.03,0.01,0.04,1.08,3,1.7,7.0,3.0,7.0,False,a,,5.0,,,2526
487,201666,28,279,Harvey Barnes,Barnes,3,1.2,6.1,15,9,Home,2026-02-28T15:00:00Z,2,3,34,0,0,0,1,0,0,0,3,1,0.11,0.1,0.21,1.05,3,4.0,3.2,15.0,22.0,False,a,,,,,2526
488,208706,28,279,Bruno Guimarães Rodriguez Moura,Bruno G.,3,5.9,6.8,15,9,Home,2026-02-28T15:00:00Z,2,3,0,0,0,0,0,0,0,0,0,0,0.0,0.0,0.0,0.0,0,0.0,0.0,0.0,0.0,False,i,Hamstring injury - Expected back 11 Apr,3.0,5.0,2.0,2526
489,114243,28,279,Jacob Murphy,J.Murphy,3,0.6,5.9,15,9,Home,2026-02-28T15:00:00Z,2,3,34,1,0,0,1,0,0,0,23,6,0.08,0.04,0.12,1.05,4,6.5,35.8,6.3,23.0,False,a,,,,,2526
490,180974,28,279,Joelinton Cássio Apolinário de Lira,Joelinton,3,0.3,5.9,15,9,Home,2026-02-28T15:00:00Z,2,3,90,0,1,0,3,0,0,0,23,5,0.14,0.11,0.25,2.13,7,8.7,28.2,31.8,27.0,False,a,,,,,2526
491,432422,28,279,Sandro Tonali,Tonali,3,1.1,5.3,15,9,Home,2026-02-28T15:00:00Z,2,3,90,0,1,0,3,0,0,1,27,6,0.04,0.08,0.12,2.13,5,9.2,38.4,44.8,9.0,False,a,,1.0,1.0,,2526
492,640108,28,279,Antoñito Cordero Campillo,Antoñito C.,3,0.0,4.9,15,9,Home,2026-02-28T15:00:00Z,2,3,0,0,0,0,0,0,0,0,0,0,0.0,0.0,0.0,0.0,0,0.0,0.0,0.0,0.0,False,u,has joined Cadiz on loan for the rest of the season.,,,,2526
493,180135,28,276,Sean Longstaff,Longstaff,3,0.2,4.8,11,13,Home,2026-02-28T17:30:00Z,0,1,0,0,0,0,0,0,0,0,0,0,0.0,0.0,0.0,0.0,0,0.0,0.0,0.0,0.0,False,a,,2.0,2.0,,2526
494,200089,28,279,Joe Willock,Willock,3,0.1,5.0,15,9,Home,2026-02-28T15:00:00Z,2,3,45,0,0,0,1,1,0,0,0,0,0.02,0.02,0.04,1.13,3,2.3,3.8,17.9,1.0,False,a,,,,,2526
495,153127,28,279,Isaac Hayden,Hayden,3,0.0,4.5,15,9,Home,2026-02-28T15:00:00Z,2,3,0,0,0,0,0,0,0,0,0,0,0.0,0.0,0.0,0.0,0,0.0,0.0,0.0,0.0,False,u,Has departed the club as a free agent.,,,,2526
496,564510,28,279,Garang Kuol,Kuol,3,0.0,4.4,15,9,Home,2026-02-28T15:00:00Z,2,3,0,0,0,0,0,0,0,0,0,0,0.0,0.0,0.0,0.0,0,0.0,0.0,0.0,0.0,False,u,has joined Sparta Prague permanently.,,,,2526
497,547719,28,279,Lewis Miley,L.Miley,3,2.4,4.4,15,9,Home,2026-02-28T15:00:00Z,2,3,0,0,0,0,0,0,0,0,0,0,0.0,0.0,0.0,0.0,0,0.0,0.0,0.0,0.0,False,i,Dead leg - Expected back 14 Mar,,,,2526
498,461484,28,279,Joe White,White,3,0.0,4.5,15,9,Home,2026-02-28T15:00:00Z,2,3,0,0,0,0,0,0,0,0,0,0,0.0,0.0,0.0,0.0,0,0.0,0.0,0.0,0.0,False,u,has joined Bradford City on loan for the rest of the season.,,,,2526
499,219168,28,277,Alexander Isak,Isak,4,3.5,10.3,12,19,Home,2026-02-28T15:00:00Z,5,2,0,0,0,0,0,0,0,0,0,0,0.0,0.0,0.0,0.0,0,0.0,0.0,0.0,0.0,False,i,Ankle injury - Expected back 11 Apr,,,,2526
500,538207,28,279,William Osula,Osula,4,0.2,5.4,15,9,Home,2026-02-28T15:00:00Z,2,3,4,0,0,0,0,0,0,0,3,1,0.0,0.0,0.0,0.0,0,0.0,0.0,0.0,0.0,False,a,,,,,2526
501,599303,28,279,Sean Neave,Neave,4,0.3,4.3,15,9,Home,2026-02-28T15:00:00Z,2,3,0,0,0,0,0,0,0,0,0,0,0.0,0.0,0.0,0.0,0,0.0,0.0,0.0,0.0,False,a,,,,,2526
502,85633,28,273,Matz Sels,Sels,1,4.8,4.6,16,6,Away,2026-03-01T14:00:00Z,1,2,90,0,0,0,2,0,0,0,16,2,0.0,0.0,0.0,1.31,0,3.2,31.8,0.0,0.0,False,a,,,,,2526
503,475123,28,273,Carlos Miguel dos Santos Pereira,C.Miguel,1,0.1,4.0,16,6,Away,2026-03-01T14:00:00Z,1,2,0,0,0,0,0,0,0,0,0,0,0.0,0.0,0.0,0.0,0,0.0,0.0,0.0,0.0,False,u,Has joined Palmeiras permanently.,,,,2526
504,224068,28,273,Matt Turner,Turner,1,0.1,4.0,16,6,Away,2026-03-01T14:00:00Z,1,2,0,0,0,0,0,0,0,0,0,0,0.0,0.0,0.0,0.0,0,0.0,0.0,0.0,0.0,False,u,Has joined Lyon permanently.,,,,2526
505,227444,28,273,Nikola Milenković,Milenković,2,3.2,5.1,16,6,Away,2026-03-01T14:00:00Z,1,2,90,0,0,0,2,0,0,0,7,1,0.0,0.03,0.03,1.31,4,1.3,10.2,0.3,2.0,False,a,,,,,2526
506,575476,28,273,Murillo Costa dos Santos,Murillo,2,1.9,5.2,16,6,Away,2026-03-01T14:00:00Z,1,2,90,0,0,0,2,0,0,0,4,1,0.0,0.0,0.0,1.31,6,1.5,14.2,1.0,0.0,False,a,,,2.0,,2526
507,159506,28,273,Ola Aina,Aina,2,2.3,4.7,16,6,Away,2026-03-01T14:00:00Z,1,2,81,0,0,0,2,0,0,0,-1,1,0.0,0.03,0.03,1.31,4,2.2,10.4,11.8,0.0,False,a,,,,,2526
508,215136,28,273,Neco Williams,N.Williams,2,2.8,4.7,16,6,Away,2026-03-01T14:00:00Z,1,2,55,0,0,0,2,0,0,0,-5,0,0.0,0.01,0.01,1.26,4,0.7,6.4,0.9,0.0,False,a,,,,,2526
509,451432,28,273,David Mota Veiga Teixeira do Carmo,David Carmo,2,0.0,4.5,16,6,Away,2026-03-01T14:00:00Z,1,2,0,0,0,0,0,0,0,0,0,0,0.0,0.0,0.0,0.0,0,0.0,0.0,0.0,0.0,False,u,has joined Real Oviedo on loan for the rest of the season.,,,,2526
510,575458,28,273,Jair Paula da Cunha Filho,Jair Cunha,2,0.1,4.2,16,6,Away,2026-03-01T14:00:00Z,1,2,34,0,0,0,0,0,0,0,4,1,0.14,0.0,0.14,0.05,3,1.6,6.0,0.3,10.0,False,a,,,,,2526
511,485047,28,273,Felipe Rodrigues da Silva,Morato,2,0.1,4.3,16,6,Away,2026-03-01T14:00:00Z,1,2,0,0,0,0,0,0,0,0,0,0,0.0,0.0,0.0,0.0,0,0.0,0.0,0.0,0.0,False,a,,,,,2526
512,204822,28,273,Omar Richards,O.Richards,2,0.0,4.5,16,6,Away,2026-03-01T14:00:00Z,1,2,0,0,0,0,0,0,0,0,0,0,0.0,0.0,0.0,0.0,0,0.0,0.0,0.0,0.0,False,u,has joined Rio Ave on loan for the rest of the season.,,,,2526
513,549067,28,273,Zach Abbott,Abbott,2,0.3,3.8,16,6,Away,2026-03-01T14:00:00Z,1,2,0,0,0,0,0,0,0,0,0,0,0.0,0.0,0.0,0.0,0,0.0,0.0,0.0,0.0,False,a,,,,,2526
514,90585,28,273,Willy Boly,Boly,2,0.4,3.8,16,6,Away,2026-03-01T14:00:00Z,1,2,0,0,0,0,0,0,0,0,0,0,0.0,0.0,0.0,0.0,0,0.0,0.0,0.0,0.0,False,i,Knee injury - Unknown return date,,,,2526
515,222531,28,273,Morgan Gibbs-White,Gibbs-White,3,3.4,7.3,16,6,Away,2026-03-01T14:00:00Z,1,2,90,1,0,0,2,0,0,2,37,9,0.18,0.05,0.23,1.31,3,11.6,48.0,38.5,29.0,False,a,,,3.0,2.0,2526
516,209046,28,273,Callum Hudson-Odoi,Hudson-Odoi,3,0.7,5.7,16,6,Away,2026-03-01T14:00:00Z,1,2,73,0,0,0,2,0,0,0,13,2,0.05,0.2,0.25,1.29,3,4.5,9.0,27.3,9.0,False,a,,,,,2526
517,215379,28,273,Elliot Anderson,Anderson,3,6.4,5.4,16,6,Away,2026-03-01T14:00:00Z,1,2,90,0,0,0,2,1,0,0,13,1,0.08,0.16,0.24,1.31,10,3.1,7.6,22.8,1.0,False,a,,1.0,1.0,4.0,2526
518,510500,28,273,João Pedro Ferreira da Silva,Jota,3,0.0,5.4,16,6,Away,2026-03-01T14:00:00Z,1,2,0,0,0,0,0,0,0,0,0,0,0.0,0.0,0.0,0.0,0,0.0,0.0,0.0,0.0,False,u,has joined Besiktas on loan for the rest of the season.,,,,2526
519,250199,28,273,Nicolás Domínguez,Dominguez,3,0.0,5.0,16,6,Away,2026-03-01T14:00:00Z,1,2,0,0,0,0,0,0,0,0,0,0,0.0,0.0,0.0,0.0,0,0.0,0.0,0.0,0.0,False,a,,,,,2526
520,243345,28,273,Lewis O'Brien,O'Brien,3,0.0,5.0,16,6,Away,2026-03-01T14:00:00Z,1,2,0,0,0,0,0,0,0,0,0,0,0.0,0.0,0.0,0.0,0,0.0,0.0,0.0,0.0,False,u,Has joined Wrexham permanently.,,,,2526
521,210462,28,273,Ibrahim Sangaré,Sangaré,3,0.1,4.9,16,6,Away,2026-03-01T14:00:00Z,1,2,90,0,0,0,2,0,0,0,16,2,0.08,0.01,0.09,1.31,7,1.7,8.2,1.6,7.0,False,a,,,,,2526
522,204968,28,273,Ryan Yates,Yates,3,0.1,4.7,16,6,Away,2026-03-01T14:00:00Z,1,2,0,0,0,0,0,0,0,0,0,0,0.0,0.0,0.0,0.0,0,0.0,0.0,0.0,0.0,False,a,,,,,2526
523,569014,28,273,Eric da Silva Moreira,Da Silva Moreira,3,0.1,4.5,16,6,Away,2026-03-01T14:00:00Z,1,2,0,0,0,0,0,0,0,0,0,0,0.0,0.0,0.0,0.0,0,0.0,0.0,0.0,0.0,False,a,,,,,2526
524,495161,28,273,Marko Stamenić,Stamenic,3,0.0,4.5,16,6,Away,2026-03-01T14:00:00Z,1,2,0,0,0,0,0,0,0,0,0,0,0.0,0.0,0.0,0.0,0,0.0,0.0,0.0,0.0,False,u,Has joined Swansea City permanently.,,,,2526
525,60689,28,273,Chris Wood,Wood,4,4.6,7.2,16,6,Away,2026-03-01T14:00:00Z,1,2,0,0,0,0,0,0,0,0,0,0,0.0,0.0,0.0,0.0,0,0.0,0.0,0.0,0.0,False,i,Knee injury - Unknown return date,,,1.0,2526
526,482973,28,273,Igor Jesus Maciel da Cruz,Igor Jesus,4,1.2,5.8,16,6,Away,2026-03-01T14:00:00Z,1,2,82,0,1,0,2,0,0,0,18,5,0.12,0.04,0.16,1.31,5,5.7,21.0,25.2,11.0,False,a,,,,3.0,2526
527,210156,28,273,Taiwo Awoniyi,Awoniyi,4,0.3,5.2,16,6,Away,2026-03-01T14:00:00Z,1,2,7,0,0,0,0,0,0,0,-2,1,0.2,0.0,0.2,0.0,1,0.2,0.0,0.0,4.0,False,a,,,,,2526
528,232571,28,272,Anthony Patterson,Patterson,1,0.2,4.2,17,4,Away,2026-02-28T12:30:00Z,1,1,0,0,0,0,0,0,0,0,0,0,0.0,0.0,0.0,0.0,0,0.0,0.0,0.0,0.0,False,u,has joined Millwall on loan for the rest of the season.,,,,2526
529,74854,28,272,Simon Moore,Moore,1,0.4,3.9,17,4,Away,2026-02-28T12:30:00Z,1,1,0,0,0,0,0,0,0,0,0,0,0.0,0.0,0.0,0.0,0,0.0,0.0,0.0,0.0,False,a,,,,,2526
530,490000,28,272,Blondy Nna Noukeu,Nna Noukeu,1,0.1,3.9,17,4,Away,2026-02-28T12:30:00Z,1,1,0,0,0,0,0,0,0,0,0,0,0.0,0.0,0.0,0.0,0,0.0,0.0,0.0,0.0,False,u,has joined US Boulogne CO permanently.,,,,2526
531,223827,28,272,Daniel Ballard,Ballard,2,3.3,4.6,17,4,Away,2026-02-28T12:30:00Z,1,1,90,0,0,0,1,0,0,0,16,4,0.13,0.01,0.14,1.71,15,4.8,33.2,10.5,4.0,False,a,,,,,2526
532,487676,28,272,Trai Hume,Hume,2,0.3,4.5,17,4,Away,2026-02-28T12:30:00Z,1,1,90,0,0,0,1,0,0,0,12,2,0.0,0.0,0.0,1.71,7,1.8,17.4,0.5,0.0,False,a,,2.0,,,2526
533,220684,28,272,Aji Alese,Alese,2,0.0,4.0,17,4,Away,2026-02-28T12:30:00Z,1,1,0,0,0,0,0,0,0,0,0,0,0.0,0.0,0.0,0.0,0,0.0,0.0,0.0,0.0,False,u,has joined Portsmouth on loan for the rest of the season.,,,,2526
534,232820,28,272,Joe Anderson,Anderson,2,0.3,3.8,17,4,Away,2026-02-28T12:30:00Z,1,1,0,0,0,0,0,0,0,0,0,0,0.0,0.0,0.0,0.0,0,0.0,0.0,0.0,0.0,False,u,has joined Barrow FC permanently.,,,,2526
535,461195,28,272,Dennis Cirkin,Cirkin,2,0.1,4.0,17,4,Away,2026-02-28T12:30:00Z,1,1,0,0,0,0,0,0,0,0,0,0,0.0,0.0,0.0,0.0,0,0.0,0.0,0.0,0.0,False,i,Hamstring injury - Expected back 21 Mar,,,,2526
536,477547,28,272,Leo Fuhr Hjelde,Hjelde,2,0.0,4.0,17,4,Away,2026-02-28T12:30:00Z,1,1,0,0,0,0,0,0,0,0,0,0,0.0,0.0,0.0,0.0,0,0.0,0.0,0.0,0.0,False,u,has joined Sheffield United on loan for the rest of the season.,,,,2526
537,492066,28,272,Niall Huggins,Huggins,2,0.1,4.0,17,4,Away,2026-02-28T12:30:00Z,1,1,0,0,0,0,0,0,0,0,0,0,0.0,0.0,0.0,0.0,0,0.0,0.0,0.0,0.0,False,u,has joined Wycombe Wanderers on loan for the rest of the season.,,,,2526
538,514613,28,272,Zak Johnson,Johnson,2,0.2,3.8,17,4,Away,2026-02-28T12:30:00Z,1,1,0,0,0,0,0,0,0,0,0,0,0.0,0.0,0.0,0.0,0,0.0,0.0,0.0,0.0,False,u,has joined York City on loan for the rest of the season.,,,,2526
539,167512,28,272,Luke O'Nien,O'Nien,2,0.1,4.0,17,4,Away,2026-02-28T12:30:00Z,1,1,0,0,0,0,0,0,0,0,0,0,0.0,0.0,0.0,0.0,0,0.0,0.0,0.0,0.0,False,a,,,,,2526
540,465702,28,272,Timothée Pembélé,Pembele,2,0.3,3.9,17,4,Away,2026-02-28T12:30:00Z,1,1,0,0,0,0,0,0,0,0,0,0,0.0,0.0,0.0,0.0,0,0.0,0.0,0.0,0.0,False,u,has joined Le Havre AC on loan for the rest of the season.,,,,2526
541,434399,28,272,Reinildo Mandava,Reinildo,2,3.1,3.8,17,4,Away,2026-02-28T12:30:00Z,1,1,0,0,0,0,0,0,0,0,0,0,0.0,0.0,0.0,0.0,0,0.0,0.0,0.0,0.0,False,i,Knee injury - Expected back 14 Mar,,,,2526
542,519634,28,272,Jenson Seelt,Seelt,2,0.1,4.0,17,4,Away,2026-02-28T12:30:00Z,1,1,0,0,0,0,0,0,0,0,0,0,0.0,0.0,0.0,0.0,0,0.0,0.0,0.0,0.0,False,u,has joined Wolfsburg on loan for the rest of the season.,,,,2526
543,535818,28,272,Simon Adingra,Adingra,3,0.4,4.9,17,4,Away,2026-02-28T12:30:00Z,1,1,0,0,0,0,0,0,0,0,0,0,0.0,0.0,0.0,0.0,0,0.0,0.0,0.0,0.0,False,u,has joined AS Monaco on loan for the rest of the season.,,,,2526
544,547027,28,272,Habib Diarra,Diarra,3,0.1,5.3,17,4,Away,2026-02-28T12:30:00Z,1,1,90,0,1,0,1,0,0,0,18,5,0.28,0.01,0.29,1.71,5,4.6,6.6,1.3,38.0,False,a,,,,1.0,2526
545,124165,28,272,Patrick Roberts,Roberts,3,0.0,5.4,17,4,Away,2026-02-28T12:30:00Z,1,1,0,0,0,0,0,0,0,0,0,0,0.0,0.0,0.0,0.0,0,0.0,0.0,0.0,0.0,False,u,has joined Birmingham City permanently.,,,,2526
546,626844,28,272,Milan Aleksić,Aleksić,3,0.0,4.9,17,4,Away,2026-02-28T12:30:00Z,1,1,0,0,0,0,0,0,0,0,0,0,0.0,0.0,0.0,0.0,0,0.0,0.0,0.0,0.0,False,a,,,,,2526
547,484420,28,272,Enzo Le Fée,E.Le Fée,3,1.4,5.0,17,4,Away,2026-02-28T12:30:00Z,1,1,90,0,0,0,1,0,0,0,13,2,0.02,0.09,0.11,1.71,10,4.9,12.8,30.1,6.0,False,a,,3.0,2.0,2.0,2526
548,461199,28,272,Romaine Mundle,Mundle,3,0.0,4.9,17,4,Away,2026-02-28T12:30:00Z,1,1,0,0,0,0,0,0,0,0,0,0,0.0,0.0,0.0,0.0,0,0.0,0.0,0.0,0.0,False,i,Hamstring injury - Expected back 22 Mar,,,,2526
549,223336,28,272,Dan Neil,Neil,3,0.0,4.8,17,4,Away,2026-02-28T12:30:00Z,1,1,0,0,0,0,0,0,0,0,0,0,0.0,0.0,0.0,0.0,0,0.0,0.0,0.0,0.0,False,u,has joined Ipswich Town on loan for the rest of the season.,,,,2526
550,215460,28,272,Ian Poveda-Ocampo,Poveda,3,0.0,4.8,17,4,Away,2026-02-28T12:30:00Z,1,1,0,0,0,0,0,0,0,0,0,0,0.0,0.0,0.0,0.0,0,0.0,0.0,0.0,0.0,False,a,,,,,2526
551,554197,28,272,Chris Rigg,Rigg,3,0.0,4.7,17,4,Away,2026-02-28T12:30:00Z,1,1,0,0,0,0,0,0,0,0,0,0,0.0,0.0,0.0,0.0,0,0.0,0.0,0.0,0.0,False,a,,,,,2526
552,577669,28,272,Noah Sadiki,Sadiki,3,0.1,4.9,17,4,Away,2026-02-28T12:30:00Z,1,1,90,0,0,0,1,1,0,0,4,1,0.03,0.02,0.05,1.71,6,2.1,10.8,1.3,9.0,False,a,,,,,2526
553,549912,28,272,Chemsdine Talbi,Talbi,3,0.2,4.9,17,4,Away,2026-02-28T12:30:00Z,1,1,68,0,0,0,1,0,0,0,3,2,0.0,0.03,0.03,1.1,7,0.4,1.8,2.0,0.0,False,a,,,,,2526
554,477851,28,272,Abdoullah Ba,Ba,3,0.3,4.3,17,4,Away,2026-02-28T12:30:00Z,1,1,0,0,0,0,0,0,0,0,0,0,0.0,0.0,0.0,0.0,0,0.0,0.0,0.0,0.0,False,a,,,,,2526
555,171422,28,272,Alan Browne,Browne,3,0.0,4.5,17,4,Away,2026-02-28T12:30:00Z,1,1,0,0,0,0,0,0,0,0,0,0,0.0,0.0,0.0,0.0,0,0.0,0.0,0.0,0.0,False,u,has joined Middlesbrough on loan for the rest of the season.,,,,2526
556,458297,28,272,Pierre Ekwah Elimby,Ekwah,3,0.0,4.5,17,4,Away,2026-02-28T12:30:00Z,1,1,0,0,0,0,0,0,0,0,0,0,0.0,0.0,0.0,0.0,0,0.0,0.0,0.0,0.0,False,u,Has joined AS Saint-Etienne permanently.,,,,2526
557,547410,28,272,Harrison Jones,H.Jones,3,0.1,4.3,17,4,Away,2026-02-28T12:30:00Z,1,1,0,0,0,0,0,0,0,0,0,0,0.0,0.0,0.0,0.0,0,0.0,0.0,0.0,0.0,False,a,,,,,2526
558,493837,28,272,Jay Matete,Matete,3,0.2,4.3,17,4,Away,2026-02-28T12:30:00Z,1,1,0,0,0,0,0,0,0,0,0,0,0.0,0.0,0.0,0.0,0,0.0,0.0,0.0,0.0,False,u,has joined MK Dons permanently.,,,,2526
559,500696,28,272,Nectarios Triantis,Triantis,3,0.0,4.4,17,4,Away,2026-02-28T12:30:00Z,1,1,0,0,0,0,0,0,0,0,0,0,0.0,0.0,0.0,0.0,0,0.0,0.0,0.0,0.0,False,u,has joined Minnesota United permanently.,,,,2526
560,437505,28,272,Wilson Isidor,Isidor,4,1.4,5.1,17,4,Away,2026-02-28T12:30:00Z,1,1,1,0,0,0,0,0,0,0,3,1,0.0,0.0,0.0,0.27,1,0.0,0.0,0.0,0.0,False,a,,,,,2526
561,564406,28,272,Eliezer Mayenda Dossou,Mayenda,4,0.5,5.2,17,4,Away,2026-02-28T12:30:00Z,1,1,90,1,0,0,1,0,0,3,33,9,0.99,0.02,1.01,1.45,4,7.9,36.2,1.1,42.0,False,a,,,,,2526
562,611975,28,272,Ahmed Abdullahi,Abdullahi,4,0.5,4.2,17,4,Away,2026-02-28T12:30:00Z,1,1,0,0,0,0,0,0,0,0,0,0,0.0,0.0,0.0,0.0,0,0.0,0.0,0.0,0.0,False,a,,,,,2526
563,551153,28,272,Luís Hemir Silva Semedo,Luís Hemir,4,0.1,4.4,17,4,Away,2026-02-28T12:30:00Z,1,1,0,0,0,0,0,0,0,0,0,0,0.0,0.0,0.0,0.0,0,0.0,0.0,0.0,0.0,False,u,has joined Moreirense on loan for the rest of the season.,,,,2526
564,440955,28,272,Nazarii Rusyn,Rusyn,4,0.1,4.4,17,4,Away,2026-02-28T12:30:00Z,1,1,0,0,0,0,0,0,0,0,0,0,0.0,0.0,0.0,0.0,0,0.0,0.0,0.0,0.0,False,u,has joined Arka on loan for the rest of the season.,,,,2526
565,184254,28,275,Guglielmo Vicario,Vicario,1,5.7,4.7,18,10,Away,2026-03-01T14:00:00Z,1,2,90,0,0,0,2,0,0,0,7,1,0.0,0.0,0.0,2.14,0,1.9,19.4,0.0,0.0,False,a,,,,,2526
566,214572,28,275,Brandon Austin,Austin,1,0.3,3.9,18,10,Away,2026-03-01T14:00:00Z,1,2,0,0,0,0,0,0,0,0,0,0,0.0,0.0,0.0,0.0,0,0.0,0.0,0.0,0.0,False,a,,,,,2526
567,485055,28,275,Antonín Kinský,Kinsky,1,1.6,3.9,18,10,Away,2026-03-01T14:00:00Z,1,2,0,0,0,0,0,0,0,0,0,0,0.0,0.0,0.0,0.0,0,0.0,0.0,0.0,0.0,False,a,,,,,2526
568,441164,28,275,Pedro Porro Sauceda,Pedro Porro,2,9.3,5.1,18,10,Away,2026-03-01T14:00:00Z,1,2,90,0,0,0,2,1,0,0,4,0,0.08,0.08,0.16,2.14,8,4.8,19.0,24.1,5.0,False,a,,2.0,2.0,,2526
569,221632,28,275,Cristian Romero,Romero,2,3.2,5.0,18,10,Away,2026-03-01T14:00:00Z,1,2,0,0,0,0,0,0,0,0,0,0,0.0,0.0,0.0,0.0,0,0.0,0.0,0.0,0.0,False,s,Suspended until 15 Mar,,,,2526
570,135720,28,275,Kevin Danso,Danso,2,0.1,4.2,18,10,Away,2026-03-01T14:00:00Z,1,2,1,0,0,0,0,0,0,0,4,1,0.0,0.0,0.0,0.0,0,0.1,0.6,0.1,0.0,False,a,,,,,2526
571,115556,28,275,Ben Davies,Davies,2,0.1,4.3,18,10,Away,2026-03-01T14:00:00Z,1,2,0,0,0,0,0,0,0,0,0,0,0.0,0.0,0.0,0.0,0,0.0,0.0,0.0,0.0,False,i,Ankle injury - Unknown return date,,,,2526
572,493125,28,275,Radu Drăgușin,Dragusin,2,0.0,4.5,18,10,Away,2026-03-01T14:00:00Z,1,2,89,0,0,0,2,0,0,0,1,3,0.13,0.0,0.13,2.14,13,2.9,18.2,0.4,10.0,False,a,,,,,2526
573,232859,28,275,Djed Spence,Spence,2,1.0,4.2,18,10,Away,2026-03-01T14:00:00Z,1,2,0,0,0,0,0,0,0,0,0,0,0.0,0.0,0.0,0.0,0,0.0,0.0,0.0,0.0,False,d,Knock - 75% chance of playing,,,,2526
574,487053,28,275,Destiny Udogie,Udogie,2,0.3,4.3,18,10,Away,2026-03-01T14:00:00Z,1,2,0,0,0,0,0,0,0,0,0,0,0.0,0.0,0.0,0.0,0,0.0,0.0,0.0,0.0,False,i,Hamstring injury - Expected back 15 Mar,,,,2526
575,491279,28,275,Micky van de Ven,Van de Ven,2,22.6,4.5,18,10,Away,2026-03-01T14:00:00Z,1,2,90,0,0,0,2,1,0,0,1,0,0.0,0.0,0.0,2.14,3,1.4,11.8,0.5,2.0,False,a,,,,,2526
576,548308,28,275,Ashley Phillips,Phillips,2,0.0,4.0,18,10,Away,2026-03-01T14:00:00Z,1,2,0,0,0,0,0,0,0,0,0,0,0.0,0.0,0.0,0.0,0,0.0,0.0,0.0,0.0,False,u,Has joined Stoke City on loan for the rest of the season.,,,,2526
577,553299,28,275,Takai Kōta,Takai,2,0.0,4.0,18,10,Away,2026-03-01T14:00:00Z,1,2,0,0,0,0,0,0,0,0,0,0,0.0,0.0,0.0,0.0,0,0.0,0.0,0.0,0.0,False,u,has joined Borussia Mönchengladbach on loan for the rest of the season.,,,,2526
578,610799,28,275,Luka Vušković,Vuskovic,2,0.3,3.9,18,10,Away,2026-03-01T14:00:00Z,1,2,0,0,0,0,0,0,0,0,0,0,0.0,0.0,0.0,0.0,0,0.0,0.0,0.0,0.0,False,u,has joined Hamburger SV on loan for the rest of the season.,,,,2526
579,85971,28,275,Son Heung-min,Son,3,0.1,8.5,18,10,Away,2026-03-01T14:00:00Z,1,2,0,0,0,0,0,0,0,0,0,0,0.0,0.0,0.0,0.0,0,0.0,0.0,0.0,0.0,False,u,has joined Los Angeles FC permanently.,,,,2526
580,242898,28,278,Brennan Johnson,Johnson,3,2.4,6.5,8,14,Away,2026-03-01T14:00:00Z,1,2,57,0,1,0,1,0,0,0,14,4,0.0,0.02,0.02,1.22,1,2.9,15.0,14.4,0.0,False,a,,4.0,,,2526
581,172780,28,275,James Maddison,Maddison,3,0.1,6.8,18,10,Away,2026-03-01T14:00:00Z,1,2,0,0,0,0,0,0,0,0,0,0,0.0,0.0,0.0,0.0,0,0.0,0.0,0.0,0.0,False,i,Anterior cruciate ligament - Unknown return date,,,,2526
582,460842,28,275,Mohammed Kudus,Kudus,3,9.5,6.4,18,10,Away,2026-03-01T14:00:00Z,1,2,0,0,0,0,0,0,0,0,0,0,0.0,0.0,0.0,0.0,0,0.0,0.0,0.0,0.0,False,i,Thigh injury - Expected back 11 Apr,3.0,4.0,3.0,2526
583,445044,28,275,Dejan Kulusevski,Kulusevski,3,0.0,6.4,18,10,Away,2026-03-01T14:00:00Z,1,2,0,0,0,0,0,0,0,0,0,0,0.0,0.0,0.0,0.0,0,0.0,0.0,0.0,0.0,False,i,Knee injury - Unknown return date,,,,2526
584,511499,28,275,Mathys Tel,Tel,3,0.1,6.2,18,10,Away,2026-03-01T14:00:00Z,1,2,32,0,0,0,0,0,0,0,7,1,0.0,0.05,0.05,0.77,4,2.8,9.4,14.6,4.0,False,a,,4.0,,,2526
585,202993,28,275,Rodrigo Bentancur,Bentancur,3,0.2,5.2,18,10,Away,2026-03-01T14:00:00Z,1,2,0,0,0,0,0,0,0,0,0,0,0.0,0.0,0.0,0.0,0,0.0,0.0,0.0,0.0,False,i,Hamstring injury - Unknown return date,,,,2526
586,570526,28,275,Lucas Bergvall,Bergvall,3,0.2,5.2,18,10,Away,2026-03-01T14:00:00Z,1,2,0,0,0,0,0,0,0,0,0,0,0.0,0.0,0.0,0.0,0,0.0,0.0,0.0,0.0,False,i,Ankle injury - Unknown return date,,,,2526
587,227127,28,275,Yves Bissouma,Bissouma,3,0.0,5.2,18,10,Away,2026-03-01T14:00:00Z,1,2,79,0,0,0,2,0,0,0,13,2,0.08,0.01,0.09,2.02,7,1.3,6.8,3.8,2.0,False,a,,,,,2526
588,550839,28,275,Wilson Odobert,Odobert,3,0.0,5.3,18,10,Away,2026-03-01T14:00:00Z,1,2,0,0,0,0,0,0,0,0,0,0,0.0,0.0,0.0,0.0,0,0.0,0.0,0.0,0.0,False,i,Knee injury - Unknown return date,,,,2526
589,235674,28,275,Manor Solomon,Solomon,3,0.0,5.4,18,10,Away,2026-03-01T14:00:00Z,1,2,0,0,0,0,0,0,0,0,0,0,0.0,0.0,0.0,0.0,0,0.0,0.0,0.0,0.0,False,u,has joined Fiorentina on loan for the rest of the season.,,,,2526
590,436234,28,275,Bryan Gil Salvatierra,Bryan,3,0.0,4.9,18,10,Away,2026-03-01T14:00:00Z,1,2,0,0,0,0,0,0,0,0,0,0,0.0,0.0,0.0,0.0,0,0.0,0.0,0.0,0.0,False,u,has joined Girona permanently.,,,,2526
591,547701,28,275,Archie Gray,Gray,3,0.1,4.8,18,10,Away,2026-03-01T14:00:00Z,1,2,90,0,1,0,2,0,0,0,19,5,0.0,0.24,0.24,2.14,7,4.4,25.0,14.8,4.0,False,a,,,,,2526
592,499721,28,275,Mikey Moore,Moore,3,0.0,5.0,18,10,Away,2026-03-01T14:00:00Z,1,2,0,0,0,0,0,0,0,0,0,0,0.0,0.0,0.0,0.0,0,0.0,0.0,0.0,0.0,False,u,Has joined Rangers on loan for the rest of the season.,,,,2526
593,482442,28,275,Pape Matar Sarr,P.M.Sarr,3,1.1,4.5,18,10,Away,2026-03-01T14:00:00Z,1,2,32,0,0,0,0,0,0,0,6,1,0.15,0.0,0.15,0.77,6,1.4,6.6,0.0,7.0,False,a,,,,,2526
594,623095,28,275,Yang Min-hyeok,Min-hyeok,3,0.0,4.5,18,10,Away,2026-03-01T14:00:00Z,1,2,0,0,0,0,0,0,0,0,0,0,0.0,0.0,0.0,0.0,0,0.0,0.0,0.0,0.0,False,u,has joined Coventry City on loan for the rest of the season.,,,,2526
595,499726,28,275,Callum Olusesi,Olusesi,3,0.2,4.3,18,10,Away,2026-03-01T14:00:00Z,1,2,0,0,0,0,0,0,0,0,0,0,0.0,0.0,0.0,0.0,0,0.0,0.0,0.0,0.0,False,a,,,,,2526
596,154566,28,275,Dominic Solanke-Mitchell,Solanke,4,1.2,7.2,18,10,Away,2026-03-01T14:00:00Z,1,2,90,0,0,0,2,0,0,0,13,2,0.02,0.02,0.04,2.14,6,3.4,8.8,11.9,13.0,False,a,,,,2.0,2526
597,212319,28,275,Richarlison de Andrade,Richarlison,4,5.4,6.3,18,10,Away,2026-03-01T14:00:00Z,1,2,32,1,0,0,0,1,0,1,28,5,0.13,0.02,0.15,0.77,1,6.7,36.4,11.5,19.0,False,a,,,,5.0,2526
598,552427,28,275,Will Lankshear,Lankshear,4,0.0,4.5,18,10,Away,2026-03-01T14:00:00Z,1,2,0,0,0,0,0,0,0,0,0,0,0.0,0.0,0.0,0.0,0,0.0,0.0,0.0,0.0,False,u,has joined Oxford United on loan for the rest of the season.,,,,2526
599,490145,28,275,Dane Scarlett,Scarlett,4,0.6,4.3,18,10,Away,2026-03-01T14:00:00Z,1,2,0,0,0,0,0,0,0,0,0,0,0.0,0.0,0.0,0.0,0,0.0,0.0,0.0,0.0,False,u,has joined Hibernian on loan for the rest of the season.,,,,2526
600,84182,28,277,Alphonse Areola,Areola,1,2.1,4.3,19,12,Away,2026-02-28T15:00:00Z,2,5,0,0,0,0,0,0,0,0,0,0,0.0,0.0,0.0,0.0,0,0.0,0.0,0.0,0.0,False,a,,,,,2526
601,82143,28,277,Wes Foderingham,Foderingham,1,0.2,4.0,19,12,Away,2026-02-28T15:00:00Z,2,5,0,0,0,0,0,0,0,0,0,0,0.0,0.0,0.0,0.0,0,0.0,0.0,0.0,0.0,False,u,has joined Aris Limassol permanently.,,,,2526
602,483364,28,277,Krisztián Hegyi,Hegyi,1,0.2,3.9,19,12,Away,2026-02-28T15:00:00Z,2,5,0,0,0,0,0,0,0,0,0,0,0.0,0.0,0.0,0.0,0,0.0,0.0,0.0,0.0,False,u,has joined MTK Budapest on loan for the rest of the season.,,,,2526
603,613804,28,277,El Hadji Malick Diouf,Diouf,2,1.8,4.0,19,12,Away,2026-02-28T15:00:00Z,2,5,89,0,1,0,5,0,0,0,15,3,0.07,0.33,0.4,1.42,9,8.4,41.2,29.4,13.0,False,a,,,,,2526
604,109533,28,277,Emerson Palmieri dos Santos,Emerson,2,0.1,4.4,19,12,Away,2026-02-28T15:00:00Z,2,5,0,0,0,0,0,0,0,0,0,0,0.0,0.0,0.0,0.0,0,0.0,0.0,0.0,0.0,False,u,has joined Marseille permanently.,,,,2526
605,214048,28,277,Maximilian Kilman,Kilman,2,0.1,4.1,19,12,Away,2026-02-28T15:00:00Z,2,5,0,0,0,0,0,0,0,0,0,0,0.0,0.0,0.0,0.0,0,0.0,0.0,0.0,0.0,False,a,,,,,2526
606,233963,28,277,Konstantinos Mavropanos,Mavropanos,2,0.1,4.4,19,12,Away,2026-02-28T15:00:00Z,2,5,90,0,0,0,5,0,0,0,-2,2,0.36,0.0,0.36,1.84,11,4.1,26.0,1.2,14.0,False,a,,,,,2526
607,210494,28,277,Nayef Aguerd,N.Aguerd,2,0.0,4.4,19,12,Away,2026-02-28T15:00:00Z,2,5,0,0,0,0,0,0,0,0,0,0,0.0,0.0,0.0,0.0,0,0.0,0.0,0.0,0.0,False,u,has joined Marseille permanently.,,,,2526
608,536109,28,277,Ollie Scarles,Scarles,2,0.0,4.3,19,12,Away,2026-02-28T15:00:00Z,2,5,0,0,0,0,0,0,0,0,0,0,0.0,0.0,0.0,0.0,0,0.0,0.0,0.0,0.0,False,a,,5.0,,,2526
609,462116,28,277,Jean-Clair Todibo,Todibo,2,0.1,4.3,19,12,Away,2026-02-28T15:00:00Z,2,5,0,0,0,0,0,0,0,0,0,0,0.0,0.0,0.0,0.0,0,0.0,0.0,0.0,0.0,False,a,,,,,2526
610,214590,28,277,Aaron Wan-Bissaka,Wan-Bissaka,2,4.6,4.1,19,12,Away,2026-02-28T15:00:00Z,2,5,90,0,0,0,5,0,0,0,-11,0,0.0,0.02,0.02,1.84,3,1.7,10.0,4.6,2.0,False,a,,,,,2526
611,518438,28,277,Kaelan Casey,Casey,2,0.1,4.0,19,12,Away,2026-02-28T15:00:00Z,2,5,0,0,0,0,0,0,0,0,0,0,0.0,0.0,0.0,0.0,0,0.0,0.0,0.0,0.0,False,u,has joined Leyton Orient on loan for the rest of the season.,,,,2526
612,224024,28,277,Lucas Tolentino Coelho de Lima,L.Paquetá,3,1.1,5.9,19,12,Away,2026-02-28T15:00:00Z,2,5,0,0,0,0,0,0,0,0,0,0,0.0,0.0,0.0,0.0,0,0.0,0.0,0.0,0.0,False,u,has joined Flamengo permanently.,,,,2526
613,215439,28,277,Tomáš Souček,Souček,3,0.3,5.7,19,12,Away,2026-02-28T15:00:00Z,2,5,89,1,0,0,5,0,0,0,30,7,0.85,0.01,0.86,1.42,5,8.6,38.2,11.8,36.0,False,a,,,,,2526
614,101178,28,274,James Ward-Prowse,Ward-Prowse,3,0.2,5.6,3,5,Home,2026-02-28T15:00:00Z,3,4,74,0,0,0,3,0,0,0,16,2,0.0,0.05,0.05,1.89,7,3.0,14.8,15.6,0.0,False,a,,1.0,1.0,,2526
615,450070,28,277,Crysencio Summerville,Summerville,3,3.0,5.7,19,12,Away,2026-02-28T15:00:00Z,2,5,90,0,0,0,5,1,0,0,4,1,0.27,0.05,0.32,1.84,11,6.4,9.2,14.7,40.0,False,a,,2.0,,,2526
616,213999,28,277,Edson Álvarez Velázquez,Álvarez,3,0.0,4.9,19,12,Away,2026-02-28T15:00:00Z,2,5,0,0,0,0,0,0,0,0,0,0,0.0,0.0,0.0,0.0,0,0.0,0.0,0.0,0.0,False,u,Has joined Fenerbahçe on loan for the rest of the season.,,,,2526
617,149519,28,277,Maxwel Cornet,Cornet,3,0.0,4.9,19,12,Away,2026-02-28T15:00:00Z,2,5,0,0,0,0,0,0,0,0,0,0,0.0,0.0,0.0,0.0,0,0.0,0.0,0.0,0.0,False,u,has joined Genoa on loan for the rest of the season.,,,,2526
618,197024,28,277,Guido Rodríguez,G.Rodriguez,3,0.0,4.8,19,12,Away,2026-02-28T15:00:00Z,2,5,0,0,0,0,0,0,0,0,0,0,0.0,0.0,0.0,0.0,0,0.0,0.0,0.0,0.0,False,u,has joined Valencia on loan for the rest of the season.,,,,2526
619,577114,28,277,Luis Guilherme Lira dos Santos,L.Guilherme,3,0.0,4.9,19,12,Away,2026-02-28T15:00:00Z,2,5,0,0,0,0,0,0,0,0,0,0,0.0,0.0,0.0,0.0,0,0.0,0.0,0.0,0.0,False,u,has joined Sporting CP permanently.,,,,2526
620,490885,28,277,George Earthy,Earthy,3,0.0,4.5,19,12,Away,2026-02-28T15:00:00Z,2,5,0,0,0,0,0,0,0,0,0,0,0.0,0.0,0.0,0.0,0,0.0,0.0,0.0,0.0,False,u,has joined Bristol City on loan for the rest of the season.,,,,2526
621,229384,28,277,Andy Irving,Irving,3,0.2,4.3,19,12,Away,2026-02-28T15:00:00Z,2,5,0,0,0,0,0,0,0,0,0,0,0.0,0.0,0.0,0.0,0,0.0,0.0,0.0,0.0,False,u,has joined Sparta Prague permanently.,,,,2526
622,518442,28,277,Lewis Orford,Orford,3,0.1,4.4,19,12,Away,2026-02-28T15:00:00Z,2,5,0,0,0,0,0,0,0,0,0,0,0.0,0.0,0.0,0.0,0,0.0,0.0,0.0,0.0,False,u,has joined Stevenage on loan for the rest of the season.,,,,2526
623,490142,28,277,Freddie Potts,Potts,3,0.6,4.4,19,12,Away,2026-02-28T15:00:00Z,2,5,0,0,0,0,0,0,0,0,0,0,0.0,0.0,0.0,0.0,0,0.0,0.0,0.0,0.0,False,s,Suspended until 14 Mar,,,,2526
624,178186,28,277,Jarrod Bowen,Bowen,4,7.8,7.5,19,12,Away,2026-02-28T15:00:00Z,2,5,90,0,1,0,5,0,0,0,26,7,0.0,0.26,0.26,1.84,13,9.1,32.8,41.7,16.0,False,a,,1.0,1.0,2.0,2526
625,91889,28,277,Niclas Füllkrug,Füllkrug,4,0.6,5.6,19,12,Away,2026-02-28T15:00:00Z,2,5,0,0,0,0,0,0,0,0,0,0,0.0,0.0,0.0,0.0,0,0.0,0.0,0.0,0.0,False,u,has joined AC Milan on loan for the rest of the season.,,,,2526
626,565431,28,277,Callum Marshall,Marshall,4,0.5,4.3,19,12,Away,2026-02-28T15:00:00Z,2,5,0,0,0,0,0,0,0,0,0,0,0.0,0.0,0.0,0.0,0,0.0,0.0,0.0,0.0,False,u,has joined VfL Bochum 1848 on loan for the rest of the season.,,,,2526
627,101982,28,280,Sam Johnstone,Johnstone,1,0.1,4.4,20,2,Home,2026-02-27T20:00:00Z,2,0,0,0,0,0,0,0,0,0,0,0,0.0,0.0,0.0,0.0,0,0.0,0.0,0.0,0.0,False,a,,,,,2526
628,149065,28,280,José Malheiro de Sá,José Sá,1,1.2,4.2,20,2,Home,2026-02-27T20:00:00Z,2,0,90,0,0,1,0,0,0,1,31,8,0.0,0.0,0.0,1.03,0,2.8,27.6,0.0,0.0,True,a,,,,,2526
629,79602,28,280,Daniel Bentley,Bentley,1,0.5,3.9,20,2,Home,2026-02-27T20:00:00Z,2,0,0,0,0,0,0,0,0,0,0,0,0.0,0.0,0.0,0.0,0,0.0,0.0,0.0,0.0,False,a,,,,,2526
630,138001,28,279,Tom King,King,1,1.3,3.9,9,15,Away,2026-02-28T15:00:00Z,3,2,0,0,0,0,0,0,0,0,0,0,0.0,0.0,0.0,0.0,0,0.0,0.0,0.0,0.0,False,a,,,,,2526
631,516939,28,280,Emmanuel Agbadou,Agbadou,2,0.1,4.2,20,2,Home,2026-02-27T20:00:00Z,2,0,0,0,0,0,0,0,0,0,0,0,0.0,0.0,0.0,0.0,0,0.0,0.0,0.0,0.0,False,u,has joined Besiktas permanently.,,,,2526
632,87835,28,280,Matt Doherty,Doherty,2,0.1,4.4,20,2,Home,2026-02-27T20:00:00Z,2,0,0,0,0,0,0,0,0,0,0,0,0.0,0.0,0.0,0.0,0,0.0,0.0,0.0,0.0,False,a,,,,,2526
633,490721,28,280,Hugo Bueno López,H.Bueno,2,0.2,4.3,20,2,Home,2026-02-27T20:00:00Z,2,0,90,0,0,1,0,0,0,0,26,6,0.0,0.01,0.01,1.03,7,1.6,14.8,1.4,0.0,False,a,,1.0,,,2526
634,501837,28,280,Yerson Mosquera Valdelamar,Mosquera,2,0.1,4.3,20,2,Home,2026-02-27T20:00:00Z,2,0,90,0,0,1,0,1,0,2,33,9,0.02,0.06,0.08,1.03,10,4.0,22.6,10.4,7.0,True,a,,,,,2526
635,483081,28,280,Rodrigo Martins Gomes,R.Gomes,2,0.1,4.4,20,2,Home,2026-02-27T20:00:00Z,2,0,1,1,0,0,0,0,0,0,17,7,0.28,0.0,0.28,0.21,0,5.0,33.0,0.0,17.0,False,a,,,,,2526
636,231480,28,280,Santiago Ignacio Bueno,S.Bueno,2,0.1,4.4,20,2,Home,2026-02-27T20:00:00Z,2,0,90,0,0,1,0,0,0,0,24,6,0.0,0.0,0.0,1.03,9,2.3,22.6,0.4,0.0,False,a,,,,,2526
637,510362,28,280,Toti Gomes,Toti,2,0.1,4.2,20,2,Home,2026-02-27T20:00:00Z,2,0,90,0,0,1,0,0,0,0,28,8,0.18,0.0,0.18,1.03,12,3.4,28.2,0.8,5.0,False,a,,,,,2526
638,441271,28,280,Ki-Jana Hoever,Hoever,2,1.0,3.8,20,2,Home,2026-02-27T20:00:00Z,2,0,0,0,0,0,0,0,0,0,0,0,0.0,0.0,0.0,0.0,0,0.0,0.0,0.0,0.0,False,u,has joined Sheffield United on loan for the rest of the season.,,,,2526
639,560248,28,280,Bastien Meupiyou Menadjou,Meupiyou,2,0.0,4.0,20,2,Home,2026-02-27T20:00:00Z,2,0,0,0,0,0,0,0,0,0,0,0,0.0,0.0,0.0,0.0,0,0.0,0.0,0.0,0.0,False,u,On loan to FC Alverca,,,,2526
640,641221,28,280,Pedro Cardoso de Lima,Pedro Lima,2,0.4,4.0,20,2,Home,2026-02-27T20:00:00Z,2,0,0,0,0,0,0,0,0,0,0,0,0.0,0.0,0.0,0.0,0,0.0,0.0,0.0,0.0,False,a,,,,,2526
641,517179,28,280,Alfie Pond,Pond,2,1.0,3.9,20,2,Home,2026-02-27T20:00:00Z,2,0,0,0,0,0,0,0,0,0,0,0,0.0,0.0,0.0,0.0,0,0.0,0.0,0.0,0.0,False,u,has joined Crewe Alexandra on loan for the rest of the season.,,,,2526
642,184754,28,280,Hwang Hee-chan,Hee Chan,3,0.1,5.6,20,2,Home,2026-02-27T20:00:00Z,2,0,0,0,0,0,0,0,0,0,0,0,0.0,0.0,0.0,0.0,0,0.0,0.0,0.0,0.0,False,d,Calf injury - 25% chance of playing,,1.0,3.0,2526
643,509291,28,280,André Trindade da Costa Neto,André,3,0.1,5.2,20,2,Home,2026-02-27T20:00:00Z,2,0,88,0,0,1,0,0,0,0,17,5,0.0,0.01,0.01,0.76,13,1.1,9.2,2.1,0.0,False,a,,,,,2526
644,231057,28,280,Jean-Ricner Bellegarde,Bellegarde,3,0.0,5.1,20,2,Home,2026-02-27T20:00:00Z,2,0,80,0,0,1,0,1,0,0,8,2,0.0,0.03,0.03,0.63,3,2.6,5.4,14.8,6.0,False,a,,3.0,2.0,,2526
645,643135,28,280,Fer López González,Fer López,3,0.0,5.1,20,2,Home,2026-02-27T20:00:00Z,2,0,0,0,0,0,0,0,0,0,0,0,0.0,0.0,0.0,0.0,0,0.0,0.0,0.0,0.0,False,u,has joined Celta Vigo on loan for the rest of the season.,,,,2526
646,448089,28,280,João Victor Gomes da Silva,J.Gomes,3,0.3,5.3,20,2,Home,2026-02-27T20:00:00Z,2,0,90,1,1,1,0,0,0,3,53,14,0.29,0.01,0.3,1.03,10,6.7,40.6,2.3,24.0,True,a,,,1.0,,2526
647,181284,28,280,Gonçalo Manuel Ganchinho Guedes,Guedes,3,0.0,5.5,20,2,Home,2026-02-27T20:00:00Z,2,0,0,0,0,0,0,0,0,0,0,0,0.0,0.0,0.0,0.0,0,0.0,0.0,0.0,0.0,False,u,Has joined Real Sociedad permanently.,,,,2526
648,433312,28,280,Marshall Munetsi,Munetsi,3,0.0,5.3,20,2,Home,2026-02-27T20:00:00Z,2,0,0,0,0,0,0,0,0,0,0,0,0.0,0.0,0.0,0.0,0,0.0,0.0,0.0,0.0,False,u,has joined Paris FC on loan for the rest of the season.,,,,2526
649,476502,28,280,Boubacar Traoré,B.Traore,3,0.0,5.0,20,2,Home,2026-02-27T20:00:00Z,2,0,0,0,0,0,0,0,0,0,0,0,0.0,0.0,0.0,0.0,0,0.0,0.0,0.0,0.0,False,u,Has joined FC Metz on loan for the rest of the season.,,,,2526
650,497606,28,280,Tawanda Chirewa,Chirewa,3,0.2,4.3,20,2,Home,2026-02-27T20:00:00Z,2,0,0,0,0,0,0,0,0,0,0,0,0.0,0.0,0.0,0.0,0,0.0,0.0,0.0,0.0,False,u,has joined Barnsley on loan for the rest of the season.,,,,2526
651,596054,28,280,Tom Edozie,Edozie,3,0.4,4.3,20,2,Home,2026-02-27T20:00:00Z,2,0,0,0,0,0,0,0,0,0,0,0,0.0,0.0,0.0,0.0,0,0.0,0.0,0.0,0.0,False,a,,,,,2526
652,593001,28,280,Enso González Medina,Gonzalez,3,1.3,4.3,20,2,Home,2026-02-27T20:00:00Z,2,0,0,0,0,0,0,0,0,0,0,0,0.0,0.0,0.0,0.0,0,0.0,0.0,0.0,0.0,False,a,,,,,2526
653,240299,28,280,Joe Hodge,Hodge,3,0.0,4.5,20,2,Home,2026-02-27T20:00:00Z,2,0,0,0,0,0,0,0,0,0,0,0,0.0,0.0,0.0,0.0,0,0.0,0.0,0.0,0.0,False,u,Signed by CD Tondela,,,,2526
654,247412,28,278,Jørgen Strand Larsen,Strand Larsen,4,2.2,6.2,8,14,Away,2026-03-01T14:00:00Z,1,2,57,0,0,0,1,0,0,0,0,1,0.19,0.01,0.2,1.22,2,0.9,0.0,5.5,8.0,False,a,,,,,2526
655,449988,28,280,Fábio Soares Silva,Fábio Silva,4,0.2,4.9,20,2,Home,2026-02-27T20:00:00Z,2,0,0,0,0,0,0,0,0,0,0,0,0.0,0.0,0.0,0.0,0,0.0,0.0,0.0,0.0,False,u,has joined Borussia Dortmund permanently.,,,,2526
656,429414,28,280,Saša Kalajdžić,Kalajdžić,4,0.0,4.9,20,2,Home,2026-02-27T20:00:00Z,2,0,0,0,0,0,0,0,0,0,0,0,0.0,0.0,0.0,0.0,0,0.0,0.0,0.0,0.0,False,u,has joined LASK on loan for the rest of the season.,,,,2526
657,589507,28,280,Leon Chiwome,Chiwome,4,0.0,4.4,20,2,Home,2026-02-27T20:00:00Z,2,0,0,0,0,0,0,0,0,0,0,0,0.0,0.0,0.0,0.0,0,0.0,0.0,0.0,0.0,False,i,Knee injury - Unknown return date,,,,2526
658,531363,28,280,Nathan Fraser,Fraser,4,1.9,4.2,20,2,Home,2026-02-27T20:00:00Z,2,0,0,0,0,0,0,0,0,0,0,0,0.0,0.0,0.0,0.0,0,0.0,0.0,0.0,0.0,False,a,,,,,2526
659,158534,28,277,Kyle Walker-Peters,Walker-Peters,2,0.2,4.2,19,12,Away,2026-02-28T15:00:00Z,2,5,0,0,0,0,0,0,0,0,0,0,0.0,0.0,0.0,0.0,0,0.0,0.0,0.0,0.0,False,a,,,,,2526
660,466525,28,276,Anton Stach,Stach,3,2.1,4.7,11,13,Home,2026-02-28T17:30:00Z,0,1,90,0,0,0,1,0,0,0,21,2,0.02,0.16,0.18,2.0,10,7.7,16.8,51.8,8.0,False,a,,1.0,1.0,,2526
661,510663,28,277,Hugo Ekitiké,Ekitiké,4,29.0,9.0,12,19,Home,2026-02-28T15:00:00Z,5,2,75,1,2,0,2,0,0,3,49,15,0.21,0.14,0.35,1.69,3,12.7,68.6,23.9,34.0,True,a,,,,,2526
662,500040,28,271,Cristhian Mosquera,Mosquera,2,0.1,5.3,1,7,Home,2026-03-01T16:30:00Z,2,1,0,0,0,0,0,0,0,0,0,0,0.0,0.0,0.0,0.0,0,0.0,0.0,0.0,0.0,False,a,,,,,2526
663,230376,28,280,Jhon Arias,J.Arias,3,0.1,4.9,20,2,Home,2026-02-27T20:00:00Z,2,0,0,0,0,0,0,0,0,0,0,0,0.0,0.0,0.0,0.0,0,0.0,0.0,0.0,0.0,False,u,has joined Palmeiras permanently.,,,,2526
664,86873,28,275,Benjamin Lecomte,Lecomte,1,0.7,3.9,10,18,Home,2026-03-01T14:00:00Z,2,1,0,0,0,0,0,0,0,0,0,0,0.0,0.0,0.0,0.0,0,0.0,0.0,0.0,0.0,False,a,,,,,2526
665,201595,28,276,Lucas Estella Perri,Perri,1,0.2,4.5,11,13,Home,2026-02-28T17:30:00Z,0,1,0,0,0,0,0,0,0,0,0,0,0.0,0.0,0.0,0.0,0,0.0,0.0,0.0,0.0,False,a,,,,,2526
666,224117,28,271,Viktor Gyökeres,Gyökeres,4,12.3,8.8,1,7,Home,2026-03-01T16:30:00Z,2,1,75,0,0,0,1,0,0,0,3,2,0.03,0.05,0.08,1.0,4,0.6,0.2,3.6,2.0,False,a,,,,2.0,2526
667,499300,28,279,Adam Aznou,Aznou,2,0.1,4.2,9,15,Away,2026-02-28T15:00:00Z,3,2,0,0,0,0,0,0,0,0,0,0,0.0,0.0,0.0,0.0,0,0.0,0.0,0.0,0.0,False,a,,,,,2526
668,84450,28,272,Granit Xhaka,Xhaka,3,3.4,5.1,17,4,Away,2026-02-28T12:30:00Z,1,1,75,0,0,0,1,0,0,0,15,2,0.0,0.01,0.01,1.27,11,2.1,9.2,11.3,0.0,False,a,,1.0,1.0,,2526
669,456512,28,273,Dan Ndoye,Ndoye,3,0.7,5.5,16,6,Away,2026-03-01T14:00:00Z,1,2,8,0,0,0,0,0,0,0,5,1,0.0,0.01,0.01,0.0,0,1.2,2.0,10.3,0.0,False,a,,4.0,,,2526
670,498016,28,272,Robin Roefs,Roefs,1,11.4,4.9,17,4,Away,2026-02-28T12:30:00Z,1,1,90,0,0,0,1,1,0,0,9,2,0.0,0.0,0.0,1.71,0,2.2,22.2,0.0,0.0,False,a,,,,,2526
671,75115,28,277,Callum Wilson,Wilson,4,0.6,5.8,19,12,Away,2026-02-28T15:00:00Z,2,5,0,0,0,0,0,0,0,0,0,0,0.0,0.0,0.0,0.0,0,0.0,0.0,0.0,0.0,False,a,,,,,2526
672,551210,28,271,Jorrel Hato,Hato,2,0.2,4.6,7,1,Away,2026-03-01T16:30:00Z,1,2,74,0,0,0,2,1,0,0,0,0,0.0,0.09,0.09,1.03,9,0.5,4.2,0.3,0.0,False,a,,,,,2526
673,154296,28,275,João Maria Lobo Alves Palhares Costa Palhinha Gonçalves,J.Palhinha,3,0.8,5.5,18,10,Away,2026-03-01T14:00:00Z,1,2,90,0,0,0,2,0,0,0,12,2,0.19,0.0,0.19,2.14,11,2.0,6.8,1.4,12.0,False,a,,,,,2526
674,225321,28,279,Aaron Ramsdale,Ramsdale,1,0.7,4.8,15,9,Home,2026-02-28T15:00:00Z,2,3,0,0,0,0,0,0,0,0,0,0,0.0,0.0,0.0,0.0,0,0.0,0.0,0.0,0.0,False,a,,,,,2526
675,107265,28,273,Angus Gunn,Gunn,1,1.1,4.0,16,6,Away,2026-03-01T14:00:00Z,1,2,0,0,0,0,0,0,0,0,0,0,0.0,0.0,0.0,0.0,0,0.0,0.0,0.0,0.0,False,a,,,,,2526
676,503714,28,274,Lesley Ugochukwu,Ugochukwu,3,0.1,5.0,3,5,Home,2026-02-28T15:00:00Z,3,4,45,0,0,0,1,0,0,0,2,1,0.1,0.01,0.11,0.45,2,1.1,2.8,1.3,7.0,False,a,,,,,2526
677,485337,28,278,Evann Guessand,Guessand,3,0.1,6.2,8,14,Away,2026-03-01T14:00:00Z,1,2,32,0,0,0,1,0,0,0,3,1,0.0,0.01,0.01,0.83,5,0.7,4.4,0.8,2.0,False,a,,,,,2526
678,105717,28,272,Arthur Masuaku,Masuaku,2,0.5,3.9,17,4,Away,2026-02-28T12:30:00Z,1,1,0,0,0,0,0,0,0,0,0,0,0.0,0.0,0.0,0.0,0,0.0,0.0,0.0,0.0,False,u,has joined RC Lens on loan for the rest of the season.,,,,2526
679,467189,28,277,Mads Hermansen,Hermansen,1,0.3,4.2,19,12,Away,2026-02-28T15:00:00Z,2,5,90,0,0,0,5,0,0,0,-4,0,0.0,0.0,0.0,1.84,0,1.6,15.8,0.0,0.0,False,a,,,,,2526
680,440323,28,274,Armando Broja,Broja,4,0.2,5.2,3,5,Home,2026-02-28T15:00:00Z,3,4,0,0,0,0,0,0,0,0,0,0,0.0,0.0,0.0,0.0,0,0.0,0.0,0.0,0.0,False,i,Knock - Expected back 14 Mar,,,,2526
681,485711,28,278,Benjamin Sesko,Šeško,4,4.6,7.3,14,8,Home,2026-03-01T14:00:00Z,2,1,74,1,0,0,1,0,0,2,38,8,0.29,0.01,0.3,0.32,1,10.2,38.4,3.4,60.0,False,a,,,,,2526
682,497949,28,280,David Møller Wolfe,Møller Wolfe,2,0.1,4.2,20,2,Home,2026-02-27T20:00:00Z,2,0,0,0,0,0,0,0,0,0,0,0,0.0,0.0,0.0,0.0,0,0.0,0.0,0.0,0.0,False,a,,,,,2526
683,201895,28,272,Omar Alderete,Alderete,2,6.4,4.1,17,4,Away,2026-02-28T12:30:00Z,1,1,90,0,0,0,1,0,0,0,16,4,0.0,0.0,0.0,1.71,21,4.2,41.8,0.4,0.0,False,a,,,,,2526
684,465642,28,279,Malick Thiaw,Thiaw,2,4.4,5.0,15,9,Home,2026-02-28T15:00:00Z,2,3,90,0,0,0,3,0,0,0,2,1,0.33,0.13,0.46,2.13,4,4.1,14.0,13.5,13.0,False,a,,,,,2526
685,242882,28,272,Bafodé Diakité,Diakité,2,0.3,4.2,4,17,Home,2026-02-28T12:30:00Z,1,1,0,0,0,0,0,0,0,0,0,0,0.0,0.0,0.0,0.0,0,0.0,0.0,0.0,0.0,False,a,,,,,2526
686,611922,28,277,Rio Ngumoha,Ngumoha,3,0.8,4.3,12,19,Home,2026-02-28T15:00:00Z,5,2,14,0,0,0,0,0,0,0,6,1,0.12,0.0,0.12,0.16,2,3.6,9.0,10.3,17.0,False,a,,,,,2526
687,606774,28,272,Remy Rees-Dottin,Rees-Dottin,3,0.2,4.3,4,17,Home,2026-02-28T12:30:00Z,1,1,0,0,0,0,0,0,0,0,0,0,0.0,0.0,0.0,0.0,0,0.0,0.0,0.0,0.0,False,a,,,,,2526
688,481283,28,280,James Wright,Wright,1,0.6,3.9,2,20,Away,2026-02-27T20:00:00Z,0,2,0,0,0,0,0,0,0,0,0,0,0.0,0.0,0.0,0.0,0,0.0,0.0,0.0,0.0,False,a,,,,,2526
689,623110,28,279,Seung-Soo Park,Seung soo,3,0.5,4.3,15,9,Home,2026-02-28T15:00:00Z,2,3,0,0,0,0,0,0,0,0,0,0,0.0,0.0,0.0,0.0,0,0.0,0.0,0.0,0.0,False,a,,,,,2526
690,590014,28,278,Rio Cardines,Cardines,3,0.3,4.4,8,14,Away,2026-03-01T14:00:00Z,1,2,0,0,0,0,0,0,0,0,0,0,0.0,0.0,0.0,0.0,0,0.0,0.0,0.0,0.0,False,a,,,,,2526
691,177815,28,276,Dominic Calvert-Lewin,Calvert-Lewin,4,9.3,5.8,11,13,Home,2026-02-28T17:30:00Z,0,1,90,0,0,0,1,0,0,0,-1,2,0.78,0.02,0.8,2.0,1,3.5,0.0,12.5,24.0,False,a,,,,1.0,2526
692,647681,28,277,Giovanni Leoni,Leoni,2,0.0,4.9,12,19,Home,2026-02-28T15:00:00Z,5,2,0,0,0,0,0,0,0,0,0,0,0.0,0.0,0.0,0.0,0,0.0,0.0,0.0,0.0,False,i,Knee injury - Expected back 01 Sep,,,,2526
693,503301,28,273,Omari Hutchinson,Hutchinson,3,0.1,5.4,16,6,Away,2026-03-01T14:00:00Z,1,2,55,0,0,0,2,0,0,0,4,1,0.02,0.01,0.03,1.26,4,2.4,2.8,1.8,19.0,False,a,,2.0,,,2526
694,200834,28,272,Nordi Mukiele,Mukiele,2,11.1,4.6,17,4,Away,2026-02-28T12:30:00Z,1,1,0,0,0,0,0,0,0,0,0,0,0.0,0.0,0.0,0.0,0,0.0,0.0,0.0,0.0,False,i,Calf injury - Expected back 14 Mar,,,,2526
695,523705,28,280,Jackson Tchatchoua,Tchatchoua,2,0.0,4.4,20,2,Home,2026-02-27T20:00:00Z,2,0,90,0,0,1,0,0,0,0,24,6,0.0,0.01,0.01,1.03,4,2.2,13.2,8.7,0.0,False,a,,,,,2526
696,465680,28,273,Arnaud Kalimuendo,Kalimuendo,4,0.1,6.0,16,6,Away,2026-03-01T14:00:00Z,1,2,0,0,0,0,0,0,0,0,0,0,0.0,0.0,0.0,0.0,0,0.0,0.0,0.0,0.0,False,u,has joined Eintracht Frankfurt on loan for the rest of the season.,,,,2526
697,489888,28,272,Amine Adli,Adli,3,0.7,5.4,4,17,Home,2026-02-28T12:30:00Z,1,1,9,0,0,0,0,0,0,0,6,1,0.0,0.02,0.02,0.08,1,1.1,2.0,4.8,4.0,False,a,,3.0,,,2526
698,435997,28,276,Noah Okafor,Okafor,3,0.1,5.5,11,13,Home,2026-02-28T17:30:00Z,0,1,0,0,0,0,0,0,0,0,0,0,0.0,0.0,0.0,0.0,0,0.0,0.0,0.0,0.0,False,i,Hamstring injury - Expected back 14 Mar,,,,2526
699,230046,28,280,Douglas Luiz Soares de Paulo,Douglas Luiz,3,0.1,4.9,2,20,Away,2026-02-27T20:00:00Z,0,2,59,0,0,0,0,0,0,0,5,1,0.13,0.11,0.24,0.22,6,6.0,13.2,29.8,17.0,False,a,,1.0,,,2526
700,616077,28,271,Max Dowman,Dowman,3,0.5,4.2,1,7,Home,2026-03-01T16:30:00Z,2,1,0,0,0,0,0,0,0,0,0,0,0.0,0.0,0.0,0.0,0,0.0,0.0,0.0,0.0,False,d,Lack of match fitness - 75% chance of playing,,,,2526
701,569577,28,280,Triston Rowe,Rowe,2,0.1,4.0,2,20,Away,2026-02-27T20:00:00Z,0,2,0,0,0,0,0,0,0,0,0,0,0.0,0.0,0.0,0.0,0,0.0,0.0,0.0,0.0,False,u,has joined Annecy on loan for the rest of the season.,,,,2526
702,645618,28,280,Bradley Burrowes,Burrowes,3,0.1,4.4,2,20,Away,2026-02-27T20:00:00Z,0,2,0,0,0,0,0,0,0,0,0,0,0.0,0.0,0.0,0.0,0,0.0,0.0,0.0,0.0,False,a,,,,,2526
703,564505,28,280,Sam Proctor,Proctor,1,0.6,3.9,2,20,Away,2026-02-27T20:00:00Z,0,2,0,0,0,0,0,0,0,0,0,0,0.0,0.0,0.0,0.0,0,0.0,0.0,0.0,0.0,False,a,,,,,2526
704,461446,28,279,Tyler Onyango,Onyango,3,0.0,4.5,9,15,Away,2026-02-28T15:00:00Z,3,2,0,0,0,0,0,0,0,0,0,0,0.0,0.0,0.0,0.0,0,0.0,0.0,0.0,0.0,False,u,has joined Stockport County on loan for the rest of the season.,,,,2526
705,491745,28,279,Elijah Campbell,Campbell,2,0.2,3.9,9,15,Away,2026-02-28T15:00:00Z,3,2,0,0,0,0,0,0,0,0,0,0,0.0,0.0,0.0,0.0,0,0.0,0.0,0.0,0.0,False,u,has joined Port Vale on loan for the rest of the season.,,,,2526
706,220627,28,276,James Justin,Justin,2,1.0,3.9,11,13,Home,2026-02-28T17:30:00Z,0,1,86,0,0,0,1,0,0,0,8,2,0.03,0.01,0.04,2.0,8,3.5,23.8,0.5,11.0,False,a,,3.0,,,2526
707,496661,28,279,Tyler Dibling,Dibling,3,0.0,5.3,9,15,Away,2026-02-28T15:00:00Z,3,2,0,0,0,0,0,0,0,0,0,0,0.0,0.0,0.0,0.0,0,0.0,0.0,0.0,0.0,False,a,,,,,2526
708,551226,28,277,Mateus Gonçalo Espanha Fernandes,M.Fernandes,3,0.4,5.5,19,12,Away,2026-02-28T15:00:00Z,2,5,90,0,0,0,5,0,0,0,18,2,0.02,0.06,0.08,1.84,8,2.4,11.0,5.8,7.0,False,a,,4.0,,,2526
709,431248,28,280,Ladislav Krejcí,Krejčí,2,0.1,4.5,20,2,Home,2026-02-27T20:00:00Z,2,0,0,0,0,0,0,0,0,0,0,0,0.0,0.0,0.0,0.0,0,0.0,0.0,0.0,0.0,False,a,,,,,2526
710,534836,28,280,Travis Patterson,Patterson,2,0.2,3.9,2,20,Away,2026-02-27T20:00:00Z,0,2,0,0,0,0,0,0,0,0,0,0,0.0,0.0,0.0,0.0,0,0.0,0.0,0.0,0.0,False,a,,,,,2526
711,646243,28,271,Andre Harriman-Annous,Harriman-Annous,3,0.0,4.4,1,7,Home,2026-03-01T16:30:00Z,2,1,0,0,0,0,0,0,0,0,0,0,0.0,0.0,0.0,0.0,0,0.0,0.0,0.0,0.0,False,a,,,,,2526
712,488024,28,278,Yéremy Pino Santos,Yeremy,3,0.2,5.8,8,14,Away,2026-03-01T14:00:00Z,1,2,5,0,0,0,0,0,0,0,4,1,0.0,0.04,0.04,0.36,3,0.4,0.6,3.7,0.0,False,a,,2.0,1.0,,2526
713,551483,28,272,Álex Jiménez Sánchez,A.Jimenez,2,0.2,4.5,4,17,Home,2026-02-28T12:30:00Z,1,1,90,0,0,0,1,0,0,0,12,2,0.08,0.23,0.31,1.42,7,5.0,18.4,27.8,4.0,False,a,,,,,2526
714,470313,28,279,Nick Woltemade,Woltemade,4,7.5,6.8,15,9,Home,2026-02-28T15:00:00Z,2,3,55,0,0,0,2,0,0,0,1,1,0.0,0.01,0.01,1.08,2,0.2,0.0,1.9,0.0,False,a,,,,3.0,2526
715,221389,28,273,John Victor Maciel Furtado,John,1,0.3,4.0,16,6,Away,2026-03-01T14:00:00Z,1,2,0,0,0,0,0,0,0,0,0,0,0.0,0.0,0.0,0.0,0,0.0,0.0,0.0,0.0,False,i,Knee injury - Expected back 01 Jun,,,,2526
716,500151,28,273,Nicolò Savona,Savona,2,0.1,4.5,16,6,Away,2026-03-01T14:00:00Z,1,2,0,0,0,0,0,0,0,0,0,0,0.0,0.0,0.0,0.0,0,0.0,0.0,0.0,0.0,False,i,Knee injury - Unknown return date,,,,2526
717,493362,28,275,Xavi Simons,Xavi,3,1.1,6.5,18,10,Away,2026-03-01T14:00:00Z,1,2,57,0,0,0,2,0,0,0,4,1,0.0,0.04,0.04,1.37,4,1.8,1.6,16.2,0.0,False,a,,1.0,3.0,4.0,2526
718,564940,28,277,Soungoutou Magassa,S.Magassa,3,0.0,5.0,19,12,Away,2026-02-28T15:00:00Z,2,5,75,0,0,0,4,1,0,0,2,1,0.0,0.01,0.01,1.22,6,0.6,2.2,3.4,0.0,False,a,,,,,2526
719,184667,28,280,Victor Lindelöf,Lindelöf,2,0.1,4.5,2,20,Away,2026-02-27T20:00:00Z,0,2,0,0,0,0,0,0,0,0,0,0,0.0,0.0,0.0,0.0,0,0.0,0.0,0.0,0.0,False,a,,,,,2526
720,488213,28,280,Tolu Arokodare,Tolu,4,0.2,5.4,20,2,Home,2026-02-27T20:00:00Z,2,0,9,0,0,0,0,0,0,0,4,1,0.0,0.01,0.01,0.4,1,1.4,4.0,10.3,0.0,False,a,,,,5.0,2526
721,620487,28,272,Veljko Milosavljevic,Milosavljević,2,0.0,4.4,4,17,Home,2026-02-28T12:30:00Z,1,1,0,0,0,0,0,0,0,0,0,0,0.0,0.0,0.0,0.0,0,0.0,0.0,0.0,0.0,False,a,,,,,2526
722,216055,28,274,Florentino Ibrain Morris Luís,Florentino,3,0.0,5.0,3,5,Home,2026-02-28T15:00:00Z,3,4,15,0,0,0,1,0,0,0,5,1,0.0,0.0,0.0,0.36,3,1.2,12.2,0.2,0.0,False,a,,,,,2526
723,651426,28,278,Jaydee Canvot,Canvot,2,0.0,4.5,8,14,Away,2026-03-01T14:00:00Z,1,2,90,0,0,0,2,0,0,0,7,3,0.0,0.01,0.01,2.05,14,3.3,29.6,0.9,2.0,False,a,,,,,2526
724,247955,28,272,Lutsharel Geertruida,Geertruida,2,0.0,4.5,17,4,Away,2026-02-28T12:30:00Z,1,1,90,0,0,0,1,0,0,0,6,4,0.0,0.01,0.01,1.71,13,2.6,21.4,2.3,2.0,False,a,,,,,2526
725,448104,28,271,Piero Hincapié,Hincapie,2,0.7,5.1,1,7,Home,2026-03-01T16:30:00Z,2,1,90,0,0,0,1,0,0,0,-3,0,0.0,0.0,0.0,1.05,5,0.2,1.6,0.2,0.0,False,a,,,,,2526
726,247693,28,275,Randal Kolo Muani,Kolo Muani,4,0.4,6.9,18,10,Away,2026-03-01T14:00:00Z,1,2,57,0,0,0,2,0,0,0,3,1,0.09,0.03,0.12,1.37,3,2.8,0.0,10.5,18.0,False,a,,,,,2526
727,218328,28,275,Samuel Chukwueze,Chukwueze,3,0.1,5.3,10,18,Home,2026-03-01T14:00:00Z,2,1,18,0,0,0,0,0,0,0,6,1,0.04,0.21,0.25,0.23,4,4.0,8.6,22.6,9.0,False,a,,,,,2526
728,513466,28,279,Merlin Röhl,Röhl,3,0.0,5.0,9,15,Away,2026-02-28T15:00:00Z,3,2,0,0,0,0,0,0,0,0,0,0,0.0,0.0,0.0,0.0,0,0.0,0.0,0.0,0.0,False,a,,,,,2526
729,560441,28,273,Luis Eduardo Soares da Silva,Cuiabano,2,0.0,4.5,16,6,Away,2026-03-01T14:00:00Z,1,2,0,0,0,0,0,0,0,0,0,0,0.0,0.0,0.0,0.0,0,0.0,0.0,0.0,0.0,False,u,has joined Vasco de Gama on loan for the rest of the season.,,,,2526
730,441264,28,272,Brian Brobbey,Brobbey,4,0.9,5.4,17,4,Away,2026-02-28T12:30:00Z,1,1,0,0,0,0,0,0,0,0,0,0,0.0,0.0,0.0,0.0,0,0.0,0.0,0.0,0.0,False,i,Groin Injury - Expected back 14 Mar,,,,2526
731,560552,28,275,Kevin Santos Lopes de Macedo,Kevin,3,0.1,5.8,10,18,Home,2026-03-01T14:00:00Z,2,1,0,0,0,0,0,0,0,0,0,0,0.0,0.0,0.0,0.0,0,0.0,0.0,0.0,0.0,False,i,Foot injury - Unknown return date,,,,2526
732,660392,28,278,Christantus Uche,Uche,4,0.1,5.5,8,14,Away,2026-03-01T14:00:00Z,1,2,0,0,0,0,0,0,0,0,0,0,0.0,0.0,0.0,0.0,0,0.0,0.0,0.0,0.0,False,a,,,,,2526
733,465247,28,278,Senne Lammens,Lammens,1,2.4,5.0,14,8,Home,2026-03-01T14:00:00Z,2,1,90,0,0,0,1,0,0,0,8,2,0.0,0.0,0.0,0.38,0,1.5,15.2,0.0,0.0,False,a,,,,,2526
734,476887,28,273,Dilane Bakwa,Bakwa,3,0.0,5.9,16,6,Away,2026-03-01T14:00:00Z,1,2,16,0,0,0,0,0,0,0,0,1,0.06,0.0,0.06,0.02,0,0.5,0.0,0.8,6.0,False,a,,3.0,,,2526
735,110504,28,272,Bertrand Traoré,Traoré,3,0.0,5.5,17,4,Away,2026-02-28T12:30:00Z,1,1,21,0,0,0,0,0,0,0,1,1,0.0,0.0,0.0,0.62,0,0.0,0.0,0.1,0.0,False,a,,,,,2526
736,204936,28,276,Gianluigi Donnarumma,Donnarumma,1,9.3,5.6,13,11,Away,2026-02-28T17:30:00Z,1,0,90,0,0,1,0,1,0,0,23,5,0.0,0.0,0.0,1.49,0,1.4,14.2,0.0,0.0,False,a,,,,,2526
737,631786,28,275,Jonah Kusi-Asare,Kusi-Asare,4,0.1,4.5,10,18,Home,2026-03-01T14:00:00Z,2,1,0,0,0,0,0,0,0,0,0,0,0.0,0.0,0.0,0.0,0,0.0,0.0,0.0,0.0,False,a,,,,,2526
738,37096,28,277,Lukasz Fabianski,Fabianski,1,0.0,4.5,19,12,Away,2026-02-28T15:00:00Z,2,5,0,0,0,0,0,0,0,0,0,0,0.0,0.0,0.0,0.0,0,0.0,0.0,0.0,0.0,False,d,Back injury - 25% chance of playing,,,,2526
739,590039,28,276,Divine Mukasa,Mukasa,3,0.0,4.4,13,11,Away,2026-02-28T17:30:00Z,1,0,0,0,0,0,0,0,0,0,0,0,0.0,0.0,0.0,0.0,0,0.0,0.0,0.0,0.0,False,u,has joined Leicester City on loan for the rest of the season.,,,,2526
740,566213,28,276,Stephen Mfuni,Mfuni,2,0.0,3.9,13,11,Away,2026-02-28T17:30:00Z,1,0,0,0,0,0,0,0,0,0,0,0,0.0,0.0,0.0,0.0,0,0.0,0.0,0.0,0.0,False,u,has joined Watford on loan for the rest of the season.,,,,2526
741,600882,28,276,Harry Gray,Gray,4,0.1,4.5,11,13,Home,2026-02-28T17:30:00Z,0,1,0,0,0,0,0,0,0,0,0,0,0.0,0.0,0.0,0.0,0,0.0,0.0,0.0,0.0,False,u,has joined Rotherham United on loan for the rest of the season.,,,,2526
742,616288,28,276,Ryan McAidoo,McAidoo,3,0.0,4.5,13,11,Away,2026-02-28T17:30:00Z,1,0,0,0,0,0,0,0,0,0,0,0,0.0,0.0,0.0,0.0,0,0.0,0.0,0.0,0.0,False,a,,,,,2526
743,611912,28,271,Landon Emenalo,Emenalo,3,0.0,4.5,7,1,Away,2026-03-01T16:30:00Z,1,2,0,0,0,0,0,0,0,0,0,0,0.0,0.0,0.0,0.0,0,0.0,0.0,0.0,0.0,False,a,,,,,2526
744,556637,28,273,Nehemiah Oriola,Oriola,3,0.0,4.5,6,16,Home,2026-03-01T14:00:00Z,2,1,0,0,0,0,0,0,0,0,0,0,0.0,0.0,0.0,0.0,0,0.0,0.0,0.0,0.0,False,a,,,,,2526
745,640419,28,275,Jun'ai Byfield,Byfield,2,0.0,4.0,18,10,Away,2026-03-01T14:00:00Z,1,2,0,0,0,0,0,0,0,0,0,0,0.0,0.0,0.0,0.0,0,0.0,0.0,0.0,0.0,False,a,,,,,2526
746,596042,28,277,Kieran Morrison,Morrison,3,0.0,4.5,12,19,Home,2026-02-28T15:00:00Z,5,2,0,0,0,0,0,0,0,0,0,0,0.0,0.0,0.0,0.0,0,0.0,0.0,0.0,0.0,False,a,,,,,2526
747,602903,28,277,Ezra Mayers,Mayers,2,0.0,4.0,19,12,Away,2026-02-28T15:00:00Z,2,5,1,0,0,0,0,0,0,0,3,1,0.0,0.05,0.05,0.41,0,0.2,0.6,1.1,0.0,False,a,,,,,2526
748,183656,28,274,Josh Dasilva,Dasilva,3,0.0,4.9,5,3,Away,2026-02-28T15:00:00Z,4,3,0,0,0,0,0,0,0,0,0,0,0.0,0.0,0.0,0.0,0,0.0,0.0,0.0,0.0,False,d,Lack of match fitness - 25% chance of playing,,,,2526
749,647671,28,280,Mateus Mané,Mané,4,2.5,4.6,20,2,Home,2026-02-27T20:00:00Z,2,0,90,0,0,1,0,0,0,0,6,2,0.09,0.01,0.1,1.03,5,2.0,1.6,11.5,7.0,False,a,,2.0,3.0,,2526
750,499716,28,275,James Rowswell,Rowswell,2,0.0,4.0,18,10,Away,2026-03-01T14:00:00Z,1,2,0,0,0,0,0,0,0,0,0,0,0.0,0.0,0.0,0.0,0,0.0,0.0,0.0,0.0,False,a,,,,,2526
751,590035,28,275,Yusuf Akhamrich,Akhamrich,3,0.0,4.5,18,10,Away,2026-03-01T14:00:00Z,1,2,0,0,0,0,0,0,0,0,0,0,0.0,0.0,0.0,0.0,0,0.0,0.0,0.0,0.0,False,u,has joined Bristol Rovers on loan for the rest of the season.,,,,2526
752,643473,28,277,Airidas Golambeckis,Golambeckis,2,0.0,4.0,19,12,Away,2026-02-28T15:00:00Z,2,5,0,0,0,0,0,0,0,0,0,0,0.0,0.0,0.0,0.0,0,0.0,0.0,0.0,0.0,False,a,,,,,2526
753,19236,28,279,John Ruddy,Ruddy,1,0.0,4.0,15,9,Home,2026-02-28T15:00:00Z,2,3,0,0,0,0,0,0,0,0,0,0,0.0,0.0,0.0,0.0,0,0.0,0.0,0.0,0.0,False,a,,,,,2526
754,577285,28,280,George Hemmings,George Hemmings,3,0.0,4.5,2,20,Away,2026-02-27T20:00:00Z,0,2,0,0,0,0,0,0,0,0,0,0,0.0,0.0,0.0,0.0,0,0.0,0.0,0.0,0.0,False,a,,,,,2526
755,576628,28,278,Shea Lacey,Lacey,3,0.0,4.5,14,8,Home,2026-03-01T14:00:00Z,2,1,0,0,0,0,0,0,0,0,0,0,0.0,0.0,0.0,0.0,0,0.0,0.0,0.0,0.0,False,a,,,,,2526
756,678552,28,272,Malcom DaCosta,DaCosta,3,0.0,4.5,4,17,Home,2026-02-28T12:30:00Z,1,1,0,0,0,0,0,0,0,0,0,0,0.0,0.0,0.0,0.0,0,0.0,0.0,0.0,0.0,False,a,,,,,2526
757,516875,28,280,Ronnie Hollingshead,Hollingshead,1,0.0,4.0,2,20,Away,2026-02-27T20:00:00Z,0,2,0,0,0,0,0,0,0,0,0,0,0.0,0.0,0.0,0.0,0,0.0,0.0,0.0,0.0,False,a,,,,,2526
758,630699,28,277,Mohamadou Kanté,Mohamadou Kanté,3,0.0,4.5,19,12,Away,2026-02-28T15:00:00Z,2,5,1,0,0,0,0,0,0,0,3,1,0.0,0.0,0.0,0.41,1,0.1,0.0,0.7,0.0,False,a,,,,,2526
759,616065,28,271,Marli Salmon,Salmon,2,0.0,4.0,1,7,Home,2026-03-01T16:30:00Z,2,1,0,0,0,0,0,0,0,0,0,0,0.0,0.0,0.0,0.0,0,0.0,0.0,0.0,0.0,False,a,,,,,2526
760,519440,28,277,Wellity Lucky,Lucky,2,0.0,4.0,12,19,Home,2026-02-28T15:00:00Z,5,2,0,0,0,0,0,0,0,0,0,0,0.0,0.0,0.0,0.0,0,0.0,0.0,0.0,0.0,False,a,,,,,2526
761,604988,28,273,Freddie Simmonds,Simmonds,2,0.0,4.0,6,16,Home,2026-03-01T14:00:00Z,2,1,0,0,0,0,0,0,0,0,0,0,0.0,0.0,0.0,0.0,0,0.0,0.0,0.0,0.0,False,a,,,,,2526
762,672492,28,278,Joél Drakes-Thomas,Drakes-Thomas,3,0.0,4.5,8,14,Away,2026-03-01T14:00:00Z,1,2,0,0,0,0,0,0,0,0,0,0,0.0,0.0,0.0,0.0,0,0.0,0.0,0.0,0.0,False,a,,,,,2526
763,516234,28,276,Charlie Gray,Gray,3,0.0,4.5,13,11,Away,2026-02-28T17:30:00Z,1,0,0,0,0,0,0,0,0,0,0,0,0.0,0.0,0.0,0.0,0,0.0,0.0,0.0,0.0,False,a,,,,,2526
764,580921,28,276,Reigan Heskey,Heskey,3,0.0,4.5,13,11,Away,2026-02-28T17:30:00Z,1,0,0,0,0,0,0,0,0,0,0,0,0.0,0.0,0.0,0.0,0,0.0,0.0,0.0,0.0,False,a,,,,,2526
765,553746,28,279,Leo Shahar,Shahar,2,0.0,4.0,15,9,Home,2026-02-28T15:00:00Z,2,3,0,0,0,0,0,0,0,0,0,0,0.0,0.0,0.0,0.0,0,0.0,0.0,0.0,0.0,False,a,,,,,2526
766,601956,28,280,Saheed Olagunju,Olagunju,2,0.0,4.0,20,2,Home,2026-02-27T20:00:00Z,2,0,0,0,0,0,0,0,0,0,0,0,0.0,0.0,0.0,0.0,0,0.0,0.0,0.0,0.0,False,a,,,,,2526
767,605319,28,280,Luke Rawlings,Rawlings,3,0.0,4.5,20,2,Home,2026-02-27T20:00:00Z,2,0,0,0,0,0,0,0,0,0,0,0,0.0,0.0,0.0,0.0,0,0.0,0.0,0.0,0.0,False,a,,,,,2526
768,664015,28,280,Leon Routh,Leon Routh,2,0.0,4.0,2,20,Away,2026-02-27T20:00:00Z,0,2,0,0,0,0,0,0,0,0,0,0,0.0,0.0,0.0,0.0,0,0.0,0.0,0.0,0.0,False,a,,,,,2526
769,576620,28,278,Bendito Mantato,Bendito Mantato,3,0.0,4.5,14,8,Home,2026-03-01T14:00:00Z,2,1,0,0,0,0,0,0,0,0,0,0,0.0,0.0,0.0,0.0,0,0.0,0.0,0.0,0.0,False,a,,,,,2526
770,619536,28,275,Seth Ridgeon,Ridgeon,3,0.0,4.5,10,18,Home,2026-03-01T14:00:00Z,2,1,0,0,0,0,0,0,0,0,0,0,0.0,0.0,0.0,0.0,0,0.0,0.0,0.0,0.0,False,a,,,,,2526
771,519913,28,278,Tyler Fletcher,Fletcher,3,0.0,4.4,14,8,Home,2026-03-01T14:00:00Z,2,1,0,0,0,0,0,0,0,0,0,0,0.0,0.0,0.0,0.0,0,0.0,0.0,0.0,0.0,False,a,,,,,2526
772,666607,28,279,Sam Alabi,Alabi,3,0.0,4.5,15,9,Home,2026-02-28T15:00:00Z,2,3,0,0,0,0,0,0,0,0,0,0,0.0,0.0,0.0,0.0,0,0.0,0.0,0.0,0.0,False,a,,,,,2526
773,643426,28,278,Dean Benamar,Benamar,2,0.0,4.0,8,14,Away,2026-03-01T14:00:00Z,1,2,0,0,0,0,0,0,0,0,0,0,0.0,0.0,0.0,0.0,0,0.0,0.0,0.0,0.0,False,a,,,,,2526
774,232356,28,272,Jenson Jones,Jenson Jones,2,0.0,4.0,17,4,Away,2026-02-28T12:30:00Z,1,1,0,0,0,0,0,0,0,0,0,0,0.0,0.0,0.0,0.0,0,0.0,0.0,0.0,0.0,False,a,,,,,2526
775,604211,28,272,Tymur Tutierov,Tutierov,3,0.0,4.5,17,4,Away,2026-02-28T12:30:00Z,1,1,0,0,0,0,0,0,0,0,0,0,0.0,0.0,0.0,0.0,0,0.0,0.0,0.0,0.0,False,u,has joined Exeter City on loan for the rest of the season.,,,,2526
776,647960,28,274,Oliver Pimlott,Pimlott,3,0.0,4.5,3,5,Home,2026-02-28T15:00:00Z,3,4,0,0,0,0,0,0,0,0,0,0,0.0,0.0,0.0,0.0,0,0.0,0.0,0.0,0.0,False,a,,,,,2526
777,514362,28,280,Temple Ojinnaka,Ojinnaka,3,0.0,4.5,20,2,Home,2026-02-27T20:00:00Z,2,0,0,0,0,0,0,0,0,0,0,0,0.0,0.0,0.0,0.0,0,0.0,0.0,0.0,0.0,False,u,has joined Shrewsbury Town on loan for the rest of the season.,,,,2526
778,589121,28,280,Ethan Sutherland,Sutherland,3,0.0,4.5,20,2,Home,2026-02-27T20:00:00Z,2,0,0,0,0,0,0,0,0,0,0,0,0.0,0.0,0.0,0.0,0,0.0,0.0,0.0,0.0,False,a,,,,,2526
779,629068,28,279,Braiden Graham,Graham,4,0.0,4.5,9,15,Away,2026-02-28T15:00:00Z,3,2,0,0,0,0,0,0,0,0,0,0,0.0,0.0,0.0,0.0,0,0.0,0.0,0.0,0.0,False,a,,,,,2526
780,631106,28,278,Ben Casey,Casey,4,0.0,4.5,8,14,Away,2026-03-01T14:00:00Z,1,2,0,0,0,0,0,0,0,0,0,0,0.0,0.0,0.0,0.0,0,0.0,0.0,0.0,0.0,False,a,,,,,2526
781,618027,28,280,TJ Carroll,Carroll,2,0.0,4.0,2,20,Away,2026-02-27T20:00:00Z,0,2,0,0,0,0,0,0,0,0,0,0,0.0,0.0,0.0,0.0,0,0.0,0.0,0.0,0.0,False,a,,,,,2526
782,40383,28,272,Fraser Forster,Forster,1,0.0,4.0,4,17,Home,2026-02-28T12:30:00Z,1,1,0,0,0,0,0,0,0,0,0,0,0.0,0.0,0.0,0.0,0,0.0,0.0,0.0,0.0,False,a,,,,,2526
783,60307,28,273,Pascal Groß,Groß,3,0.1,5.5,6,16,Home,2026-03-01T14:00:00Z,2,1,90,0,1,0,1,0,0,0,31,5,0.01,0.57,0.58,0.93,10,10.4,36.4,50.1,17.0,False,a,,1.0,,,2526
784,704232,28,274,George Brierley,Brierley,3,0.0,4.5,3,5,Home,2026-02-28T15:00:00Z,3,4,0,0,0,0,0,0,0,0,0,0,0.0,0.0,0.0,0.0,0,0.0,0.0,0.0,0.0,False,a,,,,,2526
785,530335,28,277,Pablo Felipe Pereira de Jesus,Pablo,4,0.0,5.5,19,12,Away,2026-02-28T15:00:00Z,2,5,0,0,0,0,0,0,0,0,0,0,0.0,0.0,0.0,0.0,0,0.0,0.0,0.0,0.0,False,i,Calf injury - Unknown return date,,,,2526
786,505079,28,275,Alfie McNally,McNally,1,0.0,4.0,10,18,Home,2026-03-01T14:00:00Z,2,1,0,0,0,0,0,0,0,0,0,0,0.0,0.0,0.0,0.0,0,0.0,0.0,0.0,0.0,False,a,,,,,2526
787,565863,28,276,Sam Chambers,Chambers,3,0.0,4.4,11,13,Home,2026-02-28T17:30:00Z,0,1,0,0,0,0,0,0,0,0,0,0,0.0,0.0,0.0,0.0,0,0.0,0.0,0.0,0.0,False,a,,,,,2526
788,576637,28,278,Godwill Kukonki,Kukonki,2,0.0,4.0,14,8,Home,2026-03-01T14:00:00Z,2,1,0,0,0,0,0,0,0,0,0,0,0.0,0.0,0.0,0.0,0,0.0,0.0,0.0,0.0,False,a,,,,,2526
789,518335,28,271,Max Merrick,Merrick,1,0.0,4.0,7,1,Away,2026-03-01T16:30:00Z,1,2,0,0,0,0,0,0,0,0,0,0,0.0,0.0,0.0,0.0,0,0.0,0.0,0.0,0.0,False,a,,,,,2526
790,611917,28,275,Lucá Williams-Barnett,Williams-Barnett,3,0.0,4.5,18,10,Away,2026-03-01T14:00:00Z,1,2,0,0,0,0,0,0,0,0,0,0,0.0,0.0,0.0,0.0,0,0.0,0.0,0.0,0.0,False,a,,,,,2526
791,247670,28,277,Valentín Castellanos,Taty,4,0.1,5.5,19,12,Away,2026-02-28T15:00:00Z,2,5,90,1,0,0,5,0,0,1,31,7,0.29,0.03,0.32,1.84,2,9.2,36.6,18.5,37.0,False,a,,,,,2526
792,653481,28,280,Alysson Edward Franco da Rocha dos Santos,Alysson,3,0.0,5.0,2,20,Away,2026-02-27T20:00:00Z,0,2,4,0,0,0,1,0,0,0,5,1,0.0,0.03,0.03,0.42,1,0.6,3.2,1.0,2.0,False,a,,,,,2526
793,591384,28,278,George King,King,2,0.0,4.0,8,14,Away,2026-03-01T14:00:00Z,1,2,0,0,0,0,0,0,0,0,0,0,0.0,0.0,0.0,0.0,0,0.0,0.0,0.0,0.0,False,a,,,,,2526
794,494307,28,276,Max Alleyne,Alleyne,2,0.0,4.0,13,11,Away,2026-02-28T17:30:00Z,1,0,0,0,0,0,0,0,0,0,0,0,0.0,0.0,0.0,0.0,0,0.0,0.0,0.0,0.0,False,d,Knock - 75% chance of playing,,,,2526
795,597320,28,273,Harry Howell,Howell,3,0.0,4.5,6,16,Home,2026-03-01T14:00:00Z,2,1,0,0,0,0,0,0,0,0,0,0,0.0,0.0,0.0,0.0,0,0.0,0.0,0.0,0.0,False,a,,,,,2526
796,232787,28,275,Conor Gallagher,Gallagher,3,0.1,5.4,18,10,Away,2026-03-01T14:00:00Z,1,2,57,0,0,0,2,0,0,0,3,1,0.0,0.02,0.02,1.37,5,0.9,2.2,2.7,4.0,False,a,,,,,2526
797,593174,28,274,Kaye Furo,Furo,4,0.0,4.5,5,3,Away,2026-02-28T15:00:00Z,4,3,0,0,0,0,0,0,0,0,0,0,0.0,0.0,0.0,0.0,0,0.0,0.0,0.0,0.0,False,a,,,,,2526
798,502988,28,278,Danny Imray,Imray,2,0.0,4.0,8,14,Away,2026-03-01T14:00:00Z,1,2,0,0,0,0,0,0,0,0,0,0,0.0,0.0,0.0,0.0,0,0.0,0.0,0.0,0.0,False,u,has joined West Brom on loan for the rest of the season.,,,,2526
799,658013,28,272,Charlie Stevens,Stevens,3,0.0,4.5,4,17,Home,2026-02-28T12:30:00Z,1,1,0,0,0,0,0,0,0,0,0,0,0.0,0.0,0.0,0.0,0,0.0,0.0,0.0,0.0,False,a,,,,,2526
800,699989,28,272,Djiamgone Jocelin Ta Bi,Jocelin.T,3,0.0,5.0,17,4,Away,2026-02-28T12:30:00Z,1,1,0,0,0,0,0,0,0,0,0,0,0.0,0.0,0.0,0.0,0,0.0,0.0,0.0,0.0,False,i,Ankle injury - Expected back 22 Mar,1.0,,,2526
801,614574,28,272,Alex Tóth,Tóth.A,3,0.0,5.0,4,17,Home,2026-02-28T12:30:00Z,1,1,5,0,0,0,0,1,0,0,0,0,0.0,0.17,0.17,0.0,0,1.6,0.0,10.3,6.0,False,a,,,,,2526
802,572702,28,277,Keiber Lamadrid,Lamadrid,3,0.0,5.0,19,12,Away,2026-02-28T15:00:00Z,2,5,0,0,0,0,0,0,0,0,0,0,0.0,0.0,0.0,0.0,0,0.0,0.0,0.0,0.0,False,a,,,,,2526
803,499857,28,271,Teddy Sharman-Lowe,Sharman-Lowe,1,0.0,4.0,7,1,Away,2026-03-01T16:30:00Z,1,2,0,0,0,0,0,0,0,0,0,0,0.0,0.0,0.0,0.0,0,0.0,0.0,0.0,0.0,False,a,,,,,2526
804,616221,28,275,João Victor de Souza Menezes,Souza,2,0.0,4.0,18,10,Away,2026-03-01T14:00:00Z,1,2,10,0,0,0,0,0,0,0,4,1,0.0,0.03,0.03,0.12,0,1.7,2.2,10.5,4.0,False,a,,,,,2526
805,469130,28,273,Lorenzo Lucca,Lucca,4,0.0,5.5,16,6,Away,2026-03-01T14:00:00Z,1,2,0,0,0,0,0,0,0,0,0,0,0.0,0.0,0.0,0.0,0,0.0,0.0,0.0,0.0,False,a,,,,,2526
806,436416,28,272,Christos Mandas,Mandas,1,0.0,4.0,4,17,Home,2026-02-28T12:30:00Z,1,1,0,0,0,0,0,0,0,0,0,0,0.0,0.0,0.0,0.0,0,0.0,0.0,0.0,0.0,False,a,,,,,2526
807,499604,28,272,Rayan Vitor Simplício Rocha,Rayan,3,2.6,5.6,4,17,Home,2026-02-28T12:30:00Z,1,1,90,0,0,0,1,0,0,0,13,2,0.07,0.18,0.25,1.42,5,5.9,13.0,34.3,12.0,False,a,,,,,2526
808,173879,28,280,Tammy Abraham,Abraham,4,0.4,6.0,2,20,Away,2026-02-27T20:00:00Z,0,2,20,0,0,0,1,0,0,0,4,1,0.1,0.02,0.12,0.47,0,3.1,3.2,20.5,7.0,False,a,,,,,2526
809,685628,28,280,Jerome Abbey,Abbey,3,0.0,4.5,20,2,Home,2026-02-27T20:00:00Z,2,0,0,0,0,0,0,0,0,0,0,0,0.0,0.0,0.0,0.0,0,0.0,0.0,0.0,0.0,False,a,,,,,2526
810,559610,28,274,Luka Bentt,Bentt,3,0.0,4.5,5,3,Away,2026-02-28T15:00:00Z,4,3,0,0,0,0,0,0,0,0,0,0,0.0,0.0,0.0,0.0,0,0.0,0.0,0.0,0.0,False,a,,,,,2526
811,536134,28,275,Rio Kyerematen,Kyerematen,3,0.0,4.5,18,10,Away,2026-03-01T14:00:00Z,1,2,0,0,0,0,0,0,0,0,0,0,0.0,0.0,0.0,0.0,0,0.0,0.0,0.0,0.0,False,a,,,,,2526
812,515046,28,272,Melker Ellborg,Ellborg,1,0.0,4.0,17,4,Away,2026-02-28T12:30:00Z,1,1,0,0,0,0,0,0,0,0,0,0,0.0,0.0,0.0,0.0,0,0.0,0.0,0.0,0.0,False,a,,,,,2526
813,536661,28,272,Nilson Angulo,Angulo,3,0.0,5.0,17,4,Away,2026-02-28T12:30:00Z,1,1,14,0,0,0,0,0,0,0,6,1,0.0,0.02,0.02,0.44,7,1.3,8.4,0.3,4.0,False,a,,,,,2526
814,470315,28,273,Luca Netz,Netz,2,0.0,4.5,16,6,Away,2026-03-01T14:00:00Z,1,2,34,0,0,0,0,0,0,0,5,1,0.0,0.0,0.0,0.05,1,0.7,6.8,0.6,0.0,False,a,,,,,2526
815,220362,28,277,Axel Disasi,Disasi,2,0.1,4.5,19,12,Away,2026-02-28T15:00:00Z,2,5,90,0,0,0,5,0,0,0,-5,-2,0.0,0.01,0.01,1.84,8,2.8,24.6,1.3,2.0,False,a,,,,,2526
816,209041,28,280,Angel Gomes,Angel,3,0.0,4.9,20,2,Home,2026-02-27T20:00:00Z,2,0,1,0,0,0,0,0,0,0,3,1,0.0,0.0,0.0,0.27,1,0.2,2.0,0.0,0.0,False,a,,,,,2526
817,155511,28,280,Adam Armstrong,Armstrong,4,0.1,5.4,20,2,Home,2026-02-27T20:00:00Z,2,0,90,0,1,1,0,1,0,0,19,4,0.0,0.01,0.01,0.82,6,2.9,16.0,10.8,2.0,False,a,,,,,2526
818,613232,28,275,James Wilson,Wilson,4,0.0,4.5,18,10,Away,2026-03-01T14:00:00Z,1,2,0,0,0,0,0,0,0,0,0,0,0.0,0.0,0.0,0.0,0,0.0,0.0,0.0,0.0,False,a,,,,,2526
819,494556,28,274,Ollie Shield,Shield,2,0.0,4.0,5,3,Away,2026-02-28T15:00:00Z,4,3,0,0,0,0,0,0,0,0,0,0,0.0,0.0,0.0,0.0,0,0.0,0.0,0.0,0.0,False,a,,,,,2526
